id,index,millis,gas_index,mes_index,temperature,pressure,humidity,gas_resistance,status
765274459,1,1844,0,0,28.14,93378.14,42.58,136935.02,b0
765272923,2,1890,0,0,28.24,93401.34,42.69,136496.94,b0
765271642,3,1936,0,0,28.45,93361.63,41.92,210526.31,b0
765289819,4,1982,0,0,28.74,93377.34,41.15,142420.03,b0
765281116,5,2028,0,0,29.31,93414.11,39.64,151389.70,b0
765280092,6,2074,0,0,29.32,93403.52,39.38,133507.17,b0
765271896,7,2120,0,0,29.41,93399.13,40.43,131046.84,b0
765285466,8,2166,0,0,29.11,93373.57,40.33,166287.75,b0
765274459,1,2213,0,0,28.20,93379.47,42.52,136278.95,b0
765272923,2,2259,0,0,28.31,93402.61,42.64,134559.80,b0
765271642,3,2305,0,0,28.54,93363.88,41.85,208214.72,b0
765289819,4,2351,0,0,28.82,93377.63,41.07,140543.52,b0
765281116,5,2397,0,0,29.40,93413.34,39.56,150721.22,b0
765280092,6,2443,0,0,29.40,93403.02,39.30,131450.58,b0
765271896,7,2489,0,0,29.48,93398.55,40.32,129554.66,b0
765285466,8,2535,0,0,29.20,93375.82,40.23,165321.28,b0
765274459,1,2582,0,0,28.25,93381.02,42.44,135306.55,b0
765272923,2,2628,0,0,28.37,93403.68,42.56,133926.23,b0
765271642,3,2674,0,0,28.60,93362.83,41.75,208979.59,b0
765289819,4,2720,0,0,28.89,93378.88,41.00,140082.08,b0
765281116,5,2766,0,0,29.47,93413.59,39.52,148750.72,b0
765280092,6,2812,0,0,29.46,93404.02,39.20,131046.84,b0
765271896,7,2859,0,0,29.54,93397.92,40.23,129456.38,b0
765285466,8,2905,0,0,29.26,93374.73,40.14,165964.34,b0
765274459,1,2951,0,0,28.27,93378.42,42.33,135413.91,b0
765272923,2,2997,0,0,28.40,93403.20,42.47,133716.38,b0
765271642,3,3043,0,0,28.64,93361.70,41.62,207203.56,b0
765289819,4,3089,0,0,28.93,93380.19,40.90,141241.38,b0
765281116,5,3135,0,0,29.52,93411.25,39.40,148362.80,b0
765280092,6,3182,0,0,29.52,93404.77,39.13,130645.57,b0
765271896,7,3228,0,0,29.60,93399.55,40.14,129456.38,b0
765285466,8,3274,0,0,29.30,93375.51,40.04,165642.19,b0
765274459,1,3320,0,0,28.29,93377.66,42.26,135737.02,b0
765272923,2,3366,0,0,28.44,93402.94,42.37,134031.41,b0
765271642,3,3412,0,0,28.67,93362.62,41.53,208214.72,b0
765289819,4,3459,0,0,28.96,93381.27,40.80,140427.86,b0
765281116,5,3505,0,0,29.56,93412.16,39.30,148233.94,b0
765280092,6,3551,0,0,29.54,93403.30,39.03,130845.90,b0
765271896,7,3597,0,0,29.63,93400.48,40.03,129456.38,b0
765285466,8,3643,0,0,29.35,93377.04,39.94,164365.97,b0
765274459,1,3689,0,0,28.32,93379.61,42.17,136606.19,b0
765272923,2,3735,0,0,28.46,93403.55,42.29,134242.27,b0
765271642,3,3782,0,0,28.70,93362.59,41.40,210396.55,b0
765289819,4,3828,0,0,28.99,93381.23,40.69,140659.34,b0
765281116,5,3874,0,0,29.59,93410.37,39.18,149401.81,b0
765280092,6,3920,0,0,29.57,93402.67,38.91,130946.29,b0
765271896,7,3966,0,0,29.67,93400.56,39.93,129456.38,b0
765285466,8,4012,0,0,29.38,93377.40,39.83,165964.34,b0
765274459,1,4059,0,0,28.33,93379.57,42.06,137375.91,b0
765272923,2,4105,0,0,28.48,93404.33,42.19,134985.50,b0
765271642,3,4151,0,0,28.72,93362.91,41.30,209492.64,b0
765289819,4,4197,0,0,29.01,93379.25,40.59,141946.22,b0
765281116,5,4243,0,0,29.62,93412.49,39.08,149010.48,b0
765280092,6,4289,0,0,29.60,93403.70,38.83,132060.88,b0
765271896,7,4335,0,0,29.69,93401.05,39.82,130048.26,b0
765285466,8,4381,0,0,29.40,93377.24,39.73,166287.75,b0
765274459,1,4428,0,0,28.35,93378.80,41.96,138378.38,b0
765272923,2,4474,0,0,28.50,93403.83,42.10,135953.27,b0
765271642,3,4520,0,0,28.74,93363.97,41.20,211439.19,b0
765289819,4,4566,0,0,29.04,93381.91,40.49,142182.73,b0
765281116,5,4612,0,0,29.63,93413.17,39.01,150455.48,b0
765280092,6,4658,0,0,29.62,93407.09,38.73,132676.86,b0
765271896,7,4704,0,0,29.70,93400.98,39.73,130946.29,b0
765285466,8,4750,0,0,29.42,93376.20,39.63,167101.83,b0
765274459,1,4797,0,0,28.36,93380.43,41.88,139168.25,b0
765272923,2,4843,0,0,28.51,93404.22,42.00,136496.94,b0
765271642,3,4889,0,0,28.75,93363.54,41.10,210526.31,b0
765289819,4,4935,0,0,29.04,93380.30,40.39,143136.70,b0
765281116,5,4981,0,0,29.62,93410.90,38.89,151121.61,b0
765280092,6,5027,0,0,29.61,93404.42,38.62,133611.69,b0
765271896,7,5074,0,0,29.71,93401.18,39.62,131958.77,b0
765285466,8,5120,0,0,29.42,93376.02,39.52,168255.02,b0
765274459,1,5166,0,0,28.35,93380.27,41.80,140427.86,b0
765272923,2,5212,0,0,28.50,93403.47,41.89,137486.58,b0
765271642,3,5258,0,0,28.75,93365.30,40.99,213957.38,b0
765289819,4,5304,0,0,29.04,93381.35,40.31,144469.53,b0
765281116,5,5350,0,0,29.63,93411.84,38.80,152199.77,b0
765280092,6,5397,0,0,29.63,93405.65,38.54,134136.75,b0
765271896,7,5443,0,0,29.70,93399.20,39.52,132780.08,b0
765285466,8,5489,0,0,29.42,93377.25,39.42,170099.67,b0
765274459,1,5535,0,0,28.33,93380.67,41.72,142182.73,b0
765272923,2,5581,0,0,28.49,93403.80,41.82,139054.86,b0
765271642,3,5627,0,0,28.74,93362.87,40.89,216261.88,b0
765289819,4,5674,0,0,29.01,93380.48,40.22,145454.55,b0
765281116,5,5720,0,0,29.64,93411.92,38.70,153018.53,b0
765280092,6,5766,0,0,29.63,93406.20,38.44,135845.05,b0
765271896,7,5812,0,0,29.72,93400.20,39.43,133507.17,b0
765285466,8,5858,0,0,29.43,93379.02,39.34,171812.08,b0
765274459,1,5904,0,0,28.30,93379.81,41.63,143739.47,b0
765272923,2,5951,0,0,28.46,93403.55,41.73,139737.98,b0
765271642,3,5997,0,0,28.72,93364.01,40.81,216398.98,b0
765289819,4,6043,0,0,28.99,93380.56,40.12,144714.53,b0
765281116,5,6089,0,0,29.64,93411.02,38.62,154263.33,b0
765280092,6,6135,0,0,29.64,93407.17,38.36,136606.19,b0
765271896,7,6181,0,0,29.73,93401.16,39.36,134559.80,b0
765285466,8,6227,0,0,29.43,93375.84,39.24,172332.55,b0
765274459,1,6274,0,0,28.29,93381.12,41.56,144347.33,b0
765272923,2,6320,0,0,28.46,93403.35,41.65,141241.38,b0
765271642,3,6366,0,0,28.72,93365.77,40.71,218057.92,b0
765289819,4,6412,0,0,28.99,93381.27,40.05,146578.88,b0
765281116,5,6458,0,0,29.64,93413.01,38.54,155812.53,b0
765280092,6,6504,0,0,29.63,93406.22,38.29,137597.42,b0
765271896,7,6550,0,0,29.73,93400.30,39.28,135521.44,b0
765285466,8,6596,0,0,29.46,93377.32,39.17,174090.45,b0
765274459,1,6643,0,0,28.29,93381.13,41.50,146202.17,b0
765272923,2,6689,0,0,28.47,93405.56,41.59,142420.03,b0
765271642,3,6735,0,0,28.69,93362.92,40.63,219742.48,b0
765289819,4,6781,0,0,29.01,93381.35,39.96,147465.44,b0
765281116,5,6827,0,0,29.63,93411.70,38.46,155386.95,b0
765280092,6,6873,0,0,29.63,93404.93,38.20,139168.25,b0
765271896,7,6919,0,0,29.74,93401.26,39.19,136387.86,b0
765285466,8,6966,0,0,29.47,93378.72,39.07,175162.50,b0
765274459,1,7012,0,0,28.29,93381.67,41.41,147211.05,b0
765272923,2,7058,0,0,28.47,93403.40,41.51,143618.52,b0
765271642,3,7104,0,0,28.71,93363.93,40.56,221166.31,b0
765289819,4,7150,0,0,29.02,93382.35,39.90,149010.48,b0
765281116,5,7196,0,0,29.65,93411.15,38.39,157103.41,b0
765280092,6,7242,0,0,29.63,93406.05,38.13,140197.16,b0
765271896,7,7289,0,0,29.76,93401.37,39.11,137155.11,b0
765285466,8,7335,0,0,29.48,93377.21,38.99,176978.92,b0
765274459,1,7381,0,0,28.30,93383.84,41.36,149010.48,b0
765272923,2,7427,0,0,28.48,93405.23,41.47,144837.34,b0
765271642,3,7473,0,0,28.72,93365.84,40.51,223776.22,b0
765289819,4,7519,0,0,29.03,93382.41,39.85,149663.84,b0
765281116,5,7566,0,0,29.66,93411.98,38.32,158122.30,b0
765280092,6,7612,0,0,29.64,93406.11,38.08,141358.36,b0
765271896,7,7658,0,0,29.78,93402.72,39.04,138154.34,b0
765285466,8,7704,0,0,29.49,93379.62,38.92,177901.33,b0
765274459,1,7750,0,0,28.29,93383.31,41.32,149795.20,b0
765272923,2,7796,0,0,28.47,93403.92,41.41,146202.17,b0
765271642,3,7843,0,0,28.71,93365.01,40.44,225252.97,b0
765289819,4,7889,0,0,29.03,93380.39,39.76,151121.61,b0
765281116,5,7935,0,0,29.66,93414.83,38.25,159750.39,b0
765280092,6,7981,0,0,29.64,93408.33,37.99,142777.47,b0
765271896,7,8027,0,0,29.78,93403.30,38.98,138941.66,b0
765285466,8,8073,0,0,29.50,93380.27,38.87,180154.83,b0
765274459,1,8120,0,0,28.28,93383.14,41.26,151524.13,b0
765272923,2,8166,0,0,28.46,93404.63,41.33,147720.72,b0
765271642,3,8212,0,0,28.71,93364.87,40.39,227960.81,b0
765289819,4,8258,0,0,29.04,93380.80,39.72,151658.77,b0
765281116,5,8304,0,0,29.65,93412.77,38.20,160804.02,b0
765280092,6,8350,0,0,29.63,93406.22,37.95,143739.47,b0
765271896,7,8396,0,0,29.80,93405.20,38.91,140427.86,b0
765285466,8,8442,0,0,29.50,93378.11,38.78,181495.92,b0
765274459,1,8489,0,0,28.28,93384.61,41.20,153155.84,b0
765272923,2,8535,0,0,28.46,93406.09,41.29,148880.48,b0
765271642,3,8581,0,0,28.72,93366.52,40.34,230734.56,b0
765289819,4,8627,0,0,29.04,93382.06,39.65,153293.41,b0
765281116,5,8673,0,0,29.66,93411.09,38.14,162179.28,b0
765280092,6,8719,0,0,29.64,93406.13,37.88,145083.59,b0
765271896,7,8765,0,0,29.80,93404.67,38.85,141592.92,b0
765285466,8,8811,0,0,29.51,93379.32,38.74,183249.83,b0
765274459,1,8858,0,0,28.27,93382.06,41.18,154542.70,b0
765272923,2,8904,0,0,28.46,93405.89,41.25,150058.61,b0
765271642,3,8950,0,0,28.73,93367.10,40.28,231046.94,b0
765289819,4,8996,0,0,29.04,93382.98,39.60,154402.89,b0
765281116,5,9042,0,0,29.67,93413.29,38.08,162642.95,b0
765280092,6,9088,0,0,29.65,93405.50,37.83,145952.11,b0
765271896,7,9134,0,0,29.81,93404.01,38.81,143739.47,b0
765285466,8,9181,0,0,29.53,93379.67,38.69,184040.27,b0
765274459,1,9227,0,0,28.28,93382.05,41.13,155528.55,b0
765272923,2,9273,0,0,28.44,93404.39,41.19,151658.77,b0
765271642,3,9319,0,0,28.73,93364.23,40.23,231831.56,b0
765289819,4,9365,0,0,29.03,93383.63,39.56,154823.11,b0
765281116,5,9411,0,0,29.66,93413.77,38.04,163892.45,b0
765280092,6,9458,0,0,29.66,93407.45,37.79,146957.52,b0
765271896,7,9504,0,0,29.81,93402.94,38.74,143860.64,b0
765285466,8,9550,0,0,29.53,93379.19,38.63,186861.31,b0
765274459,1,9596,0,0,28.27,93384.07,41.09,156958.92,b0
765272923,2,9642,0,0,28.42,93406.36,41.15,152064.16,b0
765271642,3,9688,0,0,28.72,93366.73,40.19,234057.14,b0
765289819,4,9735,0,0,29.01,93380.86,39.50,155954.92,b0
765281116,5,9781,0,0,29.66,93413.77,37.98,165803.11,b0
765280092,6,9827,0,0,29.66,93408.13,37.72,148491.88,b0
765271896,7,9873,0,0,29.82,93404.25,38.70,144714.53,b0
765285466,8,9919,0,0,29.53,93379.39,38.56,191187.45,b0
765274459,1,9965,0,0,28.26,93381.17,41.05,158268.94,b0
765272923,2,10011,0,0,28.42,93407.45,41.09,153984.97,b0
765271642,3,10058,0,0,28.73,93365.15,40.16,237146.83,b0
765289819,4,10104,0,0,29.02,93381.27,39.46,157248.16,b0
765281116,5,10150,0,0,29.67,93412.07,37.92,166612.44,b0
765280092,6,10196,0,0,29.67,93408.55,37.69,149663.84,b0
765271896,7,10242,0,0,29.81,93402.98,38.64,145330.69,b0
765285466,8,10288,0,0,29.54,93379.06,38.51,192481.20,b0
765274459,1,10335,0,0,28.27,93382.98,41.02,159451.89,b0
765272923,2,10381,0,0,28.41,93405.42,41.06,154682.78,b0
765271642,3,10427,0,0,28.73,93364.99,40.10,236653.58,b0
765289819,4,10473,0,0,29.02,93382.53,39.40,157538.47,b0
765281116,5,10519,0,0,29.66,93411.04,37.90,168089.30,b0
765280092,6,10565,0,0,29.65,93405.73,37.64,150987.91,b0
765271896,7,10611,0,0,29.79,93401.95,38.59,146453.09,b0
765285466,8,10657,0,0,29.54,93380.88,38.47,193134.67,b0
765274459,1,10704,0,0,28.26,93382.64,40.99,160501.56,b0
765272923,2,10750,0,0,28.42,93405.27,41.03,156383.63,b0
765271642,3,10796,0,0,28.73,93366.04,40.06,238639.02,b0
765289819,4,10842,0,0,29.02,93383.02,39.38,159154.48,b0
765281116,5,10888,0,0,29.65,93413.17,37.85,169930.30,b0
765280092,6,10934,0,0,29.65,93405.68,37.61,151793.66,b0
765271896,7,10980,0,0,29.79,93403.02,38.54,148362.80,b0
765285466,8,11026,0,0,29.54,93379.66,38.43,196018.38,b0
765274459,1,11073,0,0,28.26,93381.55,40.98,161871.64,b0
765272923,2,11119,0,0,28.41,93404.16,41.01,157248.16,b0
765271642,3,11165,0,0,28.72,93366.01,40.04,240150.09,b0
765289819,4,11211,0,0,29.01,93381.01,39.34,160955.67,b0
765281116,5,11257,0,0,29.65,93413.49,37.81,170951.59,b0
765280092,6,11303,0,0,29.65,93406.98,37.57,153569.28,b0
765271896,7,11350,0,0,29.80,93403.95,38.50,149271.14,b0
765285466,8,11396,0,0,29.54,93379.24,38.38,196696.13,b0
765274459,1,11442,0,0,28.26,93381.19,40.94,162953.53,b0
765272923,2,11488,0,0,28.42,93404.73,40.99,159154.48,b0
765271642,3,11534,0,0,28.71,93365.52,40.00,243230.41,b0
765289819,4,11580,0,0,29.00,93381.86,39.33,160955.67,b0
765281116,5,11626,0,0,29.64,93412.88,37.77,171466.84,b0
765280092,6,11673,0,0,29.64,93405.98,37.52,153155.84,b0
765271896,7,11719,0,0,29.78,93404.18,38.45,150190.67,b0
765285466,8,11765,0,0,29.53,93378.78,38.35,198065.77,b0
765274459,1,11811,0,0,28.25,93383.02,40.91,164049.98,b0
765272923,2,11857,0,0,28.41,93403.42,40.96,160050.02,b0
765271642,3,11903,0,0,28.70,93364.44,39.96,244624.94,b0
765289819,4,11950,0,0,28.99,93380.17,39.29,162025.31,b0
765281116,5,11996,0,0,29.62,93411.93,37.75,171466.84,b0
765280092,6,12042,0,0,29.62,93406.50,37.49,155104.52,b0
765271896,7,12088,0,0,29.74,93404.11,38.41,150721.22,b0
765285466,8,12134,0,0,29.50,93378.33,38.31,199454.61,b0
765274459,1,12180,0,0,28.25,93382.30,40.91,165161.30,b0
765272923,2,12227,0,0,28.42,93404.91,40.94,160501.56,b0
765271642,3,12273,0,0,28.70,93366.21,39.94,246035.56,b0
765289819,4,12319,0,0,29.00,93382.02,39.25,163265.31,b0
765281116,5,12365,0,0,29.62,93413.96,37.71,174090.45,b0
765280092,6,12411,0,0,29.64,93407.08,37.48,156097.56,b0
765271896,7,12457,0,0,29.73,93402.44,38.37,151658.77,b0
765285466,8,12503,0,0,29.50,93378.71,38.28,200626.95,b0
765274459,1,12550,0,0,28.26,93381.35,40.89,166449.94,b0
765272923,2,12596,0,0,28.44,93405.33,40.93,162025.31,b0
765271642,3,12642,0,0,28.72,93365.42,39.92,247283.27,b0
765289819,4,12688,0,0,29.01,93380.83,39.23,163578.28,b0
765281116,5,12734,0,0,29.63,93411.51,37.67,174803.69,b0
765280092,6,12780,0,0,29.65,93408.25,37.44,156670.75,b0
765271896,7,12826,0,0,29.72,93401.84,38.37,153018.53,b0
765285466,8,12872,0,0,29.48,93378.48,38.23,202291.58,b0
765274459,1,12919,0,0,28.28,93380.78,40.88,167265.59,b0
765272923,2,12965,0,0,28.47,93405.92,40.89,162798.09,b0
765271642,3,13011,0,0,28.73,93364.61,39.91,249087.81,b0
765289819,4,13057,0,0,29.03,93381.99,39.18,165321.28,b0
765281116,5,13103,0,0,29.64,93414.30,37.65,176978.92,b0
765280092,6,13149,0,0,29.65,93408.38,37.41,158268.94,b0
765271896,7,13195,0,0,29.73,93403.27,38.30,153984.97,b0
765285466,8,13242,0,0,29.46,93378.06,38.20,203376.36,b0
765274459,1,13288,0,0,28.29,93381.84,40.86,168421.05,b0
765272923,2,13334,0,0,28.48,93403.42,40.87,163421.64,b0
765271642,3,13380,0,0,28.74,93365.80,39.87,250366.75,b0
765289819,4,13426,0,0,29.04,93383.52,39.18,165481.58,b0
765281116,5,13472,0,0,29.63,93413.53,37.64,176430.05,b0
765280092,6,13519,0,0,29.63,93406.76,37.39,158415.84,b0
765271896,7,13565,0,0,29.73,93403.62,38.30,154963.69,b0
765285466,8,13611,0,0,29.43,93377.39,38.17,205457.47,b0
765274459,1,13657,0,0,28.30,93382.55,40.84,169088.50,b0
765272923,2,13703,0,0,28.50,93406.01,40.86,164365.97,b0
765271642,3,13749,0,0,28.75,93363.13,39.87,251103.48,b0
765289819,4,13795,0,0,29.05,93381.95,39.18,165964.34,b0
765281116,5,13842,0,0,29.64,93412.29,37.62,178459.39,b0
765280092,6,13888,0,0,29.64,93406.11,37.35,160050.02,b0
765271896,7,13934,0,0,29.71,93401.18,38.26,155528.55,b0
765285466,8,13980,0,0,29.42,93377.30,38.14,206576.56,b0
765274459,1,14026,0,0,28.30,93379.81,40.81,169761.27,b0
765272923,2,14072,0,0,28.50,93405.66,40.83,165161.30,b0
765271642,3,14119,0,0,28.76,93364.45,39.84,252030.52,b0
765289819,4,14165,0,0,29.06,93380.96,39.14,168089.30,b0
765281116,5,14211,0,0,29.65,93410.84,37.59,178459.39,b0
765280092,6,14257,0,0,29.64,93406.90,37.32,160955.67,b0
765271896,7,14303,0,0,29.71,93402.84,38.24,157248.16,b0
765285466,8,14349,0,0,29.43,93377.98,38.13,207329.42,b0
765274459,1,14396,0,0,28.32,93382.88,40.81,170439.42,b0
765272923,2,14442,0,0,28.50,93404.75,40.82,166612.44,b0
765271642,3,14488,0,0,28.76,93364.32,39.81,253152.05,b0
765289819,4,14534,0,0,29.07,93382.25,39.14,167429.69,b0
765281116,5,14580,0,0,29.67,93412.25,37.57,179208.95,b0
765280092,6,14626,0,0,29.66,93408.66,37.32,161259.84,b0
765271896,7,14672,0,0,29.71,93402.63,38.24,157538.47,b0
765285466,8,14718,0,0,29.44,93377.49,38.12,208469.06,b0
765274459,1,14765,0,0,28.32,93380.88,40.79,172158.70,b0
765272923,2,14811,0,0,28.50,93405.10,40.80,166775.25,b0
765271642,3,14857,0,0,28.77,93365.76,39.79,255234.30,b0
765289819,4,14903,0,0,29.07,93381.88,39.12,168587.42,b0
765281116,5,14949,0,0,29.68,93412.55,37.56,180154.83,b0
765280092,6,14995,0,0,29.67,93408.42,37.32,162488.09,b0
765271896,7,15041,0,0,29.74,93404.05,38.24,158122.30,b0
765285466,8,15087,0,0,29.46,93379.51,38.11,209364.14,b0
765274459,1,15134,0,0,28.32,93380.32,40.77,172332.55,b0
765272923,2,15180,0,0,28.50,93404.37,40.80,167923.91,b0
765271642,3,15226,0,0,28.76,93363.40,39.77,256770.31,b0
765289819,4,15272,0,0,29.07,93381.88,39.09,169761.27,b0
765281116,5,15318,0,0,29.69,93412.96,37.53,181303.11,b0
765280092,6,15364,0,0,29.67,93407.21,37.29,162953.53,b0
765271896,7,15411,0,0,29.74,93402.13,38.22,158858.20,b0
765285466,8,15457,0,0,29.49,93380.30,38.09,212360.02,b0
765274459,1,15503,0,0,28.32,93379.79,40.75,173913.05,b0
765272923,2,15549,0,0,28.49,93405.79,40.77,168754.13,b0
765271642,3,15595,0,0,28.76,93365.01,39.76,257545.27,b0
765289819,4,15641,0,0,29.06,93379.88,39.08,170269.38,b0
765281116,5,15687,0,0,29.69,93411.16,37.52,182271.27,b0
765280092,6,15734,0,0,29.68,93409.59,37.27,164683.17,b0
765271896,7,15780,0,0,29.75,93401.66,38.22,160200.25,b0
765285466,8,15826,0,0,29.50,93379.00,38.08,210266.94,b0
765274459,1,15872,0,0,28.32,93382.32,40.76,174446.34,b0
765272923,2,15918,0,0,28.49,93404.73,40.76,170269.38,b0
765271642,3,15964,0,0,28.76,93364.28,39.74,258912.77,b0
765289819,4,16011,0,0,29.07,93380.98,39.06,171812.08,b0
765281116,5,16057,0,0,29.68,93412.86,37.49,181689.14,b0
765280092,6,16103,0,0,29.66,93405.29,37.26,164365.97,b0
765271896,7,16149,0,0,29.75,93402.54,38.19,160200.25,b0
765285466,8,16195,0,0,29.49,93379.98,38.05,212889.81,b0
765274459,1,16241,0,0,28.33,93381.22,40.73,175342.47,b0
765272923,2,16287,0,0,28.49,93403.26,40.74,170951.59,b0
765271642,3,16334,0,0,28.76,93363.60,39.74,259898.48,b0
765289819,4,16380,0,0,29.08,93380.14,39.05,171466.84,b0
765281116,5,16426,0,0,29.69,93412.60,37.50,184238.94,b0
765280092,6,16472,0,0,29.66,93406.40,37.24,165481.58,b0
765271896,7,16518,0,0,29.74,93402.50,38.17,160501.56,b0
765285466,8,16564,0,0,29.49,93377.18,38.07,213957.38,b0
765274459,1,16611,0,0,28.33,93381.03,40.71,176066.03,b0
765272923,2,16657,0,0,28.50,93404.01,40.72,170951.59,b0
765271642,3,16703,0,0,28.77,93363.12,39.73,260096.52,b0
765289819,4,16749,0,0,29.08,93380.84,39.02,172681.28,b0
765281116,5,16795,0,0,29.70,93410.88,37.47,183842.02,b0
765280092,6,16841,0,0,29.67,93407.21,37.22,165964.34,b0
765271896,7,16887,0,0,29.76,93399.94,38.15,161412.36,b0
765285466,8,16933,0,0,29.50,93377.63,38.04,212757.11,b0
765274459,1,16980,0,0,28.34,93380.65,40.70,176066.03,b0
765272923,2,17026,0,0,28.50,93404.02,40.70,171123.00,b0
765271642,3,17072,0,0,28.77,93361.50,39.70,261491.31,b0
765289819,4,17118,0,0,29.08,93382.68,38.99,172681.28,b0
765281116,5,17164,0,0,29.71,93410.13,37.45,185843.92,b0
765280092,6,17210,0,0,29.68,93406.59,37.20,167101.83,b0
765271896,7,17256,0,0,29.78,93402.40,38.14,162025.31,b0
765285466,8,17302,0,0,29.52,93377.43,38.03,215306.98,b0
765274459,1,17349,0,0,28.35,93382.63,40.69,177162.63,b0
765272923,2,17395,0,0,28.52,93404.61,40.69,172506.73,b0
765271642,3,17441,0,0,28.79,93363.42,39.69,262698.81,b0
765289819,4,17487,0,0,29.09,93380.22,38.99,173913.05,b0
765281116,5,17533,0,0,29.72,93410.58,37.45,185440.06,b0
765280092,6,17579,0,0,29.69,93406.99,37.18,167923.91,b0
765271896,7,17626,0,0,29.79,93401.19,38.15,162488.09,b0
765285466,8,17672,0,0,29.52,93378.37,38.02,216949.16,b0
765274459,1,17718,0,0,28.37,93380.78,40.68,177162.63,b0
765272923,2,17764,0,0,28.54,93404.30,40.69,173031.42,b0
765271642,3,17810,0,0,28.80,93365.11,39.67,263713.63,b0
765289819,4,17856,0,0,29.11,93379.23,38.98,174803.69,b0
765281116,5,17903,0,0,29.73,93412.11,37.42,186453.02,b0
765280092,6,17949,0,0,29.69,93406.55,37.17,167265.59,b0
765271896,7,17995,0,0,29.80,93400.92,38.12,163265.31,b0
765285466,8,18041,0,0,29.54,93378.71,38.00,217918.70,b0
765274459,1,18087,0,0,28.39,93381.65,40.66,177346.73,b0
765272923,2,18133,0,0,28.57,93405.81,40.65,173207.03,b0
765271642,3,18179,0,0,28.81,93363.22,39.66,262295.09,b0
765289819,4,18226,0,0,29.13,93379.72,38.97,175522.80,b0
765281116,5,18272,0,0,29.75,93411.73,37.42,191616.77,b0
765280092,6,18318,0,0,29.71,93407.40,37.16,168587.42,b0
765271896,7,18364,0,0,29.81,93400.63,38.11,163109.27,b0
765285466,8,18410,0,0,29.55,93377.73,37.98,216124.95,b0
765274459,1,18456,0,0,28.40,93379.24,40.66,178272.98,b0
765272923,2,18503,0,0,28.58,93402.76,40.65,174090.45,b0
765271642,3,18549,0,0,28.82,93363.11,39.65,265353.72,b0
765289819,4,18595,0,0,29.14,93378.88,38.96,176612.63,b0
765281116,5,18641,0,0,29.77,93410.81,37.40,186656.94,b0
765280092,6,18687,0,0,29.71,93406.05,37.14,168587.42,b0
765271896,7,18733,0,0,29.83,93402.18,38.11,163109.27,b0
765285466,8,18779,0,0,29.56,93378.61,37.99,217363.61,b0
765274459,1,18826,0,0,28.43,93383.56,40.63,178272.98,b0
765272923,2,18872,0,0,28.60,93405.52,40.65,174090.45,b0
765271642,3,18918,0,0,28.82,93362.75,39.66,262698.81,b0
765289819,4,18964,0,0,29.15,93378.40,38.96,175522.80,b0
765281116,5,19010,0,0,29.78,93411.60,37.38,191401.88,b0
765280092,6,19056,0,0,29.73,93407.79,37.13,169256.20,b0
765271896,7,19102,0,0,29.84,93402.62,38.10,163578.28,b0
765285466,8,19148,0,0,29.58,93378.06,37.98,216949.16,b0
765274459,1,19195,0,0,28.43,93381.38,40.63,177901.33,b0
765272923,2,19241,0,0,28.61,93405.38,40.65,173736.00,b0
765271642,3,19287,0,0,28.84,93364.83,39.63,264736.31,b0
765289819,4,19333,0,0,29.15,93379.15,38.93,175522.80,b0
765281116,5,19379,0,0,29.78,93412.74,37.38,191294.59,b0
765280092,6,19425,0,0,29.74,93407.90,37.13,168587.42,b0
765271896,7,19471,0,0,29.85,93401.80,38.10,163421.64,b0
765285466,8,19518,0,0,29.59,93377.80,37.99,217918.70,b0
765274459,1,19564,0,0,28.44,93381.54,40.61,177901.33,b0
765272923,2,19610,0,0,28.63,93405.60,40.61,174090.45,b0
765271642,3,19656,0,0,28.84,93361.63,39.62,262093.67,b0
765289819,4,19702,0,0,29.17,93379.41,38.92,174803.69,b0
765281116,5,19748,0,0,29.79,93411.59,37.38,191616.77,b0
765280092,6,19795,0,0,29.74,93405.78,37.12,169424.22,b0
765271896,7,19841,0,0,29.86,93401.32,38.10,163421.64,b0
765285466,8,19887,0,0,29.60,93378.45,37.97,216673.72,b0
765274459,1,19933,0,0,28.45,93380.62,40.61,178272.98,b0
765272923,2,19979,0,0,28.63,93404.33,40.60,173207.03,b0
765271642,3,20025,0,0,28.85,93363.85,39.62,262698.81,b0
765289819,4,20072,0,0,29.17,93378.71,38.91,174982.91,b0
765281116,5,20118,0,0,29.80,93412.19,37.36,187271.39,b0
765280092,6,20164,0,0,29.74,93408.09,37.11,167923.91,b0
765271896,7,20210,0,0,29.87,93403.57,38.12,162333.55,b0
765285466,8,20256,0,0,29.60,93377.28,38.00,216261.88,b0
765274459,1,20302,0,0,28.46,93380.22,40.62,177901.33,b0
765272923,2,20348,0,0,28.64,93404.54,40.60,173913.05,b0
765271642,3,20395,0,0,28.86,93364.82,39.62,262496.78,b0
765289819,4,20441,0,0,29.18,93378.59,38.93,174803.69,b0
765281116,5,20487,0,0,29.80,93414.16,37.35,186046.52,b0
765280092,6,20533,0,0,29.74,93408.13,37.12,168587.42,b0
765271896,7,20579,0,0,29.88,93401.44,38.13,162642.95,b0
765285466,8,20625,0,0,29.61,93378.09,38.03,214765.09,b0
765274459,1,20672,0,0,28.48,93381.45,40.65,176612.63,b0
765272923,2,20718,0,0,28.66,93406.03,40.61,173383.00,b0
765271642,3,20764,0,0,28.88,93364.02,39.65,261491.31,b0
765289819,4,20810,0,0,29.20,93379.25,38.93,173383.00,b0
765281116,5,20856,0,0,29.80,93412.52,37.35,186249.55,b0
765280092,6,20902,0,0,29.75,93408.91,37.14,167101.83,b0
765271896,7,20948,0,0,29.89,93403.13,38.14,162488.09,b0
765285466,8,20994,0,0,29.62,93379.42,38.10,213957.38,b0
765274459,1,21041,0,0,28.49,93383.43,40.65,175703.50,b0
765272923,2,21087,0,0,28.67,93406.05,40.67,173031.42,b0
765271642,3,21133,0,0,28.88,93364.59,39.68,259700.73,b0
765289819,4,21179,0,0,29.21,93380.20,38.94,174624.83,b0
765281116,5,21225,0,0,29.81,93412.64,37.37,187271.39,b0
765280092,6,21271,0,0,29.75,93407.35,37.14,167923.91,b0
765271896,7,21317,0,0,29.90,93403.38,38.17,161871.64,b0
765285466,8,21363,0,0,29.63,93377.43,38.12,215715.19,b0
765274459,1,21410,0,0,28.50,93381.05,40.67,176978.92,b0
765272923,2,21456,0,0,28.69,93405.38,40.67,173031.42,b0
765271642,3,21502,0,0,28.90,93365.39,39.73,259898.48,b0
765289819,4,21548,0,0,29.21,93380.19,38.99,174982.91,b0
765281116,5,21594,0,0,29.82,93413.61,37.39,186046.52,b0
765280092,6,21640,0,0,29.76,93406.56,37.17,167923.91,b0
765271896,7,21687,0,0,29.91,93402.57,38.22,162333.55,b0
765285466,8,21733,0,0,29.64,93377.27,38.12,214225.94,b0
765274459,1,21779,0,0,28.51,93382.13,40.74,176612.63,b0
765272923,2,21825,0,0,28.69,93406.30,40.71,172506.73,b0
765271642,3,21871,0,0,28.91,93364.92,39.74,259306.16,b0
765289819,4,21917,0,0,29.23,93380.48,39.00,174090.45,b0
765281116,5,21964,0,0,29.83,93414.23,37.43,185843.92,b0
765280092,6,22010,0,0,29.77,93408.45,37.18,166612.44,b0
765271896,7,22056,0,0,29.92,93403.51,38.24,161107.61,b0
765285466,8,22102,0,0,29.65,93378.28,38.18,213823.34,b0
765274459,1,22148,0,0,28.52,93381.02,40.75,175703.50,b0
765272923,2,22194,0,0,28.70,93403.95,40.71,173383.00,b0
765271642,3,22240,0,0,28.91,93363.91,39.77,258912.77,b0
765289819,4,22287,0,0,29.24,93380.32,39.01,174446.34,b0
765281116,5,22333,0,0,29.83,93412.30,37.42,185641.77,b0
765280092,6,22379,0,0,29.76,93405.15,37.20,167429.69,b0
765271896,7,22425,0,0,29.93,93402.34,38.27,160652.66,b0
765285466,8,22471,0,0,29.66,93378.04,38.21,212889.81,b0
765274459,1,22517,0,0,28.53,93383.34,40.76,176430.05,b0
765272923,2,22564,0,0,28.71,93405.61,40.70,173383.00,b0
765271642,3,22610,0,0,28.91,93362.30,39.79,258912.77,b0
765289819,4,22656,0,0,29.25,93378.59,39.03,173031.42,b0
765281116,5,22702,0,0,29.83,93411.18,37.46,184837.55,b0
765280092,6,22748,0,0,29.76,93405.47,37.22,167101.83,b0
765271896,7,22794,0,0,29.94,93402.77,38.31,160955.67,b0
765285466,8,22840,0,0,29.66,93376.42,38.23,213689.48,b0
765274459,1,22887,0,0,28.55,93383.31,40.77,176612.63,b0
765272923,2,22933,0,0,28.72,93405.63,40.73,172856.17,b0
765271642,3,22979,0,0,28.93,93362.73,39.79,259700.73,b0
765289819,4,23025,0,0,29.26,93378.29,39.05,174268.20,b0
765281116,5,23071,0,0,29.84,93411.63,37.46,186046.52,b0
765280092,6,23117,0,0,29.78,93406.20,37.25,167594.11,b0
765271896,7,23163,0,0,29.94,93401.92,38.32,161718.25,b0
765285466,8,23209,0,0,29.67,93377.07,38.26,213288.89,b0
765274459,1,23256,0,0,28.55,93382.94,40.79,176430.05,b0
765272923,2,23302,0,0,28.72,93402.91,40.74,173031.42,b0
765271642,3,23348,0,0,28.93,93364.20,39.81,258912.77,b0
765289819,4,23394,0,0,29.26,93378.14,39.07,174090.45,b0
765281116,5,23440,0,0,29.85,93411.05,37.47,185238.78,b0
765280092,6,23486,0,0,29.79,93407.06,37.27,167594.11,b0
765271896,7,23532,0,0,29.95,93403.96,38.34,161412.36,b0
765285466,8,23579,0,0,29.68,93379.88,38.29,213823.34,b0
765274459,1,23625,0,0,28.57,93380.91,40.78,176978.92,b0
765272923,2,23671,0,0,28.72,93402.56,40.73,173383.00,b0
765271642,3,23717,0,0,28.94,93364.45,39.83,260692.47,b0
765289819,4,23763,0,0,29.27,93377.13,39.08,174624.83,b0
765281116,5,23809,0,0,29.87,93411.88,37.51,185238.78,b0
765280092,6,23856,0,0,29.81,93408.13,37.30,167594.11,b0
765271896,7,23902,0,0,29.96,93402.89,38.36,160652.66,b0
765285466,8,23948,0,0,29.69,93378.39,38.30,213957.38,b0
765274459,1,23994,0,0,28.57,93380.90,40.79,176978.92,b0
765272923,2,24040,0,0,28.74,93405.16,40.73,173383.00,b0
765271642,3,24086,0,0,28.95,93362.53,39.84,261091.28,b0
765289819,4,24132,0,0,29.28,93377.17,39.08,174268.20,b0
765281116,5,24179,0,0,29.88,93411.59,37.49,185238.78,b0
765280092,6,24225,0,0,29.82,93408.27,37.29,167265.59,b0
765271896,7,24271,0,0,29.96,93403.30,38.37,161412.36,b0
765285466,8,24317,0,0,29.70,93378.09,38.30,215171.25,b0
765274459,1,24363,0,0,28.58,93380.34,40.78,176066.03,b0
765272923,2,24409,0,0,28.76,93405.02,40.72,173383.00,b0
765271642,3,24456,0,0,28.96,93364.03,39.83,259898.48,b0
765289819,4,24502,0,0,29.30,93377.08,39.07,173559.33,b0
765281116,5,24548,0,0,29.90,93413.58,37.50,185641.77,b0
765280092,6,24594,0,0,29.83,93406.58,37.31,168421.05,b0
765271896,7,24640,0,0,29.97,93403.49,38.37,161565.16,b0
765285466,8,24686,0,0,29.70,93377.09,38.29,214091.58,b0
765274459,1,24733,0,0,28.59,93381.95,40.77,177162.63,b0
765272923,2,24779,0,0,28.77,93406.11,40.73,173383.00,b0
765271642,3,24825,0,0,28.97,93364.43,39.83,261491.31,b0
765289819,4,24871,0,0,29.31,93378.73,39.11,174624.83,b0
765281116,5,24917,0,0,29.90,93412.90,37.52,185641.77,b0
765280092,6,24963,0,0,29.83,93406.98,37.32,167594.11,b0
765271896,7,25009,0,0,29.97,93402.78,38.36,162953.53,b0
765285466,8,25055,0,0,29.71,93377.71,38.32,214765.09,b0
765274459,1,25102,0,0,28.60,93381.76,40.78,176612.63,b0
765272923,2,25148,0,0,28.77,93405.04,40.73,173913.05,b0
765271642,3,25194,0,0,28.97,93364.66,39.84,260493.52,b0
765289819,4,25240,0,0,29.30,93377.13,39.09,173383.00,b0
765281116,5,25286,0,0,29.90,93411.85,37.50,185843.92,b0
765280092,6,25332,0,0,29.83,93406.98,37.31,168089.30,b0
765271896,7,25378,0,0,29.97,93402.30,38.36,162953.53,b0
765285466,8,25424,0,0,29.72,93375.60,38.29,216124.95,b0
765274459,1,25471,0,0,28.61,93381.01,40.77,176795.58,b0
765272923,2,25517,0,0,28.78,93404.70,40.72,173736.00,b0
765271642,3,25563,0,0,28.98,93362.73,39.85,260692.47,b0
765289819,4,25609,0,0,29.31,93380.88,39.09,175342.47,b0
765281116,5,25655,0,0,29.92,93415.20,37.52,186046.52,b0
765280092,6,25701,0,0,29.84,93408.14,37.33,167758.84,b0
765271896,7,25747,0,0,29.97,93402.63,38.33,163109.27,b0
765285466,8,25794,0,0,29.72,93377.62,38.27,215306.98,b0
765274459,1,25840,0,0,28.62,93382.45,40.76,178086.95,b0
765272923,2,25886,0,0,28.78,93406.34,40.72,174090.45,b0
765271642,3,25932,0,0,28.98,93363.10,39.84,261091.28,b0
765289819,4,25978,0,0,29.31,93380.38,39.08,173736.00,b0
765281116,5,26024,0,0,29.91,93412.99,37.50,187271.39,b0
765280092,6,26071,0,0,29.85,93407.48,37.33,168587.42,b0
765271896,7,26117,0,0,29.96,93402.94,38.30,163109.27,b0
765285466,8,26163,0,0,29.72,93377.62,38.27,216398.98,b0
765274459,1,26209,0,0,28.62,93382.26,40.76,178646.20,b0
765272923,2,26255,0,0,28.79,93405.43,40.69,174803.69,b0
765271642,3,26301,0,0,28.98,93364.91,39.82,261892.58,b0
765289819,4,26348,0,0,29.30,93380.16,39.06,174268.20,b0
765281116,5,26394,0,0,29.92,93413.03,37.50,186861.31,b0
765280092,6,26440,0,0,29.84,93408.34,37.31,168255.02,b0
765271896,7,26486,0,0,29.96,93402.77,38.29,163265.31,b0
765285466,8,26532,0,0,29.72,93378.02,38.25,215851.61,b0
765274459,1,26578,0,0,28.62,93382.06,40.73,178646.20,b0
765272923,2,26624,0,0,28.79,93405.80,40.69,174982.91,b0
765271642,3,26671,0,0,28.98,93364.71,39.81,262295.09,b0
765289819,4,26717,0,0,29.30,93377.29,39.03,175162.50,b0
765281116,5,26763,0,0,29.91,93413.55,37.49,186861.31,b0
765280092,6,26809,0,0,29.85,93408.22,37.32,168921.14,b0
765271896,7,26855,0,0,29.96,93403.99,38.26,163578.28,b0
765285466,8,26901,0,0,29.73,93379.33,38.22,217640.81,b0
765274459,1,26948,0,0,28.64,93384.39,40.73,179020.98,b0
765272923,2,26994,0,0,28.80,93406.20,40.69,175162.50,b0
765271642,3,27040,0,0,28.99,93363.73,39.79,264941.78,b0
765289819,4,27086,0,0,29.31,93380.02,39.03,174982.91,b0
765281116,5,27132,0,0,29.93,93412.79,37.48,191509.25,b0
765280092,6,27178,0,0,29.85,93405.75,37.31,169761.27,b0
765271896,7,27224,0,0,29.96,93401.48,38.26,164207.83,b0
765285466,8,27270,0,0,29.73,93376.33,38.20,217502.13,b0
765274459,1,27317,0,0,28.65,93381.47,40.69,179586.11,b0
765272923,2,27363,0,0,28.81,93404.20,40.68,175703.50,b0
765271642,3,27409,0,0,29.00,93364.17,39.79,264121.75,b0
765289819,4,27455,0,0,29.32,93379.03,39.02,175162.50,b0
765281116,5,27501,0,0,29.93,93413.20,37.49,191724.39,b0
765280092,6,27547,0,0,29.86,93408.20,37.31,169930.30,b0
765271896,7,27593,0,0,29.96,93402.74,38.23,164365.97,b0
765285466,8,27639,0,0,29.74,93377.31,38.20,215851.61,b0
765274459,1,27686,0,0,28.66,93381.44,40.71,179775.28,b0
765272923,2,27732,0,0,28.82,93404.96,40.63,175703.50,b0
765271642,3,27778,0,0,29.01,93363.34,39.76,263510.03,b0
765289819,4,27824,0,0,29.33,93378.68,39.02,176612.63,b0
765281116,5,27870,0,0,29.95,93413.50,37.48,191724.39,b0
765280092,6,27916,0,0,29.87,93407.91,37.31,169930.30,b0
765271896,7,27963,0,0,29.96,93402.77,38.23,164207.83,b0
765285466,8,28009,0,0,29.75,93378.47,38.18,216536.27,b0
765274459,1,28055,0,0,28.68,93382.69,40.67,179775.28,b0
765272923,2,28101,0,0,28.83,93405.89,40.63,175703.50,b0
765271642,3,28147,0,0,29.03,93365.41,39.75,263917.53,b0
765289819,4,28193,0,0,29.34,93378.73,38.98,176978.92,b0
765281116,5,28239,0,0,29.94,93413.66,37.45,192807.38,b0
765280092,6,28286,0,0,29.88,93407.11,37.27,169761.27,b0
765271896,7,28332,0,0,29.95,93403.73,38.21,165001.61,b0
765285466,8,28378,0,0,29.74,93376.41,38.16,217502.13,b0
765274459,1,28424,0,0,28.69,93382.29,40.65,179397.34,b0
765272923,2,28470,0,0,28.85,93405.75,40.63,176066.03,b0
765271642,3,28516,0,0,29.03,93364.70,39.74,265560.16,b0
765289819,4,28563,0,0,29.34,93378.05,38.98,175884.58,b0
765281116,5,28609,0,0,29.94,93412.34,37.45,193134.67,b0
765280092,6,28655,0,0,29.88,93406.75,37.26,169592.58,b0
765271896,7,28701,0,0,29.94,93402.05,38.20,165001.61,b0
765285466,8,28747,0,0,29.73,93375.08,38.14,218616.56,b0
765274459,1,28793,0,0,28.71,93381.52,40.64,179964.84,b0
765272923,2,28840,0,0,28.86,93406.88,40.61,176066.03,b0
765271642,3,28886,0,0,29.04,93365.68,39.74,264736.31,b0
765289819,4,28932,0,0,29.35,93380.96,38.97,177346.73,b0
765281116,5,28978,0,0,29.94,93414.02,37.43,192372.72,b0
765280092,6,29024,0,0,29.88,93407.14,37.24,169930.30,b0
765271896,7,29070,0,0,29.94,93404.02,38.19,165161.30,b0
765285466,8,29116,0,0,29.73,93377.22,38.10,217918.70,b0
765274459,1,29163,0,0,28.71,93383.15,40.63,179208.95,b0
765272923,2,29209,0,0,28.87,93404.17,40.59,176612.63,b0
765271642,3,29255,0,0,29.04,93364.61,39.71,264736.31,b0
765289819,4,29301,0,0,29.35,93378.65,38.96,177716.08,b0
765281116,5,29347,0,0,29.95,93413.86,37.41,191187.45,b0
765280092,6,29393,0,0,29.88,93408.92,37.24,169088.50,b0
765271896,7,29439,0,0,29.95,93401.76,38.16,164524.42,b0
765285466,8,29485,0,0,29.75,93378.42,38.11,219318.91,b0
765274459,1,29532,0,0,28.72,93381.68,40.59,180154.83,b0
765272923,2,29578,0,0,28.88,93404.37,40.57,176247.84,b0
765271642,3,29624,0,0,29.06,93365.07,39.69,265353.72,b0
765289819,4,29670,0,0,29.36,93380.30,38.94,177716.08,b0
765281116,5,29716,0,0,29.94,93412.22,37.39,192156.13,b0
765280092,6,29762,0,0,29.88,93407.89,37.24,169930.30,b0
765271896,7,29808,0,0,29.95,93403.59,38.15,164842.23,b0
765285466,8,29855,0,0,29.75,93377.02,38.09,219601.11,b0
765274459,1,29901,0,0,28.73,93383.66,40.57,179964.84,b0
765272923,2,29947,0,0,28.89,93406.20,40.55,176612.63,b0
765271642,3,29993,0,0,29.06,93365.59,39.69,265766.94,b0
765289819,4,30039,0,0,29.37,93379.80,38.93,176612.63,b0
765281116,5,30085,0,0,29.95,93413.52,37.39,191616.77,b0
765280092,6,30132,0,0,29.89,93408.13,37.21,169930.30,b0
765271896,7,30178,0,0,29.95,93401.94,38.14,165481.58,b0
765285466,8,30224,0,0,29.75,93379.69,38.05,217918.70,b0
765274459,1,30270,0,0,28.73,93383.66,40.57,180345.19,b0
765272923,2,30316,0,0,28.89,93407.15,40.54,176612.63,b0
765271642,3,30362,0,0,29.06,93364.71,39.66,266389.19,b0
765289819,4,30408,0,0,29.37,93378.55,38.91,176612.63,b0
765281116,5,30455,0,0,29.95,93413.31,37.38,192589.81,b0
765280092,6,30501,0,0,29.89,93407.97,37.19,169592.58,b0
765271896,7,30547,0,0,29.93,93402.53,38.13,166125.89,b0
765285466,8,30593,0,0,29.75,93377.38,38.02,219459.92,b0
765274459,1,30639,0,0,28.74,93382.73,40.55,180345.19,b0
765272923,2,30685,0,0,28.90,93405.50,40.52,176978.92,b0
765271642,3,30732,0,0,29.07,93365.17,39.65,265353.72,b0
765289819,4,30778,0,0,29.38,93379.52,38.89,178086.95,b0
765281116,5,30824,0,0,29.95,93413.70,37.33,192372.72,b0
765280092,6,30870,0,0,29.89,93407.30,37.19,169592.58,b0
765271896,7,30916,0,0,29.93,93402.84,38.08,166125.89,b0
765285466,8,30962,0,0,29.75,93378.27,38.01,219884.05,b0
765274459,1,31009,0,0,28.74,93382.72,40.54,180918.73,b0
765272923,2,31055,0,0,28.91,93406.09,40.49,177162.63,b0
765271642,3,31101,0,0,29.07,93363.54,39.63,266389.19,b0
765289819,4,31147,0,0,29.39,93379.56,38.88,176612.63,b0
765281116,5,31193,0,0,29.95,93412.80,37.33,192807.38,b0
765280092,6,31239,0,0,29.89,93407.61,37.16,170609.80,b0
765271896,7,31285,0,0,29.92,93403.89,38.08,167265.59,b0
765285466,8,31331,0,0,29.74,93376.96,37.99,219459.92,b0
765274459,1,31378,0,0,28.76,93383.40,40.49,181110.72,b0
765272923,2,31424,0,0,28.92,93405.38,40.47,176978.92,b0
765271642,3,31470,0,0,29.08,93364.33,39.60,264121.75,b0
765289819,4,31516,0,0,29.40,93379.96,38.88,178459.39,b0
765281116,5,31562,0,0,29.94,93412.55,37.33,192807.38,b0
765280092,6,31608,0,0,29.89,93405.70,37.14,170951.59,b0
765271896,7,31654,0,0,29.89,93403.15,38.06,166775.25,b0
765285466,8,31700,0,0,29.74,93376.02,37.95,221309.70,b0
765274459,1,31747,0,0,28.75,93384.33,40.47,181303.11,b0
765272923,2,31793,0,0,28.93,93406.67,40.46,177162.63,b0
765271642,3,31839,0,0,29.09,93363.28,39.59,265353.72,b0
765289819,4,31885,0,0,29.41,93379.66,38.84,178086.95,b0
765281116,5,31931,0,0,29.93,93412.23,37.29,194123.22,b0
765280092,6,31977,0,0,29.90,93405.93,37.11,170780.52,b0
765271896,7,32024,0,0,29.89,93403.87,38.05,167265.59,b0
765285466,8,32070,0,0,29.73,93376.48,37.93,220167.70,b0
765274459,1,32116,0,0,28.76,93383.59,40.45,181495.92,b0
765272923,2,32162,0,0,28.93,93405.41,40.41,177346.73,b0
765271642,3,32208,0,0,29.10,93364.63,39.58,267432.75,b0
765289819,4,32254,0,0,29.41,93379.86,38.84,178459.39,b0
765281116,5,32300,0,0,29.94,93415.02,37.27,194012.89,b0
765280092,6,32347,0,0,29.90,93406.44,37.13,171466.84,b0
765271896,7,32393,0,0,29.89,93402.23,38.04,167923.91,b0
765285466,8,32439,0,0,29.73,93377.22,37.90,221309.70,b0
765274459,1,32485,0,0,28.77,93383.94,40.41,181689.14,b0
765272923,2,32531,0,0,28.94,93404.88,40.40,177716.08,b0
765271642,3,32577,0,0,29.10,93364.81,39.55,266805.63,b0
765289819,4,32624,0,0,29.41,93378.97,38.80,176795.58,b0
765281116,5,32670,0,0,29.94,93412.37,37.24,195010.47,b0
765280092,6,32716,0,0,29.89,93405.52,37.10,171639.30,b0
765271896,7,32762,0,0,29.90,93402.14,38.01,167758.84,b0
765285466,8,32808,0,0,29.74,93376.91,37.88,222029.48,b0
765274459,1,32854,0,0,28.77,93382.84,40.41,182076.81,b0
765272923,2,32900,0,0,28.96,93407.46,40.37,177716.08,b0
765271642,3,32947,0,0,29.11,93365.44,39.52,267642.44,b0
765289819,4,32993,0,0,29.42,93377.03,38.80,178459.39,b0
765281116,5,33039,0,0,29.95,93413.31,37.23,194012.89,b0
765280092,6,33085,0,0,29.90,93405.93,37.07,171639.30,b0
765271896,7,33131,0,0,29.89,93401.91,38.01,168754.13,b0
765285466,8,33177,0,0,29.73,93376.30,37.86,221741.02,b0
765274459,1,33224,0,0,28.77,93382.83,40.39,182076.81,b0
765272923,2,33270,0,0,28.96,93404.94,40.37,178086.95,b0
765271642,3,33316,0,0,29.12,93366.55,39.52,266181.44,b0
765289819,4,33362,0,0,29.43,93378.70,38.77,179397.34,b0
765281116,5,33408,0,0,29.95,93412.66,37.21,194012.89,b0
765280092,6,33454,0,0,29.90,93406.49,37.06,171639.30,b0
765271896,7,33500,0,0,29.89,93401.01,37.99,169088.50,b0
765285466,8,33546,0,0,29.74,93377.44,37.84,222318.72,b0
765274459,1,33593,0,0,28.79,93383.52,40.35,182076.81,b0
765272923,2,33639,0,0,28.97,93404.40,40.33,178459.39,b0
765271642,3,33685,0,0,29.12,93364.23,39.49,268062.81,b0
765289819,4,33731,0,0,29.43,93378.55,38.74,179775.28,b0
765281116,5,33777,0,0,29.95,93413.38,37.19,195569.14,b0
765280092,6,33823,0,0,29.90,93407.02,37.04,171639.30,b0
765271896,7,33869,0,0,29.89,93401.38,37.98,168089.30,b0
765285466,8,33915,0,0,29.74,93377.81,37.81,223483.19,b0
765274459,1,33962,0,0,28.79,93383.88,40.33,182466.14,b0
765272923,2,34008,0,0,28.97,93406.41,40.31,178086.95,b0
765271642,3,34054,0,0,29.12,93364.26,39.45,268695.88,b0
765289819,4,34100,0,0,29.44,93381.29,38.73,179020.98,b0
765281116,5,34146,0,0,29.95,93411.73,37.17,195010.47,b0
765280092,6,34192,0,0,29.90,93407.77,37.01,173031.42,b0
765271896,7,34239,0,0,29.89,93402.96,37.97,168754.13,b0
765285466,8,34285,0,0,29.74,93377.79,37.81,223923.03,b0
765274459,1,34331,0,0,28.80,93383.68,40.30,183053.27,b0
765272923,2,34377,0,0,28.97,93406.59,40.29,177901.33,b0
765271642,3,34423,0,0,29.13,93363.38,39.43,267642.44,b0
765289819,4,34469,0,0,29.45,93380.08,38.70,179020.98,b0
765281116,5,34516,0,0,29.95,93412.46,37.14,194787.91,b0
765280092,6,34562,0,0,29.89,93405.34,37.01,172506.73,b0
765271896,7,34608,0,0,29.88,93402.91,37.95,169930.30,b0
765285466,8,34654,0,0,29.73,93375.76,37.79,224217.20,b0
765274459,1,34700,0,0,28.79,93382.42,40.27,182857.14,b0
765272923,2,34746,0,0,28.97,93402.95,40.25,178459.39,b0
765271642,3,34792,0,0,29.13,93363.22,39.42,267642.44,b0
765289819,4,34839,0,0,29.45,93378.45,38.68,179964.84,b0
765281116,5,34885,0,0,29.95,93411.18,37.14,196131.02,b0
765280092,6,34931,0,0,29.90,93406.81,36.97,172681.28,b0
765271896,7,34977,0,0,29.90,93403.72,37.96,169592.58,b0
765285466,8,35023,0,0,29.73,93376.84,37.78,224070.02,b0
765274459,1,35069,0,0,28.80,93383.13,40.26,183249.83,b0
765272923,2,35116,0,0,28.98,93404.26,40.23,178833.39,b0
765271642,3,35162,0,0,29.14,93362.00,39.39,267432.75,b0
765289819,4,35208,0,0,29.46,93379.59,38.65,178646.20,b0
765281116,5,35254,0,0,29.96,93411.41,37.11,195681.25,b0
765280092,6,35300,0,0,29.90,93404.87,36.97,172681.28,b0
765271896,7,35346,0,0,29.89,93402.62,37.94,169592.58,b0
765285466,8,35392,0,0,29.73,93376.80,37.76,224956.06,b0
765274459,1,35439,0,0,28.80,93382.41,40.25,183842.02,b0
765272923,2,35485,0,0,28.99,93406.45,40.20,179208.95,b0
765271642,3,35531,0,0,29.15,93364.05,39.36,269757.63,b0
765289819,4,35577,0,0,29.46,93377.83,38.63,179397.34,b0
765281116,5,35623,0,0,29.96,93412.32,37.12,196469.69,b0
765280092,6,35669,0,0,29.90,93405.46,36.96,172332.55,b0
765271896,7,35715,0,0,29.89,93401.36,37.93,170099.67,b0
765285466,8,35761,0,0,29.73,93376.84,37.72,224217.20,b0
765274459,1,35808,0,0,28.80,93382.41,40.22,183446.80,b0
765272923,2,35854,0,0,29.00,93405.02,40.19,179397.34,b0
765271642,3,35900,0,0,29.15,93363.36,39.35,269544.63,b0
765289819,4,35946,0,0,29.47,93377.88,38.61,178833.39,b0
765281116,5,35992,0,0,29.96,93411.67,37.10,196582.84,b0
765280092,6,36038,0,0,29.91,93405.66,36.93,173383.00,b0
765271896,7,36084,0,0,29.90,93402.67,37.93,171123.00,b0
765285466,8,36131,0,0,29.74,93377.63,37.74,224659.94,b0
765274459,1,36177,0,0,28.81,93383.65,40.16,184438.05,b0
765272923,2,36223,0,0,29.01,93405.41,40.15,179208.95,b0
765271642,3,36269,0,0,29.16,93363.22,39.32,269119.59,b0
765289819,4,36315,0,0,29.47,93376.80,38.61,180345.19,b0
765281116,5,36361,0,0,29.97,93412.77,37.07,195681.25,b0
765280092,6,36408,0,0,29.91,93404.95,36.91,173736.00,b0
765271896,7,36454,0,0,29.90,93404.10,37.91,170951.59,b0
765285466,8,36500,0,0,29.73,93375.36,37.73,225401.72,b0
765274459,1,36546,0,0,28.82,93381.63,40.16,184238.94,b0
765272923,2,36592,0,0,29.02,93404.88,40.14,179586.11,b0
765271642,3,36638,0,0,29.17,93364.91,39.31,271474.03,b0
765289819,4,36684,0,0,29.49,93380.09,38.58,179397.34,b0
765281116,5,36731,0,0,29.96,93411.31,37.07,196469.69,b0
765280092,6,36777,0,0,29.92,93407.01,36.92,173736.00,b0
765271896,7,36823,0,0,29.90,93401.63,37.92,170439.42,b0
765285466,8,36869,0,0,29.73,93377.59,37.72,225998.67,b0
765274459,1,36915,0,0,28.84,93381.59,40.14,184637.58,b0
765272923,2,36961,0,0,29.03,93405.27,40.13,180535.97,b0
765271642,3,37008,0,0,29.16,93363.23,39.29,270184.69,b0
765289819,4,37054,0,0,29.49,93377.97,38.57,180918.73,b0
765281116,5,37100,0,0,29.96,93411.65,37.05,197036.75,b0
765280092,6,37146,0,0,29.91,93406.19,36.90,173559.33,b0
765271896,7,37192,0,0,29.91,93401.16,37.91,171123.00,b0
765285466,8,37238,0,0,29.73,93376.78,37.71,226448.47,b0
765274459,1,37285,0,0,28.85,93385.95,40.09,185037.95,b0
765272923,2,37331,0,0,29.03,93404.37,40.08,180345.19,b0
765271642,3,37377,0,0,29.17,93364.55,39.26,271258.28,b0
765289819,4,37423,0,0,29.49,93377.27,38.54,181110.72,b0
765281116,5,37469,0,0,29.96,93411.95,37.05,197836.17,b0
765280092,6,37515,0,0,29.91,93403.70,36.88,174803.69,b0
765271896,7,37561,0,0,29.92,93402.79,37.92,170609.80,b0
765285466,8,37607,0,0,29.72,93374.80,37.70,226448.47,b0
765274459,1,37654,0,0,28.85,93384.65,40.10,184837.55,b0
765272923,2,37700,0,0,29.03,93406.36,40.07,180727.14,b0
765271642,3,37746,0,0,29.17,93362.40,39.24,272340.44,b0
765289819,4,37792,0,0,29.49,93377.99,38.52,180918.73,b0
765281116,5,37838,0,0,29.96,93411.49,37.05,196696.13,b0
765280092,6,37884,0,0,29.91,93406.59,36.88,174624.83,b0
765271896,7,37930,0,0,29.92,93402.98,37.90,170780.52,b0
765285466,8,37976,0,0,29.72,93376.88,37.68,227051.00,b0
765274459,1,38023,0,0,28.85,93382.10,40.07,185440.06,b0
765272923,2,38069,0,0,29.03,93404.36,40.05,180345.19,b0
765271642,3,38115,0,0,29.17,93362.95,39.22,271042.88,b0
765289819,4,38161,0,0,29.49,93378.71,38.51,181110.72,b0
765281116,5,38207,0,0,29.96,93410.74,37.04,199221.80,b0
765280092,6,38253,0,0,29.91,93405.53,36.86,174090.45,b0
765271896,7,38299,0,0,29.92,93401.04,37.89,172158.70,b0
765285466,8,38346,0,0,29.72,93375.12,37.68,226298.34,b0
765274459,1,38392,0,0,28.85,93381.02,40.04,185641.77,b0
765272923,2,38438,0,0,29.03,93403.83,40.03,180727.14,b0
765271642,3,38484,0,0,29.18,93363.54,39.20,273650.47,b0
765289819,4,38530,0,0,29.49,93377.45,38.48,181110.72,b0
765281116,5,38576,0,0,29.97,93411.36,37.03,198295.89,b0
765280092,6,38623,0,0,29.91,93406.45,36.85,174982.91,b0
765271896,7,38669,0,0,29.93,93402.88,37.90,170951.59,b0
765285466,8,38715,0,0,29.73,93377.38,37.66,226448.47,b0
765274459,1,38761,0,0,28.86,93381.91,40.01,185641.77,b0
765272923,2,38807,0,0,29.03,93404.01,39.99,180727.14,b0
765271642,3,38853,0,0,29.18,93365.19,39.18,272340.44,b0
765289819,4,38900,0,0,29.50,93379.09,38.46,181495.92,b0
765281116,5,38946,0,0,29.97,93411.36,37.01,198411.16,b0
765280092,6,38992,0,0,29.92,93405.23,36.84,175162.50,b0
765271896,7,39038,0,0,29.93,93401.84,37.89,171123.00,b0
765285466,8,39084,0,0,29.73,93376.99,37.65,226598.81,b0
765274459,1,39130,0,0,28.86,93381.73,40.01,186046.52,b0
765272923,2,39176,0,0,29.04,93403.27,40.00,181303.11,b0
765271642,3,39223,0,0,29.17,93362.58,39.19,272993.88,b0
765289819,4,39269,0,0,29.50,93379.09,38.45,182271.27,b0
765281116,5,39315,0,0,29.97,93411.95,37.01,199454.61,b0
765280092,6,39361,0,0,29.92,93404.93,36.85,175342.47,b0
765271896,7,39407,0,0,29.94,93402.06,37.88,172681.28,b0
765285466,8,39453,0,0,29.73,93376.30,37.64,227353.47,b0
765274459,1,39500,0,0,28.85,93383.19,40.01,186046.52,b0
765272923,2,39546,0,0,29.03,93405.46,39.98,180727.14,b0
765271642,3,39592,0,0,29.17,93363.87,39.15,274973.16,b0
765289819,4,39638,0,0,29.49,93377.44,38.43,181495.92,b0
765281116,5,39684,0,0,29.97,93410.69,37.01,198757.77,b0
765280092,6,39730,0,0,29.93,93405.73,36.83,174268.20,b0
765271896,7,39776,0,0,29.94,93401.03,37.88,171812.08,b0
765285466,8,39822,0,0,29.74,93376.35,37.65,227353.47,b0
765274459,1,39869,0,0,28.84,93383.22,39.99,186453.02,b0
765272923,2,39915,0,0,29.01,93403.97,39.95,181303.11,b0
765271642,3,39961,0,0,29.19,93363.95,39.15,273870.03,b0
765289819,4,40007,0,0,29.50,93377.84,38.44,182271.27,b0
765281116,5,40053,0,0,29.98,93410.53,37.00,197036.75,b0
765280092,6,40099,0,0,29.93,93405.38,36.82,175162.50,b0
765271896,7,40145,0,0,29.95,93402.53,37.88,170780.52,b0
765285466,8,40191,0,0,29.73,93373.98,37.66,226749.33,b0
765274459,1,40238,0,0,28.83,93381.26,39.99,186861.31,b0
765272923,2,40284,0,0,29.02,93402.70,39.94,181882.77,b0
765271642,3,40330,0,0,29.19,93362.55,39.13,273870.03,b0
765289819,4,40376,0,0,29.50,93376.59,38.42,183053.27,b0
765281116,5,40422,0,0,29.98,93411.29,36.98,198873.56,b0
765280092,6,40468,0,0,29.93,93406.13,36.83,174624.83,b0
765271896,7,40515,0,0,29.96,93401.70,37.88,170099.67,b0
765285466,8,40561,0,0,29.74,93376.55,37.64,225849.14,b0
765274459,1,40607,0,0,28.82,93381.08,39.95,186453.02,b0
765272923,2,40653,0,0,29.02,93405.06,39.94,181689.14,b0
765271642,3,40699,0,0,29.17,93363.51,39.13,273431.25,b0
765289819,4,40745,0,0,29.49,93376.70,38.40,181303.11,b0
765281116,5,40791,0,0,29.98,93412.91,36.99,197721.56,b0
765280092,6,40838,0,0,29.94,93405.09,36.81,174268.20,b0
765271896,7,40884,0,0,29.96,93400.40,37.89,170269.38,b0
765285466,8,40930,0,0,29.73,93376.30,37.65,225401.72,b0
765274459,1,40976,0,0,28.81,93383.12,39.94,186249.55,b0
765272923,2,41022,0,0,29.00,93403.75,39.93,181495.92,b0
765271642,3,41068,0,0,29.16,93362.85,39.12,272775.72,b0
765289819,4,41115,0,0,29.48,93377.38,38.42,180535.97,b0
765281116,5,41161,0,0,29.97,93412.85,37.01,197950.91,b0
765280092,6,41207,0,0,29.93,93404.84,36.84,173913.05,b0
765271896,7,41253,0,0,29.96,93402.54,37.90,169424.22,b0
765285466,8,41299,0,0,29.73,93377.86,37.69,223776.22,b0
765274459,1,41345,0,0,28.79,93382.05,39.93,186656.94,b0
765272923,2,41392,0,0,28.99,93405.53,39.92,181882.77,b0
765271642,3,41438,0,0,29.14,93364.19,39.14,272557.91,b0
765289819,4,41484,0,0,29.47,93378.37,38.42,182271.27,b0
765281116,5,41530,0,0,29.97,93412.05,37.05,196131.02,b0
765280092,6,41576,0,0,29.91,93405.56,36.86,174982.91,b0
765271896,7,41622,0,0,29.96,93401.66,37.93,169088.50,b0
765285466,8,41668,0,0,29.72,93376.01,37.70,226298.34,b0
765274459,1,41715,0,0,28.79,93382.61,39.96,190440.77,b0
765272923,2,41761,0,0,28.98,93405.70,39.95,182271.27,b0
765271642,3,41807,0,0,29.13,93362.85,39.17,274751.81,b0
765289819,4,41853,0,0,29.46,93377.64,38.46,181689.14,b0
765281116,5,41899,0,0,29.96,93409.96,37.07,196131.02,b0
765280092,6,41945,0,0,29.90,93405.25,36.88,174624.83,b0
765271896,7,41991,0,0,29.96,93401.83,37.95,169592.58,b0
765285466,8,42037,0,0,29.72,93375.83,37.75,226148.41,b0
765274459,1,42084,0,0,28.77,93381.57,39.98,190760.06,b0
765272923,2,42130,0,0,28.97,93404.58,39.95,183053.27,b0
765271642,3,42176,0,0,29.12,93364.94,39.17,275194.84,b0
765289819,4,42222,0,0,29.46,93376.91,38.46,184040.27,b0
765281116,5,42268,0,0,29.95,93410.85,37.08,196582.84,b0
765280092,6,42314,0,0,29.89,93404.99,36.89,175162.50,b0
765271896,7,42360,0,0,29.96,93401.48,37.98,170780.52,b0
765285466,8,42407,0,0,29.72,93376.49,37.77,225550.66,b0
765274459,1,42453,0,0,28.75,93382.16,39.96,191401.88,b0
765272923,2,42499,0,0,28.95,93405.28,39.97,183644.19,b0
765271642,3,42545,0,0,29.12,93364.91,39.18,278109.72,b0
765289819,4,42591,0,0,29.46,93378.35,38.48,183446.80,b0
765281116,5,42637,0,0,29.94,93410.77,37.11,198065.77,b0
765280092,6,42684,0,0,29.89,93405.14,36.91,176066.03,b0
765271896,7,42730,0,0,29.96,93400.77,38.00,171812.08,b0
765285466,8,42776,0,0,29.72,93375.70,37.81,226749.33,b0
765274459,1,42822,0,0,28.74,93381.09,39.96,192589.81,b0
765272923,2,42868,0,0,28.95,93405.45,39.97,184438.05,b0
765271642,3,42914,0,0,29.12,93363.31,39.17,277657.28,b0
765289819,4,42960,0,0,29.46,93377.12,38.46,185641.77,b0
765281116,5,43007,0,0,29.95,93412.05,37.12,198180.77,b0
765280092,6,43053,0,0,29.89,93405.84,36.94,176612.63,b0
765271896,7,43099,0,0,29.96,93402.23,38.00,171639.30,b0
765285466,8,43145,0,0,29.72,93378.19,37.81,228724.59,b0
765274459,1,43191,0,0,28.73,93381.11,39.93,192916.36,b0
765272923,2,43237,0,0,28.93,93405.22,39.95,185037.95,b0
765271642,3,43284,0,0,29.10,93362.66,39.15,279475.97,b0
765289819,4,43330,0,0,29.45,93377.94,38.46,185843.92,b0
765281116,5,43376,0,0,29.94,93411.86,37.12,199687.98,b0
765280092,6,43422,0,0,29.88,93406.11,36.91,176978.92,b0
765271896,7,43468,0,0,29.97,93402.96,38.02,171985.22,b0
765285466,8,43514,0,0,29.72,93376.52,37.81,228418.47,b0
765274459,1,43561,0,0,28.71,93382.96,39.94,193682.63,b0
765272923,2,43607,0,0,28.90,93403.50,39.94,186046.52,b0
765271642,3,43653,0,0,29.10,93363.38,39.15,280164.16,b0
765289819,4,43699,0,0,29.43,93379.78,38.44,185641.77,b0
765281116,5,43745,0,0,29.93,93411.70,37.13,200863.08,b0
765280092,6,43791,0,0,29.87,93406.49,36.93,177716.08,b0
765271896,7,43837,0,0,29.95,93401.08,38.01,173383.00,b0
765285466,8,43883,0,0,29.71,93376.83,37.80,229185.31,b0
765274459,1,43930,0,0,28.69,93382.47,39.93,194233.69,b0
765272923,2,43976,0,0,28.88,93405.83,39.94,186249.55,b0
765271642,3,44022,0,0,29.08,93362.73,39.13,279247.34,b0
765289819,4,44068,0,0,29.41,93377.52,38.43,186656.94,b0
765281116,5,44114,0,0,29.91,93412.66,37.14,201813.17,b0
765280092,6,44160,0,0,29.86,93407.66,36.93,178459.39,b0
765271896,7,44206,0,0,29.94,93402.98,37.99,171985.22,b0
765285466,8,44252,0,0,29.71,93377.19,37.80,230578.70,b0
765274459,1,44299,0,0,28.68,93383.20,39.93,194455.00,b0
765272923,2,44345,0,0,28.86,93404.52,39.92,187066.13,b0
765271642,3,44391,0,0,29.08,93364.33,39.13,280855.72,b0
765289819,4,44437,0,0,29.39,93377.60,38.41,187271.39,b0
765281116,5,44483,0,0,29.91,93411.73,37.10,202531.64,b0
765280092,6,44529,0,0,29.87,93407.37,36.89,179208.95,b0
765271896,7,44575,0,0,29.95,93401.79,37.99,173913.05,b0
765285466,8,44622,0,0,29.70,93375.48,37.79,230734.56,b0
765274459,1,44668,0,0,28.68,93383.03,39.92,195121.95,b0
765272923,2,44714,0,0,28.86,93405.24,39.92,187066.13,b0
765271642,3,44760,0,0,29.09,93363.13,39.12,283892.44,b0
765289819,4,44806,0,0,29.40,93377.65,38.41,191401.88,b0
765281116,5,44852,0,0,29.91,93413.20,37.10,202291.58,b0
765280092,6,44899,0,0,29.86,93405.83,36.87,180535.97,b0
765271896,7,44945,0,0,29.96,93401.48,37.96,174268.20,b0
765285466,8,44991,0,0,29.71,93378.24,37.77,231517.06,b0
765274459,1,45037,0,0,28.68,93381.38,39.91,195233.56,b0
765272923,2,45083,0,0,28.86,93404.15,39.90,190973.52,b0
765271642,3,45129,0,0,29.08,93365.77,39.10,283185.84,b0
765289819,4,45176,0,0,29.39,93378.51,38.39,192156.13,b0
765281116,5,45222,0,0,29.90,93410.95,37.09,203497.61,b0
765280092,6,45268,0,0,29.85,93405.60,36.89,179964.84,b0
765271896,7,45314,0,0,29.96,93402.19,37.96,175342.47,b0
765285466,8,45360,0,0,29.71,93377.00,37.75,233576.64,b0
765274459,1,45406,0,0,28.68,93382.30,39.90,195905.88,b0
765272923,2,45452,0,0,28.85,93404.48,39.90,191616.77,b0
765271642,3,45499,0,0,29.08,93364.46,39.09,282482.75,b0
765289819,4,45545,0,0,29.38,93378.46,38.38,191509.25,b0
765281116,5,45591,0,0,29.90,93411.67,37.08,204228.16,b0
765280092,6,45637,0,0,29.86,93405.51,36.86,179964.84,b0
765271896,7,45683,0,0,29.96,93403.62,37.94,175522.80,b0
765285466,8,45729,0,0,29.71,93376.30,37.75,232463.11,b0
765274459,1,45776,0,0,28.67,93382.14,39.90,196356.66,b0
765272923,2,45822,0,0,28.84,93403.38,39.90,192048.02,b0
765271642,3,45868,0,0,29.08,93365.21,39.08,283656.50,b0
765289819,4,45914,0,0,29.38,93378.62,38.36,191509.25,b0
765281116,5,45960,0,0,29.92,93412.68,37.06,203255.27,b0
765280092,6,46006,0,0,29.86,93407.13,36.85,180727.14,b0
765271896,7,46052,0,0,29.95,93402.17,37.92,174446.34,b0
765285466,8,46098,0,0,29.71,93375.92,37.73,234057.14,b0
765274459,1,46145,0,0,28.67,93382.69,39.90,196469.69,b0
765272923,2,46191,0,0,28.85,93405.02,39.90,192156.13,b0
765271642,3,46237,0,0,29.08,93363.39,39.09,283656.50,b0
765289819,4,46283,0,0,29.40,93379.26,38.37,193792.58,b0
765281116,5,46329,0,0,29.92,93413.06,37.04,204963.97,b0
765280092,6,46375,0,0,29.87,93407.20,36.85,181110.72,b0
765271896,7,46421,0,0,29.94,93401.56,37.90,175522.80,b0
765285466,8,46467,0,0,29.69,93377.70,37.70,233416.91,b0
765274459,1,46514,0,0,28.68,93382.86,39.90,196243.77,b0
765272923,2,46560,0,0,28.86,93405.05,39.89,192372.72,b0
765271642,3,46606,0,0,29.08,93364.31,39.08,286513.72,b0
765289819,4,46652,0,0,29.40,93380.36,38.34,192916.36,b0
765281116,5,46698,0,0,29.93,93413.67,37.03,204718.11,b0
765280092,6,46744,0,0,29.87,93408.16,36.84,181495.92,b0
765271896,7,46791,0,0,29.94,93403.86,37.87,175703.50,b0
765285466,8,46837,0,0,29.69,93375.68,37.70,234700.89,b0
765274459,1,46883,0,0,28.69,93382.83,39.90,196469.69,b0
765272923,2,46929,0,0,28.86,93405.07,39.87,192807.38,b0
765271642,3,46975,0,0,29.09,93363.30,39.04,286033.53,b0
765289819,4,47021,0,0,29.41,93378.61,38.34,193353.47,b0
765281116,5,47068,0,0,29.92,93412.91,37.02,205829.14,b0
765280092,6,47114,0,0,29.87,93406.73,36.83,183053.27,b0
765271896,7,47160,0,0,29.95,93403.19,37.87,176066.03,b0
765285466,8,47206,0,0,29.70,93378.28,37.69,233736.59,b0
765274459,1,47252,0,0,28.70,93382.09,39.88,196923.08,b0
765272923,2,47298,0,0,28.86,93404.52,39.87,192916.36,b0
765271642,3,47344,0,0,29.10,93365.38,39.05,286033.53,b0
765289819,4,47391,0,0,29.42,93378.46,38.34,193682.63,b0
765281116,5,47437,0,0,29.93,93412.05,37.01,204718.11,b0
765280092,6,47483,0,0,29.87,93405.96,36.81,181689.14,b0
765271896,7,47529,0,0,29.95,93401.08,37.87,176612.63,b0
765285466,8,47575,0,0,29.70,93376.66,37.67,236489.61,b0
765274459,1,47621,0,0,28.70,93383.37,39.91,197150.56,b0
765272923,2,47668,0,0,28.86,93406.52,39.88,193134.67,b0
765271642,3,47714,0,0,29.11,93364.31,39.07,286754.41,b0
765289819,4,47760,0,0,29.42,93379.36,38.33,194123.22,b0
765281116,5,47806,0,0,29.93,93412.45,37.01,205457.47,b0
765280092,6,47852,0,0,29.88,93408.74,36.81,181882.77,b0
765271896,7,47898,0,0,29.96,93403.63,37.85,176795.58,b0
765285466,8,47944,0,0,29.71,93378.21,37.66,236653.58,b0
765274459,1,47991,0,0,28.70,93382.98,39.89,196923.08,b0
765272923,2,48037,0,0,28.85,93404.48,39.87,193463.06,b0
765271642,3,48083,0,0,29.11,93365.57,39.04,285077.94,b0
765289819,4,48129,0,0,29.41,93377.34,38.33,194565.84,b0
765281116,5,48175,0,0,29.93,93414.42,36.99,206077.69,b0
765280092,6,48221,0,0,29.87,93407.09,36.80,182857.14,b0
765271896,7,48267,0,0,29.96,93403.12,37.83,176612.63,b0
765285466,8,48313,0,0,29.71,93376.78,37.66,235673.19,b0
765274459,1,48360,0,0,28.68,93383.38,39.89,197492.77,b0
765272923,2,48406,0,0,28.84,93406.46,39.88,193572.78,b0
765271642,3,48452,0,0,29.10,93365.52,39.04,287721.28,b0
765289819,4,48498,0,0,29.40,93380.34,38.32,194565.84,b0
765281116,5,48544,0,0,29.92,93411.85,36.98,206451.61,b0
765280092,6,48590,0,0,29.88,93407.89,36.80,183249.83,b0
765271896,7,48636,0,0,29.96,93403.65,37.81,177531.20,b0
765285466,8,48683,0,0,29.71,93378.80,37.62,235024.09,b0
765274459,1,48729,0,0,28.69,93385.02,39.88,197492.77,b0
765272923,2,48775,0,0,28.83,93406.26,39.85,193792.58,b0
765271642,3,48821,0,0,29.10,93363.53,39.03,287964.00,b0
765289819,4,48867,0,0,29.40,93379.26,38.32,194123.22,b0
765281116,5,48913,0,0,29.92,93412.55,36.97,207581.59,b0
765280092,6,48959,0,0,29.87,93409.02,36.77,182857.14,b0
765271896,7,49006,0,0,29.97,93402.45,37.79,177901.33,b0
765285466,8,49052,0,0,29.72,93376.67,37.63,237146.83,b0
765274459,1,49098,0,0,28.69,93385.94,39.87,198065.77,b0
765272923,2,49144,0,0,28.83,93404.80,39.87,193682.63,b0
765271642,3,49190,0,0,29.09,93365.11,39.01,286513.72,b0
765289819,4,49236,0,0,29.39,93379.23,38.30,194233.69,b0
765281116,5,49283,0,0,29.91,93411.53,36.97,206202.17,b0
765280092,6,49329,0,0,29.87,93407.39,36.78,183446.80,b0
765271896,7,49375,0,0,29.97,93402.63,37.79,177162.63,b0
765285466,8,49421,0,0,29.72,93377.42,37.61,236162.36,b0
765274459,1,49467,0,0,28.68,93381.95,39.87,198411.16,b0
765272923,2,49513,0,0,28.82,93406.24,39.86,194344.28,b0
765271642,3,49560,0,0,29.09,93365.09,39.02,286754.41,b0
765289819,4,49606,0,0,29.40,93380.36,38.29,195121.95,b0
765281116,5,49652,0,0,29.91,93414.46,36.96,206952.30,b0
765280092,6,49698,0,0,29.87,93407.45,36.77,183249.83,b0
765271896,7,49744,0,0,29.98,93402.48,37.78,178646.20,b0
765285466,8,49790,0,0,29.72,93377.38,37.61,236489.61,b0
765274459,1,49837,0,0,28.68,93381.03,39.87,198180.77,b0
765272923,2,49883,0,0,28.81,93405.31,39.86,194565.84,b0
765271642,3,49929,0,0,29.09,93364.91,39.02,286995.53,b0
765289819,4,49975,0,0,29.39,93379.91,38.29,196131.02,b0
765281116,5,50021,0,0,29.92,93413.24,36.94,208596.45,b0
765280092,6,50067,0,0,29.88,93407.64,36.76,183842.02,b0
765271896,7,50113,0,0,29.98,93403.25,37.76,179775.28,b0
765285466,8,50159,0,0,29.72,93377.74,37.60,236162.36,b0
765274459,1,50206,0,0,28.68,93382.30,39.87,198526.56,b0
765272923,2,50252,0,0,28.82,93406.24,39.85,195010.47,b0
765271642,3,50298,0,0,29.09,93364.41,39.01,286273.41,b0
765289819,4,50344,0,0,29.39,93379.01,38.29,196243.77,b0
765281116,5,50390,0,0,29.91,93414.09,36.94,208724.02,b0
765280092,6,50436,0,0,29.87,93409.23,36.75,185440.06,b0
765271896,7,50482,0,0,29.97,93403.54,37.74,179208.95,b0
765285466,8,50528,0,0,29.72,93376.54,37.58,236982.19,b0
765274459,1,50575,0,0,28.69,93382.09,39.88,199338.14,b0
765272923,2,50621,0,0,28.83,93406.63,39.86,195569.14,b0
765271642,3,50667,0,0,29.09,93364.23,38.99,288694.66,b0
765289819,4,50713,0,0,29.38,93378.45,38.26,196243.77,b0
765281116,5,50759,0,0,29.91,93412.41,36.93,208469.06,b0
765280092,6,50805,0,0,29.88,93407.47,36.73,185037.95,b0
765271896,7,50851,0,0,29.97,93403.34,37.74,178086.95,b0
765285466,8,50898,0,0,29.73,93376.84,37.56,239476.14,b0
765274459,1,50944,0,0,28.70,93382.98,39.87,198873.56,b0
765272923,2,50990,0,0,28.85,93405.02,39.87,195681.25,b0
765271642,3,51036,0,0,29.10,93363.38,38.98,289429.06,b0
765289819,4,51082,0,0,29.38,93378.46,38.26,196356.66,b0
765281116,5,51128,0,0,29.92,93411.84,36.92,210526.31,b0
765280092,6,51175,0,0,29.89,93407.61,36.73,185037.95,b0
765271896,7,51221,0,0,29.98,93399.98,37.71,178833.39,b0
765285466,8,51267,0,0,29.73,93377.16,37.56,238973.16,b0
765274459,1,51313,0,0,28.72,93383.50,39.88,198411.16,b0
765272923,2,51359,0,0,28.86,93404.50,39.86,195905.88,b0
765271642,3,51405,0,0,29.12,93363.90,38.99,290167.19,b0
765289819,4,51452,0,0,29.41,93377.88,38.27,197264.50,b0
765281116,5,51498,0,0,29.92,93412.58,36.91,210786.33,b0
765280092,6,51544,0,0,29.88,93406.99,36.74,185037.95,b0
765271896,7,51590,0,0,29.98,93401.98,37.71,179208.95,b0
765285466,8,51636,0,0,29.72,93376.84,37.56,239476.14,b0
765274459,1,51682,0,0,28.73,93382.75,39.86,199454.61,b0
765272923,2,51728,0,0,28.87,93404.55,39.84,195905.88,b0
765271642,3,51775,0,0,29.12,93363.52,38.99,288694.66,b0
765289819,4,51821,0,0,29.42,93377.39,38.25,197378.56,b0
765281116,5,51867,0,0,29.91,93411.39,36.91,210916.58,b0
765280092,6,51913,0,0,29.87,93406.20,36.72,185238.78,b0
765271896,7,51959,0,0,29.98,93403.80,37.71,179397.34,b0
765285466,8,52005,0,0,29.71,93377.31,37.56,238139.53,b0
765274459,1,52052,0,0,28.74,93380.55,39.86,198757.77,b0
765272923,2,52098,0,0,28.88,93404.20,39.85,195793.50,b0
765271642,3,52144,0,0,29.14,93363.66,38.97,290167.19,b0
765289819,4,52190,0,0,29.44,93378.40,38.26,196696.13,b0
765281116,5,52236,0,0,29.92,93412.32,36.91,209107.61,b0
765280092,6,52282,0,0,29.88,93406.30,36.72,186453.02,b0
765271896,7,52328,0,0,29.98,93401.30,37.69,180535.97,b0
765285466,8,52374,0,0,29.72,93376.84,37.54,239308.25,b0
765274459,1,52421,0,0,28.74,93380.89,39.87,199338.14,b0
765272923,2,52467,0,0,28.90,93405.88,39.87,195905.88,b0
765271642,3,52513,0,0,29.14,93363.48,38.97,288207.16,b0
765289819,4,52559,0,0,29.44,93378.06,38.26,196131.02,b0
765281116,5,52605,0,0,29.93,93411.88,36.92,209750.11,b0
765280092,6,52651,0,0,29.90,93407.02,36.69,185440.06,b0
765271896,7,52697,0,0,29.99,93399.01,37.67,181495.92,b0
765285466,8,52743,0,0,29.73,93375.74,37.52,238639.02,b0
765274459,1,52790,0,0,28.76,93381.60,39.84,198642.09,b0
765272923,2,52836,0,0,28.91,93405.72,39.86,195233.56,b0
765271642,3,52882,0,0,29.14,93361.85,38.96,288450.72,b0
765289819,4,52928,0,0,29.45,93379.18,38.25,195457.14,b0
765281116,5,52974,0,0,29.94,93411.67,36.90,210137.50,b0
765280092,6,53020,0,0,29.90,93405.93,36.70,185440.06,b0
765271896,7,53067,0,0,30.00,93401.04,37.69,180345.19,b0
765285466,8,53113,0,0,29.73,93376.68,37.53,238305.80,b0
765274459,1,53159,0,0,28.77,93383.03,39.85,198642.09,b0
765272923,2,53205,0,0,28.91,93403.92,39.86,195010.47,b0
765271642,3,53251,0,0,29.14,93363.48,38.94,288450.72,b0
765289819,4,53297,0,0,29.45,93377.77,38.23,197150.56,b0
765281116,5,53344,0,0,29.95,93411.34,36.88,211439.19,b0
765280092,6,53390,0,0,29.91,93406.41,36.70,185238.78,b0
765271896,7,53436,0,0,30.01,93397.89,37.67,179964.84,b0
765285466,8,53482,0,0,29.75,93375.39,37.52,239644.28,b0
765274459,1,53528,0,0,28.77,93382.29,39.82,198411.16,b0
765272923,2,53574,0,0,28.93,93405.59,39.85,195233.56,b0
765271642,3,53620,0,0,29.14,93362.74,38.96,290661.38,b0
765289819,4,53667,0,0,29.46,93377.27,38.23,196469.69,b0
765281116,5,53713,0,0,29.96,93412.34,36.88,209879.08,b0
765280092,6,53759,0,0,29.91,93406.06,36.69,184637.58,b0
765271896,7,53805,0,0,30.02,93403.30,37.68,180154.83,b0
765285466,8,53851,0,0,29.75,93375.45,37.52,239308.25,b0
765274459,1,53897,0,0,28.78,93382.28,39.87,198295.89,b0
765272923,2,53944,0,0,28.94,93407.06,39.84,195010.47,b0
765271642,3,53990,0,0,29.14,93364.39,38.95,287237.03,b0
765289819,4,54036,0,0,29.47,93379.81,38.24,197036.75,b0
765281116,5,54082,0,0,29.96,93411.13,36.87,210656.25,b0
765280092,6,54128,0,0,29.92,93404.52,36.69,185037.95,b0
765271896,7,54174,0,0,30.03,93401.57,37.67,179964.84,b0
765285466,8,54220,0,0,29.77,93375.78,37.52,237973.50,b0
765274459,1,54267,0,0,28.78,93382.27,39.83,198526.56,b0
765272923,2,54313,0,0,28.95,93404.89,39.85,194565.84,b0
765271642,3,54359,0,0,29.14,93361.52,38.93,287478.94,b0
765289819,4,54405,0,0,29.46,93379.09,38.24,197492.77,b0
765281116,5,54451,0,0,29.97,93410.97,36.87,208979.59,b0
765280092,6,54497,0,0,29.92,93405.27,36.69,185843.92,b0
765271896,7,54543,0,0,30.03,93400.73,37.65,180345.19,b0
765285466,8,54589,0,0,29.76,93374.14,37.51,237807.70,b0
765274459,1,54636,0,0,28.79,93383.34,39.82,198526.56,b0
765272923,2,54682,0,0,28.95,93404.01,39.84,194899.13,b0
765271642,3,54728,0,0,29.15,93363.02,38.91,288939.06,b0
765289819,4,54774,0,0,29.47,93378.39,38.22,197492.77,b0
765281116,5,54820,0,0,29.98,93410.73,36.86,209750.11,b0
765280092,6,54866,0,0,29.93,93406.11,36.67,184438.05,b0
765271896,7,54912,0,0,30.04,93403.06,37.65,179020.98,b0
765285466,8,54959,0,0,29.76,93375.57,37.51,238805.97,b0
765274459,1,55005,0,0,28.79,93381.52,39.82,198295.89,b0
765272923,2,55051,0,0,28.95,93404.19,39.83,195010.47,b0
765271642,3,55097,0,0,29.16,93363.07,38.93,289429.06,b0
765289819,4,55143,0,0,29.47,93379.31,38.24,196809.53,b0
765281116,5,55189,0,0,29.98,93411.31,36.87,209879.08,b0
765280092,6,55235,0,0,29.93,93403.77,36.69,184837.55,b0
765271896,7,55282,0,0,30.03,93401.08,37.62,179586.11,b0
765285466,8,55328,0,0,29.76,93378.59,37.49,238139.53,b0
765274459,1,55374,0,0,28.80,93383.32,39.82,198873.56,b0
765272923,2,55420,0,0,28.96,93405.82,39.81,195121.95,b0
765271642,3,55466,0,0,29.17,93364.57,38.92,288207.16,b0
765289819,4,55512,0,0,29.47,93378.95,38.23,197036.75,b0
765281116,5,55559,0,0,29.99,93413.91,36.85,208596.45,b0
765280092,6,55605,0,0,29.94,93407.48,36.67,184238.94,b0
765271896,7,55651,0,0,30.02,93399.77,37.62,179020.98,b0
765285466,8,55697,0,0,29.76,93377.15,37.48,239140.59,b0
765274459,1,55743,0,0,28.79,93383.15,39.80,198873.56,b0
765272923,2,55789,0,0,28.94,93404.89,39.82,195345.28,b0
765271642,3,55836,0,0,29.17,93365.47,38.92,289920.72,b0
765289819,4,55882,0,0,29.46,93378.35,38.21,197607.09,b0
765281116,5,55928,0,0,29.99,93411.89,36.85,209750.11,b0
765280092,6,55974,0,0,29.94,93405.63,36.66,185037.95,b0
765271896,7,56020,0,0,30.02,93401.55,37.62,180154.83,b0
765285466,8,56066,0,0,29.77,93377.45,37.48,240488.50,b0
765274459,1,56113,0,0,28.79,93383.34,39.78,198989.50,b0
765272923,2,56159,0,0,28.93,93405.95,39.80,195793.50,b0
765271642,3,56205,0,0,29.16,93363.41,38.90,292404.34,b0
765289819,4,56251,0,0,29.45,93379.90,38.21,197264.50,b0
765281116,5,56297,0,0,29.97,93411.41,36.85,209621.30,b0
765280092,6,56343,0,0,29.93,93406.28,36.65,185440.06,b0
765271896,7,56389,0,0,30.02,93401.70,37.62,180345.19,b0
765285466,8,56435,0,0,29.78,93378.56,37.47,240997.88,b0
765274459,1,56482,0,0,28.78,93382.28,39.78,199804.88,b0
765272923,2,56528,0,0,28.90,93404.78,39.79,196243.77,b0
765271642,3,56574,0,0,29.14,93363.83,38.89,291157.25,b0
765289819,4,56620,0,0,29.43,93379.25,38.18,197950.91,b0
765281116,5,56666,0,0,29.96,93413.12,36.82,210396.55,b0
765280092,6,56712,0,0,29.92,93408.66,36.66,186861.31,b0
765271896,7,56758,0,0,30.01,93403.26,37.59,179964.84,b0
765285466,8,56804,0,0,29.75,93378.12,37.47,241168.16,b0
765274459,1,56851,0,0,28.74,93381.80,39.77,200391.39,b0
765272923,2,56897,0,0,28.87,93405.26,39.77,196469.69,b0
765271642,3,56943,0,0,29.10,93365.70,38.87,291157.25,b0
765289819,4,56989,0,0,29.39,93378.70,38.18,199105.58,b0
765281116,5,57035,0,0,29.95,93414.41,36.81,211177.56,b0
765280092,6,57081,0,0,29.91,93408.73,36.64,186046.52,b0
765271896,7,57128,0,0,30.01,93403.41,37.60,181303.11,b0
765285466,8,57174,0,0,29.75,93376.64,37.46,241168.16,b0
765274459,1,57220,0,0,28.71,93383.52,39.75,200509.11,b0
765272923,2,57266,0,0,28.84,93404.66,39.76,196923.08,b0
765271642,3,57312,0,0,29.07,93362.61,38.87,291157.25,b0
765289819,4,57358,0,0,29.38,93378.62,38.17,198873.56,b0
765281116,5,57404,0,0,29.94,93413.48,36.80,211964.39,b0
765280092,6,57451,0,0,29.90,93405.93,36.62,186453.02,b0
765271896,7,57497,0,0,30.02,93402.41,37.59,181110.72,b0
765285466,8,57543,0,0,29.75,93377.38,37.44,240150.09,b0
765274459,1,57589,0,0,28.71,93386.09,39.76,200509.11,b0
765272923,2,57635,0,0,28.84,93404.84,39.75,197378.56,b0
765271642,3,57681,0,0,29.06,93364.75,38.87,290414.06,b0
765289819,4,57728,0,0,29.38,93379.16,38.16,198873.56,b0
765281116,5,57774,0,0,29.94,93411.83,36.80,211964.39,b0
765280092,6,57820,0,0,29.91,93407.44,36.63,186656.94,b0
765271896,7,57866,0,0,30.02,93401.87,37.57,179775.28,b0
765285466,8,57912,0,0,29.75,93378.50,37.44,239140.59,b0
765274459,1,57958,0,0,28.69,93383.37,39.76,200509.11,b0
765272923,2,58004,0,0,28.85,93407.04,39.75,197264.50,b0
765271642,3,58051,0,0,29.08,93363.74,38.87,293662.19,b0
765289819,4,58097,0,0,29.39,93378.88,38.17,198757.77,b0
765281116,5,58143,0,0,29.95,93413.54,36.81,211308.30,b0
765280092,6,58189,0,0,29.91,93407.66,36.62,186861.31,b0
765271896,7,58235,0,0,30.02,93401.16,37.57,181689.14,b0
765285466,8,58281,0,0,29.75,93376.70,37.44,240658.05,b0
765274459,1,58328,0,0,28.71,93382.05,39.75,200626.95,b0
765272923,2,58374,0,0,28.85,93405.41,39.75,197264.50,b0
765271642,3,58420,0,0,29.09,93364.59,38.87,291654.81,b0
765289819,4,58466,0,0,29.40,93380.36,38.17,198295.89,b0
765281116,5,58512,0,0,29.95,93413.34,36.80,211570.25,b0
765280092,6,58558,0,0,29.91,93406.63,36.63,186249.55,b0
765271896,7,58604,0,0,30.02,93402.94,37.57,179775.28,b0
765285466,8,58650,0,0,29.76,93378.17,37.45,240150.09,b0
765274459,1,58697,0,0,28.72,93382.95,39.74,200391.39,b0
765272923,2,58743,0,0,28.86,93405.24,39.76,196809.53,b0
765271642,3,58789,0,0,29.11,93366.13,38.87,293409.75,b0
765289819,4,58835,0,0,29.40,93376.77,38.17,198295.89,b0
765281116,5,58881,0,0,29.96,93414.16,36.79,211964.39,b0
765280092,6,58927,0,0,29.93,93406.66,36.61,185641.77,b0
765271896,7,58973,0,0,30.03,93403.00,37.56,179397.34,b0
765285466,8,59020,0,0,29.75,93376.35,37.44,239644.28,b0
765274459,1,59066,0,0,28.72,93383.31,39.77,200156.38,b0
765272923,2,59112,0,0,28.87,93407.80,39.77,197036.75,b0
765271642,3,59158,0,0,29.12,93365.82,38.87,292154.06,b0
765289819,4,59204,0,0,29.41,93380.41,38.19,199221.80,b0
765281116,5,59250,0,0,29.97,93412.59,36.80,210008.20,b0
765280092,6,59296,0,0,29.94,93406.37,36.63,186453.02,b0
765271896,7,59343,0,0,30.03,93402.52,37.57,181110.72,b0
765285466,8,59389,0,0,29.77,93379.41,37.44,240150.09,b0
765274459,1,59435,0,0,28.72,93383.67,39.75,200744.95,b0
765272923,2,59481,0,0,28.88,93405.63,39.75,197836.17,b0
765271642,3,59527,0,0,29.12,93365.87,38.88,291405.81,b0
765289819,4,59573,0,0,29.43,93379.95,38.20,198295.89,b0
765281116,5,59620,0,0,29.98,93411.97,36.81,210266.94,b0
765280092,6,59666,0,0,29.95,93407.70,36.64,186861.31,b0
765271896,7,59712,0,0,30.04,93404.01,37.56,180345.19,b0
765285466,8,59758,0,0,29.78,93378.45,37.45,239308.25,b0
765274459,1,59804,0,0,28.73,93385.84,39.76,200981.36,b0
765272923,2,59850,0,0,28.88,93406.02,39.77,197607.09,b0
765271642,3,59896,0,0,29.13,93365.20,38.90,291654.81,b0
765289819,4,59943,0,0,29.43,93379.42,38.19,198989.50,b0
765281116,5,59989,0,0,29.99,93414.27,36.81,210137.50,b0
765280092,6,60035,0,0,29.94,93407.09,36.60,186249.55,b0
765271896,7,60081,0,0,30.05,93403.17,37.57,179586.11,b0
765285466,8,60127,0,0,29.79,93379.04,37.45,238305.80,b0
765274459,1,60173,0,0,28.73,93384.94,39.76,201337.00,b0
765272923,2,60220,0,0,28.88,93407.27,39.77,197721.56,b0
765271642,3,60266,0,0,29.14,93365.94,38.89,291405.81,b0
765289819,4,60312,0,0,29.43,93379.78,38.20,199571.23,b0
765281116,5,60358,0,0,29.97,93414.09,36.79,211439.19,b0
765280092,6,60404,0,0,29.93,93408.98,36.61,187066.13,b0
765271896,7,60450,0,0,30.05,93403.87,37.58,180727.14,b0
765285466,8,60496,0,0,29.78,93378.80,37.42,240150.09,b0
765274459,1,60543,0,0,28.71,93383.33,39.76,201218.31,b0
765272923,2,60589,0,0,28.87,93408.35,39.79,198642.09,b0
765271642,3,60635,0,0,29.14,93365.76,38.88,292655.03,b0
765289819,4,60681,0,0,29.42,93380.99,38.20,198411.16,b0
765281116,5,60727,0,0,29.96,93413.45,36.78,211964.39,b0
765280092,6,60773,0,0,29.92,93406.91,36.59,186861.31,b0
765271896,7,60819,0,0,30.04,93404.37,37.55,180535.97,b0
765285466,8,60865,0,0,29.78,93378.80,37.43,240658.05,b0
765274459,1,60912,0,0,28.71,93386.09,39.74,201813.17,b0
765272923,2,60958,0,0,28.86,93407.62,39.77,198180.77,b0
765271642,3,61004,0,0,29.12,93366.23,38.87,292404.34,b0
765289819,4,61050,0,0,29.42,93381.34,38.18,200509.11,b0
765281116,5,61096,0,0,29.94,93413.09,36.78,211964.39,b0
765280092,6,61142,0,0,29.92,93410.42,36.60,187271.39,b0
765271896,7,61188,0,0,30.03,93405.52,37.54,181303.11,b0
765285466,8,61235,0,0,29.78,93381.09,37.42,240150.09,b0
765274459,1,61281,0,0,28.70,93384.99,39.76,201932.56,b0
765272923,2,61327,0,0,28.86,93409.07,39.77,198526.56,b0
765271642,3,61373,0,0,29.12,93367.61,38.87,294168.34,b0
765289819,4,61419,0,0,29.41,93381.99,38.19,200273.81,b0
765281116,5,61465,0,0,29.92,93414.72,36.77,212227.98,b0
765280092,6,61511,0,0,29.91,93407.66,36.59,187271.39,b0
765271896,7,61558,0,0,30.02,93405.30,37.54,181495.92,b0
765285466,8,61604,0,0,29.77,93379.73,37.40,241680.44,b0
765274459,1,61650,0,0,28.69,93383.93,39.75,202531.64,b0
765272923,2,61696,0,0,28.86,93408.14,39.77,199105.58,b0
765271642,3,61742,0,0,29.12,93366.54,38.87,293409.75,b0
765289819,4,61788,0,0,29.39,93380.84,38.16,200981.36,b0
765281116,5,61835,0,0,29.91,93414.05,36.79,212227.98,b0
765280092,6,61881,0,0,29.90,93409.70,36.59,186656.94,b0
765271896,7,61927,0,0,30.00,93404.28,37.55,180918.73,b0
765285466,8,61973,0,0,29.76,93378.43,37.42,241851.67,b0
765274459,1,62019,0,0,28.65,93384.37,39.75,203013.48,b0
765272923,2,62065,0,0,28.82,93409.16,39.77,199804.88,b0
765271642,3,62112,0,0,29.08,93367.02,38.88,293915.03,b0
765289819,4,62158,0,0,29.37,93382.84,38.17,199687.98,b0
765281116,5,62204,0,0,29.90,93414.35,36.78,213555.78,b0
765280092,6,62250,0,0,29.88,93407.70,36.59,191724.39,b0
765271896,7,62296,0,0,29.99,93405.10,37.52,180918.73,b0
765285466,8,62342,0,0,29.75,93379.92,37.41,242023.16,b0
765274459,1,62389,0,0,28.61,93384.45,39.74,202651.89,b0
765272923,2,62435,0,0,28.78,93409.06,39.75,200156.38,b0
765271642,3,62481,0,0,29.06,93366.67,38.86,293409.75,b0
765289819,4,62527,0,0,29.33,93383.73,38.17,200391.39,b0
765281116,5,62573,0,0,29.89,93414.23,36.77,213288.89,b0
765280092,6,62619,0,0,29.87,93409.68,36.60,191616.77,b0
765271896,7,62665,0,0,29.97,93402.13,37.53,182661.44,b0
765285466,8,62711,0,0,29.75,93380.62,37.41,241680.44,b0
765274459,1,62758,0,0,28.59,93384.69,39.74,202291.58,b0
765272923,2,62804,0,0,28.74,93407.16,39.75,200156.38,b0
765271642,3,62850,0,0,29.03,93365.76,38.86,295185.94,b0
765289819,4,62896,0,0,29.30,93380.70,38.15,201218.31,b0
765281116,5,62942,0,0,29.87,93413.36,36.77,214225.94,b0
765280092,6,62988,0,0,29.85,93410.68,36.58,191080.42,b0
765271896,7,63034,0,0,29.97,93404.59,37.52,181689.14,b0
765285466,8,63080,0,0,29.73,93379.13,37.38,243403.84,b0
765274459,1,63127,0,0,28.56,93382.92,39.74,204228.16,b0
765272923,2,63173,0,0,28.71,93406.16,39.75,200981.36,b0
765271642,3,63219,0,0,29.02,93366.39,38.86,295185.94,b0
765289819,4,63265,0,0,29.30,93379.24,38.16,202892.81,b0
765281116,5,63311,0,0,29.87,93412.61,36.76,215715.19,b0
765280092,6,63357,0,0,29.85,93408.73,36.58,192589.81,b0
765271896,7,63403,0,0,29.97,93403.54,37.52,181882.77,b0
765285466,8,63450,0,0,29.72,93378.73,37.37,243751.48,b0
765274459,1,63496,0,0,28.55,93381.87,39.75,204228.16,b0
765272923,2,63542,0,0,28.72,93406.91,39.76,201218.31,b0
765271642,3,63588,0,0,29.01,93364.95,38.86,297501.44,b0
765289819,4,63634,0,0,29.31,93378.77,38.18,201813.17,b0
765281116,5,63680,0,0,29.88,93413.44,36.78,213555.78,b0
765280092,6,63727,0,0,29.85,93407.66,36.58,192698.53,b0
765271896,7,63773,0,0,29.99,93401.33,37.50,183644.19,b0
765285466,8,63819,0,0,29.73,93377.73,37.38,244449.75,b0
765274459,1,63865,0,0,28.54,93383.50,39.76,204718.11,b0
765272923,2,63911,0,0,28.72,93405.46,39.76,201218.31,b0
765271642,3,63957,0,0,29.01,93364.41,38.85,297242.38,b0
765289819,4,64004,0,0,29.32,93379.92,38.16,203255.27,b0
765281116,5,64050,0,0,29.89,93412.45,36.78,215578.95,b0
765280092,6,64096,0,0,29.86,93409.02,36.58,192698.53,b0
765271896,7,64142,0,0,30.00,93402.66,37.51,182661.44,b0
765285466,8,64188,0,0,29.74,93378.37,37.38,244449.75,b0
765274459,1,64234,0,0,28.54,93380.98,39.75,205210.42,b0
765272923,2,64280,0,0,28.72,93404.35,39.77,201574.80,b0
765271642,3,64327,0,0,29.01,93363.46,38.85,298020.97,b0
765289819,4,64373,0,0,29.32,93379.37,38.16,203376.36,b0
765281116,5,64419,0,0,29.90,93413.24,36.78,214900.31,b0
765280092,6,64465,0,0,29.86,93407.82,36.58,193572.78,b0
765271896,7,64511,0,0,30.01,93403.82,37.50,182466.14,b0
765285466,8,64557,0,0,29.75,93376.30,37.38,245504.67,b0
765274459,1,64604,0,0,28.53,93382.63,39.77,205705.11,b0
765272923,2,64650,0,0,28.71,93406.52,39.77,202411.55,b0
765271642,3,64696,0,0,29.00,93363.95,38.86,299590.41,b0
765289819,4,64742,0,0,29.30,93379.42,38.17,203862.23,b0
765281116,5,64788,0,0,29.91,93413.20,36.79,215035.70,b0
765280092,6,64834,0,0,29.88,93408.00,36.60,192807.38,b0
765271896,7,64880,0,0,30.03,93403.17,37.51,184238.94,b0
765285466,8,64926,0,0,29.76,93379.65,37.38,245328.22,b0
765274459,1,64973,0,0,28.51,93382.31,39.77,206202.17,b0
765272923,2,65019,0,0,28.68,93405.72,39.78,202892.81,b0
765271642,3,65065,0,0,28.98,93363.44,38.85,299590.41,b0
765289819,4,65111,0,0,29.27,93378.55,38.18,203984.06,b0
765281116,5,65157,0,0,29.91,93414.78,36.79,215715.19,b0
765280092,6,65203,0,0,29.88,93408.41,36.58,194233.69,b0
765271896,7,65249,0,0,30.02,93403.16,37.51,183842.02,b0
765285466,8,65295,0,0,29.76,93378.92,37.37,247642.08,b0
765274459,1,65342,0,0,28.50,93381.97,39.77,206202.17,b0
765272923,2,65388,0,0,28.67,93404.05,39.80,202411.55,b0
765271642,3,65434,0,0,28.95,93364.01,38.86,300645.91,b0
765289819,4,65480,0,0,29.25,93377.34,38.18,203497.61,b0
765281116,5,65526,0,0,29.89,93411.68,36.79,215988.19,b0
765280092,6,65572,0,0,29.86,93407.23,36.58,194455.00,b0
765271896,7,65619,0,0,30.01,93403.80,37.49,184438.05,b0
765285466,8,65665,0,0,29.75,93379.49,37.37,246213.03,b0
765274459,1,65711,0,0,28.48,93383.27,39.80,206826.91,b0
765272923,2,65757,0,0,28.66,93404.95,39.81,203255.27,b0
765271642,3,65803,0,0,28.93,93363.69,38.87,300117.22,b0
765289819,4,65849,0,0,29.23,93378.16,38.18,204350.42,b0
765281116,5,65896,0,0,29.87,93412.84,36.78,216811.34,b0
765280092,6,65942,0,0,29.84,93409.16,36.58,194123.22,b0
765271896,7,65988,0,0,30.00,93402.80,37.51,185440.06,b0
765285466,8,66034,0,0,29.74,93380.16,37.37,246925.48,b0
765274459,1,66080,0,0,28.47,93382.02,39.81,207455.42,b0
765272923,2,66126,0,0,28.64,93404.73,39.81,203862.23,b0
765271642,3,66172,0,0,28.93,93365.08,38.88,300645.91,b0
765289819,4,66219,0,0,29.23,93379.73,38.19,203619.02,b0
765281116,5,66265,0,0,29.85,93412.29,36.77,217640.81,b0
765280092,6,66311,0,0,29.83,93408.69,36.57,195233.56,b0
765271896,7,66357,0,0,29.99,93403.62,37.49,186249.55,b0
765285466,8,66403,0,0,29.72,93377.80,37.35,247283.27,b0
765274459,1,66449,0,0,28.46,93381.51,39.83,206826.91,b0
765272923,2,66496,0,0,28.62,93404.68,39.82,203376.36,b0
765271642,3,66542,0,0,28.91,93365.14,38.87,302779.41,b0
765289819,4,66588,0,0,29.21,93378.71,38.17,204718.11,b0
765281116,5,66634,0,0,29.83,93410.98,36.76,217779.67,b0
765280092,6,66680,0,0,29.82,93408.40,36.57,195233.56,b0
765271896,7,66726,0,0,29.98,93403.60,37.48,183842.02,b0
765285466,8,66772,0,0,29.71,93380.74,37.35,248182.27,b0
765274459,1,66819,0,0,28.44,93383.18,39.82,207077.86,b0
765272923,2,66865,0,0,28.61,93405.36,39.82,203619.02,b0
765271642,3,66911,0,0,28.89,93364.28,38.89,301442.44,b0
765289819,4,66957,0,0,29.19,93380.63,38.21,206202.17,b0
765281116,5,67003,0,0,29.82,93412.53,36.76,217087.13,b0
765280092,6,67049,0,0,29.81,93408.69,36.57,195233.56,b0
765271896,7,67095,0,0,29.97,93404.44,37.49,186249.55,b0
765285466,8,67141,0,0,29.69,93376.72,37.37,249451.89,b0
765274459,1,67188,0,0,28.42,93382.13,39.85,207961.00,b0
765272923,2,67234,0,0,28.60,93406.62,39.86,204840.97,b0
765271642,3,67280,0,0,28.88,93363.16,38.90,303317.53,b0
765289819,4,67326,0,0,29.19,93378.27,38.21,205829.14,b0
765281116,5,67372,0,0,29.82,93411.32,36.78,217779.67,b0
765280092,6,67418,0,0,29.81,93408.13,36.57,196018.38,b0
765271896,7,67464,0,0,29.97,93403.34,37.49,187271.39,b0
765285466,8,67511,0,0,29.68,93379.82,37.35,249634.33,b0
765274459,1,67557,0,0,28.39,93382.36,39.85,208469.06,b0
765272923,2,67603,0,0,28.58,93404.93,39.88,205210.42,b0
765271642,3,67649,0,0,28.85,93364.55,38.90,301442.44,b0
765289819,4,67695,0,0,29.16,93379.20,38.21,205333.88,b0
765281116,5,67741,0,0,29.81,93412.25,36.78,220309.81,b0
765280092,6,67788,0,0,29.80,93410.37,36.58,197721.56,b0
765271896,7,67834,0,0,29.96,93404.33,37.49,187271.39,b0
765285466,8,67880,0,0,29.65,93377.41,37.34,249634.33,b0
765274459,1,67926,0,0,28.37,93380.60,39.86,208851.72,b0
765272923,2,67972,0,0,28.55,93404.32,39.87,205829.14,b0
765271642,3,68018,0,0,28.83,93362.98,38.91,303857.56,b0
765289819,4,68065,0,0,29.15,93379.10,38.21,206202.17,b0
765281116,5,68111,0,0,29.80,93411.45,36.77,220025.78,b0
765280092,6,68157,0,0,29.80,93408.02,36.58,196809.53,b0
765271896,7,68203,0,0,29.95,93401.59,37.48,190547.08,b0
765285466,8,68249,0,0,29.65,93377.91,37.35,250366.75,b0
765274459,1,68295,0,0,28.36,93381.34,39.87,209107.61,b0
765272923,2,68341,0,0,28.54,93405.20,39.89,206451.61,b0
765271642,3,68388,0,0,28.83,93362.61,38.94,304128.31,b0
765289819,4,68434,0,0,29.14,93380.34,38.23,206077.69,b0
765281116,5,68480,0,0,29.80,93409.86,36.78,219884.05,b0
765280092,6,68526,0,0,29.80,93409.43,36.59,197264.50,b0
765271896,7,68572,0,0,29.96,93403.10,37.46,186861.31,b0
765285466,8,68618,0,0,29.67,93376.88,37.35,250550.53,b0
765274459,1,68665,0,0,28.35,93381.19,39.90,209235.80,b0
765272923,2,68711,0,0,28.53,93404.44,39.91,205581.20,b0
765271642,3,68757,0,0,28.81,93363.57,38.95,302511.09,b0
765289819,4,68803,0,0,29.12,93376.63,38.24,206701.66,b0
765281116,5,68849,0,0,29.82,93411.86,36.78,221453.28,b0
765280092,6,68895,0,0,29.82,93409.16,36.60,197492.77,b0
765271896,7,68941,0,0,29.96,93402.23,37.48,191294.59,b0
765285466,8,68987,0,0,29.69,93378.86,37.36,251473.48,b0
765274459,1,69034,0,0,28.33,93381.40,39.90,209492.64,b0
765272923,2,69080,0,0,28.53,93405.36,39.91,206326.81,b0
765271642,3,69126,0,0,28.80,93362.79,38.97,303587.31,b0
765289819,4,69172,0,0,29.14,93381.02,38.25,206701.66,b0
765281116,5,69218,0,0,29.83,93411.34,36.81,219318.91,b0
765280092,6,69264,0,0,29.82,93407.51,36.60,197492.77,b0
765271896,7,69310,0,0,29.98,93403.58,37.49,187271.39,b0
765285466,8,69356,0,0,29.71,93378.03,37.37,250550.53,b0
765274459,1,69403,0,0,28.32,93380.34,39.92,209492.64,b0
765272923,2,69449,0,0,28.51,93402.58,39.95,206576.56,b0
765271642,3,69495,0,0,28.81,93364.47,38.98,305489.25,b0
765289819,4,69541,0,0,29.13,93380.27,38.28,207077.86,b0
765281116,5,69587,0,0,29.83,93411.56,36.79,220025.78,b0
765280092,6,69633,0,0,29.83,93408.53,36.61,196696.13,b0
765271896,7,69680,0,0,29.98,93402.36,37.48,191294.59,b0
765285466,8,69726,0,0,29.72,93377.80,37.38,251288.34,b0
765274459,1,69772,0,0,28.32,93380.71,39.93,210396.55,b0
765272923,2,69818,0,0,28.51,93404.40,39.96,207077.86,b0
765271642,3,69864,0,0,28.81,93364.45,39.00,303317.53,b0
765289819,4,69910,0,0,29.13,93380.27,38.29,207707.91,b0
765281116,5,69957,0,0,29.84,93412.17,36.80,220737.23,b0
765280092,6,70003,0,0,29.83,93406.20,36.60,197721.56,b0
765271896,7,70049,0,0,29.99,93403.10,37.48,191080.42,b0
765285466,8,70095,0,0,29.72,93376.76,37.38,251288.34,b0
765274459,1,70141,0,0,28.31,93380.91,39.98,208979.59,b0
765272923,2,70187,0,0,28.50,93405.45,39.97,207203.56,b0
765271642,3,70233,0,0,28.80,93364.04,39.02,304943.41,b0
765289819,4,70280,0,0,29.13,93378.48,38.30,207329.42,b0
765281116,5,70326,0,0,29.82,93412.20,36.81,218896.97,b0
765280092,6,70372,0,0,29.82,93408.66,36.60,196243.77,b0
765271896,7,70418,0,0,29.99,93404.03,37.48,192156.13,b0
765285466,8,70464,0,0,29.73,93377.94,37.35,253152.05,b0
765274459,1,70510,0,0,28.30,93381.29,39.99,209364.14,b0
765272923,2,70557,0,0,28.49,93403.98,39.99,206202.17,b0
765271642,3,70603,0,0,28.79,93362.35,39.03,305489.25,b0
765289819,4,70649,0,0,29.11,93378.19,38.32,208214.72,b0
765281116,5,70695,0,0,29.81,93412.77,36.82,220594.58,b0
765280092,6,70741,0,0,29.81,93408.33,36.60,197492.77,b0
765271896,7,70787,0,0,30.00,93401.56,37.45,191080.42,b0
765285466,8,70833,0,0,29.74,93377.14,37.39,251288.34,b0
765274459,1,70880,0,0,28.28,93380.95,40.01,210786.33,b0
765272923,2,70926,0,0,28.48,93403.79,40.02,207077.86,b0
765271642,3,70972,0,0,28.78,93363.36,39.04,306311.69,b0
765289819,4,71018,0,0,29.10,93380.47,38.33,208087.78,b0
765281116,5,71064,0,0,29.82,93413.25,36.81,221309.70,b0
765280092,6,71110,0,0,29.81,93406.19,36.60,197264.50,b0
765271896,7,71156,0,0,30.00,93405.16,37.47,191616.77,b0
765285466,8,71202,0,0,29.75,93378.27,37.38,252030.52,b0
765274459,1,71249,0,0,28.29,93381.31,40.05,209235.80,b0
765272923,2,71295,0,0,28.49,93405.80,40.04,206326.81,b0
765271642,3,71341,0,0,28.78,93364.08,39.06,306586.81,b0
765289819,4,71387,0,0,29.12,93380.75,38.34,207961.00,b0
765281116,5,71433,0,0,29.81,93411.38,36.82,220452.09,b0
765280092,6,71479,0,0,29.82,93409.52,36.61,197036.75,b0
765271896,7,71525,0,0,30.00,93403.21,37.48,192156.13,b0
765285466,8,71572,0,0,29.76,93378.88,37.36,251103.48,b0
765274459,1,71618,0,0,28.29,93383.66,40.05,209750.11,b0
765272923,2,71664,0,0,28.50,93404.55,40.04,207077.86,b0
765271642,3,71710,0,0,28.79,93364.34,39.06,304671.22,b0
765289819,4,71756,0,0,29.14,93379.94,38.37,207961.00,b0
765281116,5,71802,0,0,29.83,93413.16,36.82,221023.09,b0
765280092,6,71848,0,0,29.81,93407.13,36.62,198180.77,b0
765271896,7,71895,0,0,30.00,93403.03,37.47,191724.39,b0
765285466,8,71941,0,0,29.77,93379.88,37.37,251288.34,b0
765274459,1,71987,0,0,28.30,93383.10,40.08,210396.55,b0
765272923,2,72033,0,0,28.51,93404.58,40.10,207329.42,b0
765271642,3,72079,0,0,28.80,93364.57,39.09,303857.56,b0
765289819,4,72125,0,0,29.15,93381.29,38.40,209364.14,b0
765281116,5,72172,0,0,29.83,93413.74,36.84,221166.31,b0
765280092,6,72218,0,0,29.81,93408.17,36.61,198526.56,b0
765271896,7,72264,0,0,30.02,93403.84,37.47,191940.02,b0
765285466,8,72310,0,0,29.77,93380.66,37.37,251103.48,b0
765274459,1,72356,0,0,28.29,93381.66,40.10,209364.14,b0
765272923,2,72402,0,0,28.52,93405.32,40.09,207834.38,b0
765271642,3,72449,0,0,28.80,93366.55,39.11,305216.09,b0
765289819,4,72495,0,0,29.15,93380.40,38.40,207455.42,b0
765281116,5,72541,0,0,29.83,93412.46,36.82,221309.70,b0
765280092,6,72587,0,0,29.82,93410.38,36.63,197721.56,b0
765271896,7,72633,0,0,30.03,93403.17,37.47,191724.39,b0
765285466,8,72679,0,0,29.77,93379.05,37.37,251103.48,b0
765274459,1,72726,0,0,28.29,93381.84,40.13,209750.11,b0
765272923,2,72772,0,0,28.50,93407.65,40.11,207329.42,b0
765271642,3,72818,0,0,28.81,93364.60,39.11,306311.69,b0
765289819,4,72864,0,0,29.14,93382.31,38.41,208469.06,b0
765281116,5,72910,0,0,29.82,93412.95,36.83,221453.28,b0
765280092,6,72956,0,0,29.81,93409.95,36.62,198411.16,b0
765271896,7,73002,0,0,30.02,93406.32,37.47,192264.36,b0
765285466,8,73048,0,0,29.77,93378.99,37.37,251288.34,b0
765274459,1,73095,0,0,28.29,93382.59,40.12,211046.98,b0
765272923,2,73141,0,0,28.48,93404.86,40.11,207077.86,b0
765271642,3,73187,0,0,28.78,93363.20,39.11,305489.25,b0
765289819,4,73233,0,0,29.12,93381.61,38.39,208214.72,b0
765281116,5,73279,0,0,29.79,93413.00,36.84,220737.23,b0
765280092,6,73325,0,0,29.79,93408.97,36.62,198873.56,b0
765271896,7,73371,0,0,29.99,93405.76,37.47,192481.20,b0
765285466,8,73417,0,0,29.75,93381.66,37.36,251844.56,b0
765274459,1,73464,0,0,28.27,93382.41,40.14,210786.33,b0
765272923,2,73510,0,0,28.46,93405.19,40.14,207834.38,b0
765271642,3,73556,0,0,28.78,93365.29,39.14,307692.31,b0
765289819,4,73602,0,0,29.09,93381.09,38.41,208214.72,b0
765281116,5,73648,0,0,29.78,93413.59,36.85,222029.48,b0
765280092,6,73694,0,0,29.76,93408.01,36.64,199221.80,b0
765271896,7,73740,0,0,29.96,93403.62,37.45,192048.02,b0
765285466,8,73787,0,0,29.73,93380.04,37.35,253339.94,b0
765274459,1,73833,0,0,28.27,93382.07,40.16,209364.14,b0
765272923,2,73879,0,0,28.45,93405.34,40.13,207961.00,b0
765271642,3,73925,0,0,28.76,93365.01,39.14,307138.56,b0
765289819,4,73971,0,0,29.09,93382.53,38.43,208979.59,b0
765281116,5,74017,0,0,29.78,93414.31,36.86,221741.02,b0
765280092,6,74064,0,0,29.76,93409.38,36.63,198642.09,b0
765271896,7,74110,0,0,29.95,93403.59,37.46,192264.36,b0
765285466,8,74156,0,0,29.72,93380.16,37.34,252403.25,b0
765274459,1,74202,0,0,28.27,93382.07,40.19,210526.31,b0
765272923,2,74248,0,0,28.43,93406.01,40.16,208596.45,b0
765271642,3,74294,0,0,28.75,93366.70,39.16,306311.69,b0
765289819,4,74341,0,0,29.07,93382.97,38.43,208851.72,b0
765281116,5,74387,0,0,29.78,93411.42,36.85,222174.00,b0
765280092,6,74433,0,0,29.74,93407.45,36.63,199571.23,b0
765271896,7,74479,0,0,29.96,93405.23,37.45,193025.45,b0
765285466,8,74525,0,0,29.72,93378.81,37.35,253152.05,b0
765274459,1,74571,0,0,28.25,93381.02,40.18,210656.25,b0
765272923,2,74617,0,0,28.41,93406.88,40.16,207961.00,b0
765271642,3,74664,0,0,28.73,93365.86,39.18,308805.78,b0
765289819,4,74710,0,0,29.05,93382.66,38.43,209235.80,b0
765281116,5,74756,0,0,29.78,93414.88,36.85,223336.97,b0
765280092,6,74802,0,0,29.74,93407.26,36.64,199687.98,b0
765271896,7,74848,0,0,29.96,93404.88,37.46,193134.67,b0
765285466,8,74894,0,0,29.71,93378.38,37.33,253905.28,b0
765274459,1,74941,0,0,28.24,93383.95,40.20,211964.39,b0
765272923,2,74987,0,0,28.40,93405.04,40.16,209235.80,b0
765271642,3,75033,0,0,28.73,93362.98,39.18,307415.19,b0
765289819,4,75079,0,0,29.04,93382.63,38.45,209750.11,b0
765281116,5,75125,0,0,29.77,93414.10,36.89,223336.97,b0
765280092,6,75171,0,0,29.74,93407.02,36.62,199804.88,b0
765271896,7,75217,0,0,29.96,93403.99,37.46,192264.36,b0
765285466,8,75263,0,0,29.70,93378.84,37.36,253716.55,b0
765274459,1,75310,0,0,28.23,93384.34,40.22,211308.30,b0
765272923,2,75356,0,0,28.39,93404.65,40.19,208469.06,b0
765271642,3,75402,0,0,28.73,93365.68,39.20,307138.56,b0
765289819,4,75448,0,0,29.04,93382.95,38.43,210008.20,b0
765281116,5,75494,0,0,29.75,93413.20,36.85,223629.61,b0
765280092,6,75540,0,0,29.74,93408.09,36.63,199687.98,b0
765271896,7,75586,0,0,29.96,93405.40,37.46,193244.02,b0
765285466,8,75632,0,0,29.69,93378.05,37.33,254473.16,b0
765274459,1,75679,0,0,28.21,93382.73,40.24,211439.19,b0
765272923,2,75725,0,0,28.38,93406.05,40.20,207581.59,b0
765271642,3,75771,0,0,28.72,93363.45,39.21,309927.38,b0
765289819,4,75817,0,0,29.01,93380.66,38.47,210396.55,b0
765281116,5,75863,0,0,29.73,93413.30,36.87,223336.97,b0
765280092,6,75909,0,0,29.71,93406.15,36.63,199804.88,b0
765271896,7,75956,0,0,29.93,93403.20,37.47,192807.38,b0
765285466,8,76002,0,0,29.66,93379.84,37.33,254473.16,b0
765274459,1,76048,0,0,28.21,93383.27,40.25,211439.19,b0
765272923,2,76094,0,0,28.37,93404.76,40.21,209235.80,b0
765271642,3,76140,0,0,28.71,93364.50,39.22,307969.94,b0
765289819,4,76186,0,0,28.98,93380.68,38.48,210526.31,b0
765281116,5,76232,0,0,29.70,93413.38,36.87,223483.19,b0
765280092,6,76279,0,0,29.69,93406.13,36.64,200981.36,b0
765271896,7,76325,0,0,29.89,93404.57,37.45,192807.38,b0
765285466,8,76371,0,0,29.62,93378.12,37.32,255808.14,b0
765274459,1,76417,0,0,28.22,93379.98,40.27,211701.47,b0
765272923,2,76463,0,0,28.38,93402.42,40.24,208596.45,b0
765271642,3,76509,0,0,28.72,93364.03,39.23,307969.94,b0
765289819,4,76556,0,0,28.98,93380.65,38.49,210266.94,b0
765281116,5,76602,0,0,29.68,93412.02,36.86,224512.17,b0
765280092,6,76648,0,0,29.69,93408.27,36.65,201574.80,b0
765271896,7,76694,0,0,29.85,93405.38,37.46,193792.58,b0
765285466,8,76740,0,0,29.58,93380.03,37.33,254473.16,b0
765274459,1,76786,0,0,28.25,93381.58,40.29,212096.11,b0
765272923,2,76833,0,0,28.39,93404.64,40.24,207834.38,b0
765271642,3,76879,0,0,28.73,93363.56,39.24,307969.94,b0
765289819,4,76925,0,0,28.98,93382.46,38.50,211570.25,b0
765281116,5,76971,0,0,29.69,93411.86,36.89,223629.61,b0
765280092,6,77017,0,0,29.69,93406.13,36.66,201218.31,b0
765271896,7,77063,0,0,29.83,93402.73,37.45,194787.91,b0
765285466,8,77109,0,0,29.57,93379.81,37.33,255808.14,b0
765274459,1,77156,0,0,28.25,93381.38,40.30,211964.39,b0
765272923,2,77202,0,0,28.41,93404.88,40.27,210137.50,b0
765271642,3,77248,0,0,28.73,93364.95,39.24,309085.41,b0
765289819,4,77294,0,0,28.98,93379.62,38.50,210266.94,b0
765281116,5,77340,0,0,29.69,93412.94,36.87,224512.17,b0
765280092,6,77386,0,0,29.70,93406.93,36.67,200981.36,b0
765271896,7,77432,0,0,29.82,93403.36,37.45,195010.47,b0
765285466,8,77478,0,0,29.58,93377.88,37.34,255425.30,b0
765274459,1,77525,0,0,28.25,93381.75,40.30,211570.25,b0
765272923,2,77571,0,0,28.42,93405.98,40.28,208851.72,b0
765271642,3,77617,0,0,28.72,93364.92,39.27,308526.66,b0
765289819,4,77663,0,0,28.99,93379.80,38.52,211177.56,b0
765281116,5,77709,0,0,29.68,93411.29,36.90,224807.91,b0
765280092,6,77755,0,0,29.71,93406.68,36.67,201574.80,b0
765271896,7,77801,0,0,29.83,93401.84,37.47,193902.67,b0
765285466,8,77848,0,0,29.59,93377.66,37.35,256577.30,b0
765274459,1,77894,0,0,28.24,93381.20,40.32,211832.84,b0
765272923,2,77940,0,0,28.40,93403.77,40.31,209107.61,b0
765271642,3,77986,0,0,28.72,93363.12,39.27,309365.56,b0
765289819,4,78032,0,0,28.98,93379.95,38.54,210656.25,b0
765281116,5,78078,0,0,29.69,93411.02,36.90,224070.02,b0
765280092,6,78125,0,0,29.71,93407.42,36.69,201099.77,b0
765271896,7,78171,0,0,29.85,93403.55,37.48,194787.91,b0
765285466,8,78217,0,0,29.60,93376.35,37.37,256577.30,b0
765274459,1,78263,0,0,28.24,93381.93,40.34,211308.30,b0
765272923,2,78309,0,0,28.41,93405.41,40.31,209879.08,b0
765271642,3,78355,0,0,28.72,93364.52,39.29,310491.22,b0
765289819,4,78401,0,0,28.97,93379.38,38.56,211308.30,b0
765281116,5,78448,0,0,29.70,93411.98,36.93,224956.06,b0
765280092,6,78494,0,0,29.71,93407.63,36.68,200981.36,b0
765271896,7,78540,0,0,29.85,93403.26,37.49,195121.95,b0
765285466,8,78586,0,0,29.62,93377.04,37.35,257157.20,b0
765274459,1,78632,0,0,28.24,93381.41,40.35,211177.56,b0
765272923,2,78678,0,0,28.39,93402.82,40.34,209492.64,b0
765271642,3,78725,0,0,28.69,93363.30,39.29,308248.03,b0
765289819,4,78771,0,0,28.97,93380.80,38.57,211308.30,b0
765281116,5,78817,0,0,29.71,93411.90,36.92,224807.91,b0
765280092,6,78863,0,0,29.70,93406.13,36.69,201455.83,b0
765271896,7,78909,0,0,29.86,93403.69,37.49,194012.89,b0
765285466,8,78955,0,0,29.63,93378.26,37.38,256000.00,b0
765274459,1,79002,0,0,28.24,93382.49,40.34,211046.98,b0
765272923,2,79048,0,0,28.39,93402.82,40.33,209364.14,b0
765271642,3,79094,0,0,28.69,93362.88,39.30,308248.03,b0
765289819,4,79140,0,0,28.97,93380.09,38.58,211308.30,b0
765281116,5,79186,0,0,29.73,93411.88,36.94,225252.97,b0
765280092,6,79232,0,0,29.71,93405.29,36.70,202052.09,b0
765271896,7,79278,0,0,29.88,93404.29,37.51,194123.22,b0
765285466,8,79324,0,0,29.64,93378.16,37.40,255616.58,b0
765274459,1,79371,0,0,28.23,93381.42,40.35,212096.11,b0
765272923,2,79417,0,0,28.40,93402.67,40.35,209621.30,b0
765271642,3,79463,0,0,28.69,93362.00,39.32,310209.03,b0
765289819,4,79509,0,0,28.99,93379.09,38.57,210526.31,b0
765281116,5,79555,0,0,29.74,93411.44,36.95,226298.34,b0
765280092,6,79601,0,0,29.72,93405.40,36.70,200744.95,b0
765271896,7,79647,0,0,29.89,93401.55,37.52,194123.22,b0
765285466,8,79693,0,0,29.64,93377.12,37.37,256192.14,b0
765274459,1,79740,0,0,28.23,93381.97,40.37,211964.39,b0
765272923,2,79786,0,0,28.40,93403.38,40.34,210266.94,b0
765271642,3,79832,0,0,28.69,93362.58,39.31,309646.22,b0
765289819,4,79878,0,0,28.98,93380.11,38.61,212492.22,b0
765281116,5,79924,0,0,29.74,93410.91,36.96,225849.14,b0
765280092,6,79970,0,0,29.71,93406.94,36.70,200863.08,b0
765271896,7,80016,0,0,29.89,93402.05,37.52,194012.89,b0
765285466,8,80063,0,0,29.64,93377.31,37.39,254094.30,b0
765274459,1,80109,0,0,28.23,93381.24,40.37,211701.47,b0
765272923,2,80155,0,0,28.38,93403.17,40.35,210137.50,b0
765271642,3,80201,0,0,28.68,93362.16,39.31,311057.09,b0
765289819,4,80247,0,0,28.97,93377.73,38.59,211439.19,b0
765281116,5,80293,0,0,29.71,93410.46,36.95,225252.97,b0
765280092,6,80340,0,0,29.70,93406.24,36.71,200863.08,b0
765271896,7,80386,0,0,29.87,93402.85,37.54,194012.89,b0
765285466,8,80432,0,0,29.64,93378.19,37.42,256192.14,b0
765274459,1,80478,0,0,28.23,93381.61,40.38,213155.70,b0
765272923,2,80524,0,0,28.37,93404.23,40.36,209879.08,b0
765271642,3,80570,0,0,28.68,93363.02,39.32,309085.41,b0
765289819,4,80617,0,0,28.95,93379.75,38.61,211439.19,b0
765281116,5,80663,0,0,29.69,93409.73,36.96,223923.03,b0
765280092,6,80709,0,0,29.69,93406.02,36.72,201099.77,b0
765271896,7,80755,0,0,29.87,93403.17,37.54,194344.28,b0
765285466,8,80801,0,0,29.64,93377.08,37.43,256192.14,b0
765274459,1,80847,0,0,28.23,93380.52,40.41,211701.47,b0
765272923,2,80893,0,0,28.37,93402.58,40.37,209621.30,b0
765271642,3,80940,0,0,28.68,93363.20,39.35,308526.66,b0
765289819,4,80986,0,0,28.94,93380.09,38.61,211701.47,b0
765281116,5,81032,0,0,29.70,93411.47,36.96,225550.66,b0
765280092,6,81078,0,0,29.70,93405.17,36.74,201337.00,b0
765271896,7,81124,0,0,29.85,93401.63,37.54,193244.02,b0
765285466,8,81170,0,0,29.63,93377.54,37.42,256577.30,b0
765274459,1,81217,0,0,28.22,93380.34,40.39,211570.25,b0
765272923,2,81263,0,0,28.37,93403.32,40.39,209879.08,b0
765271642,3,81309,0,0,28.67,93362.09,39.35,307969.94,b0
765289819,4,81355,0,0,28.94,93377.78,38.63,211308.30,b0
765281116,5,81401,0,0,29.71,93409.88,36.95,224807.91,b0
765280092,6,81447,0,0,29.70,93405.77,36.75,201693.91,b0
765271896,7,81493,0,0,29.86,93401.48,37.55,194676.81,b0
765285466,8,81539,0,0,29.63,93377.40,37.42,255234.30,b0
765274459,1,81586,0,0,28.22,93379.62,40.42,212492.22,b0
765272923,2,81632,0,0,28.37,93404.23,40.39,209879.08,b0
765271642,3,81678,0,0,28.68,93363.95,39.36,310491.22,b0
765289819,4,81724,0,0,28.95,93377.46,38.64,211308.30,b0
765281116,5,81770,0,0,29.72,93410.88,36.97,225550.66,b0
765280092,6,81816,0,0,29.70,93405.23,36.72,201455.83,b0
765271896,7,81862,0,0,29.87,93402.48,37.56,194787.91,b0
765285466,8,81908,0,0,29.63,93375.07,37.41,255808.14,b0
765274459,1,81955,0,0,28.22,93378.89,40.42,211308.30,b0
765272923,2,82001,0,0,28.37,93402.22,40.40,210396.55,b0
765271642,3,82047,0,0,28.68,93362.14,39.35,308248.03,b0
765289819,4,82093,0,0,28.97,93379.34,38.65,211308.30,b0
765281116,5,82139,0,0,29.73,93409.52,36.97,224956.06,b0
765280092,6,82185,0,0,29.71,93403.33,36.74,201932.56,b0
765271896,7,82232,0,0,29.88,93402.17,37.58,194455.00,b0
765285466,8,82278,0,0,29.65,93376.31,37.44,256577.30,b0
765274459,1,82324,0,0,28.22,93378.70,40.43,211832.84,b0
765272923,2,82370,0,0,28.37,93403.32,40.40,210396.55,b0
765271642,3,82416,0,0,28.69,93359.48,39.38,309646.22,b0
765289819,4,82462,0,0,28.97,93378.13,38.66,210396.55,b0
765281116,5,82509,0,0,29.74,93409.28,36.98,224512.17,b0
765280092,6,82555,0,0,29.72,93404.65,36.76,200863.08,b0
765271896,7,82601,0,0,29.89,93401.89,37.58,194123.22,b0
765285466,8,82647,0,0,29.65,93376.49,37.44,254853.16,b0
765274459,1,82693,0,0,28.23,93380.52,40.44,211570.25,b0
765272923,2,82739,0,0,28.38,93402.08,40.44,209750.11,b0
765271642,3,82785,0,0,28.69,93360.06,39.39,309085.41,b0
765289819,4,82832,0,0,28.99,93378.23,38.69,211439.19,b0
765281116,5,82878,0,0,29.76,93409.78,36.99,225849.14,b0
765280092,6,82924,0,0,29.73,93404.63,36.76,200626.95,b0
765271896,7,82970,0,0,29.89,93401.55,37.61,193572.78,b0
765285466,8,83016,0,0,29.66,93376.05,37.46,255616.58,b0
765274459,1,83062,0,0,28.24,93380.50,40.44,211701.47,b0
765272923,2,83109,0,0,28.40,93401.39,40.44,210526.31,b0
765271642,3,83155,0,0,28.70,93362.45,39.41,310491.22,b0
765289819,4,83201,0,0,29.00,93379.18,38.69,211046.98,b0
765281116,5,83247,0,0,29.77,93410.81,37.02,224807.91,b0
765280092,6,83293,0,0,29.74,93406.49,36.78,200509.11,b0
765271896,7,83339,0,0,29.90,93400.37,37.61,193353.47,b0
765285466,8,83385,0,0,29.66,93377.73,37.47,254283.58,b0
765274459,1,83432,0,0,28.25,93380.10,40.46,211570.25,b0
765272923,2,83478,0,0,28.42,93401.45,40.46,209621.30,b0
765271642,3,83524,0,0,28.71,93363.98,39.42,307692.31,b0
765289819,4,83570,0,0,29.01,93380.14,38.72,210137.50,b0
765281116,5,83616,0,0,29.78,93410.56,37.01,224956.06,b0
765280092,6,83662,0,0,29.74,93403.80,36.78,201218.31,b0
765271896,7,83708,0,0,29.90,93399.83,37.63,192589.81,b0
765285466,8,83754,0,0,29.66,93376.98,37.47,255043.59,b0
765274459,1,83801,0,0,28.25,93377.75,40.46,212096.11,b0
765272923,2,83847,0,0,28.43,93402.55,40.46,210137.50,b0
765271642,3,83893,0,0,28.71,93363.08,39.41,307969.94,b0
765289819,4,83939,0,0,29.01,93378.16,38.72,210526.31,b0
765281116,5,83985,0,0,29.78,93409.07,37.02,223336.97,b0
765280092,6,84031,0,0,29.73,93405.38,36.77,200863.08,b0
765271896,7,84077,0,0,29.89,93402.08,37.69,191509.25,b0
765285466,8,84124,0,0,29.63,93378.31,37.49,254283.58,b0
765274459,1,84170,0,0,28.25,93378.47,40.47,211308.30,b0
765272923,2,84216,0,0,28.42,93406.72,40.49,209879.08,b0
765271642,3,84262,0,0,28.70,93361.74,39.42,308248.03,b0
765289819,4,84308,0,0,29.00,93380.77,38.73,210656.25,b0
765281116,5,84354,0,0,29.76,93410.91,37.03,223923.03,b0
765280092,6,84400,0,0,29.72,93405.36,36.78,199921.91,b0
765271896,7,84447,0,0,29.88,93402.02,37.67,193244.02,b0
765285466,8,84493,0,0,29.63,93376.83,37.50,255425.30,b0
765274459,1,84539,0,0,28.25,93380.27,40.47,211308.30,b0
765272923,2,84585,0,0,28.41,93402.34,40.46,209492.64,b0
765271642,3,84631,0,0,28.70,93362.95,39.42,308805.78,b0
765289819,4,84677,0,0,28.99,93378.37,38.73,210266.94,b0
765281116,5,84724,0,0,29.74,93408.60,37.06,223776.22,b0
765280092,6,84770,0,0,29.72,93405.19,36.81,200981.36,b0
765271896,7,84816,0,0,29.89,93403.30,37.70,192916.36,b0
765285466,8,84862,0,0,29.62,93376.57,37.50,254094.30,b0
765274459,1,84908,0,0,28.26,93379.54,40.50,211570.25,b0
765272923,2,84954,0,0,28.41,93404.52,40.48,209107.61,b0
765271642,3,85001,0,0,28.70,93362.23,39.44,308248.03,b0
765289819,4,85047,0,0,28.99,93379.62,38.77,209750.11,b0
765281116,5,85093,0,0,29.74,93408.96,37.06,223483.19,b0
765280092,6,85139,0,0,29.72,93406.52,36.81,199454.61,b0
765271896,7,85185,0,0,29.88,93402.35,37.71,191187.45,b0
765285466,8,85231,0,0,29.62,93377.31,37.53,254094.30,b0
765274459,1,85278,0,0,28.27,93379.70,40.50,210266.94,b0
765272923,2,85324,0,0,28.43,93402.37,40.49,208979.59,b0
765271642,3,85370,0,0,28.71,93363.98,39.47,308526.66,b0
765289819,4,85416,0,0,29.00,93378.45,38.79,209879.08,b0
765281116,5,85462,0,0,29.75,93409.37,37.08,222174.00,b0
765280092,6,85508,0,0,29.73,93404.08,36.83,199571.23,b0
765271896,7,85554,0,0,29.89,93401.52,37.75,191940.02,b0
765285466,8,85600,0,0,29.63,93375.05,37.55,252590.03,b0
765274459,1,85647,0,0,28.28,93378.95,40.52,211570.25,b0
765272923,2,85693,0,0,28.45,93401.33,40.50,209235.80,b0
765271642,3,85739,0,0,28.72,93363.29,39.46,307415.19,b0
765289819,4,85785,0,0,29.02,93378.18,38.80,209235.80,b0
765281116,5,85831,0,0,29.76,93409.45,37.10,223190.94,b0
765280092,6,85877,0,0,29.75,93405.89,36.87,199221.80,b0
765271896,7,85923,0,0,29.90,93401.93,37.77,192156.13,b0
765285466,8,85969,0,0,29.64,93375.69,37.55,253905.28,b0
765274459,1,86016,0,0,28.29,93379.66,40.52,210008.20,b0
765272923,2,86062,0,0,28.47,93402.10,40.51,209107.61,b0
765271642,3,86108,0,0,28.74,93363.41,39.50,306311.69,b0
765289819,4,86154,0,0,29.04,93380.98,38.81,209621.30,b0
765281116,5,86200,0,0,29.78,93409.84,37.12,221885.16,b0
765280092,6,86246,0,0,29.75,93405.16,36.86,200156.38,b0
765271896,7,86292,0,0,29.90,93401.27,37.80,192916.36,b0
765285466,8,86339,0,0,29.64,93376.09,37.59,254094.30,b0
765274459,1,86385,0,0,28.29,93378.02,40.52,210656.25,b0
765272923,2,86431,0,0,28.48,93401.96,40.52,207707.91,b0
765271642,3,86477,0,0,28.75,93362.76,39.51,307138.56,b0
765289819,4,86523,0,0,29.04,93378.70,38.82,209107.61,b0
765281116,5,86569,0,0,29.79,93409.95,37.13,223776.22,b0
765280092,6,86616,0,0,29.76,93406.86,36.89,198989.50,b0
765271896,7,86662,0,0,29.92,93402.09,37.84,191509.25,b0
765285466,8,86708,0,0,29.66,93376.07,37.59,253905.28,b0
765274459,1,86754,0,0,28.31,93378.88,40.52,210526.31,b0
765272923,2,86800,0,0,28.49,93403.45,40.50,206952.30,b0
765271642,3,86846,0,0,28.75,93362.07,39.52,307138.56,b0
765289819,4,86893,0,0,29.05,93380.01,38.83,209621.30,b0
765281116,5,86939,0,0,29.80,93408.91,37.14,222463.61,b0
765280092,6,86985,0,0,29.76,93406.56,36.90,198526.56,b0
765271896,7,87031,0,0,29.92,93400.34,37.84,190866.73,b0
765285466,8,87077,0,0,29.67,93376.57,37.61,252964.42,b0
765274459,1,87123,0,0,28.32,93379.61,40.53,211046.98,b0
765272923,2,87169,0,0,28.49,93401.80,40.52,208469.06,b0
765271642,3,87216,0,0,28.75,93361.37,39.52,306586.81,b0
765289819,4,87262,0,0,29.06,93378.80,38.85,211177.56,b0
765281116,5,87308,0,0,29.81,93411.02,37.14,221309.70,b0
765280092,6,87354,0,0,29.76,93407.66,36.91,197721.56,b0
765271896,7,87400,0,0,29.93,93401.28,37.86,191080.42,b0
765285466,8,87446,0,0,29.68,93376.46,37.63,251844.56,b0
765274459,1,87493,0,0,28.34,93381.76,40.52,210916.58,b0
765272923,2,87539,0,0,28.50,93403.83,40.53,207581.59,b0
765271642,3,87585,0,0,28.76,93361.25,39.52,306586.81,b0
765289819,4,87631,0,0,29.06,93380.77,38.83,207834.38,b0
765281116,5,87677,0,0,29.81,93411.22,37.16,221741.02,b0
765280092,6,87723,0,0,29.77,93405.73,36.90,199105.58,b0
765271896,7,87769,0,0,29.93,93400.41,37.87,190547.08,b0
765285466,8,87815,0,0,29.68,93376.44,37.63,252216.75,b0
765274459,1,87862,0,0,28.35,93380.26,40.53,209750.11,b0
765272923,2,87908,0,0,28.52,93402.41,40.53,207077.86,b0
765271642,3,87954,0,0,28.77,93362.24,39.52,306037.06,b0
765289819,4,88000,0,0,29.07,93379.75,38.84,207834.38,b0
765281116,5,88046,0,0,29.82,93409.80,37.16,221885.16,b0
765280092,6,88092,0,0,29.77,93406.31,36.91,198989.50,b0
765271896,7,88138,0,0,29.94,93399.78,37.87,191509.25,b0
765285466,8,88184,0,0,29.68,93375.06,37.62,252590.03,b0
765274459,1,88231,0,0,28.35,93380.45,40.53,210396.55,b0
765272923,2,88277,0,0,28.52,93400.96,40.54,206826.91,b0
765271642,3,88323,0,0,28.77,93360.43,39.52,305762.91,b0
765289819,4,88369,0,0,29.07,93378.13,38.83,210266.94,b0
765281116,5,88415,0,0,29.82,93410.03,37.14,222463.61,b0
765280092,6,88461,0,0,29.77,93405.42,36.90,197836.17,b0
765271896,7,88508,0,0,29.94,93399.96,37.86,187271.39,b0
765285466,8,88554,0,0,29.68,93374.91,37.64,252590.03,b0
765274459,1,88600,0,0,28.35,93377.72,40.51,209364.14,b0
765272923,2,88646,0,0,28.51,93402.58,40.53,207961.00,b0
765271642,3,88692,0,0,28.77,93359.02,39.51,304399.53,b0
765289819,4,88738,0,0,29.06,93377.74,38.82,208469.06,b0
765281116,5,88785,0,0,29.82,93409.13,37.16,220594.58,b0
765280092,6,88831,0,0,29.78,93406.94,36.90,199571.23,b0
765271896,7,88877,0,0,29.95,93401.77,37.87,191940.02,b0
765285466,8,88923,0,0,29.69,93376.08,37.63,252216.75,b0
765274459,1,88969,0,0,28.34,93379.20,40.53,209492.64,b0
765272923,2,89015,0,0,28.49,93400.01,40.52,207961.00,b0
765271642,3,89061,0,0,28.78,93361.71,39.52,304671.22,b0
765289819,4,89108,0,0,29.06,93378.27,38.83,208469.06,b0
765281116,5,89154,0,0,29.83,93407.55,37.16,221166.31,b0
765280092,6,89200,0,0,29.78,93406.45,36.89,198065.77,b0
765271896,7,89246,0,0,29.96,93400.97,37.86,187066.13,b0
765285466,8,89292,0,0,29.70,93376.02,37.63,251658.89,b0
765274459,1,89338,0,0,28.34,93377.20,40.52,209621.30,b0
765272923,2,89385,0,0,28.50,93401.46,40.51,207707.91,b0
765271642,3,89431,0,0,28.79,93360.17,39.52,307415.19,b0
765289819,4,89477,0,0,29.07,93377.40,38.82,207707.91,b0
765281116,5,89523,0,0,29.83,93409.19,37.15,220594.58,b0
765280092,6,89569,0,0,29.80,93406.58,36.90,197264.50,b0
765271896,7,89615,0,0,29.96,93401.48,37.86,191294.59,b0
765285466,8,89661,0,0,29.71,93375.88,37.63,251473.48,b0
765274459,1,89708,0,0,28.36,93378.06,40.52,209492.64,b0
765272923,2,89754,0,0,28.52,93400.42,40.52,207077.86,b0
765271642,3,89800,0,0,28.79,93361.64,39.51,306311.69,b0
765289819,4,89846,0,0,29.08,93378.19,38.82,207961.00,b0
765281116,5,89892,0,0,29.84,93409.26,37.15,221023.09,b0
765280092,6,89938,0,0,29.80,93407.71,36.90,197607.09,b0
765271896,7,89984,0,0,29.95,93401.99,37.84,191080.42,b0
765285466,8,90030,0,0,29.71,93374.82,37.63,251844.56,b0
765274459,1,90077,0,0,28.35,93380.08,40.52,210526.31,b0
765272923,2,90123,0,0,28.52,93401.88,40.51,207329.42,b0
765271642,3,90169,0,0,28.78,93360.32,39.52,305216.09,b0
765289819,4,90215,0,0,29.08,93375.89,38.82,208851.72,b0
765281116,5,90261,0,0,29.85,93409.71,37.14,220452.09,b0
765280092,6,90307,0,0,29.80,93406.62,36.91,197378.56,b0
765271896,7,90353,0,0,29.97,93401.37,37.83,191080.42,b0
765285466,8,90400,0,0,29.72,93375.60,37.63,251473.48,b0
765274459,1,90446,0,0,28.34,93378.66,40.52,210266.94,b0
765272923,2,90492,0,0,28.51,93404.22,40.52,207455.42,b0
765271642,3,90538,0,0,28.78,93361.75,39.52,305762.91,b0
765289819,4,90584,0,0,29.08,93379.45,38.82,208214.72,b0
765281116,5,90630,0,0,29.85,93408.45,37.14,220594.58,b0
765280092,6,90677,0,0,29.80,93405.20,36.89,197378.56,b0
765271896,7,90723,0,0,29.97,93400.16,37.84,190547.08,b0
765285466,8,90769,0,0,29.71,93375.23,37.63,251103.48,b0
765274459,1,90815,0,0,28.33,93377.76,40.52,210396.55,b0
765272923,2,90861,0,0,28.51,93402.39,40.50,207581.59,b0
765271642,3,90907,0,0,28.77,93361.50,39.51,308248.03,b0
765289819,4,90953,0,0,29.08,93378.35,38.82,208214.72,b0
765281116,5,91000,0,0,29.86,93408.20,37.13,220025.78,b0
765280092,6,91046,0,0,29.81,93406.19,36.90,197607.09,b0
765271896,7,91092,0,0,29.97,93399.77,37.83,187271.39,b0
765285466,8,91138,0,0,29.72,93374.92,37.63,250550.53,b0
765274459,1,91184,0,0,28.34,93379.57,40.50,210008.20,b0
765272923,2,91230,0,0,28.52,93401.69,40.50,207203.56,b0
765271642,3,91277,0,0,28.78,93360.28,39.51,305762.91,b0
765289819,4,91323,0,0,29.09,93376.67,38.81,209750.11,b0
765281116,5,91369,0,0,29.88,93411.05,37.13,221023.09,b0
765280092,6,91415,0,0,29.82,93406.26,36.90,196243.77,b0
765271896,7,91461,0,0,29.98,93399.70,37.83,190973.52,b0
765285466,8,91507,0,0,29.73,93376.25,37.64,251103.48,b0
765274459,1,91554,0,0,28.36,93378.61,40.51,208979.59,b0
765272923,2,91600,0,0,28.53,93400.83,40.51,207581.59,b0
765271642,3,91646,0,0,28.79,93360.17,39.48,306586.81,b0
765289819,4,91692,0,0,29.11,93377.65,38.82,207961.00,b0
765281116,5,91738,0,0,29.88,93408.56,37.13,220452.09,b0
765280092,6,91784,0,0,29.81,93405.35,36.88,197492.77,b0
765271896,7,91830,0,0,29.98,93400.59,37.81,186656.94,b0
765285466,8,91876,0,0,29.73,93374.73,37.64,250183.23,b0
765274459,1,91923,0,0,28.36,93380.05,40.50,209750.11,b0
765272923,2,91969,0,0,28.55,93401.96,40.50,206952.30,b0
765271642,3,92015,0,0,28.80,93361.71,39.49,304943.41,b0
765289819,4,92061,0,0,29.11,93374.98,38.81,209492.64,b0
765281116,5,92107,0,0,29.88,93408.35,37.11,219178.08,b0
765280092,6,92153,0,0,29.82,93403.77,36.89,197150.56,b0
765271896,7,92199,0,0,30.00,93399.42,37.81,185843.92,b0
765285466,8,92245,0,0,29.74,93375.52,37.63,249634.33,b0
765274459,1,92292,0,0,28.37,93377.85,40.50,210526.31,b0
765272923,2,92338,0,0,28.56,93402.89,40.50,207455.42,b0
765271642,3,92384,0,0,28.81,93361.94,39.48,303857.56,b0
765289819,4,92430,0,0,29.13,93375.07,38.81,208341.81,b0
765281116,5,92476,0,0,29.89,93411.91,37.11,220594.58,b0
765280092,6,92522,0,0,29.82,93405.10,36.87,196809.53,b0
765271896,7,92568,0,0,30.01,93399.84,37.80,187066.13,b0
765285466,8,92615,0,0,29.75,93377.42,37.63,249269.72,b0
765274459,1,92661,0,0,28.38,93378.92,40.51,210137.50,b0
765272923,2,92707,0,0,28.57,93401.99,40.49,207077.86,b0
765271642,3,92753,0,0,28.81,93361.26,39.49,305489.25,b0
765289819,4,92799,0,0,29.13,93377.61,38.81,207961.00,b0
765281116,5,92845,0,0,29.89,93409.56,37.10,218896.97,b0
765280092,6,92892,0,0,29.83,93405.68,36.89,195793.50,b0
765271896,7,92938,0,0,30.01,93400.93,37.81,185843.92,b0
765285466,8,92984,0,0,29.75,93375.81,37.61,249269.72,b0
765274459,1,93030,0,0,28.39,93378.90,40.49,209750.11,b0
765272923,2,93076,0,0,28.56,93402.16,40.49,206826.91,b0
765271642,3,93122,0,0,28.82,93359.85,39.49,305489.25,b0
765289819,4,93169,0,0,29.13,93378.66,38.82,208341.81,b0
765281116,5,93215,0,0,29.89,93411.68,37.11,220452.09,b0
765280092,6,93261,0,0,29.83,93405.34,36.89,196131.02,b0
765271896,7,93307,0,0,30.01,93400.61,37.81,185238.78,b0
765285466,8,93353,0,0,29.75,93376.17,37.62,249451.89,b0
765274459,1,93399,0,0,28.40,93378.88,40.51,210008.20,b0
765272923,2,93445,0,0,28.58,93401.67,40.49,207077.86,b0
765271642,3,93492,0,0,28.83,93361.38,39.49,304943.41,b0
765289819,4,93538,0,0,29.12,93375.03,38.80,208214.72,b0
765281116,5,93584,0,0,29.88,93409.63,37.10,219459.92,b0
765280092,6,93630,0,0,29.83,93405.86,36.89,196582.84,b0
765271896,7,93676,0,0,30.01,93399.14,37.80,186046.52,b0
765285466,8,93722,0,0,29.75,93374.88,37.61,249451.89,b0
765274459,1,93769,0,0,28.41,93380.88,40.50,210137.50,b0
765272923,2,93815,0,0,28.58,93400.39,40.48,207455.42,b0
765271642,3,93861,0,0,28.83,93361.02,39.49,303857.56,b0
765289819,4,93907,0,0,29.12,93376.45,38.79,208341.81,b0
765281116,5,93953,0,0,29.86,93409.27,37.08,219318.91,b0
765280092,6,93999,0,0,29.82,93406.67,36.88,196469.69,b0
765271896,7,94045,0,0,30.00,93401.74,37.79,186861.31,b0
765285466,8,94091,0,0,29.74,93375.01,37.60,249817.03,b0
765274459,1,94138,0,0,28.40,93378.89,40.49,209621.30,b0
765272923,2,94184,0,0,28.56,93402.88,40.48,207329.42,b0
765271642,3,94230,0,0,28.83,93361.20,39.50,305489.25,b0
765289819,4,94276,0,0,29.11,93378.91,38.79,207707.91,b0
765281116,5,94322,0,0,29.85,93409.39,37.11,220880.06,b0
765280092,6,94368,0,0,29.82,93405.02,36.88,197492.77,b0
765271896,7,94414,0,0,29.98,93400.41,37.77,186249.55,b0
765285466,8,94460,0,0,29.74,93374.63,37.60,249817.03,b0
765274459,1,94507,0,0,28.40,93380.88,40.49,209750.11,b0
765272923,2,94553,0,0,28.55,93401.96,40.48,207581.59,b0
765271642,3,94599,0,0,28.83,93360.64,39.49,304943.41,b0
765289819,4,94645,0,0,29.13,93377.57,38.79,208341.81,b0
765281116,5,94691,0,0,29.85,93410.66,37.08,221453.28,b0
765280092,6,94737,0,0,29.82,93407.02,36.87,195905.88,b0
765271896,7,94784,0,0,29.99,93400.77,37.75,190866.73,b0
765285466,8,94830,0,0,29.74,93375.71,37.60,250183.23,b0
765274459,1,94876,0,0,28.41,93379.77,40.46,210526.31,b0
765272923,2,94922,0,0,28.56,93403.23,40.47,207581.59,b0
765271642,3,94968,0,0,28.84,93361.42,39.47,305489.25,b0
765289819,4,95014,0,0,29.12,93377.71,38.78,210396.55,b0
765281116,5,95061,0,0,29.84,93408.97,37.05,221309.70,b0
765280092,6,95107,0,0,29.82,93406.31,36.85,197264.50,b0
765271896,7,95153,0,0,29.99,93400.43,37.77,186861.31,b0
765285466,8,95199,0,0,29.74,93375.18,37.60,250918.89,b0
765274459,1,95245,0,0,28.39,93380.16,40.47,210786.33,b0
765272923,2,95291,0,0,28.54,93404.48,40.46,208341.81,b0
765271642,3,95337,0,0,28.83,93364.03,39.47,306037.06,b0
765289819,4,95384,0,0,29.09,93378.43,38.77,210008.20,b0
765281116,5,95430,0,0,29.83,93410.86,37.05,221166.31,b0
765280092,6,95476,0,0,29.81,93406.59,36.85,197036.75,b0
765271896,7,95522,0,0,29.98,93398.98,37.74,187066.13,b0
765285466,8,95568,0,0,29.75,93375.21,37.56,251658.89,b0
765274459,1,95614,0,0,28.39,93380.92,40.47,210396.55,b0
765272923,2,95661,0,0,28.53,93402.63,40.43,208087.78,b0
765271642,3,95707,0,0,28.81,93361.38,39.46,305762.91,b0
765289819,4,95753,0,0,29.08,93379.64,38.77,209235.80,b0
765281116,5,95799,0,0,29.83,93410.25,37.04,221885.16,b0
765280092,6,95845,0,0,29.82,93405.55,36.85,196923.08,b0
765271896,7,95891,0,0,29.98,93397.91,37.72,190866.73,b0
765285466,8,95937,0,0,29.75,93377.34,37.56,251103.48,b0
765274459,1,95984,0,0,28.39,93380.00,40.43,210656.25,b0
765272923,2,96030,0,0,28.54,93404.30,40.44,208087.78,b0
765271642,3,96076,0,0,28.81,93363.41,39.46,305762.91,b0
765289819,4,96122,0,0,29.09,93380.38,38.75,209750.11,b0
765281116,5,96168,0,0,29.83,93410.31,37.03,221023.09,b0
765280092,6,96214,0,0,29.82,93406.52,36.82,196809.53,b0
765271896,7,96260,0,0,29.99,93400.62,37.71,192048.02,b0
765285466,8,96306,0,0,29.75,93377.06,37.55,251844.56,b0
765274459,1,96353,0,0,28.40,93380.52,40.45,210916.58,b0
765272923,2,96399,0,0,28.56,93402.70,40.43,208341.81,b0
765271642,3,96445,0,0,28.82,93362.39,39.45,306037.06,b0
765289819,4,96491,0,0,29.11,93375.67,38.74,211439.19,b0
765281116,5,96537,0,0,29.85,93410.15,37.03,221453.28,b0
765280092,6,96583,0,0,29.83,93405.84,36.84,197950.91,b0
765271896,7,96629,0,0,29.99,93400.65,37.69,190440.77,b0
765285466,8,96676,0,0,29.76,93376.95,37.55,251473.48,b0
765274459,1,96722,0,0,28.42,93380.30,40.44,210786.33,b0
765272923,2,96768,0,0,28.58,93401.48,40.43,208469.06,b0
765271642,3,96814,0,0,28.83,93362.45,39.44,307138.56,b0
765289819,4,96860,0,0,29.13,93377.77,38.76,210396.55,b0
765281116,5,96906,0,0,29.86,93410.91,37.03,221309.70,b0
765280092,6,96953,0,0,29.83,93404.80,36.81,197721.56,b0
765271896,7,96999,0,0,29.99,93399.72,37.70,190440.77,b0
765285466,8,97045,0,0,29.75,93375.80,37.52,252590.03,b0
765274459,1,97091,0,0,28.42,93378.66,40.42,209364.14,b0
765272923,2,97137,0,0,28.60,93403.52,40.44,208214.72,b0
765271642,3,97183,0,0,28.84,93362.13,39.44,306586.81,b0
765289819,4,97229,0,0,29.14,93376.91,38.77,208979.59,b0
765281116,5,97276,0,0,29.87,93411.02,37.03,221023.09,b0
765280092,6,97322,0,0,29.84,93405.78,36.83,197607.09,b0
765271896,7,97368,0,0,30.00,93401.05,37.69,191724.39,b0
765285466,8,97414,0,0,29.75,93376.13,37.52,252403.25,b0
765274459,1,97460,0,0,28.42,93380.30,40.42,210137.50,b0
765272923,2,97506,0,0,28.60,93403.90,40.44,208214.72,b0
765271642,3,97553,0,0,28.83,93362.29,39.44,306037.06,b0
765289819,4,97599,0,0,29.13,93376.89,38.74,210916.58,b0
765281116,5,97645,0,0,29.88,93410.73,37.03,221166.31,b0
765280092,6,97691,0,0,29.84,93405.66,36.82,197721.56,b0
765271896,7,97737,0,0,30.00,93399.83,37.68,190973.52,b0
765285466,8,97783,0,0,29.75,93375.92,37.51,252216.75,b0
765274459,1,97830,0,0,28.42,93378.66,40.41,210526.31,b0
765272923,2,97876,0,0,28.59,93403.16,40.43,208851.72,b0
765271642,3,97922,0,0,28.85,93362.55,39.44,307138.56,b0
765289819,4,97968,0,0,29.14,93377.28,38.75,211832.84,b0
765281116,5,98014,0,0,29.89,93410.66,37.02,221597.06,b0
765280092,6,98060,0,0,29.84,93405.63,36.84,197836.17,b0
765271896,7,98106,0,0,30.02,93401.34,37.68,192156.13,b0
765285466,8,98152,0,0,29.75,93377.02,37.51,251658.89,b0
765274459,1,98199,0,0,28.44,93381.36,40.43,211439.19,b0
765272923,2,98245,0,0,28.61,93401.73,40.43,208214.72,b0
765271642,3,98291,0,0,28.85,93362.23,39.43,307692.31,b0
765289819,4,98337,0,0,29.15,93377.89,38.74,209750.11,b0
765281116,5,98383,0,0,29.89,93410.41,37.02,222174.00,b0
765280092,6,98429,0,0,29.84,93406.53,36.82,198411.16,b0
765271896,7,98475,0,0,30.01,93401.10,37.68,192264.36,b0
765285466,8,98521,0,0,29.74,93377.09,37.50,253716.55,b0
765274459,1,98568,0,0,28.45,93381.52,40.40,211046.98,b0
765272923,2,98614,0,0,28.62,93403.23,40.42,208214.72,b0
765271642,3,98660,0,0,28.86,93362.45,39.42,306862.44,b0
765289819,4,98706,0,0,29.16,93377.76,38.74,209879.08,b0
765281116,5,98752,0,0,29.89,93412.45,37.04,223045.09,b0
765280092,6,98798,0,0,29.83,93406.45,36.81,198757.77,b0
765271896,7,98845,0,0,30.00,93402.14,37.68,191401.88,b0
765285466,8,98891,0,0,29.72,93375.70,37.49,253339.94,b0
765274459,1,98937,0,0,28.44,93379.90,40.40,211439.19,b0
765272923,2,98983,0,0,28.62,93404.49,40.41,207834.38,b0
765271642,3,99029,0,0,28.86,93362.65,39.42,307969.94,b0
765289819,4,99075,0,0,29.16,93376.70,38.74,210656.25,b0
765281116,5,99121,0,0,29.89,93411.95,37.02,221453.28,b0
765280092,6,99168,0,0,29.84,93407.78,36.80,198757.77,b0
765271896,7,99214,0,0,30.01,93401.82,37.66,192048.02,b0
765285466,8,99260,0,0,29.73,93376.78,37.47,252964.42,b0
765274459,1,99306,0,0,28.44,93381.54,40.40,211308.30,b0
765272923,2,99352,0,0,28.61,93405.00,40.40,207961.00,b0
765271642,3,99398,0,0,28.86,93364.06,39.42,307415.19,b0
765289819,4,99445,0,0,29.15,93378.95,38.73,211570.25,b0
765281116,5,99491,0,0,29.90,93410.52,37.01,222318.72,b0
765280092,6,99537,0,0,29.84,93406.16,36.80,199338.14,b0
765271896,7,99583,0,0,30.01,93401.98,37.66,191616.77,b0
765285466,8,99629,0,0,29.70,93377.09,37.47,252403.25,b0
765274459,1,99675,0,0,28.45,93381.70,40.39,211308.30,b0
765272923,2,99721,0,0,28.60,93404.26,40.38,208596.45,b0
765271642,3,99768,0,0,28.87,93364.16,39.41,307692.31,b0
765289819,4,99814,0,0,29.15,93378.97,38.73,209750.11,b0
765281116,5,99860,0,0,29.90,93413.42,37.00,221597.06,b0
765280092,6,99906,0,0,29.84,93407.27,36.80,199687.98,b0
765271896,7,99952,0,0,29.99,93400.47,37.65,192916.36,b0
765285466,8,99998,0,0,29.70,93376.13,37.47,254473.16,b0
765274459,1,100045,0,0,28.45,93379.88,40.38,210786.33,b0
765272923,2,100091,0,0,28.61,93403.55,40.40,208341.81,b0
765271642,3,100137,0,0,28.88,93363.34,39.39,307415.19,b0
765289819,4,100183,0,0,29.17,93378.49,38.71,210008.20,b0
765281116,5,100229,0,0,29.89,93413.02,36.99,222899.44,b0
765280092,6,100275,0,0,29.85,93407.84,36.77,199338.14,b0
765271896,7,100321,0,0,30.00,93402.63,37.63,194012.89,b0
765285466,8,100367,0,0,29.71,93379.10,37.47,254094.30,b0
765274459,1,100414,0,0,28.46,93381.87,40.36,211308.30,b0
765272923,2,100460,0,0,28.60,93404.63,40.37,208724.02,b0
765271642,3,100506,0,0,28.89,93364.09,39.38,306586.81,b0
765289819,4,100552,0,0,29.17,93378.13,38.70,210008.20,b0
765281116,5,100598,0,0,29.89,93408.87,36.99,223045.09,b0
765280092,6,100644,0,0,29.84,93406.91,36.78,198065.77,b0
765271896,7,100690,0,0,30.01,93401.66,37.61,192372.72,b0
765285466,8,100737,0,0,29.71,93376.95,37.46,254853.16,b0
765274459,1,100783,0,0,28.46,93381.32,40.36,211701.47,b0
765272923,2,100829,0,0,28.60,93403.54,40.35,208979.59,b0
765271642,3,100875,0,0,28.89,93363.91,39.38,306037.06,b0
765289819,4,100921,0,0,29.17,93377.11,38.70,211570.25,b0
765281116,5,100967,0,0,29.91,93413.85,36.98,224512.17,b0
765280092,6,101013,0,0,29.84,93407.45,36.77,198642.09,b0
765271896,7,101060,0,0,30.01,93403.41,37.62,193244.02,b0
765285466,8,101106,0,0,29.71,93376.30,37.44,253905.28,b0
765274459,1,101152,0,0,28.46,93381.48,40.35,211832.84,b0
765272923,2,101198,0,0,28.62,93406.30,40.35,209107.61,b0
765271642,3,101244,0,0,28.89,93362.84,39.37,308248.03,b0
765289819,4,101290,0,0,29.18,93380.73,38.68,211832.84,b0
765281116,5,101337,0,0,29.90,93412.90,36.96,223483.19,b0
765280092,6,101383,0,0,29.85,93406.95,36.76,199921.91,b0
765271896,7,101429,0,0,29.99,93402.96,37.59,192264.36,b0
765285466,8,101475,0,0,29.72,93376.84,37.44,254853.16,b0
765274459,1,101521,0,0,28.46,93380.95,40.33,210786.33,b0
765272923,2,101567,0,0,28.61,93404.66,40.33,209107.61,b0
765271642,3,101613,0,0,28.89,93363.76,39.37,307969.94,b0
765289819,4,101660,0,0,29.17,93380.51,38.67,210266.94,b0
765281116,5,101706,0,0,29.88,93412.92,36.96,222608.70,b0
765280092,6,101752,0,0,29.82,93405.63,36.76,199221.80,b0
765271896,7,101798,0,0,29.97,93401.94,37.60,193572.78,b0
765285466,8,101844,0,0,29.71,93378.57,37.44,255425.30,b0
765274459,1,101890,0,0,28.46,93382.96,40.32,211701.47,b0
765272923,2,101937,0,0,28.60,93404.26,40.33,209364.14,b0
765271642,3,101983,0,0,28.88,93362.26,39.35,308526.66,b0
765289819,4,102029,0,0,29.15,93377.51,38.65,212227.98,b0
765281116,5,102075,0,0,29.85,93411.90,36.95,223483.19,b0
765280092,6,102121,0,0,29.83,93406.75,36.74,200509.11,b0
765271896,7,102167,0,0,29.97,93404.05,37.57,193353.47,b0
765285466,8,102213,0,0,29.70,93378.70,37.43,256192.14,b0
765274459,1,102260,0,0,28.46,93381.85,40.32,211832.84,b0
765272923,2,102306,0,0,28.58,93402.22,40.33,209879.08,b0
765271642,3,102352,0,0,28.87,93363.26,39.33,309365.56,b0
765289819,4,102398,0,0,29.14,93381.55,38.64,210396.55,b0
765281116,5,102444,0,0,29.83,93412.82,36.92,225252.97,b0
765280092,6,102490,0,0,29.82,93408.96,36.73,200273.81,b0
765271896,7,102536,0,0,29.95,93402.13,37.55,194344.28,b0
765285466,8,102582,0,0,29.69,93377.25,37.42,256384.58,b0
765274459,1,102629,0,0,28.45,93382.80,40.31,211832.84,b0
765272923,2,102675,0,0,28.57,93403.82,40.31,209750.11,b0
765271642,3,102721,0,0,28.85,93364.23,39.33,307415.19,b0
765289819,4,102767,0,0,29.11,93379.41,38.63,210656.25,b0
765281116,5,102813,0,0,29.81,93411.89,36.91,224217.20,b0
765280092,6,102859,0,0,29.80,93407.87,36.72,200273.81,b0
765271896,7,102905,0,0,29.93,93402.56,37.55,194344.28,b0
765285466,8,102952,0,0,29.68,93379.31,37.42,257351.09,b0
765274459,1,102998,0,0,28.43,93382.09,40.28,212360.02,b0
765272923,2,103044,0,0,28.56,93405.23,40.31,210137.50,b0
765271642,3,103090,0,0,28.84,93362.48,39.31,309927.38,b0
765289819,4,103136,0,0,29.10,93378.84,38.62,211177.56,b0
765281116,5,103182,0,0,29.79,93411.41,36.92,224217.20,b0
765280092,6,103229,0,0,29.78,93407.34,36.72,199454.61,b0
765271896,7,103275,0,0,29.92,93403.70,37.53,196018.38,b0
765285466,8,103321,0,0,29.67,93378.73,37.42,258129.56,b0
765274459,1,103367,0,0,28.42,93381.76,40.29,212757.11,b0
765272923,2,103413,0,0,28.54,93406.11,40.29,210137.50,b0
765271642,3,103459,0,0,28.83,93362.43,39.31,309646.22,b0
765289819,4,103506,0,0,29.08,93380.35,38.63,211964.39,b0
765281116,5,103552,0,0,29.78,93411.82,36.90,224807.91,b0
765280092,6,103598,0,0,29.77,93407.02,36.72,201099.77,b0
765271896,7,103644,0,0,29.91,93402.37,37.54,193792.58,b0
765285466,8,103690,0,0,29.67,93377.12,37.42,257739.75,b0
765274459,1,103736,0,0,28.41,93381.41,40.27,212492.22,b0
765272923,2,103782,0,0,28.53,93404.46,40.29,209879.08,b0
765271642,3,103829,0,0,28.82,93363.97,39.29,309646.22,b0
765289819,4,103875,0,0,29.07,93380.65,38.62,213022.67,b0
765281116,5,103921,0,0,29.78,93411.46,36.91,224659.94,b0
765280092,6,103967,0,0,29.77,93405.42,36.71,201099.77,b0
765271896,7,104013,0,0,29.92,93403.48,37.54,195121.95,b0
765285466,8,104059,0,0,29.68,93376.48,37.41,258716.53,b0
765274459,1,104106,0,0,28.39,93381.81,40.27,213288.89,b0
765272923,2,104152,0,0,28.53,93404.09,40.30,210266.94,b0
765271642,3,104198,0,0,28.81,93362.49,39.30,310773.91,b0
765289819,4,104244,0,0,29.07,93380.11,38.62,211308.30,b0
765281116,5,104290,0,0,29.79,93410.81,36.91,226298.34,b0
765280092,6,104336,0,0,29.79,93406.48,36.72,201337.00,b0
765271896,7,104382,0,0,29.93,93401.09,37.52,195457.14,b0
765285466,8,104428,0,0,29.68,93376.69,37.41,258716.53,b0
765274459,1,104475,0,0,28.40,93381.25,40.27,212889.81,b0
765272923,2,104521,0,0,28.53,93403.00,40.29,210786.33,b0
765271642,3,104567,0,0,28.82,93364.19,39.29,309927.38,b0
765289819,4,104613,0,0,29.08,93380.70,38.60,211832.84,b0
765281116,5,104659,0,0,29.80,93410.40,36.89,225401.72,b0
765280092,6,104705,0,0,29.80,93408.39,36.70,201932.56,b0
765271896,7,104751,0,0,29.94,93401.16,37.54,195569.14,b0
765285466,8,104797,0,0,29.69,93375.91,37.41,258912.77,b0
765274459,1,104844,0,0,28.41,93382.50,40.27,213422.27,b0
765272923,2,104890,0,0,28.55,93403.02,40.27,211046.98,b0
765271642,3,104936,0,0,28.83,93362.78,39.28,309927.38,b0
765289819,4,104982,0,0,29.08,93381.94,38.61,212624.58,b0
765281116,5,105028,0,0,29.81,93412.64,36.91,225401.72,b0
765280092,6,105074,0,0,29.80,93407.38,36.71,201574.80,b0
765271896,7,105121,0,0,29.94,93403.30,37.54,196809.53,b0
765285466,8,105167,0,0,29.70,93378.63,37.41,256770.31,b0
765274459,1,105213,0,0,28.42,93379.94,40.28,213823.34,b0
765272923,2,105259,0,0,28.55,93404.50,40.30,211177.56,b0
765271642,3,105305,0,0,28.84,93362.52,39.29,311057.09,b0
765289819,4,105351,0,0,29.08,93377.85,38.61,211964.39,b0
765281116,5,105398,0,0,29.80,93411.81,36.89,225849.14,b0
765280092,6,105444,0,0,29.81,93408.34,36.71,201337.00,b0
765271896,7,105490,0,0,29.93,93402.34,37.52,196131.02,b0
765285466,8,105536,0,0,29.70,93376.13,37.40,258716.53,b0
765274459,1,105582,0,0,28.44,93381.36,40.28,213555.78,b0
765272923,2,105628,0,0,28.56,93404.52,40.29,211964.39,b0
765271642,3,105674,0,0,28.84,93364.14,39.28,311057.09,b0
765289819,4,105721,0,0,29.09,93380.91,38.62,212889.81,b0
765281116,5,105767,0,0,29.78,93412.39,36.89,227051.00,b0
765280092,6,105813,0,0,29.79,93408.34,36.70,203255.27,b0
765271896,7,105859,0,0,29.91,93401.31,37.53,196131.02,b0
765285466,8,105905,0,0,29.68,93375.92,37.40,259503.30,b0
765274459,1,105951,0,0,28.45,93382.25,40.26,212757.11,b0
765272923,2,105998,0,0,28.57,93404.55,40.29,211701.47,b0
765271642,3,106044,0,0,28.84,93362.13,39.27,311909.84,b0
765289819,4,106090,0,0,29.09,93382.52,38.61,213288.89,b0
765281116,5,106136,0,0,29.78,93412.02,36.89,225849.14,b0
765280092,6,106182,0,0,29.79,93407.80,36.68,203013.48,b0
765271896,7,106228,0,0,29.91,93400.78,37.54,196018.38,b0
765285466,8,106274,0,0,29.68,93377.74,37.40,259898.48,b0
765274459,1,106321,0,0,28.45,93381.88,40.27,213957.38,b0
765272923,2,106367,0,0,28.57,93404.55,40.28,211832.84,b0
765271642,3,106413,0,0,28.84,93362.70,39.27,309927.38,b0
765289819,4,106459,0,0,29.09,93378.59,38.61,212889.81,b0
765281116,5,106505,0,0,29.79,93412.28,36.90,227353.47,b0
765280092,6,106551,0,0,29.81,93408.69,36.69,202892.81,b0
765271896,7,106597,0,0,29.92,93402.45,37.53,197378.56,b0
765285466,8,106643,0,0,29.70,93378.63,37.40,259898.48,b0
765274459,1,106690,0,0,28.46,93383.51,40.25,213422.27,b0
765272923,2,106736,0,0,28.58,93405.84,40.28,211439.19,b0
765271642,3,106782,0,0,28.85,93363.45,39.27,312767.25,b0
765289819,4,106828,0,0,29.10,93380.65,38.61,213022.67,b0
765281116,5,106874,0,0,29.83,93410.80,36.92,227808.67,b0
765280092,6,106920,0,0,29.82,93407.38,36.70,201813.17,b0
765271896,7,106966,0,0,29.94,93402.23,37.52,196809.53,b0
765285466,8,107013,0,0,29.70,93377.45,37.39,259700.73,b0
765274459,1,107059,0,0,28.45,93382.06,40.25,213957.38,b0
765272923,2,107105,0,0,28.58,93404.03,40.28,212227.98,b0
765271642,3,107151,0,0,28.86,93364.06,39.28,312480.94,b0
765289819,4,107197,0,0,29.12,93379.84,38.63,212227.98,b0
765281116,5,107243,0,0,29.84,93411.98,36.92,227202.13,b0
765280092,6,107290,0,0,29.83,93408.23,36.69,204595.41,b0
765271896,7,107336,0,0,29.96,93404.50,37.53,198065.77,b0
765285466,8,107382,0,0,29.71,93377.55,37.40,260692.47,b0
765274459,1,107428,0,0,28.45,93383.16,40.26,213155.70,b0
765272923,2,107474,0,0,28.58,93403.67,40.28,211832.84,b0
765271642,3,107520,0,0,28.86,93364.60,39.28,313341.50,b0
765289819,4,107567,0,0,29.12,93379.84,38.61,213689.48,b0
765281116,5,107613,0,0,29.85,93411.34,36.91,226448.47,b0
765280092,6,107659,0,0,29.84,93407.02,36.69,202772.28,b0
765271896,7,107705,0,0,29.97,93402.42,37.54,197607.09,b0
765285466,8,107751,0,0,29.72,93378.19,37.39,259700.73,b0
765274459,1,107797,0,0,28.45,93381.70,40.24,214765.09,b0
765272923,2,107843,0,0,28.59,93404.41,40.27,212096.11,b0
765271642,3,107890,0,0,28.86,93365.88,39.26,312767.25,b0
765289819,4,107936,0,0,29.12,93377.52,38.61,214360.48,b0
765281116,5,107982,0,0,29.86,93413.05,36.90,227656.73,b0
765280092,6,108028,0,0,29.84,93408.14,36.69,203619.02,b0
765271896,7,108074,0,0,29.98,93402.84,37.51,197150.56,b0
765285466,8,108120,0,0,29.73,93379.18,37.40,258716.53,b0
765274459,1,108167,0,0,28.47,93383.30,40.25,214630.06,b0
765272923,2,108213,0,0,28.60,93403.71,40.27,211439.19,b0
765271642,3,108259,0,0,28.88,93363.30,39.27,312767.25,b0
765289819,4,108305,0,0,29.14,93379.06,38.59,213288.89,b0
765281116,5,108351,0,0,29.86,93410.73,36.89,226900.06,b0
765280092,6,108397,0,0,29.85,93407.33,36.69,202531.64,b0
765271896,7,108443,0,0,29.98,93402.36,37.53,196356.66,b0
765285466,8,108489,0,0,29.74,93376.55,37.37,258912.77,b0
765274459,1,108536,0,0,28.48,93380.73,40.23,214360.48,b0
765272923,2,108582,0,0,28.62,93403.95,40.28,211964.39,b0
765271642,3,108628,0,0,28.89,93362.66,39.27,312480.94,b0
765289819,4,108674,0,0,29.15,93376.47,38.61,215035.70,b0
765281116,5,108720,0,0,29.88,93411.80,36.90,227656.73,b0
765280092,6,108766,0,0,29.85,93405.07,36.68,203134.30,b0
765271896,7,108812,0,0,30.00,93401.74,37.54,196018.38,b0
765285466,8,108858,0,0,29.74,93375.52,37.40,258716.53,b0
765274459,1,108905,0,0,28.50,93381.23,40.24,213689.48,b0
765272923,2,108951,0,0,28.64,93403.82,40.29,211308.30,b0
765271642,3,108997,0,0,28.90,93360.80,39.29,311340.84,b0
765289819,4,109043,0,0,29.18,93378.19,38.60,215035.70,b0
765281116,5,109089,0,0,29.90,93411.26,36.91,228418.47,b0
765280092,6,109135,0,0,29.87,93407.16,36.71,202052.09,b0
765271896,7,109182,0,0,30.00,93400.16,37.54,194787.91,b0
765285466,8,109228,0,0,29.76,93375.13,37.40,256577.30,b0
765274459,1,109274,0,0,28.51,93380.84,40.23,213823.34,b0
765272923,2,109320,0,0,28.66,93404.59,40.28,211177.56,b0
765271642,3,109366,0,0,28.92,93362.37,39.26,309927.38,b0
765289819,4,109412,0,0,29.19,93379.38,38.62,214360.48,b0
765281116,5,109459,0,0,29.91,93411.17,36.91,226749.33,b0
765280092,6,109505,0,0,29.87,93407.56,36.68,202411.55,b0
765271896,7,109551,0,0,30.02,93404.55,37.53,194787.91,b0
765285466,8,109597,0,0,29.77,93376.51,37.40,257934.52,b0
765274459,1,109643,0,0,28.53,93380.63,40.24,213422.27,b0
765272923,2,109689,0,0,28.67,93402.42,40.27,210656.25,b0
765271642,3,109735,0,0,28.92,93362.16,39.25,310773.91,b0
765289819,4,109782,0,0,29.20,93377.79,38.61,213022.67,b0
765281116,5,109828,0,0,29.91,93410.85,36.89,227202.13,b0
765280092,6,109874,0,0,29.87,93406.67,36.68,201574.80,b0
765271896,7,109920,0,0,30.02,93401.57,37.54,195793.50,b0
765285466,8,109966,0,0,29.77,93375.98,37.42,256963.61,b0
765274459,1,110012,0,0,28.55,93381.50,40.23,212360.02,b0
765272923,2,110059,0,0,28.68,93404.65,40.27,210656.25,b0
765271642,3,110105,0,0,28.92,93362.51,39.27,310773.91,b0
765289819,4,110151,0,0,29.20,93377.63,38.61,212492.22,b0
765281116,5,110197,0,0,29.92,93411.09,36.89,226148.41,b0
765280092,6,110243,0,0,29.87,93407.63,36.68,201813.17,b0
765271896,7,110289,0,0,30.03,93400.00,37.56,194455.00,b0
765285466,8,110335,0,0,29.78,93376.65,37.42,256384.58,b0
765274459,1,110382,0,0,28.55,93380.76,40.22,212492.22,b0
765272923,2,110428,0,0,28.69,93403.39,40.28,210137.50,b0
765271642,3,110474,0,0,28.92,93363.44,39.26,313054.13,b0
765289819,4,110520,0,0,29.21,93378.53,38.60,213422.27,b0
765281116,5,110566,0,0,29.92,93412.39,36.89,225998.67,b0
765280092,6,110612,0,0,29.87,93406.91,36.70,201337.00,b0
765271896,7,110658,0,0,30.03,93399.83,37.56,193463.06,b0
765285466,8,110704,0,0,29.78,93377.18,37.43,255616.58,b0
765274459,1,110751,0,0,28.57,93380.73,40.21,211964.39,b0
765272923,2,110797,0,0,28.71,93404.16,40.27,209492.64,b0
765271642,3,110843,0,0,28.93,93364.20,39.26,310209.03,b0
765289819,4,110889,0,0,29.22,93380.03,38.61,211701.47,b0
765281116,5,110935,0,0,29.92,93411.29,36.90,223629.61,b0
765280092,6,110981,0,0,29.88,93406.75,36.68,200156.38,b0
765271896,7,111027,0,0,30.03,93401.07,37.56,193682.63,b0
765285466,8,111074,0,0,29.79,93378.69,37.42,256384.58,b0
765274459,1,111120,0,0,28.58,93381.07,40.21,212096.11,b0
765272923,2,111166,0,0,28.72,93403.27,40.28,209107.61,b0
765271642,3,111212,0,0,28.93,93362.93,39.25,308805.78,b0
765289819,4,111258,0,0,29.22,93378.80,38.61,211177.56,b0
765281116,5,111304,0,0,29.93,93410.10,36.93,224217.20,b0
765280092,6,111351,0,0,29.89,93407.07,36.70,199571.23,b0
765271896,7,111397,0,0,30.03,93400.74,37.56,194123.22,b0
765285466,8,111443,0,0,29.79,93376.78,37.45,255616.58,b0
765274459,1,111489,0,0,28.59,93382.69,40.22,211177.56,b0
765272923,2,111535,0,0,28.73,93404.94,40.28,208596.45,b0
765271642,3,111581,0,0,28.94,93363.53,39.28,307969.94,b0
765289819,4,111628,0,0,29.23,93376.72,38.64,210396.55,b0
765281116,5,111674,0,0,29.95,93412.98,36.94,223923.03,b0
765280092,6,111720,0,0,29.89,93405.70,36.72,200744.95,b0
765271896,7,111766,0,0,30.03,93403.17,37.58,193025.45,b0
765285466,8,111812,0,0,29.81,93379.05,37.45,253716.55,b0
765274459,1,111858,0,0,28.60,93383.22,40.23,209621.30,b0
765272923,2,111904,0,0,28.74,93405.13,40.29,207581.59,b0
765271642,3,111951,0,0,28.95,93365.38,39.30,304399.53,b0
765289819,4,111997,0,0,29.24,93377.14,38.63,210137.50,b0
765281116,5,112043,0,0,29.95,93412.62,36.94,223776.22,b0
765280092,6,112089,0,0,29.91,93407.80,36.73,198642.09,b0
765271896,7,112135,0,0,30.02,93403.70,37.60,192916.36,b0
765285466,8,112181,0,0,29.81,93378.34,37.47,254094.30,b0
765274459,1,112228,0,0,28.61,93382.28,40.25,208087.78,b0
765272923,2,112274,0,0,28.75,93404.98,40.32,206326.81,b0
765271642,3,112320,0,0,28.96,93363.34,39.33,305216.09,b0
765289819,4,112366,0,0,29.25,93378.59,38.66,209750.11,b0
765281116,5,112412,0,0,29.96,93413.99,36.95,222608.70,b0
765280092,6,112458,0,0,29.90,93406.14,36.73,199105.58,b0
765271896,7,112504,0,0,30.01,93403.08,37.62,193682.63,b0
765285466,8,112550,0,0,29.81,93377.63,37.49,254473.16,b0
765274459,1,112597,0,0,28.62,93381.53,40.29,206202.17,b0
765272923,2,112643,0,0,28.76,93405.00,40.36,204840.97,b0
765271642,3,112689,0,0,28.96,93363.87,39.33,303317.53,b0
765289819,4,112735,0,0,29.25,93377.38,38.70,208087.78,b0
765281116,5,112781,0,0,29.96,93412.91,36.97,221741.02,b0
765280092,6,112827,0,0,29.91,93407.66,36.75,198065.77,b0
765271896,7,112873,0,0,30.00,93401.74,37.62,192807.38,b0
765285466,8,112919,0,0,29.80,93377.05,37.49,252403.25,b0
765274459,1,112966,0,0,28.62,93383.16,40.36,205210.42,b0
765272923,2,113012,0,0,28.77,93405.40,40.39,203740.55,b0
765271642,3,113058,0,0,28.98,93362.73,39.41,300381.34,b0
765289819,4,113104,0,0,29.26,93378.16,38.74,207834.38,b0
765281116,5,113150,0,0,29.96,93411.41,36.98,223336.97,b0
765280092,6,113196,0,0,29.92,93408.66,36.76,197950.91,b0
765271896,7,113243,0,0,29.99,93401.53,37.62,192048.02,b0
765285466,8,113289,0,0,29.81,93376.94,37.51,253339.94,b0
765274459,1,113335,0,0,28.63,93382.60,40.44,204106.05,b0
765272923,2,113381,0,0,28.77,93405.40,40.46,202772.28,b0
765271642,3,113427,0,0,28.99,93363.15,39.46,299065.41,b0
765289819,4,113473,0,0,29.27,93378.21,38.79,207581.59,b0
765281116,5,113520,0,0,29.96,93412.21,36.99,221453.28,b0
765280092,6,113566,0,0,29.92,93405.77,36.77,198411.16,b0
765271896,7,113612,0,0,30.00,93401.91,37.62,192807.38,b0
765285466,8,113658,0,0,29.81,93377.48,37.51,252590.03,b0
765274459,1,113704,0,0,28.63,93381.33,40.51,203255.27,b0
765272923,2,113750,0,0,28.79,93404.89,40.52,202052.09,b0
765271642,3,113796,0,0,29.00,93363.40,39.53,298542.28,b0
765289819,4,113843,0,0,29.29,93379.72,38.86,205581.20,b0
765281116,5,113889,0,0,29.97,93412.23,36.98,221453.28,b0
765280092,6,113935,0,0,29.92,93406.17,36.77,196809.53,b0
765271896,7,113981,0,0,30.00,93403.52,37.67,192264.36,b0
765285466,8,114027,0,0,29.81,93378.73,37.51,250183.23,b0
765274459,1,114073,0,0,28.64,93382.21,40.59,203134.30,b0
765272923,2,114120,0,0,28.79,93405.99,40.59,201455.83,b0
765271642,3,114166,0,0,29.01,93364.38,39.60,297501.44,b0
765289819,4,114212,0,0,29.30,93378.20,38.88,205333.88,b0
765281116,5,114258,0,0,29.97,93411.92,37.00,220309.81,b0
765280092,6,114304,0,0,29.92,93408.34,36.78,195345.28,b0
765271896,7,114350,0,0,30.01,93401.10,37.66,191509.25,b0
765285466,8,114396,0,0,29.81,93377.89,37.54,251288.34,b0
765274459,1,114443,0,0,28.65,93383.84,40.62,202291.58,b0
765272923,2,114489,0,0,28.80,93405.45,40.63,201218.31,b0
765271642,3,114535,0,0,29.02,93363.55,39.67,297501.44,b0
765289819,4,114581,0,0,29.31,93378.25,38.93,203497.61,b0
765281116,5,114627,0,0,29.98,93412.87,36.98,220167.70,b0
765280092,6,114673,0,0,29.93,93406.58,36.78,196131.02,b0
765271896,7,114719,0,0,30.01,93401.82,37.69,190973.52,b0
765285466,8,114765,0,0,29.82,93379.74,37.55,250183.23,b0
765274459,1,114812,0,0,28.66,93383.63,40.65,201813.17,b0
765272923,2,114858,0,0,28.81,93405.31,40.66,200273.81,b0
765271642,3,114904,0,0,29.02,93363.38,39.69,292655.03,b0
765289819,4,114950,0,0,29.32,93379.17,38.97,202892.81,b0
765281116,5,114996,0,0,29.98,93412.01,37.02,218896.97,b0
765280092,6,115042,0,0,29.93,93406.45,36.79,195793.50,b0
765271896,7,115088,0,0,30.01,93403.23,37.72,190866.73,b0
765285466,8,115135,0,0,29.81,93377.72,37.58,250000.00,b0
765274459,1,115181,0,0,28.67,93383.77,40.69,201337.00,b0
765272923,2,115227,0,0,28.82,93405.88,40.69,200039.06,b0
765271642,3,115273,0,0,29.03,93364.54,39.73,294168.34,b0
765289819,4,115319,0,0,29.33,93379.24,38.98,203862.23,b0
765281116,5,115365,0,0,29.99,93412.95,37.02,217640.81,b0
765280092,6,115412,0,0,29.93,93406.66,36.81,195793.50,b0
765271896,7,115458,0,0,30.01,93401.10,37.74,187271.39,b0
765285466,8,115504,0,0,29.82,93377.77,37.59,250918.89,b0
765274459,1,115550,0,0,28.68,93383.02,40.70,200391.39,b0
765272923,2,115596,0,0,28.83,93405.72,40.73,200039.06,b0
765271642,3,115642,0,0,29.03,93362.01,39.75,293662.19,b0
765289819,4,115688,0,0,29.33,93379.79,39.01,201693.91,b0
765281116,5,115735,0,0,29.99,93410.87,37.02,218896.97,b0
765280092,6,115781,0,0,29.94,93406.69,36.83,195233.56,b0
765271896,7,115827,0,0,30.01,93403.97,37.75,190653.52,b0
765285466,8,115873,0,0,29.82,93379.23,37.59,251473.48,b0
765274459,1,115919,0,0,28.68,93384.66,40.73,200863.08,b0
765272923,2,115965,0,0,28.84,93406.46,40.73,199338.14,b0
765271642,3,116012,0,0,29.04,93363.48,39.78,293157.75,b0
765289819,4,116058,0,0,29.34,93380.52,39.03,201693.91,b0
765281116,5,116104,0,0,30.00,93411.43,37.05,218057.92,b0
765280092,6,116150,0,0,29.94,93406.76,36.84,194899.13,b0
765271896,7,116196,0,0,30.01,93401.63,37.78,190866.73,b0
765285466,8,116242,0,0,29.82,93378.45,37.62,249451.89,b0
765274459,1,116289,0,0,28.69,93382.29,40.73,200744.95,b0
765272923,2,116335,0,0,28.84,93406.10,40.74,199338.14,b0
765271642,3,116381,0,0,29.04,93362.78,39.79,294422.09,b0
765289819,4,116427,0,0,29.34,93378.03,39.05,201574.80,b0
765281116,5,116473,0,0,30.00,93413.07,37.06,217640.81,b0
765280092,6,116519,0,0,29.94,93407.99,36.86,194233.69,b0
765271896,7,116565,0,0,30.00,93401.56,37.77,187066.13,b0
765285466,8,116611,0,0,29.82,93378.14,37.64,248906.17,b0
765274459,1,116658,0,0,28.70,93383.35,40.71,200863.08,b0
765272923,2,116704,0,0,28.85,93405.40,40.73,199338.14,b0
765271642,3,116750,0,0,29.05,93361.97,39.80,292906.19,b0
765289819,4,116796,0,0,29.35,93379.52,39.04,201932.56,b0
765281116,5,116842,0,0,30.00,93412.73,37.07,218756.67,b0
765280092,6,116888,0,0,29.94,93406.05,36.86,193902.67,b0
765271896,7,116934,0,0,30.01,93403.05,37.79,187271.39,b0
765285466,8,116980,0,0,29.82,93376.88,37.62,247821.88,b0
765274459,1,117027,0,0,28.71,93384.62,40.71,200626.95,b0
765272923,2,117073,0,0,28.86,93406.15,40.72,199221.80,b0
765271642,3,117119,0,0,29.05,93364.48,39.78,293157.75,b0
765289819,4,117165,0,0,29.36,93378.15,39.05,201813.17,b0
765281116,5,117211,0,0,30.00,93412.01,37.07,216673.72,b0
765280092,6,117257,0,0,29.95,93406.64,36.87,194012.89,b0
765271896,7,117303,0,0,30.01,93400.93,37.78,185641.77,b0
765285466,8,117350,0,0,29.83,93377.87,37.63,247104.25,b0
765274459,1,117396,0,0,28.71,93383.33,40.72,200391.39,b0
765272923,2,117442,0,0,28.87,93404.53,40.71,198642.09,b0
765271642,3,117488,0,0,29.06,93364.75,39.77,291654.81,b0
765289819,4,117534,0,0,29.37,93380.34,39.05,202291.58,b0
765281116,5,117580,0,0,30.00,93410.20,37.07,217640.81,b0
765280092,6,117627,0,0,29.96,93405.69,36.87,193353.47,b0
765271896,7,117673,0,0,30.01,93402.88,37.78,186453.02,b0
765285466,8,117719,0,0,29.83,93378.60,37.62,246746.98,b0
765274459,1,117765,0,0,28.72,93383.13,40.67,200626.95,b0
765272923,2,117811,0,0,28.88,93405.63,40.71,198757.77,b0
765271642,3,117857,0,0,29.07,93365.31,39.77,292655.03,b0
765289819,4,117904,0,0,29.38,93379.68,39.03,201693.91,b0
765281116,5,117950,0,0,30.02,93411.43,37.06,218197.31,b0
765280092,6,117996,0,0,29.97,93407.55,36.86,192589.81,b0
765271896,7,118042,0,0,30.01,93403.41,37.78,187271.39,b0
765285466,8,118088,0,0,29.83,93378.22,37.61,248001.94,b0
765274459,1,118134,0,0,28.74,93384.00,40.67,200863.08,b0
765272923,2,118180,0,0,28.89,93405.68,40.67,198873.56,b0
765271642,3,118227,0,0,29.09,93365.79,39.76,292655.03,b0
765289819,4,118273,0,0,29.38,93379.90,39.03,200981.36,b0
765281116,5,118319,0,0,30.03,93413.13,37.06,215715.19,b0
765280092,6,118365,0,0,29.97,93408.43,36.86,194012.89,b0
765271896,7,118411,0,0,30.02,93402.59,37.81,186249.55,b0
765285466,8,118457,0,0,29.83,93379.16,37.63,246746.98,b0
765274459,1,118504,0,0,28.75,93384.34,40.66,200744.95,b0
765272923,2,118550,0,0,28.90,93407.70,40.67,198411.16,b0
765271642,3,118596,0,0,29.09,93366.36,39.75,292404.34,b0
765289819,4,118642,0,0,29.39,93380.29,39.01,200509.11,b0
765281116,5,118688,0,0,30.02,93412.76,37.07,216398.98,b0
765280092,6,118734,0,0,29.97,93407.42,36.87,193353.47,b0
765271896,7,118780,0,0,30.01,93403.08,37.82,185641.77,b0
765285466,8,118826,0,0,29.83,93378.96,37.63,246925.48,b0
765274459,1,118873,0,0,28.76,93385.23,40.66,200391.39,b0
765272923,2,118919,0,0,28.92,93408.46,40.64,198295.89,b0
765271642,3,118965,0,0,29.09,93366.18,39.74,292404.34,b0
765289819,4,119011,0,0,29.40,93379.26,38.98,201455.83,b0
765281116,5,119057,0,0,30.03,93413.86,37.06,215035.70,b0
765280092,6,119103,0,0,29.97,93409.04,36.87,192372.72,b0
765271896,7,119149,0,0,30.02,93403.84,37.82,185641.77,b0
765285466,8,119195,0,0,29.83,93377.19,37.64,246213.03,b0
765274459,1,119242,0,0,28.77,93383.57,40.62,199804.88,b0
765272923,2,119288,0,0,28.92,93406.66,40.62,198526.56,b0
765271642,3,119334,0,0,29.10,93366.98,39.70,292154.06,b0
765289819,4,119380,0,0,29.40,93379.47,38.98,200863.08,b0
765281116,5,119426,0,0,30.04,93412.33,37.06,216398.98,b0
765280092,6,119472,0,0,29.97,93407.42,36.87,193025.45,b0
765271896,7,119519,0,0,30.02,93402.59,37.83,186453.02,b0
765285466,8,119565,0,0,29.84,93380.26,37.64,247104.25,b0
765274459,1,119611,0,0,28.76,93382.48,40.61,199921.91,b0
765272923,2,119657,0,0,28.93,93407.77,40.60,198411.16,b0
765271642,3,119703,0,0,29.11,93365.57,39.69,293157.75,b0
765289819,4,119749,0,0,29.41,93379.67,38.96,201218.31,b0
765281116,5,119796,0,0,30.03,93412.98,37.07,215851.61,b0
765280092,6,119842,0,0,29.97,93407.24,36.87,191294.59,b0
765271896,7,119888,0,0,30.03,93403.89,37.84,184637.58,b0
765285466,8,119934,0,0,29.84,93378.66,37.63,245681.38,b0
765274459,1,119980,0,0,28.77,93385.22,40.58,200156.38,b0
765272923,2,120026,0,0,28.94,93408.33,40.56,198295.89,b0
765271642,3,120072,0,0,29.11,93365.95,39.70,292906.19,b0
765289819,4,120119,0,0,29.41,93378.44,38.97,199804.88,b0
765281116,5,120165,0,0,30.03,93413.70,37.06,214630.06,b0
765280092,6,120211,0,0,29.97,93405.66,36.86,191509.25,b0
765271896,7,120257,0,0,30.03,93401.45,37.83,185843.92,b0
765285466,8,120303,0,0,29.84,93380.52,37.63,245328.22,b0
765274459,1,120349,0,0,28.77,93382.48,40.58,200509.11,b0
765272923,2,120396,0,0,28.94,93406.33,40.56,198180.77,b0
765271642,3,120442,0,0,29.11,93364.34,39.67,292154.06,b0
765289819,4,120488,0,0,29.42,93378.67,38.93,199687.98,b0
765281116,5,120534,0,0,30.02,93412.76,37.05,215988.19,b0
765280092,6,120580,0,0,29.97,93407.24,36.86,191724.39,b0
765271896,7,120626,0,0,30.02,93402.45,37.87,184238.94,b0
765285466,8,120672,0,0,29.84,93377.43,37.63,244976.08,b0
765274459,1,120719,0,0,28.77,93383.20,40.53,200626.95,b0
765272923,2,120765,0,0,28.95,93406.54,40.55,198180.77,b0
765271642,3,120811,0,0,29.12,93365.13,39.65,290909.09,b0
765289819,4,120857,0,0,29.43,93379.95,38.92,201455.83,b0
765281116,5,120903,0,0,30.03,93412.27,37.06,215851.61,b0
765280092,6,120949,0,0,29.97,93405.48,36.86,192264.36,b0
765271896,7,120995,0,0,30.03,93401.57,37.85,184438.05,b0
765285466,8,121041,0,0,29.85,93378.58,37.62,244624.94,b0
765274459,1,121088,0,0,28.78,93382.62,40.54,200156.38,b0
765272923,2,121134,0,0,28.95,93404.73,40.50,198065.77,b0
765271642,3,121180,0,0,29.13,93364.48,39.62,291405.81,b0
765289819,4,121226,0,0,29.44,93380.20,38.91,200981.36,b0
765281116,5,121272,0,0,30.02,93413.12,37.04,215851.61,b0
765280092,6,121318,0,0,29.98,93404.84,36.86,191401.88,b0
765271896,7,121364,0,0,30.01,93401.99,37.83,184438.05,b0
765285466,8,121411,0,0,29.84,93375.86,37.63,244976.08,b0
765274459,1,121457,0,0,28.79,93383.33,40.51,199921.91,b0
765272923,2,121503,0,0,28.96,93406.94,40.49,197836.17,b0
765271642,3,121549,0,0,29.14,93363.48,39.62,290909.09,b0
765289819,4,121595,0,0,29.44,93377.00,38.88,199571.23,b0
765281116,5,121641,0,0,30.03,93411.95,37.05,216811.34,b0
765280092,6,121688,0,0,29.99,93406.37,36.84,191080.42,b0
765271896,7,121734,0,0,30.01,93401.28,37.83,184637.58,b0
765285466,8,121780,0,0,29.84,93376.89,37.62,244449.75,b0
765274459,1,121826,0,0,28.79,93383.15,40.49,199921.91,b0
765272923,2,121872,0,0,28.97,93405.31,40.47,198065.77,b0
765271642,3,121918,0,0,29.15,93365.14,39.59,291654.81,b0
765289819,4,121965,0,0,29.45,93379.38,38.87,199804.88,b0
765281116,5,122011,0,0,30.04,93411.66,37.05,214765.09,b0
765280092,6,122057,0,0,29.99,93405.70,36.85,192264.36,b0
765271896,7,122103,0,0,30.00,93402.10,37.82,184040.27,b0
765285466,8,122149,0,0,29.84,93375.70,37.62,245858.34,b0
765274459,1,122195,0,0,28.81,93383.30,40.46,199687.98,b0
765272923,2,122241,0,0,28.98,93406.24,40.44,197378.56,b0
765271642,3,122288,0,0,29.16,93365.02,39.60,291157.25,b0
765289819,4,122334,0,0,29.47,93378.37,38.85,200273.81,b0
765281116,5,122380,0,0,30.05,93413.88,37.03,214630.06,b0
765280092,6,122426,0,0,30.00,93406.45,36.86,191616.77,b0
765271896,7,122472,0,0,30.01,93401.99,37.84,185037.95,b0
765285466,8,122518,0,0,29.84,93376.93,37.61,244624.94,b0
765274459,1,122565,0,0,28.81,93382.55,40.43,200039.06,b0
765272923,2,122611,0,0,29.00,93406.47,40.42,197150.56,b0
765271642,3,122657,0,0,29.17,93364.19,39.56,290167.19,b0
765289819,4,122703,0,0,29.48,93379.87,38.83,200981.36,b0
765281116,5,122749,0,0,30.05,93412.79,37.03,213957.38,b0
765280092,6,122795,0,0,30.00,93406.50,36.86,190547.08,b0
765271896,7,122841,0,0,30.01,93401.66,37.80,184637.58,b0
765285466,8,122887,0,0,29.85,93377.51,37.60,244274.81,b0
765274459,1,122934,0,0,28.83,93383.97,40.41,199921.91,b0
765272923,2,122980,0,0,29.01,93405.58,40.40,197378.56,b0
765271642,3,123026,0,0,29.18,93366.26,39.55,289429.06,b0
765289819,4,123072,0,0,29.48,93377.40,38.83,200744.95,b0
765281116,5,123118,0,0,30.05,93411.73,37.02,215442.88,b0
765280092,6,123164,0,0,30.01,93406.55,36.84,190973.52,b0
765271896,7,123210,0,0,30.01,93402.56,37.79,183842.02,b0
765285466,8,123256,0,0,29.85,93376.99,37.60,244100.13,b0
765274459,1,123303,0,0,28.84,93383.94,40.39,200391.39,b0
765272923,2,123349,0,0,29.02,93407.25,40.37,197836.17,b0
765271642,3,123395,0,0,29.19,93367.04,39.53,290167.19,b0
765289819,4,123441,0,0,29.49,93379.78,38.79,199338.14,b0
765281116,5,123487,0,0,30.05,93411.92,37.02,215851.61,b0
765280092,6,123533,0,0,30.01,93406.73,36.82,190866.73,b0
765271896,7,123580,0,0,30.00,93402.63,37.80,185843.92,b0
765285466,8,123626,0,0,29.85,93377.51,37.57,243577.55,b0
765274459,1,123672,0,0,28.85,93384.65,40.38,200039.06,b0
765272923,2,123718,0,0,29.02,93404.70,40.36,196923.08,b0
765271642,3,123764,0,0,29.19,93363.98,39.49,289429.06,b0
765289819,4,123810,0,0,29.49,93377.99,38.78,200039.06,b0
765281116,5,123857,0,0,30.05,93411.73,37.00,213022.67,b0
765280092,6,123903,0,0,30.01,93408.34,36.82,192048.02,b0
765271896,7,123949,0,0,30.00,93401.38,37.80,185037.95,b0
765285466,8,123995,0,0,29.85,93379.50,37.57,244800.38,b0
765274459,1,124041,0,0,28.86,93383.91,40.36,199921.91,b0
765272923,2,124087,0,0,29.02,93405.43,40.32,196923.08,b0
765271642,3,124133,0,0,29.19,93366.31,39.48,289920.72,b0
765289819,4,124180,0,0,29.50,93379.63,38.76,198989.50,b0
765281116,5,124226,0,0,30.06,93413.41,37.00,215306.98,b0
765280092,6,124272,0,0,30.00,93405.63,36.80,190653.52,b0
765271896,7,124318,0,0,30.00,93401.97,37.77,185843.92,b0
765285466,8,124364,0,0,29.85,93379.73,37.57,244800.38,b0
765274459,1,124410,0,0,28.86,93382.45,40.33,199921.91,b0
765272923,2,124457,0,0,29.04,93407.48,40.31,197264.50,b0
765271642,3,124503,0,0,29.20,93364.75,39.46,288939.06,b0
765289819,4,124549,0,0,29.50,93379.45,38.76,199804.88,b0
765281116,5,124595,0,0,30.05,93412.83,36.99,213555.78,b0
765280092,6,124641,0,0,30.00,93405.79,36.80,191616.77,b0
765271896,7,124687,0,0,30.01,93402.52,37.78,186453.02,b0
765285466,8,124733,0,0,29.85,93378.80,37.56,244624.94,b0
765274459,1,124780,0,0,28.87,93383.16,40.30,199804.88,b0
765272923,2,124826,0,0,29.05,93407.49,40.28,197836.17,b0
765271642,3,124872,0,0,29.20,93365.67,39.43,291405.81,b0
765289819,4,124918,0,0,29.51,93379.85,38.72,200156.38,b0
765281116,5,124964,0,0,30.05,93413.93,36.98,214495.19,b0
765280092,6,125010,0,0,30.00,93405.79,36.81,186861.31,b0
765271896,7,125056,0,0,30.01,93402.72,37.78,184637.58,b0
765285466,8,125102,0,0,29.85,93377.73,37.56,244449.75,b0
765274459,1,125149,0,0,28.87,93383.70,40.29,200039.06,b0
765272923,2,125195,0,0,29.05,93407.52,40.27,197607.09,b0
765271642,3,125241,0,0,29.21,93366.25,39.41,290167.19,b0
765289819,4,125287,0,0,29.51,93380.21,38.68,200039.06,b0
765281116,5,125333,0,0,30.05,93414.08,36.98,213155.70,b0
765280092,6,125379,0,0,30.00,93405.79,36.79,190653.52,b0
765271896,7,125425,0,0,30.01,93401.85,37.77,183842.02,b0
765285466,8,125472,0,0,29.85,93378.40,37.56,243577.55,b0
765274459,1,125518,0,0,28.87,93382.81,40.26,200744.95,b0
765272923,2,125564,0,0,29.06,93407.34,40.22,197150.56,b0
765271642,3,125610,0,0,29.21,93366.80,39.38,291904.22,b0
765289819,4,125656,0,0,29.51,93379.70,38.67,200156.38,b0
765281116,5,125702,0,0,30.06,93413.44,36.96,212889.81,b0
765280092,6,125749,0,0,30.00,93407.41,36.77,187271.39,b0
765271896,7,125795,0,0,30.02,93402.59,37.76,185440.06,b0
765285466,8,125841,0,0,29.85,93379.34,37.54,243403.84,b0
765274459,1,125887,0,0,28.88,93383.87,40.24,200039.06,b0
765272923,2,125933,0,0,29.06,93407.34,40.22,197492.77,b0
765271642,3,125979,0,0,29.21,93362.85,39.35,290414.06,b0
765289819,4,126025,0,0,29.51,93379.53,38.63,199105.58,b0
765281116,5,126072,0,0,30.06,93414.14,36.95,213422.27,b0
765280092,6,126118,0,0,30.01,93407.64,36.78,190866.73,b0
765271896,7,126164,0,0,30.01,93400.59,37.77,184438.05,b0
765285466,8,126210,0,0,29.85,93378.25,37.53,242884.25,b0
765274459,1,126256,0,0,28.89,93382.03,40.22,200391.39,b0
765272923,2,126302,0,0,29.07,93408.08,40.21,197264.50,b0
765271642,3,126349,0,0,29.22,93367.61,39.35,291904.22,b0
765289819,4,126395,0,0,29.53,93380.33,38.63,201099.77,b0
765281116,5,126441,0,0,30.05,93413.21,36.96,213288.89,b0
765280092,6,126487,0,0,30.01,93406.63,36.77,190547.08,b0
765271896,7,126533,0,0,30.01,93401.13,37.79,182857.14,b0
765285466,8,126579,0,0,29.84,93376.95,37.55,242366.86,b0
765274459,1,126626,0,0,28.90,93382.36,40.18,200391.39,b0
765272923,2,126672,0,0,29.08,93409.01,40.17,197036.75,b0
765271642,3,126718,0,0,29.22,93364.20,39.34,291654.81,b0
765289819,4,126764,0,0,29.53,93378.93,38.61,200273.81,b0
765281116,5,126810,0,0,30.06,93413.09,36.94,212757.11,b0
765280092,6,126856,0,0,30.02,93408.79,36.77,187271.39,b0
765271896,7,126902,0,0,30.01,93401.49,37.82,182271.27,b0
765285466,8,126948,0,0,29.85,93378.66,37.57,241338.67,b0
765274459,1,126995,0,0,28.91,93382.88,40.17,200156.38,b0
765272923,2,127041,0,0,29.08,93406.67,40.18,197607.09,b0
765271642,3,127087,0,0,29.24,93365.54,39.32,289920.72,b0
765289819,4,127133,0,0,29.55,93380.24,38.58,200391.39,b0
765281116,5,127179,0,0,30.07,93412.97,36.97,212096.11,b0
765280092,6,127225,0,0,30.01,93406.45,36.78,186656.94,b0
765271896,7,127271,0,0,30.02,93403.13,37.86,183249.83,b0
765285466,8,127317,0,0,29.85,93377.41,37.60,241168.16,b0
765274459,1,127364,0,0,28.91,93379.23,40.17,199921.91,b0
765272923,2,127410,0,0,29.10,93409.62,40.15,197036.75,b0
765271642,3,127456,0,0,29.25,93365.98,39.31,291904.22,b0
765289819,4,127502,0,0,29.56,93380.50,38.56,199921.91,b0
765281116,5,127548,0,0,30.07,93410.98,36.97,212096.11,b0
765280092,6,127594,0,0,30.03,93408.72,36.79,186249.55,b0
765271896,7,127641,0,0,30.02,93402.59,37.89,181882.77,b0
765285466,8,127687,0,0,29.85,93377.87,37.65,240150.09,b0
765274459,1,127733,0,0,28.93,93381.40,40.15,199338.14,b0
765272923,2,127779,0,0,29.10,93408.34,40.14,196356.66,b0
765271642,3,127825,0,0,29.25,93366.19,39.28,291405.81,b0
765289819,4,127871,0,0,29.55,93379.05,38.58,199571.23,b0
765281116,5,127917,0,0,30.07,93412.11,36.99,211439.19,b0
765280092,6,127964,0,0,30.02,93406.71,36.81,186249.55,b0
765271896,7,128010,0,0,30.02,93402.27,37.91,181110.72,b0
765285466,8,128056,0,0,29.86,93379.21,37.65,240319.17,b0
765274459,1,128102,0,0,28.92,93382.85,40.13,199921.91,b0
765272923,2,128148,0,0,29.10,93409.05,40.11,196696.13,b0
765271642,3,128194,0,0,29.25,93366.52,39.26,291157.25,b0
765289819,4,128241,0,0,29.55,93379.90,38.54,199105.58,b0
765281116,5,128287,0,0,30.07,93414.48,37.01,210396.55,b0
765280092,6,128333,0,0,30.02,93406.88,36.84,186046.52,b0
765271896,7,128379,0,0,30.03,93403.89,37.95,181495.92,b0
765285466,8,128425,0,0,29.85,93380.98,37.68,239140.59,b0
765274459,1,128471,0,0,28.91,93380.70,40.10,200273.81,b0
765272923,2,128518,0,0,29.09,93409.40,40.10,197721.56,b0
765271642,3,128564,0,0,29.24,93367.75,39.23,290167.19,b0
765289819,4,128610,0,0,29.54,93380.77,38.54,199687.98,b0
765281116,5,128656,0,0,30.06,93412.54,37.02,211701.47,b0
765280092,6,128702,0,0,30.01,93405.89,36.84,185037.95,b0
765271896,7,128748,0,0,30.02,93403.15,37.98,180727.14,b0
765285466,8,128794,0,0,29.84,93378.56,37.71,239476.14,b0
765274459,1,128841,0,0,28.90,93382.17,40.08,200626.95,b0
765272923,2,128887,0,0,29.07,93408.09,40.04,196696.13,b0
765271642,3,128933,0,0,29.24,93366.84,39.23,291654.81,b0
765289819,4,128979,0,0,29.53,93379.45,38.51,199687.98,b0
765281116,5,129025,0,0,30.05,93414.12,37.03,211964.39,b0
765280092,6,129071,0,0,30.02,93407.93,36.84,186046.52,b0
765271896,7,129117,0,0,30.02,93402.61,38.00,182076.81,b0
765285466,8,129163,0,0,29.83,93378.45,37.72,239644.28,b0
765274459,1,129210,0,0,28.91,93383.25,40.05,200391.39,b0
765272923,2,129256,0,0,29.06,93407.52,40.04,197721.56,b0
765271642,3,129302,0,0,29.24,93367.39,39.21,291157.25,b0
765289819,4,129348,0,0,29.53,93380.33,38.49,199105.58,b0
765281116,5,129394,0,0,30.05,93412.47,37.03,212492.22,b0
765280092,6,129440,0,0,30.02,93406.82,36.86,185641.77,b0
765271896,7,129486,0,0,30.03,93402.31,37.98,181303.11,b0
765285466,8,129533,0,0,29.84,93377.83,37.70,239308.25,b0
765274459,1,129579,0,0,28.91,93381.62,40.05,200391.39,b0
765272923,2,129625,0,0,29.06,93408.79,40.03,197721.56,b0
765271642,3,129671,0,0,29.24,93365.95,39.18,290414.06,b0
765289819,4,129717,0,0,29.53,93381.25,38.48,199804.88,b0
765281116,5,129763,0,0,30.05,93412.25,37.03,212624.58,b0
765280092,6,129810,0,0,30.02,93407.58,36.85,186861.31,b0
765271896,7,129856,0,0,30.04,93402.53,37.99,180918.73,b0
765285466,8,129902,0,0,29.84,93377.96,37.73,240658.05,b0
765274459,1,129948,0,0,28.90,93381.63,40.00,200626.95,b0
765272923,2,129994,0,0,29.06,93407.17,40.01,197950.91,b0
765271642,3,130040,0,0,29.25,93366.34,39.18,293157.75,b0
765289819,4,130086,0,0,29.53,93380.34,38.47,200391.39,b0
765281116,5,130133,0,0,30.05,93412.85,37.03,211832.84,b0
765280092,6,130179,0,0,30.02,93408.29,36.85,186656.94,b0
765271896,7,130225,0,0,30.02,93402.63,37.99,181303.11,b0
765285466,8,130271,0,0,29.83,93375.72,37.72,240319.17,b0
765274459,1,130317,0,0,28.90,93380.73,40.00,200863.08,b0
765272923,2,130363,0,0,29.06,93406.78,39.98,198642.09,b0
765271642,3,130410,0,0,29.24,93363.43,39.16,292655.03,b0
765289819,4,130456,0,0,29.53,93380.00,38.45,200744.95,b0
765281116,5,130502,0,0,30.06,93411.78,37.03,212360.02,b0
765280092,6,130548,0,0,30.02,93406.65,36.83,186861.31,b0
765271896,7,130594,0,0,30.02,93403.47,37.97,183053.27,b0
765285466,8,130640,0,0,29.83,93379.82,37.71,241338.67,b0
765274459,1,130687,0,0,28.90,93383.99,39.98,201693.91,b0
765272923,2,130733,0,0,29.05,93408.04,39.97,198642.09,b0
765271642,3,130779,0,0,29.25,93366.34,39.16,291405.81,b0
765289819,4,130825,0,0,29.54,93379.87,38.43,201218.31,b0
765281116,5,130871,0,0,30.06,93411.63,37.02,212227.98,b0
765280092,6,130917,0,0,30.03,93408.57,36.82,186861.31,b0
765271896,7,130963,0,0,30.02,93401.70,37.94,182857.14,b0
765285466,8,131009,0,0,29.83,93378.76,37.71,242539.08,b0
765274459,1,131056,0,0,28.90,93382.72,39.95,200863.08,b0
765272923,2,131102,0,0,29.03,93406.73,39.95,199105.58,b0
765271642,3,131148,0,0,29.25,93364.18,39.12,293409.75,b0
765289819,4,131194,0,0,29.54,93380.59,38.42,201337.00,b0
765281116,5,131240,0,0,30.05,93411.73,37.00,212889.81,b0
765280092,6,131286,0,0,30.02,93405.97,36.80,190547.08,b0
765271896,7,131332,0,0,30.03,93402.32,37.95,182466.14,b0
765285466,8,131378,0,0,29.83,93378.96,37.67,242884.25,b0
765274459,1,131425,0,0,28.89,93382.21,39.93,201574.80,b0
765272923,2,131471,0,0,29.03,93405.64,39.91,199105.58,b0
765271642,3,131517,0,0,29.25,93365.48,39.07,293157.75,b0
765289819,4,131563,0,0,29.54,93378.09,38.39,201218.31,b0
765281116,5,131609,0,0,30.06,93411.09,36.99,213155.70,b0
765280092,6,131655,0,0,30.02,93406.00,36.82,187271.39,b0
765271896,7,131702,0,0,30.04,93401.34,37.92,182857.14,b0
765285466,8,131748,0,0,29.83,93376.84,37.66,242539.08,b0
765274459,1,131794,0,0,28.89,93384.75,39.90,202052.09,b0
765272923,2,131840,0,0,29.04,93407.29,39.92,199454.61,b0
765271642,3,131886,0,0,29.25,93365.63,39.08,293409.75,b0
765289819,4,131932,0,0,29.55,93379.00,38.38,200744.95,b0
765281116,5,131978,0,0,30.05,93412.29,36.98,214495.19,b0
765280092,6,132025,0,0,30.02,93406.55,36.79,191080.42,b0
765271896,7,132071,0,0,30.05,93401.52,37.90,182466.14,b0
765285466,8,132117,0,0,29.83,93378.98,37.64,243057.20,b0
765274459,1,132163,0,0,28.88,93384.40,39.88,202411.55,b0
765272923,2,132209,0,0,29.04,93405.84,39.88,200039.06,b0
765271642,3,132255,0,0,29.25,93364.73,39.07,295953.75,b0
765289819,4,132302,0,0,29.55,93380.30,38.33,202052.09,b0
765281116,5,132348,0,0,30.06,93410.53,36.96,213288.89,b0
765280092,6,132394,0,0,30.03,93408.04,36.78,190973.52,b0
765271896,7,132440,0,0,30.05,93401.59,37.88,182857.14,b0
765285466,8,132486,0,0,29.84,93377.30,37.62,243057.20,b0
765274459,1,132532,0,0,28.88,93381.14,39.87,202772.28,b0
765272923,2,132579,0,0,29.03,93406.55,39.85,199804.88,b0
765271642,3,132625,0,0,29.25,93365.97,39.02,295953.75,b0
765289819,4,132671,0,0,29.55,93380.45,38.32,202772.28,b0
765281116,5,132717,0,0,30.07,93412.11,36.94,215171.25,b0
765280092,6,132763,0,0,30.03,93407.55,36.75,191080.42,b0
765271896,7,132809,0,0,30.07,93402.20,37.87,183842.02,b0
765285466,8,132855,0,0,29.85,93377.72,37.61,243577.55,b0
765274459,1,132902,0,0,28.87,93382.07,39.86,203013.48,b0
765272923,2,132948,0,0,29.04,93407.11,39.85,200273.81,b0
765271642,3,132994,0,0,29.24,93365.59,39.00,297501.44,b0
765289819,4,133040,0,0,29.55,93378.66,38.30,203740.55,b0
765281116,5,133086,0,0,30.07,93409.96,36.93,214765.09,b0
765280092,6,133132,0,0,30.04,93405.47,36.75,191940.02,b0
765271896,7,133178,0,0,30.07,93400.81,37.85,182661.44,b0
765285466,8,133224,0,0,29.85,93376.48,37.60,244100.13,b0
765274459,1,133271,0,0,28.87,93383.52,39.84,203619.02,b0
765272923,2,133317,0,0,29.05,93406.77,39.82,201099.77,b0
765271642,3,133363,0,0,29.24,93365.77,38.99,296467.88,b0
765289819,4,133409,0,0,29.56,93378.54,38.29,202772.28,b0
765281116,5,133455,0,0,30.07,93411.05,36.90,213823.34,b0
765280092,6,133501,0,0,30.03,93403.82,36.72,191940.02,b0
765271896,7,133547,0,0,30.08,93402.85,37.83,183249.83,b0
765285466,8,133594,0,0,29.86,93376.59,37.58,243751.48,b0
765274459,1,133640,0,0,28.88,93382.05,39.82,203984.06,b0
765272923,2,133686,0,0,29.06,93408.62,39.82,200273.81,b0
765271642,3,133732,0,0,29.24,93363.79,38.97,297501.44,b0
765289819,4,133778,0,0,29.56,93379.45,38.27,202772.28,b0
765281116,5,133824,0,0,30.08,93409.88,36.89,215306.98,b0
765280092,6,133871,0,0,30.04,93406.36,36.71,191724.39,b0
765271896,7,133917,0,0,30.09,93403.60,37.78,183446.80,b0
765285466,8,133963,0,0,29.86,93376.95,37.56,243403.84,b0
765274459,1,134009,0,0,28.87,93382.98,39.80,204228.16,b0
765272923,2,134055,0,0,29.06,93408.24,39.78,201693.91,b0
765271642,3,134101,0,0,29.24,93363.75,38.93,295953.75,b0
765289819,4,134148,0,0,29.56,93378.35,38.26,203862.23,b0
765281116,5,134194,0,0,30.09,93409.20,36.86,216398.98,b0
765280092,6,134240,0,0,30.04,93404.94,36.70,192481.20,b0
765271896,7,134286,0,0,30.09,93401.14,37.78,184637.58,b0
765285466,8,134332,0,0,29.86,93379.27,37.54,243751.48,b0
765274459,1,134378,0,0,28.84,93384.68,39.78,204472.84,b0
765272923,2,134424,0,0,29.04,93405.65,39.78,201218.31,b0
765271642,3,134471,0,0,29.23,93364.05,38.93,299590.41,b0
765289819,4,134517,0,0,29.55,93378.30,38.24,204228.16,b0
765281116,5,134563,0,0,30.09,93409.76,36.86,216124.95,b0
765280092,6,134609,0,0,30.05,93407.57,36.68,192264.36,b0
765271896,7,134655,0,0,30.10,93403.51,37.77,184040.27,b0
765285466,8,134701,0,0,29.87,93379.02,37.51,244274.81,b0
765274459,1,134748,0,0,28.85,93385.58,39.76,204718.11,b0
765272923,2,134794,0,0,29.04,93406.55,39.76,202411.55,b0
765271642,3,134840,0,0,29.23,93364.27,38.90,300381.34,b0
765289819,4,134886,0,0,29.55,93379.38,38.22,204595.41,b0
765281116,5,134932,0,0,30.10,93409.49,36.85,215715.19,b0
765280092,6,134978,0,0,30.06,93405.68,36.66,193134.67,b0
765271896,7,135024,0,0,30.11,93402.88,37.74,183249.83,b0
765285466,8,135070,0,0,29.87,93377.09,37.48,243057.20,b0
765274459,1,135117,0,0,28.84,93384.13,39.74,205457.47,b0
765272923,2,135163,0,0,29.04,93406.02,39.72,201693.91,b0
765271642,3,135209,0,0,29.24,93364.84,38.89,300381.34,b0
765289819,4,135255,0,0,29.56,93377.62,38.20,205087.13,b0
765281116,5,135301,0,0,30.11,93410.66,36.83,216124.95,b0
765280092,6,135347,0,0,30.07,93406.68,36.65,193025.45,b0
765271896,7,135393,0,0,30.12,93402.72,37.72,184040.27,b0
765285466,8,135439,0,0,29.89,93378.11,37.49,243403.84,b0
765274459,1,135486,0,0,28.84,93382.66,39.72,205581.20,b0
765272923,2,135532,0,0,29.04,93406.39,39.73,202171.77,b0
765271642,3,135578,0,0,29.24,93365.05,38.88,299065.41,b0
765289819,4,135624,0,0,29.57,93379.30,38.19,206326.81,b0
765281116,5,135670,0,0,30.11,93409.96,36.82,215306.98,b0
765280092,6,135716,0,0,30.07,93406.55,36.63,192807.38,b0
765271896,7,135763,0,0,30.13,93400.86,37.69,183842.02,b0
765285466,8,135809,0,0,29.89,93377.63,37.47,242711.55,b0
765274459,1,135855,0,0,28.86,93383.55,39.71,205457.47,b0
765272923,2,135901,0,0,29.05,93405.67,39.71,203013.48,b0
765271642,3,135947,0,0,29.25,93364.59,38.87,300910.97,b0
765289819,4,135993,0,0,29.58,93378.27,38.18,204963.97,b0
765281116,5,136040,0,0,30.13,93409.55,36.80,215988.19,b0
765280092,6,136086,0,0,30.08,93406.04,36.60,191724.39,b0
765271896,7,136132,0,0,30.14,93402.14,37.70,182661.44,b0
765285466,8,136178,0,0,29.90,93378.64,37.46,242711.55,b0
765274459,1,136224,0,0,28.87,93384.07,39.69,205581.20,b0
765272923,2,136270,0,0,29.07,93406.09,39.71,202052.09,b0
765271642,3,136316,0,0,29.26,93362.50,38.86,300645.91,b0
765289819,4,136363,0,0,29.58,93377.77,38.16,205705.11,b0
765281116,5,136409,0,0,30.13,93409.41,36.77,214630.06,b0
765280092,6,136455,0,0,30.08,93402.88,36.61,191616.77,b0
765271896,7,136501,0,0,30.15,93400.80,37.69,183446.80,b0
765285466,8,136547,0,0,29.91,93378.34,37.48,242023.16,b0
765274459,1,136593,0,0,28.88,93381.32,39.69,205457.47,b0
765272923,2,136640,0,0,29.08,93405.56,39.71,202171.77,b0
765271642,3,136686,0,0,29.27,93362.91,38.86,299853.59,b0
765289819,4,136732,0,0,29.60,93379.11,38.16,204472.84,b0
765281116,5,136778,0,0,30.15,93412.79,36.77,214360.48,b0
765280092,6,136824,0,0,30.09,93406.53,36.60,191294.59,b0
765271896,7,136870,0,0,30.15,93402.76,37.70,183053.27,b0
765285466,8,136916,0,0,29.92,93377.36,37.47,241168.16,b0
765274459,1,136963,0,0,28.88,93380.59,39.70,205953.34,b0
765272923,2,137009,0,0,29.09,93407.59,39.69,202531.64,b0
765271642,3,137055,0,0,29.28,93364.38,38.84,301176.47,b0
765289819,4,137101,0,0,29.60,93379.50,38.14,204840.97,b0
765281116,5,137147,0,0,30.15,93410.26,36.78,214630.06,b0
765280092,6,137193,0,0,30.10,93405.08,36.60,191616.77,b0
765271896,7,137239,0,0,30.16,93402.98,37.69,181495.92,b0
765285466,8,137285,0,0,29.92,93378.63,37.46,243057.20,b0
765274459,1,137332,0,0,28.88,93382.58,39.68,205705.11,b0
765272923,2,137378,0,0,29.08,93406.12,39.68,202531.64,b0
765271642,3,137424,0,0,29.28,93364.23,38.84,299590.41,b0
765289819,4,137470,0,0,29.60,93379.31,38.13,203740.55,b0
765281116,5,137516,0,0,30.16,93410.70,36.79,212757.11,b0
765280092,6,137562,0,0,30.11,93404.47,36.58,187271.39,b0
765271896,7,137608,0,0,30.16,93402.30,37.70,182271.27,b0
765285466,8,137655,0,0,29.92,93379.01,37.48,240997.88,b0
765274459,1,137701,0,0,28.88,93382.05,39.70,206077.69,b0
765272923,2,137747,0,0,29.09,93408.51,39.69,202772.28,b0
765271642,3,137793,0,0,29.29,93364.64,38.84,300910.97,b0
765289819,4,137839,0,0,29.61,93379.54,38.12,206952.30,b0
765281116,5,137885,0,0,30.16,93409.26,36.80,213288.89,b0
765280092,6,137932,0,0,30.10,93404.03,36.58,191080.42,b0
765271896,7,137978,0,0,30.16,93401.25,37.70,183053.27,b0
765285466,8,138024,0,0,29.93,93376.23,37.46,241168.16,b0
765274459,1,138070,0,0,28.88,93380.95,39.69,206202.17,b0
765272923,2,138116,0,0,29.09,93406.31,39.67,202291.58,b0
765271642,3,138162,0,0,29.28,93364.07,38.83,299065.41,b0
765289819,4,138209,0,0,29.62,93379.74,38.12,205087.13,b0
765281116,5,138255,0,0,30.16,93410.55,36.80,213689.48,b0
765280092,6,138301,0,0,30.11,93406.91,36.58,191294.59,b0
765271896,7,138347,0,0,30.16,93402.83,37.71,182661.44,b0
765285466,8,138393,0,0,29.93,93376.43,37.48,242366.86,b0
765274459,1,138439,0,0,28.89,93382.21,39.69,205953.34,b0
765272923,2,138485,0,0,29.10,93408.34,39.67,202171.77,b0
765271642,3,138532,0,0,29.29,93364.27,38.83,302511.09,b0
765289819,4,138578,0,0,29.62,93379.57,38.11,204963.97,b0
765281116,5,138624,0,0,30.16,93408.75,36.78,213555.78,b0
765280092,6,138670,0,0,30.10,93403.11,36.57,190653.52,b0
765271896,7,138716,0,0,30.17,93403.95,37.72,181882.77,b0
765285466,8,138762,0,0,29.94,93377.02,37.49,241338.67,b0
765274459,1,138809,0,0,28.90,93382.55,39.68,206202.17,b0
765272923,2,138855,0,0,29.10,93405.25,39.64,202651.89,b0
765271642,3,138901,0,0,29.29,93364.45,38.83,301176.47,b0
765289819,4,138947,0,0,29.62,93377.95,38.10,205953.34,b0
765281116,5,138993,0,0,30.17,93410.44,36.77,213022.67,b0
765280092,6,139039,0,0,30.10,93404.57,36.57,192048.02,b0
765271896,7,139085,0,0,30.16,93401.43,37.71,181882.77,b0
765285466,8,139131,0,0,29.95,93379.48,37.49,240997.88,b0
765274459,1,139178,0,0,28.90,93380.91,39.68,207077.86,b0
765272923,2,139224,0,0,29.10,93407.98,39.64,202411.55,b0
765271642,3,139270,0,0,29.29,93365.34,38.82,301708.91,b0
765289819,4,139316,0,0,29.62,93378.34,38.09,205829.14,b0
765281116,5,139362,0,0,30.17,93410.08,36.77,213823.34,b0
765280092,6,139408,0,0,30.11,93407.31,36.55,191724.39,b0
765271896,7,139454,0,0,30.17,93403.08,37.74,181110.72,b0
765285466,8,139500,0,0,29.94,93376.51,37.49,241168.16,b0
765274459,1,139547,0,0,28.90,93382.36,39.66,206826.91,b0
765272923,2,139593,0,0,29.11,93406.90,39.67,203619.02,b0
765271642,3,139639,0,0,29.29,93363.78,38.80,301176.47,b0
765289819,4,139685,0,0,29.63,93380.33,38.12,206077.69,b0
765281116,5,139731,0,0,30.16,93410.78,36.76,213957.38,b0
765280092,6,139777,0,0,30.11,93404.07,36.55,190760.06,b0
765271896,7,139824,0,0,30.17,93401.84,37.75,182076.81,b0
765285466,8,139870,0,0,29.95,93377.50,37.50,241509.44,b0
765274459,1,139916,0,0,28.92,93382.69,39.70,206952.30,b0
765272923,2,139962,0,0,29.11,93407.46,39.65,202171.77,b0
765271642,3,140008,0,0,29.31,93364.93,38.81,301442.44,b0
765289819,4,140054,0,0,29.62,93379.05,38.10,205705.11,b0
765281116,5,140101,0,0,30.16,93412.23,36.75,213155.70,b0
765280092,6,140147,0,0,30.12,93406.68,36.56,191294.59,b0
765271896,7,140193,0,0,30.17,93402.90,37.76,180535.97,b0
765285466,8,140239,0,0,29.95,93377.57,37.49,240827.84,b0
765274459,1,140285,0,0,28.92,93383.59,39.67,207077.86,b0
765272923,2,140331,0,0,29.11,93408.73,39.66,203619.02,b0
765271642,3,140377,0,0,29.30,93361.87,38.82,301442.44,b0
765289819,4,140424,0,0,29.62,93379.05,38.12,205333.88,b0
765281116,5,140470,0,0,30.16,93409.88,36.77,213689.48,b0
765280092,6,140516,0,0,30.12,93405.44,36.56,191832.14,b0
765271896,7,140562,0,0,30.17,93402.91,37.76,181495.92,b0
765285466,8,140608,0,0,29.96,93378.84,37.50,241168.16,b0
765274459,1,140654,0,0,28.90,93379.98,39.67,206952.30,b0
765272923,2,140701,0,0,29.10,93407.07,39.67,203134.30,b0
765271642,3,140747,0,0,29.30,93365.79,38.82,301176.47,b0
765289819,4,140793,0,0,29.61,93378.62,38.11,206077.69,b0
765281116,5,140839,0,0,30.18,93411.61,36.77,213823.34,b0
765280092,6,140885,0,0,30.12,93407.06,36.55,191832.14,b0
765271896,7,140931,0,0,30.18,93403.70,37.79,182076.81,b0
765285466,8,140977,0,0,29.96,93377.81,37.51,242539.08,b0
765274459,1,141024,0,0,28.90,93380.36,39.69,207455.42,b0
765272923,2,141070,0,0,29.09,93407.77,39.67,203619.02,b0
765271642,3,141116,0,0,29.28,93365.68,38.82,303048.25,b0
765289819,4,141162,0,0,29.60,93378.57,38.11,206202.17,b0
765281116,5,141208,0,0,30.16,93410.16,36.76,214495.19,b0
765280092,6,141254,0,0,30.10,93404.90,36.54,192048.02,b0
765271896,7,141300,0,0,30.18,93404.06,37.76,182076.81,b0
765285466,8,141346,0,0,29.95,93378.92,37.50,243057.20,b0
765274459,1,141393,0,0,28.88,93382.03,39.68,207961.00,b0
765272923,2,141439,0,0,29.07,93406.99,39.68,203862.23,b0
765271642,3,141485,0,0,29.26,93365.01,38.82,302779.41,b0
765289819,4,141531,0,0,29.58,93377.76,38.12,207203.56,b0
765281116,5,141577,0,0,30.15,93408.99,36.77,214495.19,b0
765280092,6,141623,0,0,30.09,93405.27,36.53,192916.36,b0
765271896,7,141669,0,0,30.18,93402.94,37.77,182661.44,b0
765285466,8,141716,0,0,29.94,93379.55,37.51,243925.67,b0
765274459,1,141762,0,0,28.87,93381.52,39.68,208469.06,b0
765272923,2,141808,0,0,29.04,93406.02,39.67,204472.84,b0
765271642,3,141854,0,0,29.25,93364.92,38.81,304943.41,b0
765289819,4,141900,0,0,29.57,93379.82,38.11,207707.91,b0
765281116,5,141946,0,0,30.14,93411.51,36.77,215442.88,b0
765280092,6,141993,0,0,30.08,93406.49,36.54,193025.45,b0
765271896,7,142039,0,0,30.18,93401.70,37.75,183053.27,b0
765285466,8,142085,0,0,29.93,93378.61,37.48,244449.75,b0
765274459,1,142131,0,0,28.86,93384.09,39.67,208596.45,b0
765272923,2,142177,0,0,29.03,93404.55,39.66,204718.11,b0
765271642,3,142223,0,0,29.25,93363.82,38.79,304399.53,b0
765289819,4,142270,0,0,29.56,93380.68,38.11,206202.17,b0
765281116,5,142316,0,0,30.14,93408.72,36.76,215988.19,b0
765280092,6,142362,0,0,30.09,93406.38,36.52,193353.47,b0
765271896,7,142408,0,0,30.18,93400.98,37.73,183053.27,b0
765285466,8,142454,0,0,29.94,93376.87,37.47,244624.94,b0
765274459,1,142500,0,0,28.85,93382.12,39.66,209235.80,b0
765272923,2,142546,0,0,29.01,93405.59,39.63,205087.13,b0
765271642,3,142593,0,0,29.25,93365.07,38.78,305489.25,b0
765289819,4,142639,0,0,29.54,93379.52,38.08,208214.72,b0
765281116,5,142685,0,0,30.13,93409.73,36.75,217502.13,b0
765280092,6,142731,0,0,30.08,93406.63,36.51,194233.69,b0
765271896,7,142777,0,0,30.17,93403.63,37.72,183053.27,b0
765285466,8,142823,0,0,29.94,93376.66,37.44,246390.77,b0
765274459,1,142870,0,0,28.82,93382.90,39.65,209750.11,b0
765272923,2,142916,0,0,28.98,93404.61,39.63,206077.69,b0
765271642,3,142962,0,0,29.23,93362.97,38.79,305216.09,b0
765289819,4,143008,0,0,29.51,93378.81,38.08,208341.81,b0
765281116,5,143054,0,0,30.12,93409.80,36.72,217640.81,b0
765280092,6,143100,0,0,30.05,93406.52,36.50,195457.14,b0
765271896,7,143146,0,0,30.15,93402.56,37.68,183842.02,b0
765285466,8,143192,0,0,29.91,93376.41,37.42,246213.03,b0
765274459,1,143239,0,0,28.78,93383.53,39.63,210526.31,b0
765272923,2,143285,0,0,28.94,93405.24,39.61,206701.66,b0
765271642,3,143331,0,0,29.20,93365.31,38.75,306037.06,b0
765289819,4,143377,0,0,29.49,93379.06,38.07,208851.72,b0
765281116,5,143423,0,0,30.09,93412.49,36.71,218896.97,b0
765280092,6,143469,0,0,30.03,93405.20,36.48,195121.95,b0
765271896,7,143515,0,0,30.13,93403.86,37.65,185037.95,b0
765285466,8,143561,0,0,29.88,93375.55,37.39,247104.25,b0
765274459,1,143608,0,0,28.75,93381.97,39.63,210008.20,b0
765272923,2,143654,0,0,28.91,93404.27,39.61,207329.42,b0
765271642,3,143700,0,0,29.19,93362.89,38.75,308526.66,b0
765289819,4,143746,0,0,29.48,93378.30,38.05,209750.11,b0
765281116,5,143792,0,0,30.06,93411.33,36.68,218616.56,b0
765280092,6,143838,0,0,30.02,93405.13,36.46,197150.56,b0
765271896,7,143885,0,0,30.12,93401.50,37.65,185843.92,b0
765285466,8,143931,0,0,29.88,93376.22,37.37,248543.69,b0
765274459,1,143977,0,0,28.76,93381.96,39.62,211308.30,b0
765272923,2,144023,0,0,28.93,93404.68,39.60,207455.42,b0
765271642,3,144069,0,0,29.19,93364.69,38.74,307138.56,b0
765289819,4,144115,0,0,29.49,93377.82,38.06,209235.80,b0
765281116,5,144162,0,0,30.07,93411.37,36.68,220594.58,b0
765280092,6,144208,0,0,30.03,93406.10,36.44,196809.53,b0
765271896,7,144254,0,0,30.12,93402.41,37.60,190440.77,b0
765285466,8,144300,0,0,29.88,93376.98,37.35,248906.17,b0
765274459,1,144346,0,0,28.76,93383.04,39.61,211177.56,b0
765272923,2,144392,0,0,28.94,93406.52,39.61,207834.38,b0
765271642,3,144438,0,0,29.20,93366.01,38.74,307138.56,b0
765289819,4,144485,0,0,29.51,93376.81,38.04,210266.94,b0
765281116,5,144531,0,0,30.07,93412.42,36.68,218896.97,b0
765280092,6,144577,0,0,30.02,93406.35,36.44,197836.17,b0
765271896,7,144623,0,0,30.13,93402.98,37.57,186046.52,b0
765285466,8,144669,0,0,29.89,93376.50,37.34,248182.27,b0
765274459,1,144715,0,0,28.75,93382.34,39.61,211832.84,b0
765272923,2,144762,0,0,28.93,93404.50,39.62,208214.72,b0
765271642,3,144808,0,0,29.19,93364.50,38.71,309927.38,b0
765289819,4,144854,0,0,29.51,93379.70,38.06,209492.64,b0
765281116,5,144900,0,0,30.06,93411.87,36.66,220309.81,b0
765280092,6,144946,0,0,30.02,93405.31,36.43,197036.75,b0
765271896,7,144992,0,0,30.13,93401.02,37.56,187066.13,b0
765285466,8,145038,0,0,29.89,93377.59,37.33,250000.00,b0
765274459,1,145085,0,0,28.73,93381.11,39.61,212096.11,b0
765272923,2,145131,0,0,28.91,93403.36,39.61,208469.06,b0
765271642,3,145177,0,0,29.17,93361.15,38.74,309646.22,b0
765289819,4,145223,0,0,29.50,93379.27,38.05,210916.58,b0
765281116,5,145269,0,0,30.05,93412.65,36.65,221597.06,b0
765280092,6,145315,0,0,30.02,93405.65,36.42,198065.77,b0
765271896,7,145361,0,0,30.12,93402.57,37.55,186861.31,b0
765285466,8,145407,0,0,29.89,93376.34,37.30,250734.58,b0
765274459,1,145454,0,0,28.73,93383.30,39.62,212096.11,b0
765272923,2,145500,0,0,28.91,93405.53,39.62,209364.14,b0
765271642,3,145546,0,0,29.17,93363.30,38.73,309085.41,b0
765289819,4,145592,0,0,29.48,93378.83,38.03,211701.47,b0
765281116,5,145638,0,0,30.04,93413.25,36.63,220737.23,b0
765280092,6,145684,0,0,30.01,93405.30,36.42,198757.77,b0
765271896,7,145730,0,0,30.12,93403.12,37.53,191616.77,b0
765285466,8,145777,0,0,29.88,93376.12,37.30,251844.56,b0
765274459,1,145823,0,0,28.72,93382.22,39.61,212624.58,b0
765272923,2,145869,0,0,28.91,93403.54,39.62,209107.61,b0
765271642,3,145915,0,0,29.17,93364.19,38.72,309365.56,b0
765289819,4,145961,0,0,29.48,93377.54,38.04,211439.19,b0
765281116,5,146007,0,0,30.03,93411.02,36.63,221453.28,b0
765280092,6,146054,0,0,30.00,93404.57,36.42,199105.58,b0
765271896,7,146100,0,0,30.12,93401.16,37.53,192156.13,b0
765285466,8,146146,0,0,29.88,93375.55,37.29,252403.25,b0
765274459,1,146192,0,0,28.73,93383.48,39.60,212492.22,b0
765272923,2,146238,0,0,28.92,93406.10,39.62,209364.14,b0
765271642,3,146284,0,0,29.16,93363.78,38.70,311909.84,b0
765289819,4,146330,0,0,29.48,93378.98,38.03,210916.58,b0
765281116,5,146377,0,0,30.03,93412.80,36.63,222753.97,b0
765280092,6,146423,0,0,30.01,93404.95,36.41,199687.98,b0
765271896,7,146469,0,0,30.13,93401.92,37.49,192481.20,b0
765285466,8,146515,0,0,29.89,93377.03,37.28,252964.42,b0
765274459,1,146561,0,0,28.72,93382.23,39.59,212889.81,b0
765272923,2,146607,0,0,28.91,93405.36,39.60,209235.80,b0
765271642,3,146654,0,0,29.16,93365.20,38.72,310209.03,b0
765289819,4,146700,0,0,29.47,93378.05,38.02,212757.11,b0
765281116,5,146746,0,0,30.03,93411.76,36.63,223045.09,b0
765280092,6,146792,0,0,30.01,93405.56,36.40,200039.06,b0
765271896,7,146838,0,0,30.13,93400.83,37.50,192481.20,b0
765285466,8,146884,0,0,29.90,93375.53,37.27,253152.05,b0
765274459,1,146931,0,0,28.71,93383.15,39.62,213288.89,b0
765272923,2,146977,0,0,28.91,93404.27,39.62,209879.08,b0
765271642,3,147023,0,0,29.15,93364.27,38.70,310773.91,b0
765289819,4,147069,0,0,29.47,93380.20,38.03,211439.19,b0
765281116,5,147115,0,0,30.05,93414.28,36.64,221597.06,b0
765280092,6,147161,0,0,30.02,93404.58,36.39,199338.14,b0
765271896,7,147207,0,0,30.14,93401.80,37.48,193682.63,b0
765285466,8,147253,0,0,29.90,93376.45,37.27,254663.02,b0
765274459,1,147300,0,0,28.70,93382.98,39.61,213022.67,b0
765272923,2,147346,0,0,28.91,93406.45,39.61,210137.50,b0
765271642,3,147392,0,0,29.14,93363.48,38.70,312480.94,b0
765289819,4,147438,0,0,29.47,93376.98,38.01,213555.78,b0
765281116,5,147484,0,0,30.06,93408.95,36.63,222174.00,b0
765280092,6,147530,0,0,30.04,93406.71,36.40,200156.38,b0
765271896,7,147576,0,0,30.15,93403.27,37.46,192264.36,b0
765285466,8,147622,0,0,29.92,93380.23,37.24,253528.09,b0
765274459,1,147669,0,0,28.70,93382.26,39.62,213823.34,b0
765272923,2,147715,0,0,28.92,93405.02,39.62,210656.25,b0
765271642,3,147761,0,0,29.16,93363.09,38.70,312767.25,b0
765289819,4,147807,0,0,29.50,93378.91,38.03,211832.84,b0
765281116,5,147853,0,0,30.09,93411.54,36.64,224070.02,b0
765280092,6,147899,0,0,30.05,93406.85,36.40,198757.77,b0
765271896,7,147945,0,0,30.15,93402.77,37.46,191616.77,b0
765285466,8,147992,0,0,29.91,93376.41,37.23,253528.09,b0
765274459,1,148038,0,0,28.72,93384.77,39.64,213689.48,b0
765272923,2,148084,0,0,28.94,93405.05,39.62,209879.08,b0
765271642,3,148130,0,0,29.18,93364.09,38.69,311909.84,b0
765289819,4,148176,0,0,29.50,93377.51,38.00,213689.48,b0
765281116,5,148222,0,0,30.09,93408.34,36.63,224070.02,b0
765280092,6,148269,0,0,30.06,93404.23,36.39,198180.77,b0
765271896,7,148315,0,0,30.16,93402.47,37.45,193572.78,b0
765285466,8,148361,0,0,29.93,93378.44,37.24,254283.58,b0
765274459,1,148407,0,0,28.73,93383.12,39.61,213689.48,b0
765272923,2,148453,0,0,28.94,93406.16,39.61,210008.20,b0
765271642,3,148499,0,0,29.19,93366.48,38.70,312195.13,b0
765289819,4,148546,0,0,29.51,93378.45,38.02,211308.30,b0
765281116,5,148592,0,0,30.09,93409.42,36.62,222318.72,b0
765280092,6,148638,0,0,30.06,93404.83,36.39,199105.58,b0
765271896,7,148684,0,0,30.16,93402.48,37.43,193244.02,b0
765285466,8,148730,0,0,29.93,93377.14,37.23,254473.16,b0
765274459,1,148776,0,0,28.73,93381.47,39.62,213422.27,b0
765272923,2,148822,0,0,28.95,93404.73,39.62,209750.11,b0
765271642,3,148869,0,0,29.19,93365.08,38.69,311909.84,b0
765289819,4,148915,0,0,29.52,93378.49,38.02,212889.81,b0
765281116,5,148961,0,0,30.10,93411.86,36.63,223190.94,b0
765280092,6,149007,0,0,30.06,93406.98,36.40,199221.80,b0
765271896,7,149053,0,0,30.15,93403.81,37.44,192372.72,b0
765285466,8,149099,0,0,29.93,93379.23,37.22,253152.05,b0
765274459,1,149146,0,0,28.75,93383.62,39.62,213155.70,b0
765272923,2,149192,0,0,28.96,93407.64,39.61,209492.64,b0
765271642,3,149238,0,0,29.20,93364.73,38.71,312195.13,b0
765289819,4,149284,0,0,29.52,93378.88,38.01,212492.22,b0
765281116,5,149330,0,0,30.09,93410.70,36.63,222899.44,b0
765280092,6,149376,0,0,30.06,93405.87,36.38,200391.39,b0
765271896,7,149422,0,0,30.11,93402.48,37.42,192372.72,b0
765285466,8,149468,0,0,29.92,93379.15,37.20,254283.58,b0
765274459,1,149515,0,0,28.76,93382.88,39.66,212889.81,b0
765272923,2,149561,0,0,28.96,93407.47,39.63,210396.55,b0
765271642,3,149607,0,0,29.20,93365.83,38.69,311625.06,b0
765289819,4,149653,0,0,29.52,93381.36,38.00,212492.22,b0
765281116,5,149699,0,0,30.08,93412.38,36.62,222753.97,b0
765280092,6,149745,0,0,30.04,93405.53,36.37,199338.14,b0
765271896,7,149791,0,0,30.07,93404.19,37.39,192807.38,b0
765285466,8,149837,0,0,29.90,93378.39,37.20,253905.28,b0
765274459,1,149884,0,0,28.77,93384.66,39.66,212360.02,b0
765272923,2,149930,0,0,28.96,93407.11,39.62,209492.64,b0
765271642,3,149976,0,0,29.21,93368.03,38.71,313341.50,b0
765289819,4,150022,0,0,29.51,93381.13,38.01,213022.67,b0
765281116,5,150068,0,0,30.06,93412.02,36.60,224512.17,b0
765280092,6,150114,0,0,30.04,93405.71,36.38,199804.88,b0
765271896,7,150161,0,0,30.04,93403.47,37.39,193463.06,b0
765285466,8,150207,0,0,29.88,93377.16,37.20,254663.02,b0
765274459,1,150253,0,0,28.78,93383.55,39.65,212624.58,b0
765272923,2,150299,0,0,28.96,93406.38,39.62,209621.30,b0
765271642,3,150345,0,0,29.19,93364.01,38.71,311625.06,b0
765289819,4,150391,0,0,29.51,93379.53,38.03,213155.70,b0
765281116,5,150438,0,0,30.06,93410.92,36.60,224217.20,b0
765280092,6,150484,0,0,30.04,93406.55,36.39,199105.58,b0
765271896,7,150530,0,0,30.01,93401.48,37.40,193682.63,b0
765285466,8,150576,0,0,29.88,93379.25,37.20,255043.59,b0
765274459,1,150622,0,0,28.78,93383.53,39.66,213155.70,b0
765272923,2,150668,0,0,28.97,93405.69,39.61,209750.11,b0
765271642,3,150714,0,0,29.20,93365.85,38.71,309927.38,b0
765289819,4,150761,0,0,29.52,93380.64,38.02,211832.84,b0
765281116,5,150807,0,0,30.06,93411.87,36.59,225401.72,b0
765280092,6,150853,0,0,30.04,93406.71,36.37,199921.91,b0
765271896,7,150899,0,0,30.01,93401.66,37.39,193463.06,b0
765285466,8,150945,0,0,29.87,93378.79,37.17,254473.16,b0
765274459,1,150991,0,0,28.79,93383.16,39.65,212757.11,b0
765272923,2,151038,0,0,29.00,93406.84,39.62,210137.50,b0
765271642,3,151084,0,0,29.21,93366.27,38.70,311625.06,b0
765289819,4,151130,0,0,29.53,93379.80,38.02,213422.27,b0
765281116,5,151176,0,0,30.06,93411.84,36.58,224956.06,b0
765280092,6,151222,0,0,30.04,93405.65,36.37,200391.39,b0
765271896,7,151268,0,0,30.00,93403.37,37.37,193902.67,b0
765285466,8,151314,0,0,29.87,93377.77,37.18,255234.30,b0
765274459,1,151361,0,0,28.81,93385.29,39.66,213155.70,b0
765272923,2,151407,0,0,29.00,93406.47,39.64,210396.55,b0
765271642,3,151453,0,0,29.22,93365.41,38.70,311340.84,b0
765289819,4,151499,0,0,29.53,93379.09,37.99,212624.58,b0
765281116,5,151545,0,0,30.07,93412.63,36.57,225699.80,b0
765280092,6,151591,0,0,30.04,93406.18,36.37,200039.06,b0
765271896,7,151637,0,0,29.99,93402.08,37.40,193792.58,b0
765285466,8,151683,0,0,29.87,93379.68,37.16,255808.14,b0
765274459,1,151730,0,0,28.82,93383.09,39.65,212492.22,b0
765272923,2,151776,0,0,29.01,93405.23,39.60,209621.30,b0
765271642,3,151822,0,0,29.22,93365.80,38.69,310491.22,b0
765289819,4,151868,0,0,29.54,93379.84,38.00,213422.27,b0
765281116,5,151914,0,0,30.07,93413.57,36.59,224956.06,b0
765280092,6,151960,0,0,30.04,93406.73,36.37,200391.39,b0
765271896,7,152006,0,0,30.01,93403.26,37.39,193902.67,b0
765285466,8,152053,0,0,29.87,93378.61,37.16,255616.58,b0
765274459,1,152099,0,0,28.84,93382.69,39.65,212624.58,b0
765272923,2,152145,0,0,29.03,93406.73,39.63,209107.61,b0
765271642,3,152191,0,0,29.22,93365.45,38.70,311909.84,b0
765289819,4,152237,0,0,29.53,93379.64,37.99,213022.67,b0
765281116,5,152283,0,0,30.08,93411.25,36.60,224956.06,b0
765280092,6,152330,0,0,30.03,93406.26,36.35,201455.83,b0
765271896,7,152376,0,0,30.03,93405.52,37.42,194455.00,b0
765285466,8,152422,0,0,29.86,93376.77,37.17,255425.30,b0
765274459,1,152468,0,0,28.85,93383.94,39.64,211964.39,b0
765272923,2,152514,0,0,29.03,93405.09,39.61,209235.80,b0
765271642,3,152560,0,0,29.23,93366.77,38.69,313054.13,b0
765289819,4,152607,0,0,29.53,93380.52,37.98,212889.81,b0
765281116,5,152653,0,0,30.07,93411.75,36.57,224512.17,b0
765280092,6,152699,0,0,30.02,93406.86,36.36,200863.08,b0
765271896,7,152745,0,0,30.00,93402.63,37.45,193572.78,b0
765285466,8,152791,0,0,29.85,93378.05,37.16,255616.58,b0
765274459,1,152837,0,0,28.86,93386.29,39.63,212227.98,b0
765272923,2,152884,0,0,29.05,93408.41,39.60,209621.30,b0
765271642,3,152930,0,0,29.23,93365.66,38.68,312480.94,b0
765289819,4,152976,0,0,29.52,93380.29,37.97,213422.27,b0
765281116,5,153022,0,0,30.05,93413.16,36.57,225401.72,b0
765280092,6,153068,0,0,30.00,93406.68,36.36,201693.91,b0
765271896,7,153114,0,0,29.99,93404.51,37.47,193902.67,b0
765285466,8,153160,0,0,29.83,93379.62,37.16,256192.14,b0
765274459,1,153207,0,0,28.85,93384.48,39.64,212096.11,b0
765272923,2,153253,0,0,29.03,93405.27,39.60,209235.80,b0
765271642,3,153299,0,0,29.21,93365.38,38.69,313629.41,b0
765289819,4,153345,0,0,29.51,93377.70,37.97,212757.11,b0
765281116,5,153391,0,0,30.04,93414.70,36.59,224217.20,b0
765280092,6,153437,0,0,29.99,93406.23,36.36,200981.36,b0
765271896,7,153483,0,0,29.97,93403.70,37.50,193244.02,b0
765285466,8,153529,0,0,29.82,93379.01,37.19,256770.31,b0
765274459,1,153576,0,0,28.85,93382.66,39.61,212889.81,b0
765272923,2,153622,0,0,29.02,93406.70,39.59,210526.31,b0
765271642,3,153668,0,0,29.21,93365.35,38.67,313054.13,b0
765289819,4,153714,0,0,29.50,93379.84,37.98,213422.27,b0
765281116,5,153760,0,0,30.02,93412.91,36.57,225104.42,b0
765280092,6,153806,0,0,29.99,93406.37,36.34,201813.17,b0
765271896,7,153852,0,0,29.96,93402.36,37.50,193463.06,b0
765285466,8,153899,0,0,29.81,93378.18,37.18,257934.52,b0
765274459,1,153945,0,0,28.85,93383.75,39.61,212624.58,b0
765272923,2,153991,0,0,29.03,93407.63,39.59,209750.11,b0
765271642,3,154037,0,0,29.21,93365.55,38.67,310491.22,b0
765289819,4,154083,0,0,29.51,93379.68,37.99,213689.48,b0
765281116,5,154129,0,0,30.01,93412.66,36.59,226900.06,b0
765280092,6,154176,0,0,29.98,93406.30,36.36,201693.91,b0
765271896,7,154222,0,0,29.96,93403.60,37.50,194123.22,b0
765285466,8,154268,0,0,29.81,93378.16,37.19,257157.20,b0
765274459,1,154314,0,0,28.86,93384.65,39.61,213422.27,b0
765272923,2,154360,0,0,29.04,93406.38,39.60,211046.98,b0
765271642,3,154406,0,0,29.21,93365.34,38.67,311909.84,b0
765289819,4,154453,0,0,29.51,93378.27,37.97,212624.58,b0
765281116,5,154499,0,0,30.02,93411.84,36.58,226749.33,b0
765280092,6,154545,0,0,29.99,93405.70,36.36,203134.30,b0
765271896,7,154591,0,0,29.96,93402.59,37.52,194455.00,b0
765285466,8,154637,0,0,29.81,93377.68,37.19,257157.20,b0
765274459,1,154683,0,0,28.87,93382.43,39.63,213155.70,b0
765272923,2,154729,0,0,29.06,93406.98,39.59,209235.80,b0
765271642,3,154776,0,0,29.22,93366.70,38.68,311909.84,b0
765289819,4,154822,0,0,29.53,93378.38,37.97,213823.34,b0
765281116,5,154868,0,0,30.04,93413.04,36.58,226448.47,b0
765280092,6,154914,0,0,30.00,93406.32,36.34,202411.55,b0
765271896,7,154960,0,0,29.97,93402.46,37.51,196131.02,b0
765285466,8,155006,0,0,29.81,93377.80,37.19,257545.27,b0
765274459,1,155053,0,0,28.87,93384.43,39.59,213022.67,b0
765272923,2,155099,0,0,29.06,93407.34,39.55,210137.50,b0
765271642,3,155145,0,0,29.23,93364.05,38.67,313917.84,b0
765289819,4,155191,0,0,29.54,93377.01,37.97,212360.02,b0
765281116,5,155237,0,0,30.05,93414.66,36.59,226900.06,b0
765280092,6,155283,0,0,30.00,93406.46,36.37,202531.64,b0
765271896,7,155329,0,0,29.97,93400.86,37.53,195905.88,b0
765285466,8,155375,0,0,29.79,93376.07,37.19,257351.09,b0
765274459,1,155422,0,0,28.88,93383.87,39.59,213022.67,b0
765272923,2,155468,0,0,29.08,93407.74,39.56,209621.30,b0
765271642,3,155514,0,0,29.23,93365.34,38.66,313629.41,b0
765289819,4,155560,0,0,29.55,93379.76,37.98,213957.38,b0
765281116,5,155606,0,0,30.05,93411.34,36.58,226298.34,b0
765280092,6,155652,0,0,30.01,93406.02,36.37,201932.56,b0
765271896,7,155698,0,0,29.98,93402.66,37.53,194676.81,b0
765285466,8,155744,0,0,29.80,93377.75,37.18,258520.58,b0
765274459,1,155791,0,0,28.88,93382.05,39.59,213022.67,b0
765272923,2,155837,0,0,29.08,93407.40,39.57,209621.30,b0
765271642,3,155883,0,0,29.24,93363.59,38.67,313341.50,b0
765289819,4,155929,0,0,29.56,93379.27,37.97,213957.38,b0
765281116,5,155975,0,0,30.05,93411.38,36.58,225998.67,b0
765280092,6,156021,0,0,30.01,93405.86,36.37,203619.02,b0
765271896,7,156068,0,0,29.98,93402.90,37.53,195457.14,b0
765285466,8,156114,0,0,29.81,93377.27,37.18,258324.92,b0
765274459,1,156160,0,0,28.89,93383.12,39.58,213288.89,b0
765272923,2,156206,0,0,29.09,93406.86,39.54,210916.58,b0
765271642,3,156252,0,0,29.24,93363.97,38.65,312767.25,b0
765289819,4,156298,0,0,29.56,93377.65,37.97,214091.58,b0
765281116,5,156345,0,0,30.05,93411.92,36.57,226448.47,b0
765280092,6,156391,0,0,30.01,93405.48,36.36,202892.81,b0
765271896,7,156437,0,0,29.99,93402.78,37.52,194455.00,b0
765285466,8,156483,0,0,29.80,93376.85,37.19,257545.27,b0
765274459,1,156529,0,0,28.89,93383.47,39.58,212889.81,b0
765272923,2,156575,0,0,29.09,93408.85,39.54,209879.08,b0
765271642,3,156621,0,0,29.24,93366.30,38.65,312480.94,b0
765289819,4,156668,0,0,29.56,93379.45,37.97,214630.06,b0
765281116,5,156714,0,0,30.04,93413.49,36.58,226900.06,b0
765280092,6,156760,0,0,30.01,93405.50,36.36,203134.30,b0
765271896,7,156806,0,0,30.00,93403.70,37.54,196582.84,b0
765285466,8,156852,0,0,29.80,93377.03,37.19,257545.27,b0
765274459,1,156898,0,0,28.89,93381.48,39.56,213155.70,b0
765272923,2,156945,0,0,29.06,93406.78,39.53,209750.11,b0
765271642,3,156991,0,0,29.24,93365.90,38.65,311909.84,b0
765289819,4,157037,0,0,29.55,93380.84,37.94,213823.34,b0
765281116,5,157083,0,0,30.04,93413.82,36.58,226448.47,b0
765280092,6,157129,0,0,30.01,93406.60,36.35,203134.30,b0
765271896,7,157175,0,0,30.01,93402.16,37.51,197378.56,b0
765285466,8,157221,0,0,29.81,93378.93,37.19,258324.92,b0
765274459,1,157268,0,0,28.88,93383.69,39.54,212889.81,b0
765272923,2,157314,0,0,29.05,93408.22,39.52,210916.58,b0
765271642,3,157360,0,0,29.23,93364.05,38.66,314786.34,b0
765289819,4,157406,0,0,29.54,93380.19,37.96,212624.58,b0
765281116,5,157452,0,0,30.05,93413.33,36.57,227505.00,b0
765280092,6,157498,0,0,30.01,93407.30,36.33,202772.28,b0
765271896,7,157544,0,0,30.00,93401.25,37.50,195793.50,b0
765285466,8,157590,0,0,29.80,93377.70,37.19,258324.92,b0
765274459,1,157637,0,0,28.87,93382.25,39.52,213422.27,b0
765272923,2,157683,0,0,29.04,93407.83,39.51,211439.19,b0
765271642,3,157729,0,0,29.23,93363.55,38.64,313917.84,b0
765289819,4,157775,0,0,29.53,93378.56,37.92,214495.19,b0
765281116,5,157821,0,0,30.04,93414.52,36.58,227051.00,b0
765280092,6,157867,0,0,30.01,93406.73,36.34,202531.64,b0
765271896,7,157913,0,0,30.00,93402.10,37.52,196018.38,b0
765285466,8,157960,0,0,29.79,93377.46,37.17,259503.30,b0
765274459,1,158006,0,0,28.86,93384.09,39.53,213689.48,b0
765272923,2,158052,0,0,29.04,93408.01,39.49,211177.56,b0
765271642,3,158098,0,0,29.23,93365.89,38.62,314786.34,b0
765289819,4,158144,0,0,29.54,93380.92,37.93,214900.31,b0
765281116,5,158190,0,0,30.03,93415.66,36.55,228571.42,b0
765280092,6,158237,0,0,30.00,93405.44,36.33,203497.61,b0
765271896,7,158283,0,0,30.00,93402.30,37.50,196809.53,b0
765285466,8,158329,0,0,29.80,93379.35,37.18,259503.30,b0
765274459,1,158375,0,0,28.86,93386.29,39.52,213823.34,b0
765272923,2,158421,0,0,29.01,93404.50,39.48,211046.98,b0
765271642,3,158467,0,0,29.22,93364.20,38.63,313054.13,b0
765289819,4,158513,0,0,29.52,93380.81,37.92,214091.58,b0
765281116,5,158560,0,0,30.02,93411.63,36.55,228418.47,b0
765280092,6,158606,0,0,30.00,93407.54,36.33,203619.02,b0
765271896,7,158652,0,0,30.01,93403.95,37.50,195793.50,b0
765285466,8,158698,0,0,29.79,93378.87,37.19,259109.31,b0
765274459,1,158744,0,0,28.83,93384.34,39.51,214225.94,b0
765272923,2,158790,0,0,29.00,93406.66,39.47,211177.56,b0
765271642,3,158837,0,0,29.20,93363.72,38.62,313917.84,b0
765289819,4,158883,0,0,29.50,93379.28,37.90,215851.61,b0
765281116,5,158929,0,0,30.01,93412.46,36.56,228418.47,b0
765280092,6,158975,0,0,29.99,93405.27,36.32,204228.16,b0
765271896,7,159021,0,0,30.00,93401.41,37.48,195905.88,b0
765285466,8,159067,0,0,29.78,93376.13,37.18,259109.31,b0
765274459,1,159114,0,0,28.81,93382.73,39.49,214495.19,b0
765272923,2,159160,0,0,29.00,93406.28,39.46,211308.30,b0
765271642,3,159206,0,0,29.20,93363.17,38.60,314496.31,b0
765289819,4,159252,0,0,29.50,93380.70,37.92,215715.19,b0
765281116,5,159298,0,0,30.01,93412.28,36.54,228571.42,b0
765280092,6,159344,0,0,29.99,93405.27,36.33,204472.84,b0
765271896,7,159390,0,0,29.99,93402.04,37.49,196696.13,b0
765285466,8,159436,0,0,29.78,93378.03,37.19,259898.48,b0
765274459,1,159483,0,0,28.81,93383.65,39.48,213957.38,b0
765272923,2,159529,0,0,28.99,93406.09,39.47,211177.56,b0
765271642,3,159575,0,0,29.21,93365.02,38.60,313917.84,b0
765289819,4,159621,0,0,29.50,93378.55,37.91,215851.61,b0
765281116,5,159667,0,0,30.02,93412.03,36.53,228265.72,b0
765280092,6,159713,0,0,30.00,93405.74,36.33,203619.02,b0
765271896,7,159759,0,0,29.99,93402.95,37.49,196809.53,b0
765285466,8,159805,0,0,29.78,93377.50,37.18,259898.48,b0
765274459,1,159852,0,0,28.82,93383.99,39.48,214225.94,b0
765272923,2,159898,0,0,28.99,93407.20,39.48,211439.19,b0
765271642,3,159944,0,0,29.21,93364.66,38.61,315076.94,b0
765289819,4,159990,0,0,29.49,93378.84,37.90,213957.38,b0
765281116,5,160036,0,0,30.02,93410.34,36.56,230112.36,b0
765280092,6,160082,0,0,30.00,93405.44,36.33,203984.06,b0
765271896,7,160129,0,0,30.01,93400.93,37.47,196356.66,b0
765285466,8,160175,0,0,29.78,93376.78,37.20,259700.73,b0
765274459,1,160221,0,0,28.81,93382.19,39.50,214360.48,b0
765272923,2,160267,0,0,28.99,93406.44,39.46,211570.25,b0
765271642,3,160313,0,0,29.20,93362.80,38.60,316831.69,b0
765289819,4,160359,0,0,29.49,93377.80,37.91,215306.98,b0
765281116,5,160405,0,0,30.02,93411.31,36.57,228571.42,b0
765280092,6,160452,0,0,30.00,93404.67,36.36,204106.05,b0
765271896,7,160498,0,0,30.01,93400.95,37.50,197607.09,b0
765285466,8,160544,0,0,29.77,93376.33,37.22,259898.48,b0
765274459,1,160590,0,0,28.81,93381.65,39.51,214360.48,b0
765272923,2,160636,0,0,28.97,93406.04,39.47,211701.47,b0
765271642,3,160682,0,0,29.21,93365.34,38.62,315076.94,b0
765289819,4,160729,0,0,29.48,93377.55,37.90,215715.19,b0
765281116,5,160775,0,0,30.03,93412.96,36.58,228418.47,b0
765280092,6,160821,0,0,30.00,93405.03,36.35,203862.23,b0
765271896,7,160867,0,0,30.03,93400.68,37.50,197607.09,b0
765285466,8,160913,0,0,29.77,93378.54,37.22,259898.48,b0
765274459,1,160959,0,0,28.80,93382.41,39.49,214900.31,b0
765272923,2,161006,0,0,28.95,93405.99,39.47,211964.39,b0
765271642,3,161052,0,0,29.19,93364.70,38.62,315076.94,b0
765289819,4,161098,0,0,29.47,93376.25,37.90,214360.48,b0
765281116,5,161144,0,0,30.02,93411.84,36.58,228418.47,b0
765280092,6,161190,0,0,30.00,93405.03,36.34,203497.61,b0
765271896,7,161236,0,0,30.04,93401.99,37.52,196469.69,b0
765285466,8,161282,0,0,29.77,93376.69,37.22,260294.86,b0
765274459,1,161329,0,0,28.79,93382.80,39.49,215035.70,b0
765272923,2,161375,0,0,28.94,93406.16,39.47,211964.39,b0
765271642,3,161421,0,0,29.19,93363.07,38.62,318308.97,b0
765289819,4,161467,0,0,29.47,93378.56,37.91,215715.19,b0
765281116,5,161513,0,0,30.02,93412.76,36.58,228571.42,b0
765280092,6,161559,0,0,29.99,93405.13,36.36,204350.42,b0
765271896,7,161605,0,0,30.03,93401.45,37.51,196923.08,b0
765285466,8,161651,0,0,29.77,93376.73,37.23,262093.67,b0
765274459,1,161698,0,0,28.79,93383.34,39.50,215442.88,b0
765272923,2,161744,0,0,28.94,93404.88,39.48,212360.02,b0
765271642,3,161790,0,0,29.18,93365.19,38.59,315368.03,b0
765289819,4,161836,0,0,29.47,93377.70,37.91,214225.94,b0
765281116,5,161882,0,0,30.03,93411.70,36.58,227808.67,b0
765280092,6,161928,0,0,29.99,93404.80,36.36,204718.11,b0
765271896,7,161974,0,0,30.04,93400.60,37.49,197721.56,b0
765285466,8,162021,0,0,29.78,93376.42,37.24,262093.67,b0
765274459,1,162067,0,0,28.79,93382.06,39.49,215171.25,b0
765272923,2,162113,0,0,28.95,93404.36,39.47,211964.39,b0
765271642,3,162159,0,0,29.18,93364.63,38.61,318012.44,b0
765289819,4,162205,0,0,29.48,93377.59,37.92,215306.98,b0
765281116,5,162251,0,0,30.02,93411.48,36.57,228877.97,b0
765280092,6,162298,0,0,29.99,93404.45,36.36,205087.13,b0
765271896,7,162344,0,0,30.05,93400.45,37.50,197950.91,b0
765285466,8,162390,0,0,29.78,93375.59,37.23,260096.52,b0
765274459,1,162436,0,0,28.78,93382.26,39.50,215306.98,b0
765272923,2,162482,0,0,28.95,93405.27,39.48,211964.39,b0
765271642,3,162528,0,0,29.19,93363.77,38.60,318012.44,b0
765289819,4,162575,0,0,29.49,93377.41,37.92,215306.98,b0
765281116,5,162621,0,0,30.03,93410.48,36.56,229957.33,b0
765280092,6,162667,0,0,30.00,93404.15,36.37,204718.11,b0
765271896,7,162713,0,0,30.04,93400.63,37.49,197492.77,b0
765285466,8,162759,0,0,29.79,93376.90,37.23,259503.30,b0
765274459,1,162805,0,0,28.78,93382.63,39.49,215306.98,b0
765272923,2,162851,0,0,28.96,93404.37,39.47,212757.11,b0
765271642,3,162898,0,0,29.19,93363.43,38.60,316537.88,b0
765289819,4,162944,0,0,29.49,93378.52,37.92,216536.27,b0
765281116,5,162990,0,0,30.04,93413.62,36.56,229185.31,b0
765280092,6,163036,0,0,30.01,93405.84,36.36,204595.41,b0
765271896,7,163082,0,0,30.05,93401.38,37.51,197264.50,b0
765285466,8,163128,0,0,29.79,93376.37,37.23,260493.52,b0
765274459,1,163175,0,0,28.78,93380.46,39.50,215306.98,b0
765272923,2,163221,0,0,28.96,93405.29,39.49,213022.67,b0
765271642,3,163267,0,0,29.19,93364.33,38.61,316831.69,b0
765289819,4,163313,0,0,29.50,93378.19,37.93,216536.27,b0
765281116,5,163359,0,0,30.04,93410.91,36.60,228571.42,b0
765280092,6,163405,0,0,30.01,93406.02,36.35,204840.97,b0
765271896,7,163451,0,0,30.05,93401.93,37.50,197036.75,b0
765285466,8,163497,0,0,29.79,93377.14,37.25,260294.86,b0
765274459,1,163544,0,0,28.77,93382.28,39.50,215715.19,b0
765272923,2,163590,0,0,28.95,93405.43,39.50,213288.89,b0
765271642,3,163636,0,0,29.18,93363.76,38.61,318606.09,b0
765289819,4,163682,0,0,29.49,93379.20,37.92,216673.72,b0
765281116,5,163728,0,0,30.03,93411.59,36.62,230112.36,b0
765280092,6,163774,0,0,30.00,93405.81,36.37,204840.97,b0
765271896,7,163820,0,0,30.06,93400.54,37.53,198065.77,b0
765285466,8,163866,0,0,29.80,93377.70,37.26,260891.72,b0
765274459,1,163913,0,0,28.77,93381.02,39.51,215851.61,b0
765272923,2,163959,0,0,28.94,93406.33,39.50,212492.22,b0
765271642,3,164005,0,0,29.17,93361.90,38.60,317126.03,b0
765289819,4,164051,0,0,29.47,93378.03,37.93,217225.28,b0
765281116,5,164097,0,0,30.02,93412.87,36.61,229802.52,b0
765280092,6,164143,0,0,30.00,93404.90,36.36,205087.13,b0
765271896,7,164190,0,0,30.05,93403.54,37.54,196696.13,b0
765285466,8,164236,0,0,29.80,93377.75,37.28,261091.28,b0
765274459,1,164282,0,0,28.77,93380.84,39.50,215988.19,b0
765272923,2,164328,0,0,28.93,93405.05,39.48,212889.81,b0
765271642,3,164374,0,0,29.17,93362.60,38.62,316537.88,b0
765289819,4,164420,0,0,29.47,93379.49,37.93,217225.28,b0
765281116,5,164467,0,0,30.02,93410.34,36.61,229031.53,b0
765280092,6,164513,0,0,30.00,93404.31,36.37,205953.34,b0
765271896,7,164559,0,0,30.05,93400.69,37.54,196923.08,b0
765285466,8,164605,0,0,29.81,93378.25,37.26,261091.28,b0
765274459,1,164651,0,0,28.77,93383.20,39.50,216261.88,b0
765272923,2,164697,0,0,28.93,93404.31,39.50,212624.58,b0
765271642,3,164743,0,0,29.19,93363.41,38.61,317716.41,b0
765289819,4,164790,0,0,29.48,93378.62,37.93,217363.61,b0
765281116,5,164836,0,0,30.03,93411.36,36.62,230112.36,b0
765280092,6,164882,0,0,30.00,93406.98,36.36,206077.69,b0
765271896,7,164928,0,0,30.05,93401.93,37.53,198180.77,b0
765285466,8,164974,0,0,29.81,93376.61,37.27,260692.47,b0
765274459,1,165020,0,0,28.77,93381.37,39.51,215851.61,b0
765272923,2,165067,0,0,28.93,93404.50,39.50,212889.81,b0
765271642,3,165113,0,0,29.19,93362.74,38.61,315368.03,b0
765289819,4,165159,0,0,29.48,93379.02,37.93,217225.28,b0
765281116,5,165205,0,0,30.02,93409.84,36.63,229185.31,b0
765280092,6,165251,0,0,29.99,93405.09,36.36,206451.61,b0
765271896,7,165297,0,0,30.06,93402.14,37.52,197607.09,b0
765285466,8,165343,0,0,29.80,93376.70,37.27,261892.58,b0
765274459,1,165390,0,0,28.78,93382.28,39.51,216398.98,b0
765272923,2,165436,0,0,28.92,93406.10,39.49,213022.67,b0
765271642,3,165482,0,0,29.20,93362.94,38.61,318308.97,b0
765289819,4,165528,0,0,29.46,93377.63,37.92,217779.67,b0
765281116,5,165574,0,0,30.03,93411.02,36.62,229647.91,b0
765280092,6,165620,0,0,29.99,93405.85,36.36,205087.13,b0
765271896,7,165666,0,0,30.05,93401.59,37.52,198757.77,b0
765285466,8,165712,0,0,29.80,93376.16,37.26,262698.81,b0
765274459,1,165759,0,0,28.78,93380.46,39.52,216124.95,b0
765272923,2,165805,0,0,28.90,93404.05,39.50,213422.27,b0
765271642,3,165851,0,0,29.19,93363.79,38.59,316244.59,b0
765289819,4,165897,0,0,29.45,93379.21,37.91,216398.98,b0
765281116,5,165943,0,0,30.03,93411.15,36.61,228877.97,b0
765280092,6,165989,0,0,30.00,93405.38,36.36,206202.17,b0
765271896,7,166035,0,0,30.06,93401.27,37.50,199105.58,b0
765285466,8,166082,0,0,29.81,93377.46,37.27,261491.31,b0
765274459,1,166128,0,0,28.76,93382.31,39.50,216124.95,b0
765272923,2,166174,0,0,28.89,93404.60,39.48,213422.27,b0
765271642,3,166220,0,0,29.18,93364.10,38.62,318308.97,b0
765289819,4,166266,0,0,29.44,93378.42,37.92,216673.72,b0
765281116,5,166312,0,0,30.03,93410.66,36.62,230423.05,b0
765280092,6,166359,0,0,30.00,93404.15,36.35,205829.14,b0
765271896,7,166405,0,0,30.06,93399.16,37.50,198873.56,b0
765285466,8,166451,0,0,29.81,93376.82,37.27,261291.14,b0
765274459,1,166497,0,0,28.75,93383.08,39.52,216124.95,b0
765272923,2,166543,0,0,28.87,93402.73,39.49,213155.70,b0
765271642,3,166589,0,0,29.17,93364.93,38.60,319202.00,b0
765289819,4,166636,0,0,29.43,93379.10,37.90,218197.31,b0
765281116,5,166682,0,0,30.03,93410.42,36.59,229647.91,b0
765280092,6,166728,0,0,30.00,93407.03,36.36,206701.66,b0
765271896,7,166774,0,0,30.07,93402.43,37.50,198526.56,b0
765285466,8,166820,0,0,29.82,93377.78,37.25,260891.72,b0
765274459,1,166866,0,0,28.73,93383.48,39.52,216398.98,b0
765272923,2,166912,0,0,28.87,93404.53,39.50,213823.34,b0
765271642,3,166959,0,0,29.16,93363.58,38.61,318606.09,b0
765289819,4,167005,0,0,29.41,93378.44,37.90,218336.89,b0
765281116,5,167051,0,0,30.03,93411.55,36.59,230890.64,b0
765280092,6,167097,0,0,30.00,93405.56,36.34,206826.91,b0
765271896,7,167143,0,0,30.08,93399.95,37.49,198295.89,b0
765285466,8,167189,0,0,29.83,93376.75,37.25,261091.28,b0
765274459,1,167236,0,0,28.73,93383.48,39.50,216398.98,b0
765272923,2,167282,0,0,28.86,93404.69,39.49,213422.27,b0
765271642,3,167328,0,0,29.16,93364.11,38.57,317126.03,b0
765289819,4,167374,0,0,29.42,93379.03,37.92,217918.70,b0
765281116,5,167420,0,0,30.03,93413.67,36.60,230423.05,b0
765280092,6,167466,0,0,30.00,93404.84,36.34,205457.47,b0
765271896,7,167512,0,0,30.08,93401.79,37.48,198526.56,b0
765285466,8,167558,0,0,29.83,93374.83,37.24,262496.78,b0
765274459,1,167605,0,0,28.72,93380.21,39.52,216261.88,b0
765272923,2,167651,0,0,28.86,93404.15,39.50,213555.78,b0
765271642,3,167697,0,0,29.15,93362.13,38.58,318606.09,b0
765289819,4,167743,0,0,29.43,93377.66,37.92,216536.27,b0
765281116,5,167789,0,0,30.03,93409.03,36.58,231517.06,b0
765280092,6,167835,0,0,30.00,93404.74,36.33,205581.20,b0
765271896,7,167881,0,0,30.09,93401.47,37.45,198411.16,b0
765285466,8,167927,0,0,29.84,93377.77,37.24,262093.67,b0
765274459,1,167974,0,0,28.74,93381.64,39.50,216398.98,b0
765272923,2,168020,0,0,28.87,93403.09,39.51,213422.27,b0
765271642,3,168066,0,0,29.17,93362.94,38.61,316831.69,b0
765289819,4,168112,0,0,29.46,93379.23,37.94,217502.13,b0
765281116,5,168158,0,0,30.04,93408.41,36.58,229957.33,b0
765280092,6,168204,0,0,30.00,93403.31,36.33,205087.13,b0
765271896,7,168251,0,0,30.09,93399.51,37.45,198989.50,b0
765285466,8,168297,0,0,29.84,93377.77,37.22,259700.73,b0
765274459,1,168343,0,0,28.75,93381.98,39.51,215715.19,b0
765272923,2,168389,0,0,28.89,93405.31,39.53,213022.67,b0
765271642,3,168435,0,0,29.19,93362.88,38.62,316831.69,b0
765289819,4,168481,0,0,29.47,93378.39,37.95,216261.88,b0
765281116,5,168528,0,0,30.06,93412.00,36.57,229957.33,b0
765280092,6,168574,0,0,30.02,93404.23,36.35,205457.47,b0
765271896,7,168620,0,0,30.11,93403.00,37.45,197264.50,b0
765285466,8,168666,0,0,29.84,93376.16,37.23,260493.52,b0
765274459,1,168712,0,0,28.76,93383.95,39.52,215715.19,b0
765272923,2,168758,0,0,28.90,93404.78,39.54,212889.81,b0
765271642,3,168804,0,0,29.18,93363.55,38.61,317420.97,b0
765289819,4,168851,0,0,29.48,93378.46,37.93,215851.61,b0
765281116,5,168897,0,0,30.06,93411.78,36.58,229493.50,b0
765280092,6,168943,0,0,30.02,93405.11,36.33,205210.42,b0
765271896,7,168989,0,0,30.11,93401.76,37.43,197836.17,b0
765285466,8,169035,0,0,29.84,93378.19,37.23,260096.52,b0
765274459,1,169081,0,0,28.75,93382.34,39.52,215851.61,b0
765272923,2,169128,0,0,28.90,93404.41,39.56,212757.11,b0
765271642,3,169174,0,0,29.17,93365.48,38.61,315368.03,b0
765289819,4,169220,0,0,29.47,93378.22,37.95,216949.16,b0
765281116,5,169266,0,0,30.06,93409.80,36.57,229957.33,b0
765280092,6,169312,0,0,30.03,93406.84,36.33,205457.47,b0
765271896,7,169358,0,0,30.10,93401.74,37.42,197721.56,b0
765285466,8,169404,0,0,29.83,93376.81,37.21,259898.48,b0
765274459,1,169451,0,0,28.74,93382.19,39.51,216261.88,b0
765272923,2,169497,0,0,28.89,93402.94,39.56,213022.67,b0
765271642,3,169543,0,0,29.17,93366.15,38.59,314786.34,b0
765289819,4,169589,0,0,29.46,93377.63,37.94,217363.61,b0
765281116,5,169635,0,0,30.06,93410.88,36.56,229185.31,b0
765280092,6,169681,0,0,30.02,93405.29,36.32,205705.11,b0
765271896,7,169727,0,0,30.11,93401.76,37.41,197607.09,b0
765285466,8,169773,0,0,29.84,93376.33,37.22,260692.47,b0
765274459,1,169820,0,0,28.74,93382.53,39.54,215715.19,b0
765272923,2,169866,0,0,28.89,93404.77,39.57,212624.58,b0
765271642,3,169912,0,0,29.16,93363.42,38.61,317716.41,b0
765289819,4,169958,0,0,29.46,93377.60,37.94,215715.19,b0
765281116,5,170004,0,0,30.05,93409.23,36.57,228877.97,b0
765280092,6,170050,0,0,30.03,93404.28,36.32,205210.42,b0
765271896,7,170096,0,0,30.10,93402.27,37.40,198065.77,b0
765285466,8,170143,0,0,29.84,93377.95,37.21,258324.92,b0
765274459,1,170189,0,0,28.74,93381.09,39.54,215306.98,b0
765272923,2,170235,0,0,28.90,93404.80,39.56,212889.81,b0
765271642,3,170281,0,0,29.17,93364.38,38.62,318012.44,b0
765289819,4,170327,0,0,29.46,93378.72,37.95,216673.72,b0
765281116,5,170373,0,0,30.07,93409.92,36.56,229957.33,b0
765280092,6,170420,0,0,30.03,93405.70,36.31,204350.42,b0
765271896,7,170466,0,0,30.11,93404.13,37.40,196582.84,b0
765285466,8,170512,0,0,29.84,93376.04,37.20,260096.52,b0
765274459,1,170558,0,0,28.75,93382.71,39.54,215851.61,b0
765272923,2,170604,0,0,28.91,93403.91,39.55,212360.02,b0
765271642,3,170650,0,0,29.17,93364.22,38.62,315951.88,b0
765289819,4,170697,0,0,29.47,93378.22,37.95,217225.28,b0
765281116,5,170743,0,0,30.07,93410.48,36.56,229802.52,b0
765280092,6,170789,0,0,30.04,93405.98,36.33,204106.05,b0
765271896,7,170835,0,0,30.11,93401.76,37.37,196923.08,b0
765285466,8,170881,0,0,29.85,93376.44,37.21,259503.30,b0
765274459,1,170927,0,0,28.75,93381.07,39.53,215171.25,b0
765272923,2,170973,0,0,28.92,93404.10,39.55,212227.98,b0
765271642,3,171020,0,0,29.18,93365.02,38.62,315368.03,b0
765289819,4,171066,0,0,29.48,93379.16,37.96,217502.13,b0
765281116,5,171112,0,0,30.07,93410.83,36.54,229493.50,b0
765280092,6,171158,0,0,30.03,93405.57,36.34,204718.11,b0
765271896,7,171204,0,0,30.10,93402.07,37.38,196809.53,b0
765285466,8,171250,0,0,29.84,93377.23,37.18,260493.52,b0
765274459,1,171297,0,0,28.77,93383.21,39.54,214360.48,b0
765272923,2,171343,0,0,28.92,93404.30,39.56,212096.11,b0
765271642,3,171389,0,0,29.19,93363.45,38.62,313917.84,b0
765289819,4,171435,0,0,29.49,93376.88,37.97,215442.88,b0
765281116,5,171481,0,0,30.05,93412.31,36.55,230267.59,b0
765280092,6,171527,0,0,30.02,93406.88,36.31,204106.05,b0
765271896,7,171573,0,0,30.08,93401.79,37.37,198411.16,b0
765285466,8,171619,0,0,29.83,93376.40,37.19,260891.72,b0
765274459,1,171666,0,0,28.78,93383.00,39.57,214630.06,b0
765272923,2,171712,0,0,28.93,93405.22,39.57,212096.11,b0
765271642,3,171758,0,0,29.20,93362.94,38.63,317126.03,b0
765289819,4,171804,0,0,29.49,93378.30,37.95,213957.38,b0
765281116,5,171850,0,0,30.06,93412.69,36.55,228418.47,b0
765280092,6,171896,0,0,30.02,93405.48,36.31,204472.84,b0
765271896,7,171942,0,0,30.08,93402.30,37.35,198526.56,b0
765285466,8,171988,0,0,29.84,93377.78,37.18,260891.72,b0
765274459,1,172035,0,0,28.77,93380.66,39.55,214765.09,b0
765272923,2,172081,0,0,28.92,93405.38,39.57,211964.39,b0
765271642,3,172127,0,0,29.20,93364.98,38.62,316537.88,b0
765289819,4,172173,0,0,29.49,93379.20,37.95,216261.88,b0
765281116,5,172219,0,0,30.05,93410.50,36.54,228571.42,b0
765280092,6,172265,0,0,30.03,93406.97,36.30,204228.16,b0
765271896,7,172312,0,0,30.10,93404.19,37.34,198295.89,b0
765285466,8,172358,0,0,29.83,93375.75,37.18,260493.52,b0
765274459,1,172404,0,0,28.77,93383.94,39.55,214900.31,b0
765272923,2,172450,0,0,28.90,93405.33,39.54,211832.84,b0
765271642,3,172496,0,0,29.20,93364.26,38.62,316244.59,b0
765289819,4,172542,0,0,29.48,93377.91,37.95,216811.34,b0
765281116,5,172589,0,0,30.05,93413.21,36.54,228571.42,b0
765280092,6,172635,0,0,30.02,93405.59,36.31,203740.55,b0
765271896,7,172681,0,0,30.10,93402.80,37.37,198757.77,b0
765285466,8,172727,0,0,29.84,93375.81,37.19,260493.52,b0
765274459,1,172773,0,0,28.75,93382.34,39.55,215035.70,b0
765272923,2,172819,0,0,28.89,93404.95,39.56,212624.58,b0
765271642,3,172865,0,0,29.19,93364.85,38.61,316244.59,b0
765289819,4,172912,0,0,29.47,93378.73,37.95,216673.72,b0
765281116,5,172958,0,0,30.05,93408.31,36.53,229957.33,b0
765280092,6,173004,0,0,30.02,93405.94,36.31,205705.11,b0
765271896,7,173050,0,0,30.10,93401.91,37.34,199221.80,b0
765285466,8,173096,0,0,29.85,93378.76,37.17,261291.14,b0
765274459,1,173142,0,0,28.74,93382.17,39.55,214765.09,b0
765272923,2,173189,0,0,28.90,93404.61,39.57,212492.22,b0
765271642,3,173235,0,0,29.19,93364.17,38.61,314786.34,b0
765289819,4,173281,0,0,29.47,93381.27,37.95,216673.72,b0
765281116,5,173327,0,0,30.06,93409.70,36.54,230112.36,b0
765280092,6,173373,0,0,30.03,93405.34,36.30,204963.97,b0
765271896,7,173419,0,0,30.11,93402.16,37.35,198180.77,b0
765285466,8,173465,0,0,29.85,93377.20,37.17,260891.72,b0
765274459,1,173512,0,0,28.74,93382.35,39.55,215035.70,b0
765272923,2,173558,0,0,28.91,93406.27,39.59,212889.81,b0
765271642,3,173604,0,0,29.18,93363.41,38.62,317126.03,b0
765289819,4,173650,0,0,29.48,93378.80,37.96,217779.67,b0
765281116,5,173696,0,0,30.07,93409.76,36.53,228724.59,b0
765280092,6,173742,0,0,30.03,93405.20,36.31,205457.47,b0
765271896,7,173788,0,0,30.12,93403.45,37.34,198989.50,b0
765285466,8,173834,0,0,29.86,93376.06,37.18,261091.28,b0
765274459,1,173881,0,0,28.74,93382.35,39.57,214900.31,b0
765272923,2,173927,0,0,28.92,93407.75,39.59,212360.02,b0
765271642,3,173973,0,0,29.19,93365.20,38.62,314786.34,b0
765289819,4,174019,0,0,29.48,93379.00,37.97,217087.13,b0
765281116,5,174065,0,0,30.07,93409.42,36.55,228877.97,b0
765280092,6,174111,0,0,30.03,93405.75,36.30,204350.42,b0
765271896,7,174157,0,0,30.13,93402.27,37.34,198180.77,b0
765285466,8,174204,0,0,29.87,93377.54,37.16,260692.47,b0
765274459,1,174250,0,0,28.73,93382.02,39.57,214900.31,b0
765272923,2,174296,0,0,28.90,93406.97,39.57,212227.98,b0
765271642,3,174342,0,0,29.17,93366.18,38.62,316537.88,b0
765289819,4,174388,0,0,29.46,93378.35,37.93,218197.31,b0
765281116,5,174434,0,0,30.08,93409.29,36.54,228877.97,b0
765280092,6,174481,0,0,30.03,93404.84,36.32,204840.97,b0
765271896,7,174527,0,0,30.14,93403.55,37.33,198180.77,b0
765285466,8,174573,0,0,29.87,93379.55,37.15,261091.28,b0
765274459,1,174619,0,0,28.72,93382.23,39.56,215306.98,b0
765272923,2,174665,0,0,28.88,93407.47,39.59,212757.11,b0
765271642,3,174711,0,0,29.16,93365.01,38.61,316537.88,b0
765289819,4,174758,0,0,29.45,93378.48,37.96,216811.34,b0
765281116,5,174804,0,0,30.08,93411.82,36.53,230734.56,b0
765280092,6,174850,0,0,30.03,93406.76,36.30,205829.14,b0
765271896,7,174896,0,0,30.14,93405.36,37.34,198642.09,b0
765285466,8,174942,0,0,29.87,93378.47,37.16,261091.28,b0
765274459,1,174988,0,0,28.72,93383.31,39.55,215442.88,b0
765272923,2,175034,0,0,28.88,93405.46,39.59,212757.11,b0
765271642,3,175081,0,0,29.14,93365.26,38.60,315368.03,b0
765289819,4,175127,0,0,29.44,93379.51,37.96,216398.98,b0
765281116,5,175173,0,0,30.06,93412.41,36.53,229647.91,b0
765280092,6,175219,0,0,30.02,93407.04,36.31,205953.34,b0
765271896,7,175265,0,0,30.14,93404.48,37.31,197721.56,b0
765285466,8,175311,0,0,29.87,93378.66,37.15,262698.81,b0
765274459,1,175358,0,0,28.71,93383.15,39.56,215851.61,b0
765272923,2,175404,0,0,28.87,93403.63,39.57,212624.58,b0
765271642,3,175450,0,0,29.13,93364.84,38.63,315368.03,b0
765289819,4,175496,0,0,29.44,93380.40,37.96,217363.61,b0
765281116,5,175542,0,0,30.05,93412.27,36.53,229802.52,b0
765280092,6,175588,0,0,30.01,93408.77,36.29,206202.17,b0
765271896,7,175634,0,0,30.13,93401.55,37.30,198642.09,b0
765285466,8,175680,0,0,29.87,93379.17,37.15,260891.72,b0
765274459,1,175727,0,0,28.71,93382.96,39.57,215171.25,b0
765272923,2,175773,0,0,28.86,93406.15,39.58,212492.22,b0
765271642,3,175819,0,0,29.14,93364.54,38.62,316244.59,b0
765289819,4,175865,0,0,29.44,93380.76,37.96,216811.34,b0
765281116,5,175911,0,0,30.04,93413.47,36.51,230267.59,b0
765280092,6,175957,0,0,30.01,93407.62,36.29,205829.14,b0
765271896,7,176003,0,0,30.13,93402.07,37.32,198295.89,b0
765285466,8,176049,0,0,29.88,93380.35,37.14,262295.09,b0
765274459,1,176096,0,0,28.71,93384.05,39.56,215578.95,b0
765272923,2,176142,0,0,28.87,93406.53,39.58,212757.11,b0
765271642,3,176188,0,0,29.15,93365.83,38.61,314786.34,b0
765289819,4,176234,0,0,29.45,93380.43,37.96,216124.95,b0
765281116,5,176280,0,0,30.03,93414.22,36.52,230890.64,b0
765280092,6,176326,0,0,30.01,93406.21,36.30,205705.11,b0
765271896,7,176373,0,0,30.12,93403.80,37.30,198411.16,b0
765285466,8,176419,0,0,29.85,93378.30,37.13,261291.14,b0
765274459,1,176465,0,0,28.72,93384.77,39.57,215578.95,b0
765272923,2,176511,0,0,28.87,93407.09,39.58,212757.11,b0
765271642,3,176557,0,0,29.15,93364.27,38.62,315951.88,b0
765289819,4,176603,0,0,29.46,93381.55,37.96,215851.61,b0
765281116,5,176650,0,0,30.01,93412.49,36.51,229339.31,b0
765280092,6,176696,0,0,30.01,93406.74,36.29,206451.61,b0
765271896,7,176742,0,0,30.10,93403.11,37.30,198295.89,b0
765285466,8,176788,0,0,29.83,93378.60,37.14,262698.81,b0
765274459,1,176834,0,0,28.72,93383.85,39.58,215306.98,b0
765272923,2,176880,0,0,28.89,93407.68,39.59,212492.22,b0
765271642,3,176926,0,0,29.15,93364.81,38.63,316244.59,b0
765289819,4,176973,0,0,29.47,93377.66,37.96,217225.28,b0
765281116,5,177019,0,0,30.01,93414.27,36.51,230267.59,b0
765280092,6,177065,0,0,30.00,93407.77,36.29,206326.81,b0
765271896,7,177111,0,0,30.08,93404.05,37.28,200273.81,b0
765285466,8,177157,0,0,29.81,93379.67,37.11,262295.09,b0
765274459,1,177203,0,0,28.72,93381.67,39.60,215306.98,b0
765272923,2,177250,0,0,28.90,93404.77,39.60,213022.67,b0
765271642,3,177296,0,0,29.16,93365.19,38.63,316831.69,b0
765289819,4,177342,0,0,29.47,93378.95,37.99,215988.19,b0
765281116,5,177388,0,0,30.01,93413.75,36.52,229802.52,b0
765280092,6,177434,0,0,30.01,93406.10,36.29,205953.34,b0
765271896,7,177480,0,0,30.05,93402.48,37.26,199571.23,b0
765285466,8,177526,0,0,29.78,93376.78,37.12,262496.78,b0
765274459,1,177573,0,0,28.72,93382.23,39.59,215442.88,b0
765272923,2,177619,0,0,28.92,93407.02,39.60,212757.11,b0
765271642,3,177665,0,0,29.16,93364.48,38.62,318606.09,b0
765289819,4,177711,0,0,29.47,93381.27,37.96,215988.19,b0
765281116,5,177757,0,0,30.04,93413.95,36.51,229802.52,b0
765280092,6,177803,0,0,30.02,93407.04,36.29,205705.11,b0
765271896,7,177849,0,0,30.05,93403.90,37.26,200156.38,b0
765285466,8,177895,0,0,29.78,93378.41,37.13,262496.78,b0
765274459,1,177942,0,0,28.72,93383.86,39.60,215442.88,b0
765272923,2,177988,0,0,28.92,93407.20,39.61,212624.58,b0
765271642,3,178034,0,0,29.15,93366.95,38.63,316244.59,b0
765289819,4,178080,0,0,29.47,93379.82,37.98,216673.72,b0
765281116,5,178126,0,0,30.04,93412.20,36.53,230734.56,b0
765280092,6,178172,0,0,30.02,93406.18,36.30,204718.11,b0
765271896,7,178218,0,0,30.07,93402.59,37.27,199687.98,b0
765285466,8,178265,0,0,29.79,93375.85,37.11,262901.16,b0
765274459,1,178311,0,0,28.71,93382.96,39.60,215442.88,b0
765272923,2,178357,0,0,28.90,93404.95,39.62,213022.67,b0
765271642,3,178403,0,0,29.14,93365.28,38.64,316537.88,b0
765289819,4,178449,0,0,29.46,93377.96,37.96,218896.97,b0
765281116,5,178495,0,0,30.04,93411.45,36.51,230890.64,b0
765280092,6,178542,0,0,30.01,93406.80,36.29,206202.17,b0
765271896,7,178588,0,0,30.09,93404.48,37.27,199571.23,b0
765285466,8,178634,0,0,29.81,93377.29,37.13,262698.81,b0
765274459,1,178680,0,0,28.70,93383.00,39.58,215988.19,b0
765272923,2,178726,0,0,28.87,93405.80,39.60,213155.70,b0
765271642,3,178772,0,0,29.14,93366.48,38.63,318606.09,b0
765289819,4,178818,0,0,29.44,93380.93,37.96,216261.88,b0
765281116,5,178865,0,0,30.02,93412.39,36.52,231674.20,b0
765280092,6,178911,0,0,30.01,93407.85,36.30,205581.20,b0
765271896,7,178957,0,0,30.08,93404.41,37.27,199687.98,b0
765285466,8,179003,0,0,29.81,93377.09,37.12,263103.81,b0
765274459,1,179049,0,0,28.68,93381.58,39.59,215578.95,b0
765272923,2,179095,0,0,28.85,93406.12,39.61,213022.67,b0
765271642,3,179142,0,0,29.11,93365.44,38.63,317126.03,b0
765289819,4,179188,0,0,29.42,93377.41,37.97,216536.27,b0
765281116,5,179234,0,0,30.01,93412.46,36.50,232146.91,b0
765280092,6,179280,0,0,30.00,93405.91,36.29,206326.81,b0
765271896,7,179326,0,0,30.06,93399.83,37.26,200391.39,b0
765285466,8,179372,0,0,29.80,93377.52,37.13,262698.81,b0
765274459,1,179419,0,0,28.67,93381.43,39.59,215578.95,b0
765272923,2,179465,0,0,28.84,93405.57,39.61,213155.70,b0
765271642,3,179511,0,0,29.10,93363.55,38.62,319202.00,b0
765289819,4,179557,0,0,29.41,93379.50,37.96,217918.70,b0
765281116,5,179603,0,0,30.02,93412.15,36.50,231989.13,b0
765280092,6,179649,0,0,30.00,93404.38,36.28,205953.34,b0
765271896,7,179695,0,0,30.07,93402.20,37.27,200626.95,b0
765285466,8,179741,0,0,29.80,93378.09,37.12,262698.81,b0
765274459,1,179788,0,0,28.65,93382.02,39.59,215715.19,b0
765272923,2,179834,0,0,28.82,93405.34,39.62,213022.67,b0
765271642,3,179880,0,0,29.09,93362.56,38.64,316831.69,b0
765289819,4,179926,0,0,29.40,93377.81,37.97,216398.98,b0
765281116,5,179972,0,0,30.01,93412.26,36.51,231046.94,b0
765280092,6,180018,0,0,30.00,93406.34,36.29,206077.69,b0
765271896,7,180064,0,0,30.07,93402.43,37.25,200039.06,b0
765285466,8,180110,0,0,29.80,93377.57,37.13,264121.75,b0
765274459,1,180157,0,0,28.64,93381.48,39.60,216124.95,b0
765272923,2,180203,0,0,28.81,93404.04,39.60,213555.78,b0
765271642,3,180249,0,0,29.08,93365.58,38.64,317126.03,b0
765289819,4,180295,0,0,29.39,93378.84,37.96,218756.67,b0
765281116,5,180341,0,0,30.00,93410.52,36.51,231989.13,b0
765280092,6,180387,0,0,29.99,93406.38,36.28,205457.47,b0
765271896,7,180434,0,0,30.06,93402.00,37.28,200863.08,b0
765285466,8,180480,0,0,29.80,93375.78,37.13,263917.53,b0
765274459,1,180526,0,0,28.65,93382.93,39.59,215988.19,b0
765272923,2,180572,0,0,28.81,93405.31,39.61,213555.78,b0
765271642,3,180618,0,0,29.08,93364.49,38.63,316537.88,b0
765289819,4,180664,0,0,29.38,93377.18,37.97,216536.27,b0
765281116,5,180710,0,0,29.99,93409.88,36.51,230890.64,b0
765280092,6,180757,0,0,29.99,93407.41,36.28,206451.61,b0
765271896,7,180803,0,0,30.06,93402.49,37.26,200039.06,b0
765285466,8,180849,0,0,29.80,93377.36,37.13,264736.31,b0
765274459,1,180895,0,0,28.66,93381.26,39.63,216398.98,b0
765272923,2,180941,0,0,28.82,93403.51,39.61,214091.58,b0
765271642,3,180987,0,0,29.09,93364.35,38.64,315951.88,b0
765289819,4,181034,0,0,29.40,93380.68,37.97,217225.28,b0
765281116,5,181080,0,0,29.99,93411.02,36.50,231674.20,b0
765280092,6,181126,0,0,29.98,93406.66,36.28,206202.17,b0
765271896,7,181172,0,0,30.06,93402.18,37.28,201932.56,b0
765285466,8,181218,0,0,29.80,93376.48,37.15,264121.75,b0
765274459,1,181264,0,0,28.66,93382.53,39.62,216124.95,b0
765272923,2,181311,0,0,28.82,93406.43,39.62,213689.48,b0
765271642,3,181357,0,0,29.10,93364.60,38.65,317716.41,b0
765289819,4,181403,0,0,29.40,93377.64,37.97,217087.13,b0
765281116,5,181449,0,0,30.00,93410.93,36.52,230890.64,b0
765280092,6,181495,0,0,30.00,93406.82,36.30,206451.61,b0
765271896,7,181541,0,0,30.06,93401.83,37.25,199804.88,b0
765285466,8,181587,0,0,29.82,93377.38,37.14,264736.31,b0
765274459,1,181634,0,0,28.68,93383.03,39.61,215988.19,b0
765272923,2,181680,0,0,28.83,93404.99,39.63,213555.78,b0
765271642,3,181726,0,0,29.10,93363.20,38.67,316537.88,b0
765289819,4,181772,0,0,29.40,93377.84,37.97,216673.72,b0
765281116,5,181818,0,0,30.01,93411.02,36.50,232463.11,b0
765280092,6,181864,0,0,30.00,93405.28,36.28,207329.42,b0
765271896,7,181910,0,0,30.07,93402.61,37.27,201574.80,b0
765285466,8,181956,0,0,29.82,93376.71,37.13,263306.75,b0
765274459,1,182003,0,0,28.68,93381.77,39.64,216536.27,b0
765272923,2,182049,0,0,28.83,93403.91,39.63,213422.27,b0
765271642,3,182095,0,0,29.11,93364.19,38.66,318606.09,b0
765289819,4,182141,0,0,29.41,93378.09,37.98,216949.16,b0
765281116,5,182187,0,0,30.04,93410.70,36.51,230578.70,b0
765280092,6,182233,0,0,30.02,93405.61,36.28,207203.56,b0
765271896,7,182279,0,0,30.08,93402.65,37.27,201455.83,b0
765285466,8,182326,0,0,29.81,93376.07,37.14,263713.63,b0
765274459,1,182372,0,0,28.70,93381.55,39.64,216261.88,b0
765272923,2,182418,0,0,28.85,93403.95,39.64,213288.89,b0
765271642,3,182464,0,0,29.13,93362.29,38.69,316537.88,b0
765289819,4,182510,0,0,29.43,93377.63,37.98,217779.67,b0
765281116,5,182556,0,0,30.05,93408.70,36.54,232146.91,b0
765280092,6,182603,0,0,30.03,93404.66,36.29,206701.66,b0
765271896,7,182649,0,0,30.07,93401.54,37.27,200626.95,b0
765285466,8,182695,0,0,29.83,93378.19,37.14,263917.53,b0
765274459,1,182741,0,0,28.71,93381.52,39.63,215851.61,b0
765272923,2,182787,0,0,28.87,93403.99,39.67,212889.81,b0
765271642,3,182833,0,0,29.14,93361.64,38.69,317716.41,b0
765289819,4,182879,0,0,29.44,93376.81,37.98,217918.70,b0
765281116,5,182926,0,0,30.07,93409.71,36.52,232304.91,b0
765280092,6,182972,0,0,30.03,93403.23,36.29,207203.56,b0
765271896,7,183018,0,0,30.09,93402.18,37.27,200273.81,b0
765285466,8,183064,0,0,29.84,93376.53,37.13,265147.59,b0
765274459,1,183110,0,0,28.73,93382.02,39.64,215442.88,b0
765272923,2,183156,0,0,28.88,93404.56,39.63,213022.67,b0
765271642,3,183203,0,0,29.15,93364.43,38.68,317126.03,b0
765289819,4,183249,0,0,29.45,93377.75,38.01,217918.70,b0
765281116,5,183295,0,0,30.08,93409.65,36.54,231831.56,b0
765280092,6,183341,0,0,30.04,93405.98,36.30,206952.30,b0
765271896,7,183387,0,0,30.11,93402.30,37.28,200509.11,b0
765285466,8,183433,0,0,29.84,93377.29,37.12,263103.81,b0
765274459,1,183480,0,0,28.74,93380.17,39.64,215578.95,b0
765272923,2,183526,0,0,28.89,93403.48,39.65,213155.70,b0
765271642,3,183572,0,0,29.17,93364.73,38.67,315951.88,b0
765289819,4,183618,0,0,29.46,93378.18,38.01,218057.92,b0
765281116,5,183664,0,0,30.09,93409.34,36.52,231831.56,b0
765280092,6,183710,0,0,30.04,93404.20,36.28,205581.20,b0
765271896,7,183756,0,0,30.11,93402.16,37.28,199687.98,b0
765285466,8,183802,0,0,29.85,93377.73,37.12,263306.75,b0
765274459,1,183849,0,0,28.74,93383.44,39.65,215171.25,b0
765272923,2,183895,0,0,28.90,93405.51,39.66,212757.11,b0
765271642,3,183941,0,0,29.17,93364.38,38.67,316244.59,b0
765289819,4,183987,0,0,29.47,93378.92,38.00,217779.67,b0
765281116,5,184033,0,0,30.09,93410.09,36.51,231360.14,b0
765280092,6,184079,0,0,30.04,93405.14,36.26,205581.20,b0
765271896,7,184125,0,0,30.13,93401.38,37.28,200156.38,b0
765285466,8,184171,0,0,29.86,93376.74,37.13,263917.53,b0
765274459,1,184218,0,0,28.74,93382.17,39.65,215171.25,b0
765272923,2,184264,0,0,28.89,93403.68,39.66,213022.67,b0
765271642,3,184310,0,0,29.17,93364.90,38.69,315368.03,b0
765289819,4,184356,0,0,29.46,93379.59,38.01,216398.98,b0
765281116,5,184402,0,0,30.09,93409.89,36.52,232304.91,b0
765280092,6,184448,0,0,30.04,93405.67,36.28,206202.17,b0
765271896,7,184495,0,0,30.13,93401.92,37.26,199804.88,b0
765285466,8,184541,0,0,29.86,93376.39,37.13,262295.09,b0
765274459,1,184587,0,0,28.74,93382.00,39.64,215715.19,b0
765272923,2,184633,0,0,28.88,93404.39,39.64,212889.81,b0
765271642,3,184679,0,0,29.15,93363.21,38.67,316244.59,b0
765289819,4,184725,0,0,29.44,93378.78,37.99,216949.16,b0
765281116,5,184771,0,0,30.06,93410.94,36.50,231831.56,b0
765280092,6,184818,0,0,30.02,93405.48,36.27,206701.66,b0
765271896,7,184864,0,0,30.12,93402.21,37.26,199921.91,b0
765285466,8,184910,0,0,29.86,93376.74,37.13,263713.63,b0
765274459,1,184956,0,0,28.73,93383.12,39.65,214900.31,b0
765272923,2,185002,0,0,28.88,93404.91,39.64,213288.89,b0
765271642,3,185048,0,0,29.14,93362.89,38.66,316831.69,b0
765289819,4,185095,0,0,29.42,93377.61,38.00,216811.34,b0
765281116,5,185141,0,0,30.05,93410.44,36.50,231674.20,b0
765280092,6,185187,0,0,30.02,93404.91,36.27,206826.91,b0
765271896,7,185233,0,0,30.11,93402.34,37.26,199804.88,b0
765285466,8,185279,0,0,29.85,93376.48,37.11,263713.63,b0
765274459,1,185325,0,0,28.72,93382.23,39.63,215715.19,b0
765272923,2,185372,0,0,28.87,93407.09,39.65,213022.67,b0
765271642,3,185418,0,0,29.13,93365.93,38.68,317716.41,b0
765289819,4,185464,0,0,29.42,93377.92,37.99,217640.81,b0
765281116,5,185510,0,0,30.04,93410.21,36.49,231831.56,b0
765280092,6,185556,0,0,30.02,93404.88,36.28,206701.66,b0
765271896,7,185602,0,0,30.12,93401.47,37.25,201099.77,b0
765285466,8,185648,0,0,29.86,93375.82,37.12,263917.53,b0
765274459,1,185695,0,0,28.71,93380.24,39.64,216261.88,b0
765272923,2,185741,0,0,28.86,93404.87,39.65,213288.89,b0
765271642,3,185787,0,0,29.12,93363.55,38.68,316831.69,b0
765289819,4,185833,0,0,29.41,93378.78,37.98,218336.89,b0
765281116,5,185879,0,0,30.03,93413.21,36.49,230890.64,b0
765280092,6,185925,0,0,30.01,93406.27,36.28,206451.61,b0
765271896,7,185971,0,0,30.11,93401.76,37.24,201337.00,b0
765285466,8,186017,0,0,29.86,93377.61,37.12,263510.03,b0
765274459,1,186064,0,0,28.70,93381.71,39.64,216124.95,b0
765272923,2,186110,0,0,28.85,93404.30,39.63,213422.27,b0
765271642,3,186156,0,0,29.11,93364.88,38.67,319500.78,b0
765289819,4,186202,0,0,29.40,93377.81,37.98,217363.61,b0
765281116,5,186248,0,0,30.01,93409.91,36.48,232939.03,b0
765280092,6,186294,0,0,30.00,93405.98,36.28,206952.30,b0
765271896,7,186340,0,0,30.10,93402.95,37.23,201813.17,b0
765285466,8,186387,0,0,29.85,93376.44,37.10,263713.63,b0
765274459,1,186433,0,0,28.69,93381.20,39.62,215851.61,b0
765272923,2,186479,0,0,28.84,93404.66,39.63,213422.27,b0
765271642,3,186525,0,0,29.10,93361.94,38.66,319202.00,b0
765289819,4,186571,0,0,29.39,93378.14,37.99,216949.16,b0
765281116,5,186617,0,0,30.02,93411.07,36.49,231360.14,b0
765280092,6,186664,0,0,30.00,93404.73,36.25,207329.42,b0
765271896,7,186710,0,0,30.10,93403.16,37.24,200863.08,b0
765285466,8,186756,0,0,29.85,93377.20,37.11,263917.53,b0
765274459,1,186802,0,0,28.68,93381.21,39.64,216261.88,b0
765272923,2,186848,0,0,28.83,93404.63,39.63,213555.78,b0
765271642,3,186894,0,0,29.10,93363.20,38.66,317716.41,b0
765289819,4,186941,0,0,29.39,93377.96,38.00,217918.70,b0
765281116,5,186987,0,0,30.02,93408.20,36.49,231674.20,b0
765280092,6,187033,0,0,30.00,93403.67,36.26,206952.30,b0
765271896,7,187079,0,0,30.12,93402.04,37.23,202171.77,b0
765285466,8,187125,0,0,29.86,93375.70,37.11,264326.28,b0
765274459,1,187171,0,0,28.68,93382.49,39.62,216398.98,b0
765272923,2,187217,0,0,28.82,93402.97,39.64,213555.78,b0
765271642,3,187264,0,0,29.11,93361.29,38.65,316537.88,b0
765289819,4,187310,0,0,29.39,93377.80,38.00,217363.61,b0
765281116,5,187356,0,0,30.03,93411.76,36.50,231674.20,b0
765280092,6,187402,0,0,30.01,93404.05,36.26,207707.91,b0
765271896,7,187448,0,0,30.13,93402.44,37.24,201813.17,b0
765285466,8,187494,0,0,29.87,93376.47,37.11,263917.53,b0
765274459,1,187541,0,0,28.68,93379.76,39.62,216261.88,b0
765272923,2,187587,0,0,28.82,93404.05,39.64,213957.38,b0
765271642,3,187633,0,0,29.10,93363.05,38.68,319800.13,b0
765289819,4,187679,0,0,29.39,93377.98,38.00,219178.08,b0
765281116,5,187725,0,0,30.03,93411.00,36.48,232304.91,b0
765280092,6,187771,0,0,30.00,93402.95,36.26,205581.20,b0
765271896,7,187817,0,0,30.13,93399.58,37.24,202291.58,b0
765285466,8,187863,0,0,29.88,93374.47,37.08,264736.31,b0
765274459,1,187910,0,0,28.67,93381.05,39.63,216673.72,b0
765272923,2,187956,0,0,28.80,93404.38,39.65,213823.34,b0
765271642,3,188002,0,0,29.09,93362.77,38.67,317716.41,b0
765289819,4,188048,0,0,29.39,93376.71,38.00,218896.97,b0
765281116,5,188094,0,0,30.02,93410.19,36.49,231831.56,b0
765280092,6,188140,0,0,30.00,93404.90,36.26,207707.91,b0
765271896,7,188186,0,0,30.13,93401.72,37.23,201218.31,b0
765285466,8,188232,0,0,29.88,93377.36,37.11,263713.63,b0
765274459,1,188279,0,0,28.67,93382.34,39.63,216673.72,b0
765272923,2,188325,0,0,28.80,93404.93,39.63,214495.19,b0
765271642,3,188371,0,0,29.09,93364.20,38.67,320400.50,b0
765289819,4,188417,0,0,29.38,93376.84,38.00,217640.81,b0
765281116,5,188463,0,0,30.03,93410.46,36.48,232146.91,b0
765280092,6,188509,0,0,29.98,93403.99,36.26,206701.66,b0
765271896,7,188556,0,0,30.12,93399.91,37.22,201813.17,b0
765285466,8,188602,0,0,29.88,93375.55,37.10,264326.28,b0
765274459,1,188648,0,0,28.65,93381.65,39.63,217087.13,b0
765272923,2,188694,0,0,28.78,93403.98,39.64,214360.48,b0
765271642,3,188740,0,0,29.08,93363.23,38.66,319202.00,b0
765289819,4,188786,0,0,29.37,93376.24,37.99,219318.91,b0
765281116,5,188833,0,0,30.03,93410.97,36.48,232304.91,b0
765280092,6,188879,0,0,29.99,93406.20,36.26,207707.91,b0
765271896,7,188925,0,0,30.13,93400.49,37.22,202171.77,b0
765285466,8,188971,0,0,29.88,93376.79,37.08,264736.31,b0
765274459,1,189017,0,0,28.64,93381.49,39.62,217225.28,b0
765272923,2,189063,0,0,28.77,93403.94,39.64,214900.31,b0
765271642,3,189109,0,0,29.08,93363.21,38.67,320100.03,b0
765289819,4,189156,0,0,29.37,93378.01,37.99,218197.31,b0
765281116,5,189202,0,0,30.02,93409.12,36.48,232463.11,b0
765280092,6,189248,0,0,29.98,93404.08,36.24,207455.42,b0
765271896,7,189294,0,0,30.14,93402.67,37.21,202411.55,b0
765285466,8,189340,0,0,29.89,93377.23,37.10,265147.59,b0
765274459,1,189386,0,0,28.63,93382.60,39.62,217225.28,b0
765272923,2,189433,0,0,28.76,93402.48,39.65,215171.25,b0
765271642,3,189479,0,0,29.06,93362.77,38.67,320100.03,b0
765289819,4,189525,0,0,29.35,93376.85,37.99,219884.05,b0
765281116,5,189571,0,0,30.03,93411.02,36.48,233576.64,b0
765280092,6,189617,0,0,29.98,93405.38,36.27,208596.45,b0
765271896,7,189663,0,0,30.15,93402.58,37.21,202052.09,b0
765285466,8,189709,0,0,29.90,93377.31,37.08,265147.59,b0
765274459,1,189756,0,0,28.62,93381.52,39.64,217502.13,b0
765272923,2,189802,0,0,28.76,93404.66,39.65,215035.70,b0
765271642,3,189848,0,0,29.06,93363.47,38.67,320400.50,b0
765289819,4,189894,0,0,29.35,93375.62,38.02,217363.61,b0
765281116,5,189940,0,0,30.03,93410.97,36.48,233257.41,b0
765280092,6,189986,0,0,29.98,93405.24,36.27,208087.78,b0
765271896,7,190032,0,0,30.15,93401.89,37.19,201455.83,b0
765285466,8,190078,0,0,29.91,93377.63,37.07,264941.78,b0
765274459,1,190125,0,0,28.62,93380.81,39.65,217918.70,b0
765272923,2,190171,0,0,28.78,93404.34,39.66,214900.31,b0
765271642,3,190217,0,0,29.05,93363.05,38.68,319800.13,b0
765289819,4,190263,0,0,29.35,93377.92,38.01,219459.92,b0
765281116,5,190309,0,0,30.02,93412.19,36.47,231831.56,b0
765280092,6,190355,0,0,29.99,93405.34,36.26,208596.45,b0
765271896,7,190401,0,0,30.17,93402.90,37.21,201099.77,b0
765285466,8,190448,0,0,29.92,93376.48,37.07,265353.72,b0
765274459,1,190494,0,0,28.60,93380.84,39.64,217918.70,b0
765272923,2,190540,0,0,28.77,93403.40,39.67,215306.98,b0
765271642,3,190586,0,0,29.05,93362.83,38.68,318606.09,b0
765289819,4,190632,0,0,29.35,93376.12,38.02,218336.89,b0
765281116,5,190678,0,0,30.02,93409.44,36.47,233257.41,b0
765280092,6,190725,0,0,30.00,93404.67,36.27,208469.06,b0
765271896,7,190771,0,0,30.19,93402.47,37.20,201932.56,b0
765285466,8,190817,0,0,29.93,93376.73,37.07,264121.75,b0
765274459,1,190863,0,0,28.61,93380.65,39.64,218057.92,b0
765272923,2,190909,0,0,28.77,93403.59,39.68,215035.70,b0
765271642,3,190955,0,0,29.04,93362.99,38.68,320100.03,b0
765289819,4,191001,0,0,29.35,93378.48,38.01,218336.89,b0
765281116,5,191048,0,0,30.03,93410.69,36.49,233576.64,b0
765280092,6,191094,0,0,30.00,93404.88,36.27,208979.59,b0
765271896,7,191140,0,0,30.19,93403.73,37.22,201455.83,b0
765285466,8,191186,0,0,29.93,93377.72,37.06,263917.53,b0
765274459,1,191232,0,0,28.61,93381.02,39.65,217502.13,b0
765272923,2,191278,0,0,28.78,93403.77,39.66,215171.25,b0
765271642,3,191325,0,0,29.06,93363.80,38.68,320100.03,b0
765289819,4,191371,0,0,29.37,93379.99,38.03,218476.64,b0
765281116,5,191417,0,0,30.04,93409.82,36.49,233257.41,b0
765280092,6,191463,0,0,30.01,93403.52,36.27,208214.72,b0
765271896,7,191509,0,0,30.20,93403.10,37.20,201455.83,b0
765285466,8,191555,0,0,29.95,93378.95,37.06,263306.75,b0
765274459,1,191602,0,0,28.60,93381.94,39.67,217502.13,b0
765272923,2,191648,0,0,28.78,93404.34,39.69,215171.25,b0
765271642,3,191694,0,0,29.06,93364.75,38.70,321003.13,b0
765289819,4,191740,0,0,29.38,93376.66,38.04,219318.91,b0
765281116,5,191786,0,0,30.06,93409.62,36.51,233416.91,b0
765280092,6,191832,0,0,30.02,93403.48,36.28,208341.81,b0
765271896,7,191878,0,0,30.21,93404.26,37.20,201099.77,b0
765285466,8,191924,0,0,29.95,93377.38,37.05,262901.16,b0
765274459,1,191971,0,0,28.61,93379.73,39.68,217640.81,b0
765272923,2,192017,0,0,28.78,93404.52,39.69,215035.70,b0
765271642,3,192063,0,0,29.07,93364.78,38.70,319800.13,b0
765289819,4,192109,0,0,29.38,93376.14,38.03,220167.70,b0
765281116,5,192155,0,0,30.07,93409.40,36.50,233416.91,b0
765280092,6,192201,0,0,30.03,93404.80,36.27,207329.42,b0
765271896,7,192247,0,0,30.23,93404.35,37.19,200626.95,b0
765285466,8,192293,0,0,29.96,93379.06,37.04,264121.75,b0
765274459,1,192340,0,0,28.61,93382.10,39.67,218057.92,b0
765272923,2,192386,0,0,28.78,93403.95,39.70,215578.95,b0
765271642,3,192432,0,0,29.07,93364.59,38.71,320400.50,b0
765289819,4,192478,0,0,29.38,93378.81,38.04,219459.92,b0
765281116,5,192524,0,0,30.08,93411.43,36.49,232939.03,b0
765280092,6,192570,0,0,30.03,93404.50,36.28,208087.78,b0
765271896,7,192616,0,0,30.23,93403.99,37.17,201337.00,b0
765285466,8,192663,0,0,29.97,93378.23,37.04,262698.81,b0
765274459,1,192709,0,0,28.61,93383.92,39.69,218336.89,b0
765272923,2,192755,0,0,28.78,93404.13,39.70,215578.95,b0
765271642,3,192801,0,0,29.06,93363.67,38.70,320100.03,b0
765289819,4,192847,0,0,29.38,93378.43,38.03,219601.11,b0
765281116,5,192893,0,0,30.08,93409.67,36.47,233576.64,b0
765280092,6,192940,0,0,30.04,93404.23,36.27,207203.56,b0
765271896,7,192986,0,0,30.24,93401.20,37.17,201218.31,b0
765285466,8,193032,0,0,29.97,93379.00,37.03,263510.03,b0
765274459,1,193078,0,0,28.59,93381.40,39.68,218197.31,b0
765272923,2,193124,0,0,28.77,93404.13,39.70,215715.19,b0
765271642,3,193170,0,0,29.05,93363.42,38.70,321305.31,b0
765289819,4,193217,0,0,29.37,93376.80,38.04,220309.81,b0
765281116,5,193263,0,0,30.09,93409.60,36.48,232463.11,b0
765280092,6,193309,0,0,30.05,93403.59,36.25,208469.06,b0
765271896,7,193355,0,0,30.25,93404.33,37.16,200039.06,b0
765285466,8,193401,0,0,29.98,93377.11,37.02,263103.81,b0
765274459,1,193447,0,0,28.59,93380.68,39.69,217918.70,b0
765272923,2,193493,0,0,28.77,93405.03,39.71,215851.61,b0
765271642,3,193540,0,0,29.05,93362.33,38.71,320701.53,b0
765289819,4,193586,0,0,29.38,93377.53,38.04,219884.05,b0
765281116,5,193632,0,0,30.11,93410.09,36.49,233576.64,b0
765280092,6,193678,0,0,30.06,93404.98,36.27,206952.30,b0
765271896,7,193724,0,0,30.25,93403.77,37.17,200039.06,b0
765285466,8,193770,0,0,29.98,93377.65,37.01,261892.58,b0
765274459,1,193817,0,0,28.59,93381.58,39.69,217918.70,b0
765272923,2,193863,0,0,28.77,93405.38,39.73,215578.95,b0
765271642,3,193909,0,0,29.07,93364.23,38.72,320100.03,b0
765289819,4,193955,0,0,29.38,93377.54,38.04,220025.78,b0
765281116,5,194001,0,0,30.12,93410.92,36.48,230734.56,b0
765280092,6,194047,0,0,30.07,93404.91,36.27,206826.91,b0
765271896,7,194093,0,0,30.25,93403.61,37.15,200156.38,b0
765285466,8,194139,0,0,29.99,93378.67,37.00,263103.81,b0
765274459,1,194186,0,0,28.59,93380.48,39.69,218057.92,b0
765272923,2,194232,0,0,28.77,93403.94,39.74,214900.31,b0
765271642,3,194278,0,0,29.08,93364.64,38.73,320701.53,b0
765289819,4,194324,0,0,29.39,93377.41,38.05,220025.78,b0
765281116,5,194370,0,0,30.12,93408.59,36.47,231517.06,b0
765280092,6,194416,0,0,30.08,93404.45,36.26,206701.66,b0
765271896,7,194462,0,0,30.24,93404.44,37.15,200391.39,b0
765285466,8,194508,0,0,30.00,93379.79,37.00,261291.14,b0
765274459,1,194555,0,0,28.60,93381.56,39.71,218057.92,b0
765272923,2,194601,0,0,28.79,93405.26,39.73,215442.88,b0
765271642,3,194647,0,0,29.08,93361.45,38.72,321003.13,b0
765289819,4,194693,0,0,29.39,93377.78,38.04,219742.48,b0
765281116,5,194739,0,0,30.14,93410.56,36.46,234057.14,b0
765280092,6,194785,0,0,30.08,93404.30,36.26,206701.66,b0
765271896,7,194832,0,0,30.23,93402.61,37.13,199338.14,b0
765285466,8,194878,0,0,30.00,93378.90,37.00,260692.47,b0
765274459,1,194924,0,0,28.60,93380.29,39.70,217640.81,b0
765272923,2,194970,0,0,28.79,93403.25,39.74,215171.25,b0
765271642,3,195016,0,0,29.08,93365.23,38.73,319500.78,b0
765289819,4,195062,0,0,29.40,93379.27,38.06,219459.92,b0
765281116,5,195109,0,0,30.13,93410.86,36.46,231517.06,b0
765280092,6,195155,0,0,30.08,93405.20,36.28,205333.88,b0
765271896,7,195201,0,0,30.23,93403.50,37.13,200156.38,b0
765285466,8,195247,0,0,29.99,93379.05,37.00,260692.47,b0
765274459,1,195293,0,0,28.60,93382.67,39.72,217087.13,b0
765272923,2,195339,0,0,28.78,93405.24,39.75,215306.98,b0
765271642,3,195385,0,0,29.08,93363.21,38.73,318606.09,b0
765289819,4,195432,0,0,29.40,93378.00,38.04,218197.31,b0
765281116,5,195478,0,0,30.13,93410.25,36.46,231046.94,b0
765280092,6,195524,0,0,30.08,93405.01,36.26,206451.61,b0
765271896,7,195570,0,0,30.24,93404.77,37.12,200391.39,b0
765285466,8,195616,0,0,29.97,93378.45,36.98,260493.52,b0
765274459,1,195662,0,0,28.59,93380.13,39.73,218197.31,b0
765272923,2,195709,0,0,28.78,93405.61,39.75,215442.88,b0
765271642,3,195755,0,0,29.06,93363.86,38.74,319800.13,b0
765289819,4,195801,0,0,29.40,93378.53,38.05,220594.58,b0
765281116,5,195847,0,0,30.13,93407.73,36.48,230267.59,b0
765280092,6,195893,0,0,30.07,93403.88,36.25,205581.20,b0
765271896,7,195939,0,0,30.24,93404.58,37.13,199338.14,b0
765285466,8,195985,0,0,29.97,93379.88,36.99,260294.86,b0
765274459,1,196032,0,0,28.59,93381.05,39.71,218057.92,b0
765272923,2,196078,0,0,28.78,93403.23,39.73,215578.95,b0
765271642,3,196124,0,0,29.07,93364.23,38.75,319500.78,b0
765289819,4,196170,0,0,29.40,93378.37,38.06,219742.48,b0
765281116,5,196216,0,0,30.13,93409.03,36.45,231989.13,b0
765280092,6,196262,0,0,30.07,93404.21,36.25,204963.97,b0
765271896,7,196308,0,0,30.24,93402.13,37.13,200156.38,b0
765285466,8,196354,0,0,29.98,93378.51,36.99,261091.28,b0
765274459,1,196401,0,0,28.60,93381.92,39.75,217779.67,b0
765272923,2,196447,0,0,28.79,93404.16,39.75,215035.70,b0
765271642,3,196493,0,0,29.07,93362.30,38.74,319202.00,b0
765289819,4,196539,0,0,29.41,93376.09,38.05,217640.81,b0
765281116,5,196585,0,0,30.14,93407.84,36.46,230578.70,b0
765280092,6,196631,0,0,30.08,93404.89,36.24,205087.13,b0
765271896,7,196677,0,0,30.25,93402.33,37.12,199571.23,b0
765285466,8,196724,0,0,29.98,93379.27,36.98,260493.52,b0
765274459,1,196770,0,0,28.61,93381.36,39.75,217225.28,b0
765272923,2,196816,0,0,28.81,93405.13,39.77,214900.31,b0
765271642,3,196862,0,0,29.08,93361.99,38.73,318308.97,b0
765289819,4,196908,0,0,29.42,93377.21,38.05,218057.92,b0
765281116,5,196954,0,0,30.15,93408.99,36.47,229031.53,b0
765280092,6,197000,0,0,30.10,93407.71,36.25,205581.20,b0
765271896,7,197047,0,0,30.27,93404.09,37.12,198180.77,b0
765285466,8,197093,0,0,29.99,93377.62,36.97,259306.16,b0
765274459,1,197139,0,0,28.63,93381.88,39.75,216536.27,b0
765272923,2,197185,0,0,28.83,93405.17,39.77,214495.19,b0
765271642,3,197231,0,0,29.09,93364.03,38.74,317716.41,b0
765289819,4,197277,0,0,29.43,93379.27,38.05,219459.92,b0
765281116,5,197324,0,0,30.17,93409.71,36.46,230578.70,b0
765280092,6,197370,0,0,30.09,93403.39,36.23,204840.97,b0
765271896,7,197416,0,0,30.28,93401.82,37.13,197836.17,b0
765285466,8,197462,0,0,30.01,93378.64,36.98,259109.31,b0
765274459,1,197508,0,0,28.65,93380.93,39.76,216673.72,b0
765272923,2,197554,0,0,28.84,93406.47,39.75,213555.78,b0
765271642,3,197601,0,0,29.10,93365.34,38.76,318606.09,b0
765289819,4,197647,0,0,29.44,93380.22,38.06,216949.16,b0
765281116,5,197693,0,0,30.17,93410.66,36.46,228418.47,b0
765280092,6,197739,0,0,30.10,93404.33,36.23,205210.42,b0
765271896,7,197785,0,0,30.28,93402.40,37.14,197950.91,b0
765285466,8,197831,0,0,30.01,93380.33,36.98,260692.47,b0
765274459,1,197878,0,0,28.65,93382.56,39.77,215851.61,b0
765272923,2,197924,0,0,28.85,93405.77,39.78,213022.67,b0
765271642,3,197970,0,0,29.10,93364.12,38.77,315951.88,b0
765289819,4,198016,0,0,29.44,93376.97,38.06,217918.70,b0
765281116,5,198062,0,0,30.18,93412.02,36.46,229493.50,b0
765280092,6,198108,0,0,30.11,93406.37,36.26,204472.84,b0
765271896,7,198154,0,0,30.29,93402.63,37.15,196469.69,b0
765285466,8,198200,0,0,30.03,93381.54,37.01,258716.53,b0
765274459,1,198247,0,0,28.64,93380.38,39.81,215306.98,b0
765272923,2,198293,0,0,28.85,93403.95,39.80,212757.11,b0
765271642,3,198339,0,0,29.10,93362.30,38.81,315659.69,b0
765289819,4,198385,0,0,29.45,93378.47,38.09,217363.61,b0
765281116,5,198431,0,0,30.18,93409.87,36.46,228877.97,b0
765280092,6,198477,0,0,30.12,93406.29,36.26,202772.28,b0
765271896,7,198523,0,0,30.30,93405.69,37.16,196923.08,b0
765285466,8,198569,0,0,30.02,93379.34,37.01,258912.77,b0
765274459,1,198616,0,0,28.66,93383.08,39.83,214900.31,b0
765272923,2,198662,0,0,28.86,93405.61,39.82,212492.22,b0
765271642,3,198708,0,0,29.11,93363.84,38.81,315368.03,b0
765289819,4,198754,0,0,29.45,93375.41,38.12,217225.28,b0
765281116,5,198800,0,0,30.19,93410.87,36.47,228571.42,b0
765280092,6,198846,0,0,30.12,93403.80,36.26,203740.55,b0
765271896,7,198892,0,0,30.30,93403.91,37.17,195681.25,b0
765285466,8,198939,0,0,30.03,93378.55,37.02,257545.27,b0
765274459,1,198985,0,0,28.66,93382.17,39.84,214765.09,b0
765272923,2,199031,0,0,28.86,93405.44,39.83,212227.98,b0
765271642,3,199077,0,0,29.12,93365.83,38.84,315368.03,b0
765289819,4,199123,0,0,29.45,93378.13,38.12,216536.27,b0
765281116,5,199169,0,0,30.20,93410.96,36.48,227505.00,b0
765280092,6,199216,0,0,30.12,93404.75,36.29,203134.30,b0
765271896,7,199262,0,0,30.30,93403.73,37.19,195569.14,b0
765285466,8,199308,0,0,30.04,93379.02,37.02,256770.31,b0
765274459,1,199354,0,0,28.67,93383.05,39.85,214900.31,b0
765272923,2,199400,0,0,28.87,93405.80,39.83,211964.39,b0
765271642,3,199446,0,0,29.12,93366.95,38.86,317420.97,b0
765289819,4,199493,0,0,29.46,93377.96,38.13,215035.70,b0
765281116,5,199539,0,0,30.21,93411.19,36.48,227353.47,b0
765280092,6,199585,0,0,30.12,93407.83,36.28,202531.64,b0
765271896,7,199631,0,0,30.29,93403.52,37.17,196582.84,b0
765285466,8,199677,0,0,30.04,93379.49,37.05,258324.92,b0
765274459,1,199723,0,0,28.69,93383.74,39.84,214495.19,b0
765272923,2,199769,0,0,28.87,93405.45,39.86,211701.47,b0
765271642,3,199816,0,0,29.13,93365.02,38.86,316244.59,b0
765289819,4,199862,0,0,29.46,93378.16,38.15,216261.88,b0
765281116,5,199908,0,0,30.20,93410.23,36.50,227051.00,b0
765280092,6,199954,0,0,30.12,93405.16,36.29,202171.77,b0
765271896,7,200000,0,0,30.30,93403.02,37.18,196356.66,b0
765285466,8,200046,0,0,30.04,93379.93,37.06,257351.09,b0
765274459,1,200093,0,0,28.70,93382.82,39.88,214630.06,b0
765272923,2,200139,0,0,28.88,93404.74,39.88,211570.25,b0
765271642,3,200185,0,0,29.13,93364.67,38.87,313917.84,b0
765289819,4,200231,0,0,29.47,93377.67,38.16,215035.70,b0
765281116,5,200277,0,0,30.22,93411.43,36.50,226900.06,b0
765280092,6,200323,0,0,30.13,93405.20,36.29,202052.09,b0
765271896,7,200369,0,0,30.30,93402.16,37.22,195457.14,b0
765285466,8,200415,0,0,30.05,93379.42,37.05,257739.75,b0
765274459,1,200462,0,0,28.70,93381.73,39.88,214225.94,b0
765272923,2,200508,0,0,28.89,93404.05,39.85,211308.30,b0
765271642,3,200554,0,0,29.14,93364.90,38.88,315076.94,b0
765289819,4,200600,0,0,29.47,93377.52,38.17,215988.19,b0
765281116,5,200646,0,0,30.22,93411.30,36.51,226749.33,b0
765280092,6,200692,0,0,30.13,93405.42,36.29,202772.28,b0
765271896,7,200738,0,0,30.30,93401.28,37.22,196018.38,b0
765285466,8,200784,0,0,30.05,93378.57,37.05,257351.09,b0
765274459,1,200831,0,0,28.70,93381.89,39.88,214495.19,b0
765272923,2,200877,0,0,28.91,93405.91,39.87,211701.47,b0
765271642,3,200923,0,0,29.14,93364.54,38.86,315368.03,b0
765289819,4,200969,0,0,29.48,93377.93,38.16,216261.88,b0
765281116,5,201015,0,0,30.23,93410.28,36.50,225550.66,b0
765280092,6,201061,0,0,30.13,93404.02,36.29,201218.31,b0
765271896,7,201108,0,0,30.31,93404.18,37.20,196018.38,b0
765285466,8,201154,0,0,30.06,93379.38,37.05,255043.59,b0
765274459,1,201200,0,0,28.72,93381.32,39.88,214225.94,b0
765272923,2,201246,0,0,28.92,93405.02,39.86,211177.56,b0
765271642,3,201292,0,0,29.14,93363.30,38.88,315368.03,b0
765289819,4,201338,0,0,29.49,93376.34,38.18,216261.88,b0
765281116,5,201385,0,0,30.23,93409.94,36.51,227051.00,b0
765280092,6,201431,0,0,30.14,93407.32,36.31,202171.77,b0
765271896,7,201477,0,0,30.31,93402.03,37.20,196131.02,b0
765285466,8,201523,0,0,30.06,93379.88,37.05,256192.14,b0
765274459,1,201569,0,0,28.72,93383.86,39.88,214765.09,b0
765272923,2,201615,0,0,28.93,93405.04,39.86,211439.19,b0
765271642,3,201661,0,0,29.15,93364.07,38.87,316244.59,b0
765289819,4,201708,0,0,29.49,93376.91,38.17,216673.72,b0
765281116,5,201754,0,0,30.24,93409.44,36.49,225998.67,b0
765280092,6,201800,0,0,30.15,93405.61,36.28,202411.55,b0
765271896,7,201846,0,0,30.32,93403.33,37.20,194787.91,b0
765285466,8,201892,0,0,30.06,93379.41,37.05,255808.14,b0
765274459,1,201938,0,0,28.72,93381.68,39.88,213823.34,b0
765272923,2,201985,0,0,28.93,93404.86,39.88,210786.33,b0
765271642,3,202031,0,0,29.15,93363.35,38.88,315368.03,b0
765289819,4,202077,0,0,29.50,93376.95,38.17,215988.19,b0
765281116,5,202123,0,0,30.24,93409.62,36.50,226749.33,b0
765280092,6,202169,0,0,30.16,93406.38,36.29,202291.58,b0
765271896,7,202215,0,0,30.32,93403.73,37.20,194565.84,b0
765285466,8,202261,0,0,30.07,93380.02,37.05,255616.58,b0
765274459,1,202308,0,0,28.72,93381.67,39.88,213957.38,b0
765272923,2,202354,0,0,28.94,93405.05,39.89,210396.55,b0
765271642,3,202400,0,0,29.15,93363.02,38.88,315076.94,b0
765289819,4,202446,0,0,29.49,93377.63,38.17,213957.38,b0
765281116,5,202492,0,0,30.25,93410.08,36.49,226298.34,b0
765280092,6,202538,0,0,30.16,93407.33,36.28,201932.56,b0
765271896,7,202584,0,0,30.32,93402.13,37.20,195457.14,b0
765285466,8,202630,0,0,30.07,93380.75,37.04,255616.58,b0
765274459,1,202677,0,0,28.74,93382.53,39.88,213022.67,b0
765272923,2,202723,0,0,28.94,93404.70,39.86,210008.20,b0
765271642,3,202769,0,0,29.17,93365.27,38.87,316537.88,b0
765289819,4,202815,0,0,29.50,93378.23,38.17,215442.88,b0
765281116,5,202861,0,0,30.26,93412.16,36.49,225550.66,b0
765280092,6,202907,0,0,30.17,93406.16,36.29,201455.83,b0
765271896,7,202953,0,0,30.32,93403.02,37.18,194899.13,b0
765285466,8,203000,0,0,30.07,93378.63,37.03,254283.58,b0
765274459,1,203046,0,0,28.74,93381.45,39.90,213155.70,b0
765272923,2,203092,0,0,28.95,93405.09,39.88,209879.08,b0
765271642,3,203138,0,0,29.16,93363.63,38.89,314496.31,b0
765289819,4,203184,0,0,29.52,93378.11,38.18,214495.19,b0
765281116,5,203230,0,0,30.26,93409.69,36.48,224512.17,b0
765280092,6,203277,0,0,30.17,93405.48,36.30,200863.08,b0
765271896,7,203323,0,0,30.34,93401.84,37.20,193792.58,b0
765285466,8,203369,0,0,30.08,93380.66,37.03,253339.94,b0
765274459,1,203415,0,0,28.74,93382.35,39.90,213288.89,b0
765272923,2,203461,0,0,28.95,93404.38,39.90,209879.08,b0
765271642,3,203507,0,0,29.17,93363.65,38.89,315076.94,b0
765289819,4,203554,0,0,29.51,93377.38,38.16,214091.58,b0
765281116,5,203600,0,0,30.27,93412.09,36.48,225401.72,b0
765280092,6,203646,0,0,30.17,93406.40,36.31,201337.00,b0
765271896,7,203692,0,0,30.34,93402.60,37.21,192589.81,b0
765285466,8,203738,0,0,30.09,93381.12,37.04,254853.16,b0
765274459,1,203784,0,0,28.75,93383.44,39.89,212889.81,b0
765272923,2,203830,0,0,28.96,93404.20,39.89,209235.80,b0
765271642,3,203877,0,0,29.17,93363.86,38.89,313054.13,b0
765289819,4,203923,0,0,29.52,93377.41,38.18,214495.19,b0
765281116,5,203969,0,0,30.27,93410.80,36.49,225104.42,b0
765280092,6,204015,0,0,30.18,93405.74,36.30,199921.91,b0
765271896,7,204061,0,0,30.35,93402.29,37.20,192589.81,b0
765285466,8,204107,0,0,30.09,93380.43,37.06,254473.16,b0
765274459,1,204154,0,0,28.74,93380.34,39.92,213288.89,b0
765272923,2,204200,0,0,28.96,93404.57,39.90,209364.14,b0
765271642,3,204246,0,0,29.18,93365.19,38.89,315076.94,b0
765289819,4,204292,0,0,29.53,93378.54,38.18,212624.58,b0
765281116,5,204338,0,0,30.27,93409.23,36.51,224512.17,b0
765280092,6,204384,0,0,30.19,93405.12,36.30,200156.38,b0
765271896,7,204430,0,0,30.35,93403.02,37.20,192589.81,b0
765285466,8,204476,0,0,30.10,93381.04,37.06,253152.05,b0
765274459,1,204523,0,0,28.76,93383.78,39.91,213155.70,b0
765272923,2,204569,0,0,28.97,93405.67,39.88,210008.20,b0
765271642,3,204615,0,0,29.18,93364.10,38.91,313629.41,b0
765289819,4,204661,0,0,29.53,93378.37,38.20,214091.58,b0
765281116,5,204707,0,0,30.27,93409.22,36.47,223336.97,b0
765280092,6,204753,0,0,30.19,93406.54,36.31,200391.39,b0
765271896,7,204799,0,0,30.35,93402.29,37.20,191616.77,b0
765285466,8,204845,0,0,30.09,93379.30,37.08,253716.55,b0
765274459,1,204892,0,0,28.75,93382.52,39.91,212757.11,b0
765272923,2,204938,0,0,28.97,93404.58,39.89,209750.11,b0
765271642,3,204984,0,0,29.18,93362.83,38.90,314496.31,b0
765289819,4,205030,0,0,29.52,93377.63,38.18,213555.78,b0
765281116,5,205076,0,0,30.26,93409.45,36.46,223923.03,b0
765280092,6,205122,0,0,30.17,93405.81,36.29,200509.11,b0
765271896,7,205169,0,0,30.33,93404.32,37.22,192698.53,b0
765285466,8,205215,0,0,30.06,93377.98,37.06,254094.30,b0
765274459,1,205261,0,0,28.75,93383.97,39.89,213422.27,b0
765272923,2,205307,0,0,28.95,93404.89,39.90,210396.55,b0
765271642,3,205353,0,0,29.17,93363.66,38.90,314496.31,b0
765289819,4,205399,0,0,29.50,93377.66,38.17,215171.25,b0
765281116,5,205446,0,0,30.23,93410.98,36.47,225252.97,b0
765280092,6,205492,0,0,30.15,93404.05,36.28,201574.80,b0
765271896,7,205538,0,0,30.32,93403.35,37.21,193353.47,b0
765285466,8,205584,0,0,30.07,93380.88,37.08,253339.94,b0
765274459,1,205630,0,0,28.72,93381.32,39.87,214225.94,b0
765272923,2,205676,0,0,28.92,93405.56,39.86,210526.31,b0
765271642,3,205722,0,0,29.12,93363.73,38.89,315368.03,b0
765289819,4,205769,0,0,29.46,93378.72,38.15,214630.06,b0
765281116,5,205815,0,0,30.20,93411.66,36.44,225849.14,b0
765280092,6,205861,0,0,30.14,93405.13,36.29,201337.00,b0
765271896,7,205907,0,0,30.32,93404.05,37.21,193682.63,b0
765285466,8,205953,0,0,30.05,93380.70,37.06,254473.16,b0
765274459,1,205999,0,0,28.69,93382.64,39.86,215035.70,b0
765272923,2,206046,0,0,28.88,93405.66,39.86,211177.56,b0
765271642,3,206092,0,0,29.09,93364.75,38.86,313629.41,b0
765289819,4,206138,0,0,29.42,93379.22,38.14,214360.48,b0
765281116,5,206184,0,0,30.17,93411.70,36.44,225699.80,b0
765280092,6,206230,0,0,30.12,93405.93,36.26,202772.28,b0
765271896,7,206276,0,0,30.30,93404.83,37.17,193902.67,b0
765285466,8,206322,0,0,30.02,93379.91,37.04,255425.30,b0
765274459,1,206369,0,0,28.66,93382.37,39.86,214765.09,b0
765272923,2,206415,0,0,28.85,93405.57,39.84,211570.25,b0
765271642,3,206461,0,0,29.07,93363.74,38.85,315951.88,b0
765289819,4,206507,0,0,29.38,93377.57,38.11,215851.61,b0
765281116,5,206553,0,0,30.13,93410.98,36.44,227202.13,b0
765280092,6,206599,0,0,30.09,93405.63,36.25,202531.64,b0
765271896,7,206645,0,0,30.28,93403.10,37.18,194676.81,b0
765285466,8,206691,0,0,30.00,93381.09,37.02,256000.00,b0
765274459,1,206738,0,0,28.62,93382.98,39.84,215306.98,b0
765272923,2,206784,0,0,28.81,93406.95,39.83,211964.39,b0
765271642,3,206830,0,0,29.05,93366.78,38.84,317420.97,b0
765289819,4,206876,0,0,29.35,93381.16,38.11,215171.25,b0
765281116,5,206922,0,0,30.11,93412.63,36.42,227808.67,b0
765280092,6,206968,0,0,30.08,93406.25,36.23,203862.23,b0
765271896,7,207014,0,0,30.27,93404.47,37.15,196131.02,b0
765285466,8,207061,0,0,29.98,93378.60,37.01,256577.30,b0
765274459,1,207107,0,0,28.60,93382.67,39.82,215306.98,b0
765272923,2,207153,0,0,28.78,93405.05,39.80,212624.58,b0
765271642,3,207199,0,0,29.03,93364.34,38.83,317126.03,b0
765289819,4,207245,0,0,29.33,93377.63,38.10,216261.88,b0
765281116,5,207291,0,0,30.08,93412.34,36.41,228877.97,b0
765280092,6,207337,0,0,30.06,93406.57,36.25,203984.06,b0
765271896,7,207384,0,0,30.24,93404.64,37.15,195233.56,b0
765285466,8,207430,0,0,29.97,93378.80,37.00,258129.56,b0
765274459,1,207476,0,0,28.58,93381.25,39.81,215988.19,b0
765272923,2,207522,0,0,28.76,93405.38,39.79,212889.81,b0
765271642,3,207568,0,0,29.02,93365.16,38.83,318308.97,b0
765289819,4,207614,0,0,29.31,93377.87,38.10,216673.72,b0
765281116,5,207661,0,0,30.05,93410.14,36.39,228265.72,b0
765280092,6,207707,0,0,30.05,93406.46,36.22,204350.42,b0
765271896,7,207753,0,0,30.23,93404.22,37.12,195457.14,b0
765285466,8,207799,0,0,29.96,93378.86,36.99,258324.92,b0
765274459,1,207845,0,0,28.57,93381.82,39.81,216673.72,b0
765272923,2,207891,0,0,28.74,93405.34,39.80,213422.27,b0
765271642,3,207938,0,0,29.01,93365.46,38.83,319202.00,b0
765289819,4,207984,0,0,29.30,93380.33,38.09,218197.31,b0
765281116,5,208030,0,0,30.03,93413.92,36.39,229493.50,b0
765280092,6,208076,0,0,30.04,93406.71,36.21,205333.88,b0
765271896,7,208122,0,0,30.21,93403.88,37.08,197607.09,b0
765285466,8,208168,0,0,29.95,93378.92,36.98,260096.52,b0
765274459,1,208215,0,0,28.56,93381.48,39.81,217225.28,b0
765272923,2,208261,0,0,28.74,93406.03,39.78,213422.27,b0
765271642,3,208307,0,0,28.99,93362.13,38.82,319202.00,b0
765289819,4,208353,0,0,29.29,93379.89,38.09,216949.16,b0
765281116,5,208399,0,0,30.01,93410.97,36.39,227808.67,b0
765280092,6,208445,0,0,30.02,93407.58,36.21,204718.11,b0
765271896,7,208491,0,0,30.17,93403.10,37.10,197378.56,b0
765285466,8,208537,0,0,29.94,93379.19,36.96,259898.48,b0
765274459,1,208584,0,0,28.54,93383.50,39.81,217363.61,b0
765272923,2,208630,0,0,28.71,93405.61,39.77,214495.19,b0
765271642,3,208676,0,0,28.99,93364.43,38.81,319202.00,b0
765289819,4,208722,0,0,29.27,93376.58,38.08,217779.67,b0
765281116,5,208768,0,0,30.00,93413.84,36.38,230578.70,b0
765280092,6,208814,0,0,30.00,93408.84,36.19,206202.17,b0
765271896,7,208860,0,0,30.17,93403.44,37.06,198642.09,b0
765285466,8,208906,0,0,29.92,93378.43,36.94,261691.80,b0
765274459,1,208953,0,0,28.51,93381.40,39.80,217363.61,b0
765272923,2,208999,0,0,28.67,93405.16,39.79,215035.70,b0
765271642,3,209045,0,0,28.97,93363.37,38.81,319202.00,b0
765289819,4,209091,0,0,29.26,93378.12,38.09,219178.08,b0
765281116,5,209137,0,0,29.99,93414.81,36.37,230267.59,b0
765280092,6,209183,0,0,29.97,93404.73,36.20,205457.47,b0
765271896,7,209230,0,0,30.16,93404.58,37.07,197836.17,b0
765285466,8,209276,0,0,29.89,93377.08,36.94,261091.28,b0
765274459,1,209322,0,0,28.48,93381.99,39.77,218197.31,b0
765272923,2,209368,0,0,28.66,93404.59,39.77,215306.98,b0
765271642,3,209414,0,0,28.95,93365.44,38.81,319202.00,b0
765289819,4,209460,0,0,29.25,93379.31,38.08,218616.56,b0
765281116,5,209506,0,0,29.98,93411.47,36.40,229647.91,b0
765280092,6,209553,0,0,29.96,93405.69,36.21,205581.20,b0
765271896,7,209599,0,0,30.14,93401.80,37.07,198989.50,b0
765285466,8,209645,0,0,29.87,93378.87,36.93,262093.67,b0
765274459,1,209691,0,0,28.45,93381.34,39.80,218616.56,b0
765272923,2,209737,0,0,28.63,93403.78,39.77,214630.06,b0
765271642,3,209783,0,0,28.93,93363.10,38.81,320400.50,b0
765289819,4,209830,0,0,29.23,93379.73,38.09,217918.70,b0
765281116,5,209876,0,0,29.98,93411.29,36.39,230890.64,b0
765280092,6,209922,0,0,29.95,93406.27,36.19,205953.34,b0
765271896,7,209968,0,0,30.14,93403.92,37.05,199454.61,b0
765285466,8,210014,0,0,29.86,93376.95,36.92,260891.72,b0
765274459,1,210060,0,0,28.43,93380.09,39.80,217363.61,b0
765272923,2,210107,0,0,28.62,93404.86,39.77,215578.95,b0
765271642,3,210153,0,0,28.93,93362.38,38.81,321003.13,b0
765289819,4,210199,0,0,29.24,93379.07,38.10,220167.70,b0
765281116,5,210245,0,0,29.98,93410.16,36.40,230423.05,b0
765280092,6,210291,0,0,29.95,93405.24,36.19,205829.14,b0
765271896,7,210337,0,0,30.14,93402.70,37.04,199804.88,b0
765285466,8,210383,0,0,29.87,93378.87,36.92,261892.58,b0
765274459,1,210430,0,0,28.44,93381.18,39.80,218896.97,b0
765272923,2,210476,0,0,28.63,93403.80,39.78,215578.95,b0
765271642,3,210522,0,0,28.94,93362.66,38.81,323130.31,b0
765289819,4,210568,0,0,29.26,93378.29,38.11,219884.05,b0
765281116,5,210614,0,0,30.00,93414.37,36.40,231203.44,b0
765280092,6,210660,0,0,29.97,93406.35,36.21,206451.61,b0
765271896,7,210706,0,0,30.15,93403.48,37.05,199804.88,b0
765285466,8,210752,0,0,29.89,93376.91,36.93,262496.78,b0
765274459,1,210799,0,0,28.44,93380.99,39.81,217779.67,b0
765272923,2,210845,0,0,28.64,93404.01,39.78,215715.19,b0
765271642,3,210891,0,0,28.94,93363.90,38.81,320400.50,b0
765289819,4,210937,0,0,29.26,93379.73,38.13,218057.92,b0
765281116,5,210983,0,0,29.99,93413.01,36.40,230890.64,b0
765280092,6,211029,0,0,29.96,93406.09,36.21,206701.66,b0
765271896,7,211075,0,0,30.15,93402.43,37.05,199571.23,b0
765285466,8,211122,0,0,29.89,93378.66,36.94,262496.78,b0
765274459,1,211168,0,0,28.43,93382.47,39.82,219037.44,b0
765272923,2,211214,0,0,28.62,93404.68,39.79,216261.88,b0
765271642,3,211260,0,0,28.93,93364.23,38.84,321305.31,b0
765289819,4,211306,0,0,29.25,93378.44,38.13,218057.92,b0
765281116,5,211352,0,0,29.98,93413.09,36.41,231046.94,b0
765280092,6,211399,0,0,29.97,93406.29,36.21,207077.86,b0
765271896,7,211445,0,0,30.15,93403.32,37.06,200039.06,b0
765285466,8,211491,0,0,29.90,93378.21,36.94,261691.80,b0
765274459,1,211537,0,0,28.42,93380.67,39.83,218197.31,b0
765272923,2,211583,0,0,28.61,93403.73,39.82,216261.88,b0
765271642,3,211629,0,0,28.93,93362.39,38.84,321003.13,b0
765289819,4,211676,0,0,29.25,93378.61,38.12,220025.78,b0
765281116,5,211722,0,0,29.99,93412.05,36.44,231831.56,b0
765280092,6,211768,0,0,29.97,93406.00,36.21,208596.45,b0
765271896,7,211814,0,0,30.16,93402.65,37.05,200744.95,b0
765285466,8,211860,0,0,29.90,93375.97,36.93,264121.75,b0
765274459,1,211906,0,0,28.41,93381.59,39.83,218336.89,b0
765272923,2,211952,0,0,28.60,93404.25,39.81,216536.27,b0
765271642,3,211999,0,0,28.93,93362.75,38.85,321305.31,b0
765289819,4,212045,0,0,29.25,93378.81,38.12,220737.23,b0
765281116,5,212091,0,0,29.98,93413.99,36.42,233416.91,b0
765280092,6,212137,0,0,29.97,93408.12,36.22,207834.38,b0
765271896,7,212183,0,0,30.16,93403.38,37.04,200626.95,b0
765285466,8,212229,0,0,29.91,93378.16,36.93,263103.81,b0
765274459,1,212276,0,0,28.40,93380.89,39.85,219459.92,b0
765272923,2,212322,0,0,28.59,93403.87,39.81,216673.72,b0
765271642,3,212368,0,0,28.91,93361.88,38.84,321305.31,b0
765289819,4,212414,0,0,29.24,93380.35,38.14,219601.11,b0
765281116,5,212460,0,0,29.97,93411.75,36.43,231831.56,b0
765280092,6,212506,0,0,29.95,93407.60,36.21,208087.78,b0
765271896,7,212552,0,0,30.16,93403.55,37.04,200626.95,b0
765285466,8,212598,0,0,29.91,93376.88,36.94,264326.28,b0
765274459,1,212645,0,0,28.38,93381.48,39.86,219459.92,b0
765272923,2,212691,0,0,28.58,93404.05,39.85,215988.19,b0
765271642,3,212737,0,0,28.90,93362.77,38.86,321608.03,b0
765289819,4,212783,0,0,29.24,93379.43,38.13,220737.23,b0
765281116,5,212829,0,0,29.97,93412.08,36.43,233416.91,b0
765280092,6,212875,0,0,29.95,93408.49,36.23,207329.42,b0
765271896,7,212921,0,0,30.16,93404.81,37.06,200744.95,b0
765285466,8,212967,0,0,29.91,93379.27,36.94,264121.75,b0
765274459,1,213014,0,0,28.37,93381.31,39.88,219742.48,b0
765272923,2,213060,0,0,28.60,93405.88,39.84,217087.13,b0
765271642,3,213106,0,0,28.91,93363.54,38.86,320701.53,b0
765289819,4,213152,0,0,29.24,93377.50,38.15,219459.92,b0
765281116,5,213198,0,0,29.99,93413.21,36.44,233098.11,b0
765280092,6,213244,0,0,29.96,93407.11,36.21,207329.42,b0
765271896,7,213291,0,0,30.17,93401.46,37.05,199921.91,b0
765285466,8,213337,0,0,29.92,93378.80,36.93,263510.03,b0
765274459,1,213383,0,0,28.39,93381.83,39.88,219037.44,b0
765272923,2,213429,0,0,28.60,93404.07,39.86,217087.13,b0
765271642,3,213475,0,0,28.93,93365.08,38.88,321608.03,b0
765289819,4,213521,0,0,29.24,93378.93,38.15,220025.78,b0
765281116,5,213568,0,0,30.01,93414.79,36.44,232304.91,b0
765280092,6,213614,0,0,29.97,93407.04,36.24,207455.42,b0
765271896,7,213660,0,0,30.17,93402.88,37.06,200391.39,b0
765285466,8,213706,0,0,29.92,93378.27,36.92,263510.03,b0
765274459,1,213752,0,0,28.39,93380.73,39.91,220025.78,b0
765272923,2,213798,0,0,28.59,93402.41,39.87,217087.13,b0
765271642,3,213844,0,0,28.92,93364.66,38.88,322824.72,b0
765289819,4,213891,0,0,29.23,93380.84,38.15,221309.70,b0
765281116,5,213937,0,0,29.99,93412.98,36.45,232621.53,b0
765280092,6,213983,0,0,29.96,93406.43,36.23,208596.45,b0
765271896,7,214029,0,0,30.17,93403.06,37.07,201813.17,b0
765285466,8,214075,0,0,29.92,93378.45,36.93,263917.53,b0
765274459,1,214121,0,0,28.39,93382.00,39.90,219742.48,b0
765272923,2,214168,0,0,28.59,93404.59,39.90,216536.27,b0
765271642,3,214214,0,0,28.92,93363.59,38.88,320701.53,b0
765289819,4,214260,0,0,29.23,93376.19,38.17,219884.05,b0
765281116,5,214306,0,0,29.99,93413.16,36.47,232304.91,b0
765280092,6,214352,0,0,29.96,93408.01,36.22,207834.38,b0
765271896,7,214398,0,0,30.17,93403.77,37.07,200744.95,b0
765285466,8,214444,0,0,29.93,93379.63,36.93,264531.13,b0
765274459,1,214491,0,0,28.38,93382.22,39.94,219884.05,b0
765272923,2,214537,0,0,28.59,93404.77,39.89,217087.13,b0
765271642,3,214583,0,0,28.91,93364.78,38.89,320701.53,b0
765289819,4,214629,0,0,29.24,93378.02,38.18,221453.28,b0
765281116,5,214675,0,0,29.99,93412.31,36.46,234057.14,b0
765280092,6,214721,0,0,29.95,93406.66,36.22,208341.81,b0
765271896,7,214767,0,0,30.18,93403.70,37.05,201455.83,b0
765285466,8,214813,0,0,29.91,93377.09,36.92,264941.78,b0
765274459,1,214860,0,0,28.38,93382.76,39.95,220594.58,b0
765272923,2,214906,0,0,28.58,93405.30,39.91,217640.81,b0
765271642,3,214952,0,0,28.89,93363.23,38.91,322824.72,b0
765289819,4,214998,0,0,29.23,93380.45,38.18,219742.48,b0
765281116,5,215044,0,0,30.00,93412.03,36.45,233736.59,b0
765280092,6,215090,0,0,29.96,93409.27,36.24,209235.80,b0
765271896,7,215136,0,0,30.17,93403.27,37.06,202411.55,b0
765285466,8,215183,0,0,29.91,93377.95,36.90,264941.78,b0
765274459,1,215229,0,0,28.37,93381.32,39.95,220309.81,b0
765272923,2,215275,0,0,28.58,93404.21,39.91,216124.95,b0
765271642,3,215321,0,0,28.90,93363.96,38.90,322215.22,b0
765289819,4,215367,0,0,29.23,93381.53,38.18,219459.92,b0
765281116,5,215413,0,0,30.02,93413.05,36.45,232621.53,b0
765280092,6,215460,0,0,29.97,93407.60,36.24,208214.72,b0
765271896,7,215506,0,0,30.18,93403.88,37.06,201813.17,b0
765285466,8,215552,0,0,29.92,93378.96,36.92,265766.94,b0
765274459,1,215598,0,0,28.37,93379.31,39.98,219318.91,b0
765272923,2,215644,0,0,28.58,93403.30,39.93,216811.34,b0
765271642,3,215690,0,0,28.91,93365.31,38.90,323743.28,b0
765289819,4,215736,0,0,29.24,93379.80,38.19,220452.09,b0
765281116,5,215783,0,0,30.02,93413.07,36.45,234217.75,b0
765280092,6,215829,0,0,29.98,93408.71,36.25,207961.00,b0
765271896,7,215875,0,0,30.20,93405.61,37.05,201574.80,b0
765285466,8,215921,0,0,29.92,93379.72,36.93,266389.19,b0
765274459,1,215967,0,0,28.38,93382.76,39.99,220309.81,b0
765272923,2,216013,0,0,28.59,93405.34,39.95,217087.13,b0
765271642,3,216060,0,0,28.92,93365.54,38.93,322215.22,b0
765289819,4,216106,0,0,29.24,93380.71,38.19,221597.06,b0
765281116,5,216152,0,0,30.03,93413.73,36.47,233098.11,b0
765280092,6,216198,0,0,29.98,93409.59,36.27,208469.06,b0
765271896,7,216244,0,0,30.21,93405.28,37.04,201099.77,b0
765285466,8,216290,0,0,29.93,93379.68,36.92,263917.53,b0
765274459,1,216337,0,0,28.39,93380.74,39.99,218756.67,b0
765272923,2,216383,0,0,28.60,93406.62,39.95,216673.72,b0
765271642,3,216429,0,0,28.91,93363.73,38.92,322215.22,b0
765289819,4,216475,0,0,29.25,93377.91,38.19,219742.48,b0
765281116,5,216521,0,0,30.04,93413.23,36.47,233098.11,b0
765280092,6,216567,0,0,29.99,93408.15,36.26,207455.42,b0
765271896,7,216613,0,0,30.20,93403.61,37.05,200509.11,b0
765285466,8,216659,0,0,29.93,93379.46,36.93,264121.75,b0
765274459,1,216706,0,0,28.38,93380.56,39.98,220025.78,b0
765272923,2,216752,0,0,28.60,93405.89,39.97,216536.27,b0
765271642,3,216798,0,0,28.91,93364.80,38.92,322215.22,b0
765289819,4,216844,0,0,29.26,93378.12,38.21,219884.05,b0
765281116,5,216890,0,0,30.05,93413.69,36.48,232939.03,b0
765280092,6,216936,0,0,29.99,93407.63,36.27,207329.42,b0
765271896,7,216982,0,0,30.22,93404.63,37.06,200273.81,b0
765285466,8,217028,0,0,29.94,93380.44,36.96,264736.31,b0
765274459,1,217075,0,0,28.40,93382.72,40.01,219318.91,b0
765272923,2,217121,0,0,28.60,93404.08,39.97,216536.27,b0
765271642,3,217167,0,0,28.92,93365.20,38.93,321608.03,b0
765289819,4,217213,0,0,29.26,93381.18,38.21,220167.70,b0
765281116,5,217259,0,0,30.05,93413.75,36.48,232780.17,b0
765280092,6,217305,0,0,29.99,93406.94,36.28,208724.02,b0
765271896,7,217352,0,0,30.21,93404.44,37.08,200863.08,b0
765285466,8,217398,0,0,29.94,93380.41,36.94,265560.16,b0
765274459,1,217444,0,0,28.39,93380.73,40.03,219742.48,b0
765272923,2,217490,0,0,28.61,93405.55,39.97,216811.34,b0
765271642,3,217536,0,0,28.92,93365.20,38.95,321911.34,b0
765289819,4,217582,0,0,29.26,93378.48,38.20,218896.97,b0
765281116,5,217628,0,0,30.06,93413.23,36.48,233257.41,b0
765280092,6,217675,0,0,29.99,93408.16,36.27,207581.59,b0
765271896,7,217721,0,0,30.22,93405.01,37.07,200981.36,b0
765285466,8,217767,0,0,29.93,93377.98,36.95,263510.03,b0
765274459,1,217813,0,0,28.39,93382.01,40.03,219037.44,b0
765272923,2,217859,0,0,28.60,93405.53,39.99,216673.72,b0
765271642,3,217905,0,0,28.92,93364.82,38.97,321608.03,b0
765289819,4,217952,0,0,29.26,93379.19,38.21,220309.81,b0
765281116,5,217998,0,0,30.06,93412.00,36.47,232146.91,b0
765280092,6,218044,0,0,29.99,93405.48,36.27,207455.42,b0
765271896,7,218090,0,0,30.22,93404.44,37.08,200391.39,b0
765285466,8,218136,0,0,29.93,93378.97,36.96,264121.75,b0
765274459,1,218182,0,0,28.39,93382.20,40.05,219178.08,b0
765272923,2,218229,0,0,28.60,93406.81,40.00,216261.88,b0
765271642,3,218275,0,0,28.91,93364.98,38.95,322215.22,b0
765289819,4,218321,0,0,29.25,93380.05,38.21,220167.70,b0
765281116,5,218367,0,0,30.06,93413.10,36.50,233416.91,b0
765280092,6,218413,0,0,29.99,93407.09,36.27,208341.81,b0
765271896,7,218459,0,0,30.23,93405.40,37.08,200039.06,b0
765285466,8,218505,0,0,29.94,93380.60,36.95,263917.53,b0
765274459,1,218552,0,0,28.39,93381.27,40.04,218336.89,b0
765272923,2,218598,0,0,28.60,93407.16,40.01,216673.72,b0
765271642,3,218644,0,0,28.91,93364.59,38.95,321608.03,b0
765289819,4,218690,0,0,29.25,93378.97,38.22,220025.78,b0
765281116,5,218736,0,0,30.07,93414.08,36.48,233896.75,b0
765280092,6,218782,0,0,29.99,93405.85,36.29,207077.86,b0
765271896,7,218828,0,0,30.23,93406.33,37.08,200626.95,b0
765285466,8,218874,0,0,29.94,93379.05,36.94,263713.63,b0
765274459,1,218921,0,0,28.40,93380.90,40.04,218057.92,b0
765272923,2,218967,0,0,28.61,93405.20,40.01,216811.34,b0
765271642,3,219013,0,0,28.91,93364.43,38.97,322215.22,b0
765289819,4,219059,0,0,29.25,93377.72,38.23,220880.06,b0
765281116,5,219105,0,0,30.07,93410.80,36.47,232304.91,b0
765280092,6,219151,0,0,30.01,93407.64,36.28,207203.56,b0
765271896,7,219197,0,0,30.23,93405.62,37.08,201099.77,b0
765285466,8,219244,0,0,29.95,93380.41,36.96,263510.03,b0
765274459,1,219290,0,0,28.41,93383.61,40.07,219178.08,b0
765272923,2,219336,0,0,28.62,93406.30,40.03,215715.19,b0
765271642,3,219382,0,0,28.91,93364.07,38.96,322215.22,b0
765289819,4,219428,0,0,29.26,93380.09,38.23,221309.70,b0
765281116,5,219474,0,0,30.07,93412.48,36.50,231831.56,b0
765280092,6,219521,0,0,30.01,93408.18,36.29,207077.86,b0
765271896,7,219567,0,0,30.24,93403.54,37.10,201099.77,b0
765285466,8,219613,0,0,29.96,93380.08,36.97,265353.72,b0
765274459,1,219659,0,0,28.41,93383.06,40.08,219178.08,b0
765272923,2,219705,0,0,28.61,93405.56,40.04,216536.27,b0
765271642,3,219751,0,0,28.91,93363.55,38.99,321608.03,b0
765289819,4,219797,0,0,29.26,93380.13,38.24,218756.67,b0
765281116,5,219844,0,0,30.08,93413.27,36.48,232621.53,b0
765280092,6,219890,0,0,30.01,93407.50,36.28,207707.91,b0
765271896,7,219936,0,0,30.25,93404.82,37.06,200391.39,b0
765285466,8,219982,0,0,29.96,93381.41,36.95,264531.13,b0
765274459,1,220028,0,0,28.41,93382.16,40.08,218476.64,b0
765272923,2,220074,0,0,28.63,93406.88,40.05,216536.27,b0
765271642,3,220121,0,0,28.92,93364.84,38.99,320400.50,b0
765289819,4,220167,0,0,29.27,93381.02,38.24,219318.91,b0
765281116,5,220213,0,0,30.09,93412.42,36.46,231989.13,b0
765280092,6,220259,0,0,30.02,93408.26,36.29,207707.91,b0
765271896,7,220305,0,0,30.25,93404.16,37.07,199338.14,b0
765285466,8,220351,0,0,29.96,93380.34,36.95,263510.03,b0
765274459,1,220398,0,0,28.42,93382.13,40.10,217640.81,b0
765272923,2,220444,0,0,28.63,93405.78,40.06,215578.95,b0
765271642,3,220490,0,0,28.93,93365.27,39.00,321608.03,b0
765289819,4,220536,0,0,29.27,93377.66,38.27,220167.70,b0
765281116,5,220582,0,0,30.09,93412.28,36.50,233416.91,b0
765280092,6,220628,0,0,30.02,93406.88,36.28,206701.66,b0
765271896,7,220674,0,0,30.25,93404.86,37.07,199338.14,b0
765285466,8,220720,0,0,29.95,93377.70,36.95,263510.03,b0
765274459,1,220767,0,0,28.43,93383.02,40.10,218057.92,b0
765272923,2,220813,0,0,28.63,93406.50,40.06,216261.88,b0
765271642,3,220859,0,0,28.93,93363.30,38.99,321911.34,b0
765289819,4,220905,0,0,29.27,93378.91,38.28,218896.97,b0
765281116,5,220951,0,0,30.10,93411.98,36.49,231989.13,b0
765280092,6,220997,0,0,30.03,93408.72,36.30,207834.38,b0
765271896,7,221043,0,0,30.23,93403.62,37.07,200391.39,b0
765285466,8,221089,0,0,29.92,93378.63,36.96,263917.53,b0
765274459,1,221136,0,0,28.42,93381.77,40.11,217918.70,b0
765272923,2,221182,0,0,28.63,93405.41,40.07,215306.98,b0
765271642,3,221228,0,0,28.93,93365.78,39.02,321003.13,b0
765289819,4,221274,0,0,29.27,93380.36,38.26,219178.08,b0
765281116,5,221320,0,0,30.09,93412.45,36.49,232780.17,b0
765280092,6,221366,0,0,30.02,93406.71,36.29,206826.91,b0
765271896,7,221413,0,0,30.22,93406.98,37.05,200273.81,b0
765285466,8,221459,0,0,29.90,93378.59,36.95,264121.75,b0
765274459,1,221505,0,0,28.42,93382.48,40.11,217918.70,b0
765272923,2,221551,0,0,28.63,93405.61,40.06,215988.19,b0
765271642,3,221597,0,0,28.92,93366.12,39.01,321305.31,b0
765289819,4,221643,0,0,29.27,93377.98,38.26,220309.81,b0
765281116,5,221689,0,0,30.09,93410.80,36.48,232463.11,b0
765280092,6,221736,0,0,30.01,93406.80,36.28,208341.81,b0
765271896,7,221782,0,0,30.23,93406.70,37.05,199221.80,b0
765285466,8,221828,0,0,29.92,93378.61,36.94,263103.81,b0
765274459,1,221874,0,0,28.42,93382.66,40.12,218336.89,b0
765272923,2,221920,0,0,28.64,93405.43,40.09,215035.70,b0
765271642,3,221966,0,0,28.93,93364.35,39.01,321003.13,b0
765289819,4,222013,0,0,29.27,93379.64,38.26,219318.91,b0
765281116,5,222059,0,0,30.09,93413.76,36.49,233416.91,b0
765280092,6,222105,0,0,30.02,93406.33,36.28,208087.78,b0
765271896,7,222151,0,0,30.24,93405.66,37.06,199921.91,b0
765285466,8,222197,0,0,29.92,93379.70,36.96,263510.03,b0
765274459,1,222243,0,0,28.42,93381.58,40.14,217779.67,b0
765272923,2,222290,0,0,28.64,93406.72,40.07,215988.19,b0
765271642,3,222336,0,0,28.93,93364.02,39.01,321003.13,b0
765289819,4,222382,0,0,29.27,93379.80,38.28,220025.78,b0
765281116,5,222428,0,0,30.10,93411.61,36.48,232304.91,b0
765280092,6,222474,0,0,30.01,93405.39,36.29,207961.00,b0
765271896,7,222520,0,0,30.25,93404.13,37.07,199454.61,b0
765285466,8,222566,0,0,29.94,93380.77,36.94,264121.75,b0
765274459,1,222613,0,0,28.43,93383.55,40.13,218756.67,b0
765272923,2,222659,0,0,28.64,93407.27,40.08,215035.70,b0
765271642,3,222705,0,0,28.93,93364.35,39.01,320701.53,b0
765289819,4,222751,0,0,29.27,93377.85,38.28,219318.91,b0
765281116,5,222797,0,0,30.10,93411.28,36.50,232304.91,b0
765280092,6,222843,0,0,30.01,93406.27,36.28,206826.91,b0
765271896,7,222889,0,0,30.26,93404.55,37.06,199804.88,b0
765285466,8,222935,0,0,29.95,93379.33,36.97,264531.13,b0
765274459,1,222982,0,0,28.43,93381.74,40.14,218616.56,b0
765272923,2,223028,0,0,28.63,93405.61,40.07,215715.19,b0
765271642,3,223074,0,0,28.93,93364.74,39.02,321305.31,b0
765289819,4,223120,0,0,29.27,93378.70,38.27,219318.91,b0
765281116,5,223166,0,0,30.10,93413.27,36.48,232780.17,b0
765280092,6,223212,0,0,30.02,93407.36,36.28,206952.30,b0
765271896,7,223258,0,0,30.26,93405.10,37.06,199105.58,b0
765285466,8,223305,0,0,29.96,93381.90,36.94,262295.09,b0
765274459,1,223351,0,0,28.42,93381.03,40.11,217502.13,b0
765272923,2,223397,0,0,28.62,93404.85,40.07,215715.19,b0
765271642,3,223443,0,0,28.93,93363.47,39.01,322215.22,b0
765289819,4,223489,0,0,29.26,93379.01,38.28,219037.44,b0
765281116,5,223535,0,0,30.09,93411.20,36.48,232304.91,b0
765280092,6,223581,0,0,30.02,93405.09,36.29,207961.00,b0
765271896,7,223628,0,0,30.27,93406.22,37.06,200039.06,b0
765285466,8,223674,0,0,29.96,93378.70,36.95,263306.75,b0
765274459,1,223720,0,0,28.42,93380.67,40.12,218476.64,b0
765272923,2,223766,0,0,28.61,93405.20,40.07,215578.95,b0
765271642,3,223812,0,0,28.93,93365.08,39.02,320100.03,b0
765289819,4,223858,0,0,29.26,93379.55,38.27,220737.23,b0
765281116,5,223905,0,0,30.10,93412.37,36.50,230890.64,b0
765280092,6,223951,0,0,30.03,93405.24,36.30,207455.42,b0
765271896,7,223997,0,0,30.26,93404.93,37.06,200509.11,b0
765285466,8,224043,0,0,29.97,93379.55,36.96,262093.67,b0
765274459,1,224089,0,0,28.42,93382.67,40.13,218476.64,b0
765272923,2,224135,0,0,28.60,93404.62,40.05,215715.19,b0
765271642,3,224182,0,0,28.92,93362.73,39.01,318903.78,b0
765289819,4,224228,0,0,29.25,93378.27,38.28,218197.31,b0
765281116,5,224274,0,0,30.09,93410.62,36.49,232146.91,b0
765280092,6,224320,0,0,30.04,93406.16,36.29,206326.81,b0
765271896,7,224366,0,0,30.25,93403.43,37.05,200273.81,b0
765285466,8,224412,0,0,29.98,93380.29,36.97,262496.78,b0
765274459,1,224459,0,0,28.41,93382.69,40.14,218336.89,b0
765272923,2,224505,0,0,28.58,93405.49,40.09,215988.19,b0
765271642,3,224551,0,0,28.92,93364.34,39.02,318606.09,b0
765289819,4,224597,0,0,29.24,93377.46,38.28,219318.91,b0
765281116,5,224643,0,0,30.08,93411.68,36.48,232146.91,b0
765280092,6,224689,0,0,30.03,93405.34,36.30,206576.56,b0
765271896,7,224735,0,0,30.25,93404.69,37.05,198989.50,b0
765285466,8,224781,0,0,29.96,93379.41,36.97,263103.81,b0
765274459,1,224828,0,0,28.40,93382.16,40.13,217918.70,b0
765272923,2,224874,0,0,28.57,93405.27,40.10,215306.98,b0
765271642,3,224920,0,0,28.91,93363.85,39.02,320100.03,b0
765289819,4,224966,0,0,29.22,93380.41,38.28,218896.97,b0
765281116,5,225012,0,0,30.07,93412.48,36.50,231517.06,b0
765280092,6,225058,0,0,30.01,93406.27,36.29,206576.56,b0
765271896,7,225104,0,0,30.25,93404.86,37.07,199454.61,b0
765285466,8,225150,0,0,29.95,93379.81,36.98,264121.75,b0
765274459,1,225197,0,0,28.39,93380.74,40.15,218616.56,b0
765272923,2,225243,0,0,28.56,93404.34,40.09,215578.95,b0
765271642,3,225289,0,0,28.88,93365.98,39.02,320100.03,b0
765289819,4,225335,0,0,29.21,93379.25,38.28,220309.81,b0
765281116,5,225381,0,0,30.07,93411.70,36.49,231674.20,b0
765280092,6,225427,0,0,30.01,93406.21,36.29,207581.59,b0
765271896,7,225473,0,0,30.25,93404.11,37.07,201099.77,b0
765285466,8,225520,0,0,29.94,93377.20,36.96,262901.16,b0
765274459,1,225566,0,0,28.38,93382.77,40.14,218756.67,b0
765272923,2,225612,0,0,28.56,93405.97,40.09,216261.88,b0
765271642,3,225658,0,0,28.87,93363.23,39.03,321003.13,b0
765289819,4,225704,0,0,29.20,93378.48,38.29,218336.89,b0
765281116,5,225750,0,0,30.08,93411.07,36.50,233098.11,b0
765280092,6,225797,0,0,30.01,93406.45,36.29,206576.56,b0
765271896,7,225843,0,0,30.25,93402.91,37.07,200039.06,b0
765285466,8,225889,0,0,29.95,93380.24,36.98,264326.28,b0
765274459,1,225935,0,0,28.37,93380.40,40.14,217640.81,b0
765272923,2,225981,0,0,28.57,93403.10,40.10,215851.61,b0
765271642,3,226027,0,0,28.87,93363.95,39.05,320400.50,b0
765289819,4,226074,0,0,29.21,93378.20,38.30,218336.89,b0
765281116,5,226120,0,0,30.08,93410.23,36.48,232146.91,b0
765280092,6,226166,0,0,30.03,93408.72,36.28,206077.69,b0
765271896,7,226212,0,0,30.27,93404.42,37.06,200509.11,b0
765285466,8,226258,0,0,29.97,93379.12,36.97,263510.03,b0
765274459,1,226304,0,0,28.40,93381.27,40.16,218616.56,b0
765272923,2,226350,0,0,28.59,93403.70,40.12,216261.88,b0
765271642,3,226397,0,0,28.88,93364.76,39.06,321608.03,b0
765289819,4,226443,0,0,29.23,93378.30,38.31,218476.64,b0
765281116,5,226489,0,0,30.10,93410.60,36.48,231831.56,b0
765280092,6,226535,0,0,30.04,93406.38,36.30,206826.91,b0
765271896,7,226581,0,0,30.28,93404.13,37.06,200744.95,b0
765285466,8,226627,0,0,29.98,93379.23,36.97,263103.81,b0
765274459,1,226674,0,0,28.40,93380.90,40.16,218336.89,b0
765272923,2,226720,0,0,28.61,93404.27,40.12,216124.95,b0
765271642,3,226766,0,0,28.89,93361.97,39.07,320701.53,b0
765289819,4,226812,0,0,29.25,93378.59,38.31,218057.92,b0
765281116,5,226858,0,0,30.11,93410.32,36.50,231360.14,b0
765280092,6,226904,0,0,30.04,93404.47,36.30,206701.66,b0
765271896,7,226950,0,0,30.28,93403.81,37.06,199687.98,b0
765285466,8,226996,0,0,29.98,93379.85,36.98,261691.80,b0
765274459,1,227043,0,0,28.42,93382.31,40.17,218616.56,b0
765272923,2,227089,0,0,28.62,93404.14,40.13,215442.88,b0
765271642,3,227135,0,0,28.92,93363.78,39.08,317420.97,b0
765289819,4,227181,0,0,29.27,93378.52,38.31,219037.44,b0
765281116,5,227227,0,0,30.13,93409.23,36.51,231203.44,b0
765280092,6,227273,0,0,30.06,93405.74,36.30,205581.20,b0
765271896,7,227319,0,0,30.29,93405.30,37.06,199338.14,b0
765285466,8,227365,0,0,30.00,93380.15,36.96,261691.80,b0
765274459,1,227412,0,0,28.43,93381.02,40.18,217779.67,b0
765272923,2,227458,0,0,28.65,93405.27,40.13,214900.31,b0
765271642,3,227504,0,0,28.93,93362.97,39.08,318012.44,b0
765289819,4,227550,0,0,29.28,93378.57,38.32,217918.70,b0
765281116,5,227596,0,0,30.14,93410.52,36.50,230890.64,b0
765280092,6,227642,0,0,30.07,93406.65,36.31,206326.81,b0
765271896,7,227689,0,0,30.29,93404.59,37.06,198873.56,b0
765285466,8,227735,0,0,29.99,93379.51,36.98,262698.81,b0
765274459,1,227781,0,0,28.44,93381.91,40.19,216949.16,b0
765272923,2,227827,0,0,28.65,93403.10,40.14,214900.31,b0
765271642,3,227873,0,0,28.94,93363.02,39.10,317126.03,b0
765289819,4,227919,0,0,29.29,93379.36,38.32,218756.67,b0
765281116,5,227966,0,0,30.15,93411.37,36.50,230423.05,b0
765280092,6,228012,0,0,30.06,93405.33,36.29,205087.13,b0
765271896,7,228058,0,0,30.30,93403.55,37.08,199221.80,b0
765285466,8,228104,0,0,30.00,93379.25,36.98,262901.16,b0
765274459,1,228150,0,0,28.45,93381.34,40.19,217640.81,b0
765272923,2,228196,0,0,28.66,93403.51,40.14,214630.06,b0
765271642,3,228242,0,0,28.94,93363.05,39.10,316244.59,b0
765289819,4,228289,0,0,29.29,93379.04,38.36,217502.13,b0
765281116,5,228335,0,0,30.14,93411.69,36.53,230112.36,b0
765280092,6,228381,0,0,30.06,93404.11,36.31,205087.13,b0
765271896,7,228427,0,0,30.30,93402.15,37.09,198526.56,b0
765285466,8,228473,0,0,30.01,93381.17,37.00,261091.28,b0
765274459,1,228519,0,0,28.46,93381.87,40.19,217363.61,b0
765272923,2,228566,0,0,28.67,93404.09,40.15,214495.19,b0
765271642,3,228612,0,0,28.94,93362.50,39.10,316244.59,b0
765289819,4,228658,0,0,29.30,93379.24,38.36,218197.31,b0
765281116,5,228704,0,0,30.14,93408.41,36.50,229957.33,b0
765280092,6,228750,0,0,30.06,93405.92,36.32,204840.97,b0
765271896,7,228796,0,0,30.30,93401.98,37.10,198989.50,b0
765285466,8,228842,0,0,30.01,93378.73,37.01,261091.28,b0
765274459,1,228889,0,0,28.46,93381.13,40.22,216398.98,b0
765272923,2,228935,0,0,28.68,93405.01,40.16,213823.34,b0
765271642,3,228981,0,0,28.96,93364.05,39.12,315659.69,b0
765289819,4,229027,0,0,29.31,93377.84,38.35,216398.98,b0
765281116,5,229073,0,0,30.16,93410.53,36.52,229031.53,b0
765280092,6,229119,0,0,30.07,93404.34,36.33,205087.13,b0
765271896,7,229165,0,0,30.31,93402.20,37.08,196356.66,b0
765285466,8,229211,0,0,30.01,93378.73,37.02,261892.58,b0
765274459,1,229258,0,0,28.46,93378.95,40.20,216673.72,b0
765272923,2,229304,0,0,28.68,93403.36,40.18,213555.78,b0
765271642,3,229350,0,0,28.96,93363.86,39.10,317420.97,b0
765289819,4,229396,0,0,29.30,93378.53,38.38,216536.27,b0
765281116,5,229442,0,0,30.15,93409.23,36.53,229493.50,b0
765280092,6,229488,0,0,30.06,93405.92,36.33,203862.23,b0
765271896,7,229534,0,0,30.31,93402.57,37.09,197150.56,b0
765285466,8,229581,0,0,30.02,93378.74,37.03,260096.52,b0
765274459,1,229627,0,0,28.48,93380.92,40.23,216261.88,b0
765272923,2,229673,0,0,28.68,93403.91,40.16,213555.78,b0
765271642,3,229719,0,0,28.96,93363.32,39.13,316537.88,b0
765289819,4,229765,0,0,29.31,93379.10,38.37,216261.88,b0
765281116,5,229811,0,0,30.16,93410.16,36.54,228265.72,b0
765280092,6,229858,0,0,30.07,93406.17,36.33,204718.11,b0
765271896,7,229904,0,0,30.32,93404.06,37.12,197036.75,b0
765285466,8,229950,0,0,30.03,93379.56,37.03,260891.72,b0
765274459,1,229996,0,0,28.48,93381.81,40.24,215306.98,b0
765272923,2,230042,0,0,28.69,93404.66,40.19,213288.89,b0
765271642,3,230088,0,0,28.95,93363.45,39.13,316537.88,b0
765289819,4,230135,0,0,29.31,93379.83,38.39,217502.13,b0
765281116,5,230181,0,0,30.16,93410.21,36.53,229957.33,b0
765280092,6,230227,0,0,30.08,93405.87,36.37,203619.02,b0
765271896,7,230273,0,0,30.32,93403.33,37.15,196582.84,b0
765285466,8,230319,0,0,30.03,93379.39,37.04,260493.52,b0
765274459,1,230365,0,0,28.48,93380.36,40.23,215851.61,b0
765272923,2,230411,0,0,28.70,93404.49,40.21,212624.58,b0
765271642,3,230458,0,0,28.94,93362.33,39.14,316831.69,b0
765289819,4,230504,0,0,29.31,93377.88,38.41,216949.16,b0
765281116,5,230550,0,0,30.17,93410.09,36.53,228571.42,b0
765280092,6,230596,0,0,30.08,93406.40,36.36,203984.06,b0
765271896,7,230642,0,0,30.32,93402.44,37.16,195793.50,b0
765285466,8,230688,0,0,30.03,93379.81,37.07,258520.58,b0
765274459,1,230735,0,0,28.48,93379.82,40.24,215988.19,b0
765272923,2,230781,0,0,28.69,93405.02,40.22,212757.11,b0
765271642,3,230827,0,0,28.95,93362.34,39.14,315368.03,b0
765289819,4,230873,0,0,29.31,93379.13,38.41,217640.81,b0
765281116,5,230919,0,0,30.17,93409.06,36.54,228571.42,b0
765280092,6,230965,0,0,30.07,93405.85,36.36,204963.97,b0
765271896,7,231011,0,0,30.32,93404.43,37.18,195793.50,b0
765285466,8,231057,0,0,30.04,93381.16,37.07,257351.09,b0
765274459,1,231104,0,0,28.49,93381.44,40.24,215171.25,b0
765272923,2,231150,0,0,28.69,93405.02,40.22,213288.89,b0
765271642,3,231196,0,0,28.95,93362.17,39.13,317716.41,b0
765289819,4,231242,0,0,29.31,93378.23,38.40,215988.19,b0
765281116,5,231288,0,0,30.17,93410.66,36.56,229802.52,b0
765280092,6,231334,0,0,30.08,93407.38,36.38,203740.55,b0
765271896,7,231380,0,0,30.33,93405.38,37.18,195457.14,b0
765285466,8,231426,0,0,30.04,93378.77,37.09,259109.31,b0
765274459,1,231473,0,0,28.48,93382.36,40.28,216398.98,b0
765272923,2,231519,0,0,28.69,93404.30,40.23,213422.27,b0
765271642,3,231565,0,0,28.94,93363.76,39.15,318012.44,b0
765289819,4,231611,0,0,29.31,93379.51,38.40,217640.81,b0
765281116,5,231657,0,0,30.18,93408.93,36.54,228113.17,b0
765280092,6,231703,0,0,30.08,93405.42,36.37,204472.84,b0
765271896,7,231750,0,0,30.33,93404.13,37.18,195793.50,b0
765285466,8,231796,0,0,30.04,93378.30,37.08,256577.30,b0
765274459,1,231842,0,0,28.47,93381.29,40.26,216536.27,b0
765272923,2,231888,0,0,28.69,93403.93,40.23,213422.27,b0
765271642,3,231934,0,0,28.94,93363.18,39.12,316831.69,b0
765289819,4,231980,0,0,29.31,93379.66,38.42,216261.88,b0
765281116,5,232027,0,0,30.19,93409.34,36.55,228113.17,b0
765280092,6,232073,0,0,30.10,93405.91,36.35,203862.23,b0
765271896,7,232119,0,0,30.33,93402.35,37.21,195121.95,b0
765285466,8,232165,0,0,30.05,93380.17,37.10,256577.30,b0
765274459,1,232211,0,0,28.47,93380.76,40.26,217087.13,b0
765272923,2,232257,0,0,28.68,93405.19,40.24,213288.89,b0
765271642,3,232303,0,0,28.94,93364.61,39.14,317716.41,b0
765289819,4,232350,0,0,29.30,93379.25,38.42,217640.81,b0
765281116,5,232396,0,0,30.20,93410.89,36.53,228265.72,b0
765280092,6,232442,0,0,30.11,93407.63,36.36,203134.30,b0
765271896,7,232488,0,0,30.35,93404.41,37.22,193244.02,b0
765285466,8,232534,0,0,30.06,93380.23,37.13,255616.58,b0
765274459,1,232580,0,0,28.46,93383.13,40.24,216536.27,b0
765272923,2,232627,0,0,28.69,93404.47,40.23,213022.67,b0
765271642,3,232673,0,0,28.93,93363.30,39.15,318606.09,b0
765289819,4,232719,0,0,29.30,93378.33,38.40,216673.72,b0
765281116,5,232765,0,0,30.20,93411.66,36.55,229185.31,b0
765280092,6,232811,0,0,30.11,93405.74,36.37,203013.48,b0
765271896,7,232857,0,0,30.36,93404.68,37.22,193134.67,b0
765285466,8,232903,0,0,30.07,93380.90,37.13,255043.59,b0
765274459,1,232950,0,0,28.46,93380.77,40.25,217225.28,b0
765272923,2,232996,0,0,28.69,93404.11,40.22,213155.70,b0
765271642,3,233042,0,0,28.92,93362.90,39.13,318308.97,b0
765289819,4,233088,0,0,29.30,93379.79,38.42,217225.28,b0
765281116,5,233134,0,0,30.21,93412.28,36.54,227051.00,b0
765280092,6,233180,0,0,30.12,93406.82,36.35,203013.48,b0
765271896,7,233226,0,0,30.36,93405.03,37.23,193244.02,b0
765285466,8,233272,0,0,30.07,93380.92,37.13,254663.02,b0
765274459,1,233319,0,0,28.45,93382.79,40.24,216398.98,b0
765272923,2,233365,0,0,28.69,93404.28,40.21,212889.81,b0
765271642,3,233411,0,0,28.93,93363.30,39.14,317716.41,b0
765289819,4,233457,0,0,29.31,93378.95,38.40,216398.98,b0
765281116,5,233503,0,0,30.22,93412.56,36.53,226298.34,b0
765280092,6,233549,0,0,30.13,93407.34,36.36,201813.17,b0
765271896,7,233595,0,0,30.36,93402.88,37.24,192589.81,b0
765285466,8,233642,0,0,30.08,93381.23,37.18,255043.59,b0
765274459,1,233688,0,0,28.47,93383.47,40.26,216261.88,b0
765272923,2,233734,0,0,28.71,93403.81,40.23,212492.22,b0
765271642,3,233780,0,0,28.95,93364.49,39.15,316537.88,b0
765289819,4,233826,0,0,29.32,93380.10,38.41,216811.34,b0
765281116,5,233872,0,0,30.22,93410.77,36.55,226298.34,b0
765280092,6,233919,0,0,30.13,93407.16,36.38,201218.31,b0
765271896,7,233965,0,0,30.36,93405.74,37.28,191940.02,b0
765285466,8,234011,0,0,30.08,93380.66,37.19,254283.58,b0
765274459,1,234057,0,0,28.48,93380.36,40.24,215851.61,b0
765272923,2,234103,0,0,28.73,93406.02,40.22,212492.22,b0
765271642,3,234149,0,0,28.95,93364.16,39.15,315951.88,b0
765289819,4,234195,0,0,29.33,93379.04,38.43,217087.13,b0
765281116,5,234242,0,0,30.22,93410.92,36.55,224659.94,b0
765280092,6,234288,0,0,30.12,93404.45,36.38,201337.00,b0
765271896,7,234334,0,0,30.36,93405.58,37.30,191294.59,b0
765285466,8,234380,0,0,30.09,93380.40,37.22,254094.30,b0
765274459,1,234426,0,0,28.48,93381.08,40.26,215306.98,b0
765272923,2,234472,0,0,28.72,93402.91,40.22,212492.22,b0
765271642,3,234519,0,0,28.95,93363.66,39.15,316244.59,b0
765289819,4,234565,0,0,29.33,93379.06,38.43,215442.88,b0
765281116,5,234611,0,0,30.22,93413.09,36.58,225998.67,b0
765280092,6,234657,0,0,30.12,93406.37,36.42,201218.31,b0
765271896,7,234703,0,0,30.36,93403.79,37.31,191940.02,b0
765285466,8,234749,0,0,30.08,93380.29,37.22,253339.94,b0
765274459,1,234796,0,0,28.47,93383.29,40.26,215442.88,b0
765272923,2,234842,0,0,28.71,93405.43,40.25,213022.67,b0
765271642,3,234888,0,0,28.94,93365.73,39.17,317420.97,b0
765289819,4,234934,0,0,29.30,93379.43,38.41,217640.81,b0
765281116,5,234980,0,0,30.20,93411.64,36.59,225998.67,b0
765280092,6,235026,0,0,30.10,93407.17,36.41,202411.55,b0
765271896,7,235072,0,0,30.35,93402.45,37.33,192156.13,b0
765285466,8,235118,0,0,30.06,93380.95,37.24,253528.09,b0
765274459,1,235165,0,0,28.45,93381.70,40.25,215715.19,b0
765272923,2,235211,0,0,28.68,93405.54,40.22,213022.67,b0
765271642,3,235257,0,0,28.93,93364.53,39.16,317420.97,b0
765289819,4,235303,0,0,29.27,93378.38,38.39,216811.34,b0
765281116,5,235349,0,0,30.18,93411.97,36.59,225849.14,b0
765280092,6,235395,0,0,30.08,93406.04,36.43,202772.28,b0
765271896,7,235441,0,0,30.33,93406.27,37.33,194012.89,b0
765285466,8,235487,0,0,30.03,93379.99,37.21,254094.30,b0
765274459,1,235534,0,0,28.43,93382.10,40.25,216811.34,b0
765272923,2,235580,0,0,28.66,93406.41,40.22,213555.78,b0
765271642,3,235626,0,0,28.92,93364.88,39.16,318012.44,b0
765289819,4,235672,0,0,29.26,93377.94,38.40,216261.88,b0
765281116,5,235718,0,0,30.17,93410.30,36.59,227051.00,b0
765280092,6,235764,0,0,30.07,93406.20,36.40,202171.77,b0
765271896,7,235811,0,0,30.31,93402.73,37.31,193134.67,b0
765285466,8,235857,0,0,30.03,93382.07,37.23,254473.16,b0
765274459,1,235903,0,0,28.42,93381.94,40.26,216124.95,b0
765272923,2,235949,0,0,28.65,93405.48,40.23,213957.38,b0
765271642,3,235995,0,0,28.92,93364.28,39.17,319202.00,b0
765289819,4,236041,0,0,29.26,93379.20,38.41,217225.28,b0
765281116,5,236088,0,0,30.16,93408.97,36.57,227051.00,b0
765280092,6,236134,0,0,30.07,93405.44,36.42,202171.77,b0
765271896,7,236180,0,0,30.30,93404.09,37.30,193025.45,b0
765285466,8,236226,0,0,30.01,93379.91,37.20,255234.30,b0
765274459,1,236272,0,0,28.41,93381.41,40.26,217363.61,b0
765272923,2,236318,0,0,28.63,93404.33,40.21,213422.27,b0
765271642,3,236364,0,0,28.91,93364.07,39.15,318308.97,b0
765289819,4,236411,0,0,29.25,93379.31,38.41,218336.89,b0
765281116,5,236457,0,0,30.15,93410.27,36.57,227353.47,b0
765280092,6,236503,0,0,30.07,93406.02,36.38,202892.81,b0
765271896,7,236549,0,0,30.28,93404.70,37.28,193463.06,b0
765285466,8,236595,0,0,30.01,93379.89,37.19,256577.30,b0
765274459,1,236641,0,0,28.41,93380.70,40.26,218057.92,b0
765272923,2,236688,0,0,28.61,93403.38,40.20,213823.34,b0
765271642,3,236734,0,0,28.89,93363.41,39.14,319202.00,b0
765289819,4,236780,0,0,29.22,93379.50,38.41,216811.34,b0
765281116,5,236826,0,0,30.11,93410.13,36.54,227808.67,b0
765280092,6,236872,0,0,30.05,93406.85,36.40,203862.23,b0
765271896,7,236918,0,0,30.27,93404.77,37.26,194899.13,b0
765285466,8,236964,0,0,30.00,93379.11,37.15,257157.20,b0
765274459,1,237011,0,0,28.39,93382.20,40.25,218057.92,b0
765272923,2,237057,0,0,28.59,93405.50,40.18,215171.25,b0
765271642,3,237103,0,0,28.87,93364.31,39.14,318903.78,b0
765289819,4,237149,0,0,29.19,93379.20,38.40,219178.08,b0
765281116,5,237195,0,0,30.07,93412.67,36.52,227960.81,b0
765280092,6,237241,0,0,30.02,93404.70,36.38,204106.05,b0
765271896,7,237287,0,0,30.23,93403.26,37.23,193682.63,b0
765285466,8,237333,0,0,29.97,93379.53,37.16,258716.53,b0
765274459,1,237380,0,0,28.38,93382.76,40.24,217225.28,b0
765272923,2,237426,0,0,28.57,93404.02,40.16,215171.25,b0
765271642,3,237472,0,0,28.87,93364.30,39.14,319500.78,b0
765289819,4,237518,0,0,29.18,93379.48,38.40,220025.78,b0
765281116,5,237564,0,0,30.05,93411.52,36.52,228724.59,b0
765280092,6,237610,0,0,30.00,93406.88,36.36,205087.13,b0
765271896,7,237656,0,0,30.20,93403.25,37.23,195010.47,b0
765285466,8,237703,0,0,29.95,93377.31,37.12,258520.58,b0
765274459,1,237749,0,0,28.38,93381.11,40.25,218896.97,b0
765272923,2,237795,0,0,28.57,93402.74,40.16,215306.98,b0
765271642,3,237841,0,0,28.87,93363.41,39.14,321305.31,b0
765289819,4,237887,0,0,29.18,93377.14,38.40,217225.28,b0
765281116,5,237933,0,0,30.05,93411.91,36.50,229647.91,b0
765280092,6,237980,0,0,30.00,93404.20,36.35,205581.20,b0
765271896,7,238026,0,0,30.18,93401.73,37.21,195569.14,b0
765285466,8,238072,0,0,29.95,93380.16,37.10,258716.53,b0
765274459,1,238118,0,0,28.40,93380.90,40.25,217779.67,b0
765272923,2,238164,0,0,28.59,93403.52,40.16,215306.98,b0
765271642,3,238210,0,0,28.88,93363.70,39.14,319202.00,b0
765289819,4,238257,0,0,29.20,93378.68,38.38,217640.81,b0
765281116,5,238303,0,0,30.05,93412.11,36.51,229647.91,b0
765280092,6,238349,0,0,30.02,93406.73,36.34,206202.17,b0
765271896,7,238395,0,0,30.18,93403.66,37.19,197036.75,b0
765285466,8,238441,0,0,29.94,93377.20,37.10,260692.47,b0
765274459,1,238487,0,0,28.42,93383.77,40.26,217779.67,b0
765272923,2,238533,0,0,28.62,93405.76,40.18,215578.95,b0
765271642,3,238580,0,0,28.89,93363.21,39.14,320100.03,b0
765289819,4,238626,0,0,29.22,93379.34,38.38,219601.11,b0
765281116,5,238672,0,0,30.06,93410.19,36.49,230734.56,b0
765280092,6,238718,0,0,30.02,93407.58,36.34,204350.42,b0
765271896,7,238764,0,0,30.17,93402.55,37.17,197378.56,b0
765285466,8,238810,0,0,29.93,93377.45,37.08,260891.72,b0
765274459,1,238857,0,0,28.43,93382.65,40.24,218057.92,b0
765272923,2,238903,0,0,28.62,93404.33,40.17,215851.61,b0
765271642,3,238949,0,0,28.90,93363.27,39.13,320400.50,b0
765289819,4,238995,0,0,29.22,93376.84,38.38,218756.67,b0
765281116,5,239041,0,0,30.06,93411.69,36.50,230578.70,b0
765280092,6,239087,0,0,30.01,93404.47,36.33,206077.69,b0
765271896,7,239133,0,0,30.17,93402.03,37.17,196243.77,b0
765285466,8,239179,0,0,29.93,93377.27,37.06,260891.72,b0
765274459,1,239226,0,0,28.43,93380.65,40.23,218616.56,b0
765272923,2,239272,0,0,28.63,93406.51,40.16,215988.19,b0
765271642,3,239318,0,0,28.91,93363.14,39.14,321911.34,b0
765289819,4,239364,0,0,29.24,93379.08,38.37,218057.92,b0
765281116,5,239410,0,0,30.06,93411.84,36.48,230423.05,b0
765280092,6,239456,0,0,30.02,93405.26,36.32,206451.61,b0
765271896,7,239502,0,0,30.19,93403.37,37.16,197036.75,b0
765285466,8,239549,0,0,29.94,93378.68,37.07,260891.72,b0
765274459,1,239595,0,0,28.43,93381.74,40.22,219037.44,b0
765272923,2,239641,0,0,28.62,93405.77,40.14,215851.61,b0
765271642,3,239687,0,0,28.90,93362.94,39.10,320400.50,b0
765289819,4,239733,0,0,29.24,93378.20,38.38,219884.05,b0
765281116,5,239779,0,0,30.07,93410.62,36.49,231517.06,b0
765280092,6,239825,0,0,30.03,93406.10,36.32,206202.17,b0
765271896,7,239872,0,0,30.19,93402.66,37.16,197264.50,b0
765285466,8,239918,0,0,29.93,93377.36,37.03,261691.80,b0
765274459,1,239964,0,0,28.42,93381.77,40.21,217779.67,b0
765272923,2,240010,0,0,28.62,93404.85,40.15,215988.19,b0
765271642,3,240056,0,0,28.90,93361.13,39.12,320701.53,b0
765289819,4,240102,0,0,29.24,93377.47,38.39,218336.89,b0
765281116,5,240149,0,0,30.07,93410.69,36.49,232146.91,b0
765280092,6,240195,0,0,30.04,93407.43,36.31,206952.30,b0
765271896,7,240241,0,0,30.17,93402.55,37.15,197721.56,b0
765285466,8,240287,0,0,29.91,93377.66,37.02,262496.78,b0
765274459,1,240333,0,0,28.42,93381.41,40.22,219459.92,b0
765272923,2,240379,0,0,28.62,93406.49,40.15,216536.27,b0
765271642,3,240425,0,0,28.90,93363.13,39.12,321305.31,b0
765289819,4,240472,0,0,29.23,93378.70,38.37,219884.05,b0
765281116,5,240518,0,0,30.07,93412.48,36.49,231831.56,b0
765280092,6,240564,0,0,30.03,93403.25,36.30,205333.88,b0
765271896,7,240610,0,0,30.16,93402.83,37.14,198295.89,b0
765285466,8,240656,0,0,29.90,93378.30,37.01,262295.09,b0
765274459,1,240702,0,0,28.41,93380.87,40.21,219318.91,b0
765272923,2,240749,0,0,28.60,93402.63,40.14,216949.16,b0
765271642,3,240795,0,0,28.89,93363.22,39.10,320100.03,b0
765289819,4,240841,0,0,29.22,93379.50,38.36,219318.91,b0
765281116,5,240887,0,0,30.03,93410.82,36.45,231046.94,b0
765280092,6,240933,0,0,30.00,93406.88,36.28,206826.91,b0
765271896,7,240979,0,0,30.13,93403.16,37.11,199454.61,b0
765285466,8,241025,0,0,29.88,93377.18,37.00,262698.81,b0
765274459,1,241072,0,0,28.40,93380.89,40.20,219459.92,b0
765272923,2,241118,0,0,28.59,93404.41,40.14,216536.27,b0
765271642,3,241164,0,0,28.88,93365.31,39.10,322519.69,b0
765289819,4,241210,0,0,29.19,93379.55,38.35,219601.11,b0
765281116,5,241256,0,0,29.99,93411.72,36.44,233576.64,b0
765280092,6,241302,0,0,29.99,93406.90,36.29,206077.69,b0
765271896,7,241348,0,0,30.08,93401.40,37.11,198526.56,b0
765285466,8,241394,0,0,29.86,93377.97,37.00,265147.59,b0
765274459,1,241441,0,0,28.40,93379.61,40.21,219601.11,b0
765272923,2,241487,0,0,28.59,93405.50,40.12,217087.13,b0
765271642,3,241533,0,0,28.89,93362.48,39.10,322519.69,b0
765289819,4,241579,0,0,29.19,93377.55,38.35,220309.81,b0
765281116,5,241625,0,0,29.97,93411.23,36.45,233098.11,b0
765280092,6,241671,0,0,29.96,93406.09,36.28,207329.42,b0
765271896,7,241717,0,0,30.07,93403.31,37.08,199921.91,b0
765285466,8,241764,0,0,29.82,93376.87,36.96,264326.28,b0
765274459,1,241810,0,0,28.42,93381.76,40.18,219459.92,b0
765272923,2,241856,0,0,28.61,93404.82,40.11,217502.13,b0
765271642,3,241902,0,0,28.90,93364.88,39.08,322824.72,b0
765289819,4,241948,0,0,29.20,93376.18,38.33,219742.48,b0
765281116,5,241994,0,0,29.96,93410.56,36.45,233576.64,b0
765280092,6,242041,0,0,29.96,93409.39,36.26,208214.72,b0
765271896,7,242087,0,0,30.05,93402.12,37.08,201455.83,b0
765285466,8,242133,0,0,29.78,93378.77,36.95,265147.59,b0
765274459,1,242179,0,0,28.44,93381.73,40.17,220452.09,b0
765272923,2,242225,0,0,28.62,93405.77,40.13,217502.13,b0
765271642,3,242271,0,0,28.90,93361.49,39.09,321608.03,b0
765289819,4,242318,0,0,29.20,93379.02,38.34,219742.48,b0
765281116,5,242364,0,0,29.95,93412.66,36.44,234378.58,b0
765280092,6,242410,0,0,29.96,93407.98,36.28,207834.38,b0
765271896,7,242456,0,0,30.02,93401.17,37.07,200156.38,b0
765285466,8,242502,0,0,29.74,93376.77,36.94,265560.16,b0
765274459,1,242548,0,0,28.44,93382.09,40.16,219884.05,b0
765272923,2,242594,0,0,28.62,93404.86,40.11,216673.72,b0
765271642,3,242641,0,0,28.90,93361.28,39.07,321003.13,b0
765289819,4,242687,0,0,29.18,93378.73,38.32,220880.06,b0
765281116,5,242733,0,0,29.95,93411.88,36.43,232463.11,b0
765280092,6,242779,0,0,29.95,93407.37,36.25,209621.30,b0
765271896,7,242825,0,0,29.99,93402.61,37.08,200273.81,b0
765285466,8,242871,0,0,29.72,93377.23,36.95,264326.28,b0
765274459,1,242918,0,0,28.43,93381.02,40.17,220737.23,b0
765272923,2,242964,0,0,28.61,93404.30,40.11,216949.16,b0
765271642,3,243010,0,0,28.89,93363.01,39.08,324050.63,b0
765289819,4,243056,0,0,29.18,93378.54,38.32,220309.81,b0
765281116,5,243102,0,0,29.94,93412.34,36.42,234862.39,b0
765280092,6,243148,0,0,29.94,93406.58,36.26,208979.59,b0
765271896,7,243194,0,0,29.98,93402.16,37.08,200391.39,b0
765285466,8,243240,0,0,29.73,93376.63,36.97,266597.25,b0
765274459,1,243287,0,0,28.41,93380.68,40.17,220452.09,b0
765272923,2,243333,0,0,28.60,93404.98,40.11,217918.70,b0
765271642,3,243379,0,0,28.88,93362.94,39.06,324050.63,b0
765289819,4,243425,0,0,29.17,93379.93,38.33,221309.70,b0
765281116,5,243471,0,0,29.92,93410.77,36.42,235024.09,b0
765280092,6,243517,0,0,29.94,93406.20,36.26,209364.14,b0
765271896,7,243563,0,0,29.98,93402.30,37.09,201099.77,b0
765285466,8,243609,0,0,29.75,93376.64,36.97,266805.63,b0
765274459,1,243656,0,0,28.40,93381.98,40.17,220594.58,b0
765272923,2,243702,0,0,28.59,93404.77,40.11,218057.92,b0
765271642,3,243748,0,0,28.88,93362.95,39.07,324667.09,b0
765289819,4,243794,0,0,29.16,93377.77,38.33,220309.81,b0
765281116,5,243840,0,0,29.90,93410.41,36.43,234539.63,b0
765280092,6,243886,0,0,29.93,93405.22,36.26,209621.30,b0
765271896,7,243933,0,0,29.97,93402.61,37.09,201455.83,b0
765285466,8,243979,0,0,29.75,93375.81,36.99,267223.38,b0
765274459,1,244025,0,0,28.40,93381.09,40.15,221166.31,b0
765272923,2,244071,0,0,28.57,93403.65,40.09,218476.64,b0
765271642,3,244117,0,0,28.88,93360.98,39.05,324667.09,b0
765289819,4,244163,0,0,29.16,93378.45,38.35,220737.23,b0
765281116,5,244210,0,0,29.90,93410.92,36.45,235348.20,b0
765280092,6,244256,0,0,29.93,93405.75,36.26,209750.11,b0
765271896,7,244302,0,0,29.97,93400.88,37.10,201455.83,b0
765285466,8,244348,0,0,29.77,93375.48,36.99,267432.75,b0
765274459,1,244394,0,0,28.39,93379.27,40.13,221309.70,b0
765272923,2,244440,0,0,28.56,93402.16,40.09,218616.56,b0
765271642,3,244486,0,0,28.88,93362.07,39.06,324976.19,b0
765289819,4,244533,0,0,29.17,93379.39,38.33,221309.70,b0
765281116,5,244579,0,0,29.92,93413.06,36.44,235348.20,b0
765280092,6,244625,0,0,29.94,93405.09,36.25,210396.55,b0
765271896,7,244671,0,0,30.00,93402.63,37.11,202411.55,b0
765285466,8,244717,0,0,29.79,93376.90,36.99,267642.44,b0
765274459,1,244763,0,0,28.40,93378.89,40.15,220452.09,b0
765272923,2,244810,0,0,28.59,93403.50,40.08,218756.67,b0
765271642,3,244856,0,0,28.88,93361.02,39.06,324976.19,b0
765289819,4,244902,0,0,29.17,93377.10,38.30,221023.09,b0
765281116,5,244948,0,0,29.92,93409.63,36.45,235024.09,b0
765280092,6,244994,0,0,29.93,93404.70,36.25,210137.50,b0
765271896,7,245040,0,0,29.99,93401.18,37.11,201455.83,b0
765285466,8,245086,0,0,29.77,93377.11,37.00,267642.44,b0
765274459,1,245133,0,0,28.41,93381.06,40.15,220452.09,b0
765272923,2,245179,0,0,28.59,93403.51,40.08,219318.91,b0
765271642,3,245225,0,0,28.87,93360.77,39.04,324667.09,b0
765289819,4,245271,0,0,29.17,93380.11,38.34,223336.97,b0
765281116,5,245317,0,0,29.91,93411.15,36.44,237311.70,b0
765280092,6,245363,0,0,29.92,93405.23,36.26,210656.25,b0
765271896,7,245409,0,0,29.98,93403.20,37.12,201693.91,b0
765285466,8,245455,0,0,29.76,93376.99,37.00,268695.88,b0
765274459,1,245502,0,0,28.40,93379.98,40.13,221453.28,b0
765272923,2,245548,0,0,28.59,93402.98,40.09,219178.08,b0
765271642,3,245594,0,0,28.87,93362.33,39.06,325907.06,b0
765289819,4,245640,0,0,29.15,93377.34,38.32,221023.09,b0
765281116,5,245686,0,0,29.90,93411.31,36.47,235673.19,b0
765280092,6,245732,0,0,29.91,93404.85,36.25,211570.25,b0
765271896,7,245778,0,0,29.96,93397.78,37.14,203740.55,b0
765285466,8,245825,0,0,29.75,93375.92,36.98,269544.63,b0
765274459,1,245871,0,0,28.40,93380.33,40.14,221885.16,b0
765272923,2,245917,0,0,28.59,93402.77,40.09,218616.56,b0
765271642,3,245963,0,0,28.86,93361.58,39.03,325907.06,b0
765289819,4,246009,0,0,29.15,93378.02,38.33,221166.31,b0
765281116,5,246055,0,0,29.91,93412.27,36.48,235348.20,b0
765280092,6,246102,0,0,29.91,93405.13,36.24,210916.58,b0
765271896,7,246148,0,0,29.95,93401.29,37.12,204595.41,b0
765285466,8,246194,0,0,29.71,93375.23,37.00,269331.94,b0
765274459,1,246240,0,0,28.41,93381.05,40.12,221741.02,b0
765272923,2,246286,0,0,28.61,93405.01,40.09,219318.91,b0
765271642,3,246332,0,0,28.86,93363.20,39.05,325596.19,b0
765289819,4,246379,0,0,29.15,93377.00,38.32,221741.02,b0
765281116,5,246425,0,0,29.90,93411.80,36.47,236489.61,b0
765280092,6,246471,0,0,29.91,93405.70,36.26,211570.25,b0
765271896,7,246517,0,0,29.93,93400.79,37.14,203013.48,b0
765285466,8,246563,0,0,29.69,93376.36,36.99,269331.94,b0
765274459,1,246609,0,0,28.42,93380.49,40.14,221166.31,b0
765272923,2,246655,0,0,28.61,93402.82,40.07,219459.92,b0
765271642,3,246702,0,0,28.87,93361.82,39.05,324976.19,b0
765289819,4,246748,0,0,29.16,93377.05,38.33,222753.97,b0
765281116,5,246794,0,0,29.91,93412.41,36.47,236982.19,b0
765280092,6,246840,0,0,29.92,93403.45,36.25,210656.25,b0
765271896,7,246886,0,0,29.93,93400.23,37.13,203740.55,b0
765285466,8,246932,0,0,29.69,93376.56,37.02,271258.28,b0
765274459,1,246979,0,0,28.41,93378.86,40.10,221885.16,b0
765272923,2,247025,0,0,28.61,93404.09,40.07,219459.92,b0
765271642,3,247071,0,0,28.87,93362.01,39.03,325596.19,b0
765289819,4,247117,0,0,29.17,93377.29,38.32,222174.00,b0
765281116,5,247163,0,0,29.91,93410.97,36.47,237973.50,b0
765280092,6,247209,0,0,29.92,93405.06,36.26,211701.47,b0
765271896,7,247255,0,0,29.94,93401.70,37.16,203255.27,b0
765285466,8,247301,0,0,29.70,93375.56,37.03,270398.72,b0
765274459,1,247348,0,0,28.41,93379.41,40.12,222608.70,b0
765272923,2,247394,0,0,28.59,93401.88,40.07,219884.05,b0
765271642,3,247440,0,0,28.88,93362.94,39.04,326218.53,b0
765289819,4,247486,0,0,29.17,93376.93,38.34,224659.94,b0
765281116,5,247532,0,0,29.90,93412.34,36.49,237973.50,b0
765280092,6,247578,0,0,29.92,93406.20,36.27,210656.25,b0
765271896,7,247624,0,0,29.95,93401.59,37.17,205457.47,b0
765285466,8,247670,0,0,29.71,93376.28,37.03,271042.88,b0
765274459,1,247717,0,0,28.40,93380.70,40.12,221597.06,b0
765272923,2,247763,0,0,28.57,93402.38,40.06,220167.70,b0
765271642,3,247809,0,0,28.87,93362.33,39.05,325907.06,b0
765289819,4,247855,0,0,29.16,93377.05,38.34,224070.02,b0
765281116,5,247901,0,0,29.90,93412.70,36.49,238305.80,b0
765280092,6,247947,0,0,29.91,93404.77,36.27,212889.81,b0
765271896,7,247994,0,0,29.95,93402.32,37.17,204106.05,b0
765285466,8,248040,0,0,29.71,93375.94,37.02,269544.63,b0
765274459,1,248086,0,0,28.38,93380.20,40.12,222318.72,b0
765272923,2,248132,0,0,28.56,93402.70,40.07,219459.92,b0
765271642,3,248178,0,0,28.85,93363.15,39.03,325596.19,b0
765289819,4,248224,0,0,29.14,93378.72,38.32,222318.72,b0
765281116,5,248270,0,0,29.89,93412.09,36.51,237146.83,b0
765280092,6,248317,0,0,29.91,93407.27,36.25,212624.58,b0
765271896,7,248363,0,0,29.94,93401.01,37.18,204228.16,b0
765285466,8,248409,0,0,29.72,93377.62,37.05,271474.03,b0
765274459,1,248455,0,0,28.36,93380.23,40.11,222463.61,b0
765272923,2,248501,0,0,28.54,93404.46,40.06,220025.78,b0
765271642,3,248547,0,0,28.84,93361.23,39.03,326530.63,b0
765289819,4,248594,0,0,29.12,93376.46,38.32,224364.59,b0
765281116,5,248640,0,0,29.88,93409.85,36.51,237973.50,b0
765280092,6,248686,0,0,29.89,93406.41,36.25,213422.27,b0
765271896,7,248732,0,0,29.95,93402.48,37.18,206326.81,b0
765285466,8,248778,0,0,29.72,93376.31,37.05,271474.03,b0
765274459,1,248824,0,0,28.37,93380.04,40.10,222318.72,b0
765272923,2,248871,0,0,28.52,93403.52,40.06,220309.81,b0
765271642,3,248917,0,0,28.84,93362.48,39.03,325907.06,b0
765289819,4,248963,0,0,29.11,93376.95,38.34,223483.19,b0
765281116,5,249009,0,0,29.88,93409.85,36.49,238973.16,b0
765280092,6,249055,0,0,29.89,93406.34,36.25,212227.98,b0
765271896,7,249101,0,0,29.96,93402.19,37.20,204595.41,b0
765285466,8,249147,0,0,29.72,93374.89,37.04,271690.09,b0
765274459,1,249194,0,0,28.35,93381.36,40.12,222029.48,b0
765272923,2,249240,0,0,28.50,93404.55,40.05,220737.23,b0
765271642,3,249286,0,0,28.83,93365.12,39.02,326843.28,b0
765289819,4,249332,0,0,29.10,93379.39,38.32,223045.09,b0
765281116,5,249378,0,0,29.87,93412.10,36.51,239644.28,b0
765280092,6,249424,0,0,29.88,93406.07,36.26,212492.22,b0
765271896,7,249470,0,0,29.95,93399.98,37.20,204228.16,b0
765285466,8,249516,0,0,29.71,93375.41,37.04,271042.88,b0
765274459,1,249563,0,0,28.33,93381.23,40.10,222029.48,b0
765272923,2,249609,0,0,28.47,93403.56,40.06,221023.09,b0
765271642,3,249655,0,0,28.80,93361.30,39.05,325596.19,b0
765289819,4,249701,0,0,29.07,93380.10,38.32,222174.00,b0
765281116,5,249747,0,0,29.84,93411.48,36.49,237146.83,b0
765280092,6,249793,0,0,29.85,93406.09,36.25,212492.22,b0
765271896,7,249839,0,0,29.94,93400.45,37.21,205333.88,b0
765285466,8,249886,0,0,29.71,93376.60,37.06,272557.91,b0
765274459,1,249932,0,0,28.30,93379.99,40.12,221453.28,b0
765272923,2,249978,0,0,28.46,93403.91,40.06,220737.23,b0
765271642,3,250024,0,0,28.78,93362.78,39.05,325907.06,b0
765289819,4,250070,0,0,29.06,93379.34,38.33,222463.61,b0
765281116,5,250116,0,0,29.83,93411.22,36.51,237146.83,b0
765280092,6,250162,0,0,29.85,93406.10,36.28,212624.58,b0
765271896,7,250209,0,0,29.94,93403.88,37.21,206077.69,b0
765285466,8,250255,0,0,29.71,93375.68,37.06,271258.28,b0
765274459,1,250301,0,0,28.30,93381.65,40.11,222608.70,b0
765272923,2,250347,0,0,28.46,93404.81,40.07,220025.78,b0
765271642,3,250393,0,0,28.78,93364.22,39.03,324976.19,b0
765289819,4,250439,0,0,29.05,93380.52,38.34,222899.44,b0
765281116,5,250486,0,0,29.84,93409.81,36.52,239308.25,b0
765280092,6,250532,0,0,29.86,93406.34,36.28,212096.11,b0
765271896,7,250578,0,0,29.95,93399.10,37.21,203740.55,b0
765285466,8,250624,0,0,29.71,93375.94,37.07,271474.03,b0
765274459,1,250670,0,0,28.29,93381.30,40.11,222029.48,b0
765272923,2,250716,0,0,28.46,93405.73,40.06,220737.23,b0
765271642,3,250763,0,0,28.77,93361.82,39.05,326530.63,b0
765289819,4,250809,0,0,29.05,93379.98,38.33,222753.97,b0
765281116,5,250855,0,0,29.85,93410.15,36.52,237973.50,b0
765280092,6,250901,0,0,29.86,93406.89,36.28,213288.89,b0
765271896,7,250947,0,0,29.96,93400.45,37.22,205210.42,b0
765285466,8,250993,0,0,29.72,93375.42,37.08,271258.28,b0
765274459,1,251040,0,0,28.28,93379.12,40.13,221453.28,b0
765272923,2,251086,0,0,28.46,93405.19,40.09,221023.09,b0
765271642,3,251132,0,0,28.77,93363.32,39.06,326843.28,b0
765289819,4,251178,0,0,29.06,93379.50,38.35,225252.97,b0
765281116,5,251224,0,0,29.88,93412.38,36.54,236817.77,b0
765280092,6,251270,0,0,29.87,93406.73,36.29,212889.81,b0
765271896,7,251316,0,0,29.97,93399.09,37.23,206326.81,b0
765285466,8,251362,0,0,29.73,93377.38,37.09,272123.31,b0
765274459,1,251409,0,0,28.29,93381.48,40.12,221166.31,b0
765272923,2,251455,0,0,28.46,93403.92,40.10,220452.09,b0
765271642,3,251501,0,0,28.78,93360.13,39.08,327156.56,b0
765289819,4,251547,0,0,29.07,93381.54,38.37,223045.09,b0
765281116,5,251593,0,0,29.90,93412.18,36.55,238305.80,b0
765280092,6,251639,0,0,29.88,93404.98,36.29,212757.11,b0
765271896,7,251685,0,0,30.00,93401.40,37.25,205210.42,b0
765285466,8,251731,0,0,29.74,93377.14,37.09,271258.28,b0
765274459,1,251778,0,0,28.30,93382.02,40.15,221597.06,b0
765272923,2,251824,0,0,28.49,93403.25,40.11,220737.23,b0
765271642,3,251870,0,0,28.80,93363.28,39.08,326530.63,b0
765289819,4,251916,0,0,29.09,93379.67,38.37,222608.70,b0
765281116,5,251962,0,0,29.92,93412.68,36.55,238973.16,b0
765280092,6,252008,0,0,29.89,93404.81,36.30,212227.98,b0
765271896,7,252055,0,0,30.01,93402.70,37.25,204963.97,b0
765285466,8,252101,0,0,29.76,93377.27,37.10,270398.72,b0
765274459,1,252147,0,0,28.31,93380.73,40.16,222174.00,b0
765272923,2,252193,0,0,28.50,93404.92,40.13,220452.09,b0
765271642,3,252239,0,0,28.81,93363.02,39.08,327156.56,b0
765289819,4,252285,0,0,29.11,93379.23,38.38,223923.03,b0
765281116,5,252331,0,0,29.93,93412.61,36.55,237311.70,b0
765280092,6,252378,0,0,29.90,93406.62,36.31,213689.48,b0
765271896,7,252424,0,0,30.00,93401.40,37.26,205333.88,b0
765285466,8,252470,0,0,29.76,93377.13,37.11,270827.81,b0
765274459,1,252516,0,0,28.34,93378.66,40.17,221885.16,b0
765272923,2,252562,0,0,28.52,93402.60,40.13,219742.48,b0
765271642,3,252608,0,0,28.82,93361.31,39.09,325285.91,b0
765289819,4,252655,0,0,29.13,93378.46,38.40,224217.20,b0
765281116,5,252701,0,0,29.93,93413.73,36.57,238305.80,b0
765280092,6,252747,0,0,29.90,93405.81,36.32,212624.58,b0
765271896,7,252793,0,0,29.99,93399.90,37.25,205333.88,b0
765285466,8,252839,0,0,29.77,93377.38,37.11,270827.81,b0
765274459,1,252885,0,0,28.35,93382.45,40.19,221023.09,b0
765272923,2,252932,0,0,28.55,93404.30,40.14,220167.70,b0
765271642,3,252978,0,0,28.84,93364.67,39.11,325285.91,b0
765289819,4,253024,0,0,29.14,93377.98,38.40,224217.20,b0
765281116,5,253070,0,0,29.93,93412.30,36.56,237642.14,b0
765280092,6,253116,0,0,29.91,93407.09,36.32,212360.02,b0
765271896,7,253162,0,0,30.00,93402.67,37.25,204472.84,b0
765285466,8,253208,0,0,29.77,93377.74,37.11,270613.09,b0
765274459,1,253255,0,0,28.35,93381.19,40.19,222318.72,b0
765272923,2,253301,0,0,28.55,93403.23,40.16,219884.05,b0
765271642,3,253347,0,0,28.83,93364.63,39.11,325596.19,b0
765289819,4,253393,0,0,29.14,93377.84,38.40,222463.61,b0
765281116,5,253439,0,0,29.94,93412.70,36.56,237642.14,b0
765280092,6,253485,0,0,29.90,93407.56,36.31,211964.39,b0
765271896,7,253531,0,0,30.00,93400.67,37.26,204718.11,b0
765285466,8,253577,0,0,29.74,93376.41,37.12,271042.88,b0
765274459,1,253624,0,0,28.35,93379.71,40.20,221453.28,b0
765272923,2,253670,0,0,28.55,93402.86,40.14,219884.05,b0
765271642,3,253716,0,0,28.83,93363.14,39.11,327470.41,b0
765289819,4,253762,0,0,29.13,93378.14,38.41,222899.44,b0
765281116,5,253808,0,0,29.92,93411.80,36.56,238639.02,b0
765280092,6,253854,0,0,29.90,93407.15,36.33,211177.56,b0
765271896,7,253900,0,0,29.99,93401.72,37.25,204595.41,b0
765285466,8,253947,0,0,29.75,93378.07,37.10,271474.03,b0
765274459,1,253993,0,0,28.35,93381.54,40.18,222174.00,b0
765272923,2,254039,0,0,28.54,93403.37,40.17,220025.78,b0
765271642,3,254085,0,0,28.83,93364.24,39.10,327156.56,b0
765289819,4,254131,0,0,29.12,93379.70,38.40,224070.02,b0
765281116,5,254177,0,0,29.92,93412.88,36.57,238139.53,b0
765280092,6,254224,0,0,29.90,93407.88,36.33,211570.25,b0
765271896,7,254270,0,0,29.98,93401.29,37.25,205705.11,b0
765285466,8,254316,0,0,29.75,93377.06,37.10,271906.53,b0
765274459,1,254362,0,0,28.34,93381.20,40.19,220452.09,b0
765272923,2,254408,0,0,28.52,93403.34,40.16,219318.91,b0
765271642,3,254454,0,0,28.83,93363.49,39.11,325907.06,b0
765289819,4,254500,0,0,29.11,93380.52,38.41,224807.91,b0
765281116,5,254547,0,0,29.92,93412.34,36.56,239140.59,b0
765280092,6,254593,0,0,29.91,93409.04,36.34,211308.30,b0
765271896,7,254639,0,0,29.98,93401.59,37.26,206202.17,b0
765285466,8,254685,0,0,29.75,93376.17,37.12,270613.09,b0
765274459,1,254731,0,0,28.34,93381.93,40.19,222029.48,b0
765272923,2,254777,0,0,28.51,93405.66,40.16,219318.91,b0
765271642,3,254824,0,0,28.82,93362.52,39.12,326843.28,b0
765289819,4,254870,0,0,29.10,93377.96,38.42,222899.44,b0
765281116,5,254916,0,0,29.92,93411.09,36.56,238472.28,b0
765280092,6,254962,0,0,29.91,93407.98,36.34,211964.39,b0
765271896,7,255008,0,0,30.00,93401.91,37.26,205333.88,b0
765285466,8,255054,0,0,29.76,93376.42,37.12,270613.09,b0
765274459,1,255101,0,0,28.33,93381.40,40.18,222174.00,b0
765272923,2,255147,0,0,28.51,93404.22,40.16,220452.09,b0
765271642,3,255193,0,0,28.81,93362.33,39.11,325907.06,b0
765289819,4,255239,0,0,29.10,93379.58,38.41,222463.61,b0
765281116,5,255285,0,0,29.93,93412.77,36.56,237476.81,b0
765280092,6,255331,0,0,29.90,93406.17,36.32,213288.89,b0
765271896,7,255377,0,0,30.00,93400.72,37.25,205087.13,b0
765285466,8,255423,0,0,29.78,93377.86,37.12,270827.81,b0
765274459,1,255470,0,0,28.33,93381.58,40.20,222174.00,b0
765272923,2,255516,0,0,28.50,93404.91,40.16,220309.81,b0
765271642,3,255562,0,0,28.81,93361.77,39.11,324976.19,b0
765289819,4,255608,0,0,29.10,93377.75,38.42,223629.61,b0
765281116,5,255654,0,0,29.93,93410.97,36.57,238472.28,b0
765280092,6,255700,0,0,29.91,93408.17,36.34,213422.27,b0
765271896,7,255746,0,0,30.00,93402.50,37.25,206451.61,b0
765285466,8,255792,0,0,29.78,93378.41,37.11,270398.72,b0
765274459,1,255839,0,0,28.34,93381.56,40.21,221453.28,b0
765272923,2,255885,0,0,28.51,93405.48,40.15,220594.58,b0
765271642,3,255931,0,0,28.81,93363.57,39.11,325596.19,b0
765289819,4,255977,0,0,29.10,93379.94,38.41,223629.61,b0
765281116,5,256023,0,0,29.91,93411.58,36.56,238305.80,b0
765280092,6,256069,0,0,29.89,93407.12,36.35,212227.98,b0
765271896,7,256116,0,0,29.99,93401.89,37.26,205829.14,b0
765285466,8,256162,0,0,29.78,93379.64,37.12,272123.31,b0
765274459,1,256208,0,0,28.34,93379.73,40.20,222318.72,b0
765272923,2,256254,0,0,28.51,93402.39,40.16,219884.05,b0
765271642,3,256300,0,0,28.81,93361.61,39.11,324976.19,b0
765289819,4,256346,0,0,29.11,93378.37,38.42,222899.44,b0
765281116,5,256392,0,0,29.91,93413.49,36.57,237807.70,b0
765280092,6,256439,0,0,29.89,93406.34,36.33,212227.98,b0
765271896,7,256485,0,0,29.98,93400.34,37.24,205457.47,b0
765285466,8,256531,0,0,29.77,93377.80,37.13,269757.63,b0
765274459,1,256577,0,0,28.34,93381.92,40.20,221885.16,b0
765272923,2,256623,0,0,28.51,93404.59,40.15,220452.09,b0
765271642,3,256669,0,0,28.81,93362.27,39.10,326530.63,b0
765289819,4,256716,0,0,29.10,93380.81,38.42,225550.66,b0
765281116,5,256762,0,0,29.90,93413.05,36.58,238639.02,b0
765280092,6,256808,0,0,29.88,93406.84,36.32,212889.81,b0
765271896,7,256854,0,0,29.98,93403.40,37.23,206326.81,b0
765285466,8,256900,0,0,29.78,93375.89,37.10,271474.03,b0
765274459,1,256946,0,0,28.33,93380.69,40.20,221741.02,b0
765272923,2,256992,0,0,28.50,93404.02,40.17,220880.06,b0
765271642,3,257039,0,0,28.80,93362.91,39.11,326843.28,b0
765289819,4,257085,0,0,29.08,93380.51,38.40,223190.94,b0
765281116,5,257131,0,0,29.85,93411.59,36.56,238973.16,b0
765280092,6,257177,0,0,29.87,93403.63,36.35,213689.48,b0
765271896,7,257223,0,0,29.98,93402.84,37.26,206202.17,b0
765285466,8,257269,0,0,29.76,93376.45,37.10,271258.28,b0
765274459,1,257316,0,0,28.31,93382.54,40.20,223045.09,b0
765272923,2,257362,0,0,28.48,93406.87,40.17,221023.09,b0
765271642,3,257408,0,0,28.78,93363.32,39.12,326218.53,b0
765289819,4,257454,0,0,29.07,93380.63,38.41,223336.97,b0
765281116,5,257500,0,0,29.85,93411.16,36.55,238805.97,b0
765280092,6,257546,0,0,29.86,93407.08,36.34,213957.38,b0
765271896,7,257592,0,0,29.99,93401.84,37.25,206326.81,b0
765285466,8,257638,0,0,29.77,93376.69,37.10,272340.44,b0
765274459,1,257685,0,0,28.30,93381.84,40.20,221597.06,b0
765272923,2,257731,0,0,28.46,93403.17,40.16,220167.70,b0
765271642,3,257777,0,0,28.77,93363.27,39.11,329684.47,b0
765289819,4,257823,0,0,29.06,93379.67,38.41,224659.94,b0
765281116,5,257869,0,0,29.85,93411.20,36.56,239308.25,b0
765280092,6,257915,0,0,29.87,93405.75,36.32,213422.27,b0
765271896,7,257961,0,0,30.00,93401.41,37.24,206326.81,b0
765285466,8,258007,0,0,29.77,93376.04,37.10,272775.72,b0
765274459,1,258054,0,0,28.28,93379.84,40.19,222174.00,b0
765272923,2,258100,0,0,28.45,93403.34,40.16,221166.31,b0
765271642,3,258146,0,0,28.77,93365.28,39.11,327470.41,b0
765289819,4,258192,0,0,29.06,93381.13,38.42,224512.17,b0
765281116,5,258238,0,0,29.86,93409.28,36.57,240150.09,b0
765280092,6,258284,0,0,29.87,93407.75,36.34,213823.34,b0
765271896,7,258331,0,0,30.01,93400.38,37.25,206701.66,b0
765285466,8,258377,0,0,29.80,93376.98,37.11,272340.44,b0
765274459,1,258423,0,0,28.28,93380.77,40.20,223336.97,b0
765272923,2,258469,0,0,28.46,93404.09,40.16,221023.09,b0
765271642,3,258515,0,0,28.77,93364.69,39.12,327156.56,b0
765289819,4,258561,0,0,29.06,93381.13,38.42,224217.20,b0
765281116,5,258608,0,0,29.88,93410.33,36.57,238472.28,b0
765280092,6,258654,0,0,29.87,93407.01,36.34,212889.81,b0
765271896,7,258700,0,0,30.02,93401.34,37.25,206952.30,b0
765285466,8,258746,0,0,29.78,93375.23,37.09,272775.72,b0
765274459,1,258792,0,0,28.27,93378.77,40.20,222608.70,b0
765272923,2,258838,0,0,28.44,93401.51,40.17,221023.09,b0
765271642,3,258884,0,0,28.76,93363.78,39.13,327784.91,b0
765289819,4,258931,0,0,29.06,93381.66,38.43,225104.42,b0
765281116,5,258977,0,0,29.88,93410.94,36.57,239308.25,b0
765280092,6,259023,0,0,29.87,93406.09,36.33,213823.34,b0
765271896,7,259069,0,0,30.03,93400.51,37.27,206826.91,b0
765285466,8,259115,0,0,29.80,93378.23,37.11,271258.28,b0
765274459,1,259161,0,0,28.27,93382.25,40.21,223923.03,b0
765272923,2,259208,0,0,28.43,93402.94,40.18,220594.58,b0
765271642,3,259254,0,0,28.75,93362.26,39.14,328731.94,b0
765289819,4,259300,0,0,29.04,93379.41,38.43,224956.06,b0
765281116,5,259346,0,0,29.89,93412.22,36.57,240997.88,b0
765280092,6,259392,0,0,29.87,93405.49,36.34,213555.78,b0
765271896,7,259438,0,0,30.04,93402.23,37.25,208087.78,b0
765285466,8,259484,0,0,29.80,93378.09,37.11,272993.88,b0
765274459,1,259531,0,0,28.26,93381.91,40.21,223483.19,b0
765272923,2,259577,0,0,28.43,93403.64,40.18,222174.00,b0
765271642,3,259623,0,0,28.75,93363.18,39.14,329366.34,b0
765289819,4,259669,0,0,29.05,93381.59,38.43,223045.09,b0
765281116,5,259715,0,0,29.89,93411.20,36.60,240488.50,b0
765280092,6,259761,0,0,29.88,93406.78,36.34,215306.98,b0
765271896,7,259807,0,0,30.04,93402.23,37.26,207961.00,b0
765285466,8,259853,0,0,29.81,93378.90,37.08,271258.28,b0
765274459,1,259900,0,0,28.26,93380.44,40.22,224364.59,b0
765272923,2,259946,0,0,28.44,93404.76,40.19,222318.72,b0
765271642,3,259992,0,0,28.75,93362.28,39.14,329048.84,b0
765289819,4,260038,0,0,29.04,93380.30,38.43,225550.66,b0
765281116,5,260084,0,0,29.89,93411.70,36.59,240488.50,b0
765280092,6,260130,0,0,29.88,93405.86,36.36,213555.78,b0
765271896,7,260176,0,0,30.05,93402.64,37.24,206826.91,b0
765285466,8,260223,0,0,29.80,93375.80,37.09,271258.28,b0
765274459,1,260269,0,0,28.27,93379.52,40.23,223776.22,b0
765272923,2,260315,0,0,28.43,93403.47,40.20,222029.48,b0
765271642,3,260361,0,0,28.76,93361.94,39.13,327156.56,b0
765289819,4,260407,0,0,29.04,93379.05,38.45,224807.91,b0
765281116,5,260453,0,0,29.88,93411.63,36.58,242023.16,b0
765280092,6,260500,0,0,29.87,93405.31,36.37,213689.48,b0
765271896,7,260546,0,0,30.05,93401.52,37.25,207329.42,b0
765285466,8,260592,0,0,29.81,93377.51,37.09,271906.53,b0
765274459,1,260638,0,0,28.29,93379.67,40.25,223923.03,b0
765272923,2,260684,0,0,28.44,93402.40,40.20,222318.72,b0
765271642,3,260730,0,0,28.76,93363.40,39.14,327470.41,b0
765289819,4,260777,0,0,29.05,93379.63,38.46,225401.72,b0
765281116,5,260823,0,0,29.89,93410.49,36.58,239981.25,b0
765280092,6,260869,0,0,29.88,93404.66,36.36,214360.48,b0
765271896,7,260915,0,0,30.06,93400.91,37.24,207834.38,b0
765285466,8,260961,0,0,29.80,93374.70,37.09,272993.88,b0
765274459,1,261007,0,0,28.29,93380.95,40.24,223336.97,b0
765272923,2,261053,0,0,28.45,93402.24,40.22,222029.48,b0
765271642,3,261100,0,0,28.77,93363.32,39.17,329366.34,b0
765289819,4,261146,0,0,29.08,93382.28,38.48,224512.17,b0
765281116,5,261192,0,0,29.89,93411.88,36.60,241509.44,b0
765280092,6,261238,0,0,29.87,93407.02,36.34,213823.34,b0
765271896,7,261284,0,0,30.06,93401.11,37.24,207961.00,b0
765285466,8,261330,0,0,29.81,93376.58,37.08,271474.03,b0
765274459,1,261377,0,0,28.30,93379.10,40.24,223483.19,b0
765272923,2,261423,0,0,28.46,93403.92,40.23,221453.28,b0
765271642,3,261469,0,0,28.78,93362.09,39.15,329048.84,b0
765289819,4,261515,0,0,29.09,93380.20,38.48,225401.72,b0
765281116,5,261561,0,0,29.88,93411.99,36.57,241680.44,b0
765280092,6,261607,0,0,29.87,93406.36,36.34,214091.58,b0
765271896,7,261653,0,0,30.07,93401.88,37.24,207077.86,b0
765285466,8,261699,0,0,29.81,93377.36,37.07,272557.91,b0
765274459,1,261746,0,0,28.30,93379.64,40.25,223483.19,b0
765272923,2,261792,0,0,28.46,93403.91,40.23,222029.48,b0
765271642,3,261838,0,0,28.78,93362.29,39.17,328415.66,b0
765289819,4,261884,0,0,29.10,93378.46,38.48,224512.17,b0
765281116,5,261930,0,0,29.89,93411.88,36.58,242023.16,b0
765280092,6,261976,0,0,29.87,93406.89,36.36,214630.06,b0
765271896,7,262022,0,0,30.07,93400.63,37.24,208087.78,b0
765285466,8,262068,0,0,29.81,93376.63,37.08,272557.91,b0
765274459,1,262115,0,0,28.30,93379.45,40.24,223629.61,b0
765272923,2,262161,0,0,28.46,93402.45,40.23,221885.16,b0
765271642,3,262207,0,0,28.78,93361.73,39.17,329366.34,b0
765289819,4,262253,0,0,29.09,93379.84,38.46,225401.72,b0
765281116,5,262299,0,0,29.90,93410.54,36.60,241168.16,b0
765280092,6,262345,0,0,29.87,93406.18,36.37,215035.70,b0
765271896,7,262392,0,0,30.08,93402.98,37.23,208214.72,b0
765285466,8,262438,0,0,29.82,93376.87,37.08,271906.53,b0
765274459,1,262484,0,0,28.31,93379.62,40.26,222753.97,b0
765272923,2,262530,0,0,28.47,93402.83,40.24,222029.48,b0
765271642,3,262576,0,0,28.77,93362.94,39.18,328731.94,b0
765289819,4,262622,0,0,29.09,93378.98,38.47,225998.67,b0
765281116,5,262669,0,0,29.89,93410.98,36.59,240827.84,b0
765280092,6,262715,0,0,29.87,93406.67,36.36,213689.48,b0
765271896,7,262761,0,0,30.07,93403.13,37.23,208087.78,b0
765285466,8,262807,0,0,29.83,93377.48,37.06,273212.38,b0
765274459,1,262853,0,0,28.31,93382.91,40.26,223190.94,b0
765272923,2,262899,0,0,28.45,93402.41,40.23,222318.72,b0
765271642,3,262945,0,0,28.78,93363.32,39.17,329684.47,b0
765289819,4,262992,0,0,29.07,93379.23,38.46,225401.72,b0
765281116,5,263038,0,0,29.88,93410.57,36.59,241851.67,b0
765280092,6,263084,0,0,29.87,93405.61,36.37,214630.06,b0
765271896,7,263130,0,0,30.07,93401.16,37.21,206826.91,b0
765285466,8,263176,0,0,29.82,93376.91,37.04,271906.53,b0
765274459,1,263222,0,0,28.29,93379.84,40.27,222318.72,b0
765272923,2,263269,0,0,28.43,93402.73,40.21,221597.06,b0
765271642,3,263315,0,0,28.76,93361.61,39.17,329048.84,b0
765289819,4,263361,0,0,29.05,93379.79,38.47,225252.97,b0
765281116,5,263407,0,0,29.89,93412.04,36.58,241168.16,b0
765280092,6,263453,0,0,29.86,93403.38,36.36,214900.31,b0
765271896,7,263499,0,0,30.07,93400.61,37.21,207581.59,b0
765285466,8,263545,0,0,29.82,93376.20,37.07,272340.44,b0
765274459,1,263592,0,0,28.28,93378.95,40.26,222608.70,b0
765272923,2,263638,0,0,28.43,93404.02,40.23,222318.72,b0
765271642,3,263684,0,0,28.76,93362.49,39.18,328415.66,b0
765289819,4,263730,0,0,29.05,93382.48,38.48,225998.67,b0
765281116,5,263776,0,0,29.88,93412.86,36.58,241680.44,b0
765280092,6,263822,0,0,29.87,93407.45,36.36,215035.70,b0
765271896,7,263868,0,0,30.07,93403.11,37.21,207581.59,b0
765285466,8,263914,0,0,29.83,93379.26,37.04,273212.38,b0
765274459,1,263961,0,0,28.29,93380.21,40.27,223190.94,b0
765272923,2,264007,0,0,28.43,93403.27,40.25,222174.00,b0
765271642,3,264053,0,0,28.76,93364.84,39.18,329366.34,b0
765289819,4,264099,0,0,29.04,93381.15,38.47,225699.80,b0
765281116,5,264145,0,0,29.85,93412.49,36.59,241851.67,b0
765280092,6,264191,0,0,29.87,93406.45,36.35,215306.98,b0
765271896,7,264237,0,0,30.05,93402.26,37.21,207834.38,b0
765285466,8,264284,0,0,29.81,93378.07,37.04,272993.88,b0
765274459,1,264330,0,0,28.30,93380.74,40.27,223483.19,b0
765272923,2,264376,0,0,28.44,93405.48,40.24,222318.72,b0
765271642,3,264422,0,0,28.77,93363.97,39.18,330322.59,b0
765289819,4,264468,0,0,29.04,93380.80,38.48,225699.80,b0
765281116,5,264514,0,0,29.84,93409.62,36.58,241509.44,b0
765280092,6,264561,0,0,29.85,93405.40,36.36,215171.25,b0
765271896,7,264607,0,0,30.04,93401.67,37.19,207707.91,b0
765285466,8,264653,0,0,29.81,93377.32,37.03,273212.38,b0
765274459,1,264699,0,0,28.31,93381.26,40.27,224070.02,b0
765272923,2,264745,0,0,28.44,93404.96,40.26,222029.48,b0
765271642,3,264791,0,0,28.77,93365.47,39.18,330322.59,b0
765289819,4,264837,0,0,29.05,93382.83,38.50,225998.67,b0
765281116,5,264884,0,0,29.85,93412.83,36.59,242023.16,b0
765280092,6,264930,0,0,29.86,93405.51,36.36,215851.61,b0
765271896,7,264976,0,0,30.05,93402.77,37.19,208724.02,b0
765285466,8,265022,0,0,29.81,93378.88,37.03,271258.28,b0
765274459,1,265068,0,0,28.31,93381.08,40.27,223190.94,b0
765272923,2,265114,0,0,28.45,93402.97,40.28,222174.00,b0
765271642,3,265161,0,0,28.77,93362.94,39.18,330003.22,b0
765289819,4,265207,0,0,29.05,93381.78,38.49,224217.20,b0
765281116,5,265253,0,0,29.86,93411.26,36.60,241851.67,b0
765280092,6,265299,0,0,29.87,93407.88,36.37,215171.25,b0
765271896,7,265345,0,0,30.05,93402.66,37.20,209235.80,b0
765285466,8,265391,0,0,29.79,93378.39,37.04,273212.38,b0
765274459,1,265438,0,0,28.30,93379.99,40.26,224217.20,b0
765272923,2,265484,0,0,28.45,93404.98,40.27,221885.16,b0
765271642,3,265530,0,0,28.77,93365.94,39.20,328731.94,b0
765289819,4,265576,0,0,29.05,93381.22,38.48,225699.80,b0
765281116,5,265622,0,0,29.86,93411.64,36.59,241680.44,b0
765280092,6,265668,0,0,29.87,93408.79,36.37,214630.06,b0
765271896,7,265714,0,0,30.07,93404.89,37.17,207203.56,b0
765285466,8,265760,0,0,29.80,93379.20,37.04,273870.03,b0
765274459,1,265807,0,0,28.29,93382.38,40.27,223483.19,b0
765272923,2,265853,0,0,28.44,93403.87,40.27,221885.16,b0
765271642,3,265899,0,0,28.75,93365.12,39.19,330322.59,b0
765289819,4,265945,0,0,29.03,93382.58,38.49,225849.14,b0
765281116,5,265991,0,0,29.88,93412.90,36.62,241851.67,b0
765280092,6,266037,0,0,29.87,93408.59,36.37,215988.19,b0
765271896,7,266083,0,0,30.07,93404.02,37.17,207329.42,b0
765285466,8,266129,0,0,29.80,93377.36,37.02,272557.91,b0
765274459,1,266176,0,0,28.28,93381.88,40.27,222174.00,b0
765272923,2,266222,0,0,28.43,93404.76,40.27,222318.72,b0
765271642,3,266268,0,0,28.74,93365.73,39.19,329366.34,b0
765289819,4,266314,0,0,29.04,93382.96,38.48,225550.66,b0
765281116,5,266360,0,0,29.89,93411.55,36.61,241168.16,b0
765280092,6,266406,0,0,29.87,93407.55,36.36,215715.19,b0
765271896,7,266453,0,0,30.08,93403.02,37.18,208341.81,b0
765285466,8,266499,0,0,29.82,93378.65,37.04,272340.44,b0
765274459,1,266545,0,0,28.27,93381.16,40.26,224217.20,b0
765272923,2,266591,0,0,28.44,93405.31,40.27,222174.00,b0
765271642,3,266637,0,0,28.73,93365.72,39.20,327784.91,b0
765289819,4,266683,0,0,29.05,93382.30,38.51,226598.81,b0
765281116,5,266729,0,0,29.89,93413.33,36.61,241168.16,b0
765280092,6,266776,0,0,29.87,93406.83,36.37,215988.19,b0
765271896,7,266822,0,0,30.09,93403.96,37.19,206952.30,b0
765285466,8,266868,0,0,29.82,93378.52,37.02,274089.94,b0
765274459,1,266914,0,0,28.27,93383.69,40.26,223629.61,b0
765272923,2,266960,0,0,28.45,93405.33,40.28,221885.16,b0
765271642,3,267006,0,0,28.75,93363.84,39.19,329684.47,b0
765289819,4,267053,0,0,29.06,93382.75,38.48,225998.67,b0
765281116,5,267099,0,0,29.90,93412.18,36.61,242023.16,b0
765280092,6,267145,0,0,29.87,93406.73,36.37,215988.19,b0
765271896,7,267191,0,0,30.10,93403.67,37.18,207455.42,b0
765285466,8,267237,0,0,29.83,93379.11,37.03,270613.09,b0
765274459,1,267283,0,0,28.28,93381.87,40.28,222753.97,b0
765272923,2,267330,0,0,28.46,93405.00,40.28,222174.00,b0
765271642,3,267376,0,0,28.76,93364.14,39.21,329048.84,b0
765289819,4,267422,0,0,29.08,93381.59,38.50,225401.72,b0
765281116,5,267468,0,0,29.91,93411.94,36.62,240827.84,b0
765280092,6,267514,0,0,29.88,93405.41,36.39,214900.31,b0
765271896,7,267560,0,0,30.10,93402.60,37.19,207581.59,b0
765285466,8,267606,0,0,29.84,93378.83,37.03,272557.91,b0
765274459,1,267653,0,0,28.29,93381.49,40.27,223776.22,b0
765272923,2,267699,0,0,28.47,93405.22,40.29,221023.09,b0
765271642,3,267745,0,0,28.76,93365.39,39.19,329684.47,b0
765289819,4,267791,0,0,29.07,93380.82,38.52,224512.17,b0
765281116,5,267837,0,0,29.93,93412.95,36.63,240319.17,b0
765280092,6,267883,0,0,29.90,93408.58,36.36,215306.98,b0
765271896,7,267929,0,0,30.11,93402.12,37.17,207834.38,b0
765285466,8,267975,0,0,29.84,93379.27,37.03,271258.28,b0
765274459,1,268022,0,0,28.27,93381.53,40.26,222753.97,b0
765272923,2,268068,0,0,28.45,93404.60,40.28,221453.28,b0
765271642,3,268114,0,0,28.74,93364.86,39.21,327470.41,b0
765289819,4,268160,0,0,29.06,93381.64,38.51,225998.67,b0
765281116,5,268206,0,0,29.94,93414.88,36.65,240658.05,b0
765280092,6,268252,0,0,29.89,93407.97,36.40,215035.70,b0
765271896,7,268298,0,0,30.11,93404.29,37.18,207455.42,b0
765285466,8,268345,0,0,29.84,93379.27,37.03,271258.28,b0
765274459,1,268391,0,0,28.23,93380.68,40.28,223190.94,b0
765272923,2,268437,0,0,28.43,93404.02,40.30,222174.00,b0
765271642,3,268483,0,0,28.72,93365.07,39.21,330322.59,b0
765289819,4,268529,0,0,29.03,93382.22,38.52,224956.06,b0
765281116,5,268575,0,0,29.91,93414.11,36.62,241168.16,b0
765280092,6,268622,0,0,29.86,93407.10,36.39,213957.38,b0
765271896,7,268668,0,0,30.10,93402.94,37.18,208724.02,b0
765285466,8,268714,0,0,29.82,93378.49,37.05,272557.91,b0
765274459,1,268760,0,0,28.20,93382.57,40.29,222029.48,b0
765272923,2,268806,0,0,28.39,93403.54,40.30,222753.97,b0
765271642,3,268852,0,0,28.68,93364.48,39.20,329048.84,b0
765289819,4,268898,0,0,28.99,93382.52,38.50,225699.80,b0
765281116,5,268945,0,0,29.84,93412.33,36.63,240997.88,b0
765280092,6,268991,0,0,29.81,93408.19,36.37,215988.19,b0
765271896,7,269037,0,0,30.03,93404.27,37.17,207329.42,b0
765285466,8,269083,0,0,29.77,93378.71,37.03,272557.91,b0
765274459,1,269129,0,0,28.17,93382.27,40.28,223923.03,b0
765272923,2,269175,0,0,28.36,93405.28,40.30,222029.48,b0
765271642,3,269222,0,0,28.65,93362.66,39.19,330642.56,b0
765289819,4,269268,0,0,28.95,93381.89,38.52,225104.42,b0
765281116,5,269314,0,0,29.77,93413.73,36.61,241509.44,b0
765280092,6,269360,0,0,29.76,93407.12,36.38,213689.48,b0
765271896,7,269406,0,0,29.96,93404.17,37.16,207581.59,b0
765285466,8,269452,0,0,29.73,93377.53,37.01,273650.47,b0
765274459,1,269499,0,0,28.13,93379.78,40.28,224070.02,b0
765272923,2,269545,0,0,28.33,93402.31,40.30,221597.06,b0
765271642,3,269591,0,0,28.62,93362.41,39.20,330963.16,b0
765289819,4,269637,0,0,28.92,93379.78,38.51,226749.33,b0
765281116,5,269683,0,0,29.72,93410.55,36.59,241851.67,b0
765280092,6,269729,0,0,29.72,93406.84,36.36,216261.88,b0
765271896,7,269775,0,0,29.91,93403.42,37.14,209492.64,b0
765285466,8,269821,0,0,29.69,93377.31,37.02,273212.38,b0
765274459,1,269868,0,0,28.12,93381.09,40.28,223923.03,b0
765272923,2,269914,0,0,28.32,93404.65,40.27,222318.72,b0
765271642,3,269960,0,0,28.60,93362.66,39.22,332251.78,b0
765289819,4,270006,0,0,28.91,93380.26,38.51,226298.34,b0
765281116,5,270052,0,0,29.69,93411.20,36.62,241338.67,b0
765280092,6,270098,0,0,29.71,93407.84,36.37,214225.94,b0
765271896,7,270144,0,0,29.88,93402.02,37.14,208979.59,b0
765285466,8,270190,0,0,29.67,93377.79,37.02,273870.03,b0
765274459,1,270237,0,0,28.12,93380.73,40.29,223776.22,b0
765272923,2,270283,0,0,28.31,93404.24,40.28,222753.97,b0
765271642,3,270329,0,0,28.60,93361.95,39.24,329366.34,b0
765289819,4,270375,0,0,28.90,93379.83,38.51,226148.41,b0
765281116,5,270421,0,0,29.68,93410.75,36.60,242023.16,b0
765280092,6,270467,0,0,29.71,93407.45,36.37,215988.19,b0
765271896,7,270514,0,0,29.89,93401.02,37.15,207834.38,b0
765285466,8,270560,0,0,29.68,93379.29,37.02,274530.84,b0
765274459,1,270606,0,0,28.12,93381.09,40.29,224659.94,b0
765272923,2,270652,0,0,28.29,93403.11,40.32,222463.61,b0
765271642,3,270698,0,0,28.61,93363.64,39.23,330003.22,b0
765289819,4,270744,0,0,28.90,93381.62,38.53,226749.33,b0
765281116,5,270790,0,0,29.70,93410.87,36.63,243057.20,b0
765280092,6,270837,0,0,29.72,93406.17,36.40,215442.88,b0
765271896,7,270883,0,0,29.91,93403.80,37.17,208851.72,b0
765285466,8,270929,0,0,29.69,93377.97,37.02,275194.84,b0
765274459,1,270975,0,0,28.12,93379.99,40.32,225104.42,b0
765272923,2,271021,0,0,28.29,93403.66,40.32,222318.72,b0
765271642,3,271067,0,0,28.61,93361.82,39.26,331928.69,b0
765289819,4,271114,0,0,28.89,93379.60,38.54,227051.00,b0
765281116,5,271160,0,0,29.70,93410.55,36.62,243057.20,b0
765280092,6,271206,0,0,29.74,93408.61,36.40,214900.31,b0
765271896,7,271252,0,0,29.92,93404.40,37.18,209235.80,b0
765285466,8,271298,0,0,29.68,93377.53,37.02,275862.06,b0
765274459,1,271344,0,0,28.13,93381.09,40.33,225849.14,b0
765272923,2,271391,0,0,28.29,93405.12,40.33,224070.02,b0
765271642,3,271437,0,0,28.62,93362.62,39.27,331928.69,b0
765289819,4,271483,0,0,28.90,93380.59,38.56,227051.00,b0
765281116,5,271529,0,0,29.72,93411.26,36.64,242711.55,b0
765280092,6,271575,0,0,29.74,93406.71,36.42,216398.98,b0
765271896,7,271621,0,0,29.91,93402.53,37.19,210526.31,b0
765285466,8,271667,0,0,29.68,93378.24,37.04,274973.16,b0
765274459,1,271714,0,0,28.15,93380.12,40.34,224512.17,b0
765272923,2,271760,0,0,28.31,93404.61,40.34,224659.94,b0
765271642,3,271806,0,0,28.63,93361.05,39.27,331606.22,b0
765289819,4,271852,0,0,28.92,93379.44,38.58,226298.34,b0
765281116,5,271898,0,0,29.73,93410.66,36.66,243057.20,b0
765280092,6,271944,0,0,29.75,93406.11,36.41,217502.13,b0
765271896,7,271990,0,0,29.91,93403.46,37.19,209107.61,b0
765285466,8,272036,0,0,29.69,93376.95,37.05,275639.31,b0
765274459,1,272083,0,0,28.15,93380.29,40.36,224364.59,b0
765272923,2,272129,0,0,28.32,93403.91,40.34,223336.97,b0
765271642,3,272175,0,0,28.65,93362.63,39.28,331606.22,b0
765289819,4,272221,0,0,28.94,93382.02,38.59,227808.67,b0
765281116,5,272267,0,0,29.74,93410.95,36.68,243230.41,b0
765280092,6,272313,0,0,29.77,93407.74,36.42,215851.61,b0
765271896,7,272359,0,0,29.92,93402.42,37.20,210008.20,b0
765285466,8,272406,0,0,29.71,93378.00,37.07,272993.88,b0
765274459,1,272452,0,0,28.15,93380.66,40.39,224364.59,b0
765272923,2,272498,0,0,28.33,93403.20,40.36,224070.02,b0
765271642,3,272544,0,0,28.66,93363.24,39.29,330963.16,b0
765289819,4,272590,0,0,28.96,93381.59,38.59,227656.73,b0
765281116,5,272636,0,0,29.75,93410.30,36.69,243230.41,b0
765280092,6,272683,0,0,29.78,93407.45,36.44,215988.19,b0
765271896,7,272729,0,0,29.92,93404.44,37.20,209235.80,b0
765285466,8,272775,0,0,29.71,93378.57,37.06,275194.84,b0
765274459,1,272821,0,0,28.16,93380.47,40.40,224217.20,b0
765272923,2,272867,0,0,28.34,93402.88,40.38,223923.03,b0
765271642,3,272913,0,0,28.66,93363.45,39.30,332251.78,b0
765289819,4,272960,0,0,28.96,93381.98,38.60,227505.00,b0
765281116,5,273006,0,0,29.77,93412.99,36.70,243403.84,b0
765280092,6,273052,0,0,29.77,93407.74,36.46,216536.27,b0
765271896,7,273098,0,0,29.91,93403.13,37.22,209107.61,b0
765285466,8,273144,0,0,29.70,93377.74,37.08,273212.38,b0
765274459,1,273190,0,0,28.15,93380.30,40.39,223776.22,b0
765272923,2,273236,0,0,28.35,93404.01,40.37,224364.59,b0
765271642,3,273283,0,0,28.65,93363.19,39.30,329684.47,b0
765289819,4,273329,0,0,28.95,93380.48,38.61,226900.06,b0
765281116,5,273375,0,0,29.78,93411.60,36.71,242023.16,b0
765280092,6,273421,0,0,29.76,93405.65,36.45,216124.95,b0
765271896,7,273467,0,0,29.91,93404.51,37.22,209364.14,b0
765285466,8,273513,0,0,29.69,93377.10,37.07,274751.81,b0
765274459,1,273560,0,0,28.15,93378.65,40.42,224659.94,b0
765272923,2,273606,0,0,28.35,93404.89,40.38,223776.22,b0
765271642,3,273652,0,0,28.64,93363.45,39.30,330322.59,b0
765289819,4,273698,0,0,28.95,93380.82,38.60,226900.06,b0
765281116,5,273744,0,0,29.78,93410.55,36.71,243230.41,b0
765280092,6,273790,0,0,29.76,93406.89,36.44,215442.88,b0
765271896,7,273836,0,0,29.91,93404.20,37.23,209492.64,b0
765285466,8,273882,0,0,29.69,93379.92,37.08,274530.84,b0
765274459,1,273929,0,0,28.14,93380.50,40.41,225699.80,b0
765272923,2,273975,0,0,28.33,93403.40,40.38,223776.22,b0
765271642,3,274021,0,0,28.63,93362.30,39.31,330322.59,b0
765289819,4,274067,0,0,28.92,93378.55,38.61,227051.00,b0
765281116,5,274113,0,0,29.78,93413.07,36.71,242711.55,b0
765280092,6,274159,0,0,29.75,93406.84,36.45,215578.95,b0
765271896,7,274205,0,0,29.91,93400.81,37.24,208851.72,b0
765285466,8,274251,0,0,29.68,93377.59,37.08,276308.69,b0
765274459,1,274298,0,0,28.12,93380.36,40.40,224807.91,b0
765272923,2,274344,0,0,28.31,93404.07,40.39,222463.61,b0
765271642,3,274390,0,0,28.62,93365.45,39.30,332251.78,b0
765289819,4,274436,0,0,28.92,93379.97,38.61,226598.81,b0
765281116,5,274482,0,0,29.78,93410.75,36.72,244100.13,b0
765280092,6,274528,0,0,29.76,93406.18,36.46,217502.13,b0
765271896,7,274575,0,0,29.93,93403.22,37.25,208979.59,b0
765285466,8,274621,0,0,29.69,93377.67,37.09,274751.81,b0
765274459,1,274667,0,0,28.13,93381.98,40.39,223923.03,b0
765272923,2,274713,0,0,28.30,93405.13,40.41,224659.94,b0
765271642,3,274759,0,0,28.62,93362.23,39.33,331606.22,b0
765289819,4,274805,0,0,28.92,93381.39,38.61,226598.81,b0
765281116,5,274852,0,0,29.79,93411.56,36.71,242366.86,b0
765280092,6,274898,0,0,29.76,93407.63,36.46,215851.61,b0
765271896,7,274944,0,0,29.94,93401.52,37.26,208979.59,b0
765285466,8,274990,0,0,29.69,93375.70,37.10,274089.94,b0
765274459,1,275036,0,0,28.13,93383.43,40.42,224364.59,b0
765272923,2,275082,0,0,28.30,93402.95,40.41,222753.97,b0
765271642,3,275128,0,0,28.62,93362.98,39.33,331284.38,b0
765289819,4,275175,0,0,28.92,93380.34,38.64,227808.67,b0
765281116,5,275221,0,0,29.79,93410.79,36.73,243230.41,b0
765280092,6,275267,0,0,29.75,93408.98,36.47,215851.61,b0
765271896,7,275313,0,0,29.93,93404.16,37.27,209235.80,b0
765285466,8,275359,0,0,29.69,93377.52,37.08,275194.84,b0
765274459,1,275405,0,0,28.13,93380.72,40.42,224070.02,b0
765272923,2,275452,0,0,28.30,93403.14,40.40,224364.59,b0
765271642,3,275498,0,0,28.61,93360.77,39.32,331928.69,b0
765289819,4,275544,0,0,28.92,93383.20,38.63,225550.66,b0
765281116,5,275590,0,0,29.78,93413.09,36.72,242711.55,b0
765280092,6,275636,0,0,29.74,93407.09,36.45,215851.61,b0
765271896,7,275682,0,0,29.94,93402.95,37.26,208596.45,b0
765285466,8,275728,0,0,29.69,93380.65,37.11,273870.03,b0
765274459,1,275775,0,0,28.13,93382.91,40.43,225401.72,b0
765272923,2,275821,0,0,28.30,93404.41,40.41,223629.61,b0
765271642,3,275867,0,0,28.61,93362.02,39.35,332575.50,b0
765289819,4,275913,0,0,28.91,93382.21,38.63,227202.13,b0
765281116,5,275959,0,0,29.76,93413.59,36.73,243751.48,b0
765280092,6,276005,0,0,29.74,93408.78,36.46,214900.31,b0
765271896,7,276051,0,0,29.91,93403.63,37.27,209107.61,b0
765285466,8,276097,0,0,29.66,93377.66,37.11,275416.91,b0
765274459,1,276144,0,0,28.12,93381.83,40.44,225699.80,b0
765272923,2,276190,0,0,28.26,93405.59,40.41,224512.17,b0
765271642,3,276236,0,0,28.59,93363.50,39.35,333550.50,b0
765289819,4,276282,0,0,28.88,93383.48,38.64,227505.00,b0
765281116,5,276328,0,0,29.72,93410.34,36.73,243403.84,b0
765280092,6,276374,0,0,29.72,93407.17,36.47,215578.95,b0
765271896,7,276420,0,0,29.90,93402.28,37.26,211177.56,b0
765285466,8,276467,0,0,29.65,93379.33,37.12,276308.69,b0
765274459,1,276513,0,0,28.11,93382.21,40.45,224070.02,b0
765272923,2,276559,0,0,28.26,93402.86,40.43,224364.59,b0
765271642,3,276605,0,0,28.59,93363.27,39.34,330322.59,b0
765289819,4,276651,0,0,28.87,93381.63,38.66,227353.47,b0
765281116,5,276697,0,0,29.72,93410.94,36.73,242884.25,b0
765280092,6,276744,0,0,29.72,93407.38,36.49,215578.95,b0
765271896,7,276790,0,0,29.92,93404.38,37.28,209621.30,b0
765285466,8,276836,0,0,29.65,93377.92,37.12,274530.84,b0
765274459,1,276882,0,0,28.11,93381.30,40.46,226448.47,b0
765272923,2,276928,0,0,28.27,93404.52,40.44,224217.20,b0
765271642,3,276974,0,0,28.59,93363.67,39.36,330963.16,b0
765289819,4,277021,0,0,28.88,93380.29,38.66,226598.81,b0
765281116,5,277067,0,0,29.74,93410.04,36.73,243057.20,b0
765280092,6,277113,0,0,29.74,93407.20,36.48,215988.19,b0
765271896,7,277159,0,0,29.93,93402.55,37.29,208341.81,b0
765285466,8,277205,0,0,29.67,93378.55,37.12,275194.84,b0
765274459,1,277251,0,0,28.11,93382.38,40.47,224956.06,b0
765272923,2,277297,0,0,28.29,93404.58,40.46,224217.20,b0
765271642,3,277344,0,0,28.59,93363.32,39.36,333224.88,b0
765289819,4,277390,0,0,28.91,93379.88,38.67,226749.33,b0
765281116,5,277436,0,0,29.77,93411.21,36.75,242539.08,b0
765280092,6,277482,0,0,29.75,93406.81,36.48,216398.98,b0
765271896,7,277528,0,0,29.95,93401.94,37.31,208979.59,b0
765285466,8,277574,0,0,29.69,93376.18,37.15,274310.22,b0
765274459,1,277621,0,0,28.13,93380.52,40.48,223923.03,b0
765272923,2,277667,0,0,28.32,93403.36,40.48,224512.17,b0
765271642,3,277713,0,0,28.62,93362.98,39.38,334203.66,b0
765289819,4,277759,0,0,28.93,93380.02,38.68,227051.00,b0
765281116,5,277805,0,0,29.79,93410.48,36.77,242366.86,b0
765280092,6,277851,0,0,29.76,93405.68,36.53,216124.95,b0
765271896,7,277897,0,0,29.96,93402.73,37.32,209492.64,b0
765285466,8,277943,0,0,29.70,93376.49,37.16,274310.22,b0
765274459,1,277990,0,0,28.16,93380.10,40.50,224807.91,b0
765272923,2,278036,0,0,28.33,93403.59,40.48,224956.06,b0
765271642,3,278082,0,0,28.63,93362.86,39.39,330642.56,b0
765289819,4,278128,0,0,28.94,93380.80,38.69,226148.41,b0
765281116,5,278174,0,0,29.81,93410.41,36.77,242023.16,b0
765280092,6,278220,0,0,29.77,93407.43,36.54,214225.94,b0
765271896,7,278266,0,0,29.96,93402.74,37.35,208724.02,b0
765285466,8,278312,0,0,29.71,93376.81,37.21,274089.94,b0
765274459,1,278359,0,0,28.17,93379.34,40.52,224217.20,b0
765272923,2,278405,0,0,28.35,93402.34,40.50,224217.20,b0
765271642,3,278451,0,0,28.64,93361.48,39.41,330003.22,b0
765289819,4,278497,0,0,28.94,93379.40,38.70,226148.41,b0
765281116,5,278543,0,0,29.82,93411.61,36.81,241680.44,b0
765280092,6,278589,0,0,29.78,93407.88,36.57,213823.34,b0
765271896,7,278636,0,0,29.96,93403.12,37.37,206826.91,b0
765285466,8,278682,0,0,29.71,93376.30,37.23,273212.38,b0
765274459,1,278728,0,0,28.19,93381.50,40.55,223776.22,b0
765272923,2,278774,0,0,28.36,93404.57,40.52,222608.70,b0
765271642,3,278820,0,0,28.65,93362.09,39.44,328731.94,b0
765289819,4,278866,0,0,28.96,93378.92,38.72,226598.81,b0
765281116,5,278913,0,0,29.82,93410.53,36.82,242539.08,b0
765280092,6,278959,0,0,29.79,93406.30,36.60,214765.09,b0
765271896,7,279005,0,0,29.95,93403.03,37.40,209107.61,b0
765285466,8,279051,0,0,29.71,93375.94,37.26,272993.88,b0
765274459,1,279097,0,0,28.21,93381.64,40.55,223776.22,b0
765272923,2,279143,0,0,28.39,93404.26,40.54,221597.06,b0
765271642,3,279189,0,0,28.66,93361.64,39.44,330322.59,b0
765289819,4,279236,0,0,28.97,93379.88,38.74,226598.81,b0
765281116,5,279282,0,0,29.83,93411.18,36.86,241680.44,b0
765280092,6,279328,0,0,29.79,93408.78,36.59,214091.58,b0
765271896,7,279374,0,0,29.95,93403.02,37.41,209364.14,b0
765285466,8,279420,0,0,29.72,93377.57,37.26,271906.53,b0
765274459,1,279466,0,0,28.23,93381.95,40.55,223923.03,b0
765272923,2,279513,0,0,28.41,93404.86,40.55,222174.00,b0
765271642,3,279559,0,0,28.68,93362.27,39.45,327784.91,b0
765289819,4,279605,0,0,28.99,93380.70,38.77,226148.41,b0
765281116,5,279651,0,0,29.84,93411.98,36.86,241338.67,b0
765280092,6,279697,0,0,29.79,93408.34,36.61,214900.31,b0
765271896,7,279743,0,0,29.95,93402.30,37.43,208469.06,b0
765285466,8,279789,0,0,29.72,93376.88,37.31,271906.53,b0
765274459,1,279836,0,0,28.24,93379.38,40.60,223629.61,b0
765272923,2,279882,0,0,28.41,93403.23,40.55,221597.06,b0
765271642,3,279928,0,0,28.68,93362.87,39.47,329684.47,b0
765289819,4,279974,0,0,28.99,93381.25,38.79,225401.72,b0
765281116,5,280020,0,0,29.84,93410.21,36.87,239981.25,b0
765280092,6,280066,0,0,29.80,93407.73,36.62,213288.89,b0
765271896,7,280112,0,0,29.95,93403.42,37.44,209107.61,b0
765285466,8,280158,0,0,29.72,93377.48,37.29,271906.53,b0
765274459,1,280205,0,0,28.25,93381.02,40.60,222318.72,b0
765272923,2,280251,0,0,28.42,93405.25,40.59,221885.16,b0
765271642,3,280297,0,0,28.69,93363.45,39.50,327156.56,b0
765289819,4,280343,0,0,28.99,93381.23,38.78,224070.02,b0
765281116,5,280389,0,0,29.85,93411.20,36.86,239812.64,b0
765280092,6,280435,0,0,29.80,93408.95,36.65,212360.02,b0
765271896,7,280481,0,0,29.95,93401.77,37.44,206826.91,b0
765285466,8,280528,0,0,29.72,93377.30,37.29,271258.28,b0
765274459,1,280574,0,0,28.24,93382.12,40.60,222463.61,b0
765272923,2,280620,0,0,28.42,93405.99,40.60,222174.00,b0
765271642,3,280666,0,0,28.69,93363.42,39.50,327156.56,b0
765289819,4,280712,0,0,29.00,93380.41,38.79,225252.97,b0
765281116,5,280758,0,0,29.85,93409.91,36.86,239812.64,b0
765280092,6,280805,0,0,29.80,93406.62,36.65,211308.30,b0
765271896,7,280851,0,0,29.96,93404.86,37.45,206202.17,b0
765285466,8,280897,0,0,29.72,93377.44,37.33,269544.63,b0
765274459,1,280943,0,0,28.24,93383.93,40.60,222608.70,b0
765272923,2,280989,0,0,28.42,93404.54,40.60,221309.70,b0
765271642,3,281035,0,0,28.69,93363.83,39.51,328415.66,b0
765289819,4,281081,0,0,29.00,93380.60,38.80,225550.66,b0
765281116,5,281128,0,0,29.85,93411.02,36.88,238305.80,b0
765280092,6,281174,0,0,29.80,93408.72,36.63,213022.67,b0
765271896,7,281220,0,0,29.94,93403.30,37.46,206952.30,b0
765285466,8,281266,0,0,29.70,93375.95,37.31,270184.69,b0
765274459,1,281312,0,0,28.24,93381.22,40.60,222318.72,b0
765272923,2,281358,0,0,28.42,93405.09,40.58,221741.02,b0
765271642,3,281405,0,0,28.67,93364.23,39.50,328099.97,b0
765289819,4,281451,0,0,28.98,93381.38,38.78,225699.80,b0
765281116,5,281497,0,0,29.83,93410.84,36.86,238805.97,b0
765280092,6,281543,0,0,29.78,93406.25,36.64,212492.22,b0
765271896,7,281589,0,0,29.91,93403.30,37.46,206826.91,b0
765285466,8,281635,0,0,29.69,93377.33,37.31,269971.00,b0
765274459,1,281682,0,0,28.24,93379.94,40.61,223629.61,b0
765272923,2,281728,0,0,28.42,93405.61,40.58,222174.00,b0
765271642,3,281774,0,0,28.67,93362.62,39.52,329048.84,b0
765289819,4,281820,0,0,28.98,93381.89,38.80,225550.66,b0
765281116,5,281866,0,0,29.81,93412.43,36.87,240319.17,b0
765280092,6,281912,0,0,29.77,93405.93,36.66,213022.67,b0
765271896,7,281958,0,0,29.90,93402.88,37.45,207329.42,b0
765285466,8,282004,0,0,29.68,93376.33,37.30,272340.44,b0
765274459,1,282051,0,0,28.24,93381.20,40.61,222753.97,b0
765272923,2,282097,0,0,28.42,93405.43,40.58,221309.70,b0
765271642,3,282143,0,0,28.67,93363.64,39.51,329048.84,b0
765289819,4,282189,0,0,28.95,93380.33,38.79,225104.42,b0
765281116,5,282235,0,0,29.78,93411.29,36.85,240827.84,b0
765280092,6,282281,0,0,29.76,93405.44,36.65,213422.27,b0
765271896,7,282327,0,0,29.89,93402.26,37.47,208596.45,b0
765285466,8,282373,0,0,29.69,93376.77,37.31,271042.88,b0
765274459,1,282420,0,0,28.24,93382.68,40.58,222463.61,b0
765272923,2,282466,0,0,28.40,93403.57,40.57,222318.72,b0
765271642,3,282512,0,0,28.66,93364.88,39.49,329366.34,b0
765289819,4,282558,0,0,28.94,93381.68,38.79,225998.67,b0
765281116,5,282604,0,0,29.78,93411.63,36.85,239644.28,b0
765280092,6,282650,0,0,29.76,93407.60,36.65,213288.89,b0
765271896,7,282697,0,0,29.90,93403.75,37.47,208214.72,b0
765285466,8,282743,0,0,29.69,93377.67,37.30,272557.91,b0
765274459,1,282789,0,0,28.22,93380.90,40.59,223190.94,b0
765272923,2,282835,0,0,28.39,93404.63,40.56,222174.00,b0
765271642,3,282881,0,0,28.65,93363.38,39.48,328099.97,b0
765289819,4,282927,0,0,28.94,93379.88,38.79,226298.34,b0
765281116,5,282973,0,0,29.78,93411.84,36.85,240150.09,b0
765280092,6,283020,0,0,29.77,93407.90,36.63,212757.11,b0
765271896,7,283066,0,0,29.90,93401.27,37.46,207077.86,b0
765285466,8,283112,0,0,29.70,93377.17,37.30,272123.31,b0
765274459,1,283158,0,0,28.23,93381.79,40.58,222174.00,b0
765272923,2,283204,0,0,28.38,93402.79,40.55,222174.00,b0
765271642,3,283250,0,0,28.65,93363.17,39.49,329366.34,b0
765289819,4,283297,0,0,28.94,93378.64,38.77,225252.97,b0
765281116,5,283343,0,0,29.79,93409.75,36.84,240827.84,b0
765280092,6,283389,0,0,29.78,93408.54,36.63,213422.27,b0
765271896,7,283435,0,0,29.91,93400.81,37.47,206826.91,b0
765285466,8,283481,0,0,29.71,93378.21,37.32,272557.91,b0
765274459,1,283527,0,0,28.23,93380.70,40.55,222899.44,b0
765272923,2,283573,0,0,28.38,93402.08,40.54,222463.61,b0
765271642,3,283620,0,0,28.65,93363.91,39.48,327470.41,b0
765289819,4,283666,0,0,28.94,93379.93,38.80,226148.41,b0
765281116,5,283712,0,0,29.80,93411.07,36.85,239812.64,b0
765280092,6,283758,0,0,29.78,93407.66,36.64,213957.38,b0
765271896,7,283804,0,0,29.93,93403.23,37.48,207329.42,b0
765285466,8,283850,0,0,29.72,93375.95,37.30,270184.69,b0
765274459,1,283897,0,0,28.23,93380.52,40.56,222174.00,b0
765272923,2,283943,0,0,28.40,93405.21,40.55,221166.31,b0
765271642,3,283989,0,0,28.65,93362.84,39.47,327784.91,b0
765289819,4,284035,0,0,28.95,93381.94,38.79,225401.72,b0
765281116,5,284081,0,0,29.80,93410.22,36.84,241680.44,b0
765280092,6,284127,0,0,29.79,93407.90,36.63,213022.67,b0
765271896,7,284173,0,0,29.94,93401.88,37.45,205829.14,b0
765285466,8,284219,0,0,29.72,93379.02,37.32,271474.03,b0
765274459,1,284266,0,0,28.23,93381.97,40.56,222029.48,b0
765272923,2,284312,0,0,28.41,93404.88,40.54,221741.02,b0
765271642,3,284358,0,0,28.66,93363.62,39.47,329366.34,b0
765289819,4,284404,0,0,28.97,93382.05,38.78,225104.42,b0
765281116,5,284450,0,0,29.81,93411.56,36.86,239644.28,b0
765280092,6,284496,0,0,29.79,93408.64,36.65,213555.78,b0
765271896,7,284542,0,0,29.95,93403.75,37.44,205705.11,b0
765285466,8,284588,0,0,29.72,93378.10,37.29,271690.09,b0
765274459,1,284635,0,0,28.22,93380.34,40.55,222753.97,b0
765272923,2,284681,0,0,28.41,93406.31,40.53,222029.48,b0
765271642,3,284727,0,0,28.67,93363.13,39.48,327784.91,b0
765289819,4,284773,0,0,28.97,93380.08,38.77,223629.61,b0
765281116,5,284819,0,0,29.82,93411.81,36.83,239140.59,b0
765280092,6,284865,0,0,29.79,93408.67,36.64,213422.27,b0
765271896,7,284912,0,0,29.95,93403.03,37.46,207455.42,b0
765285466,8,284958,0,0,29.71,93377.10,37.31,272123.31,b0
765274459,1,285004,0,0,28.22,93381.08,40.55,222608.70,b0
765272923,2,285050,0,0,28.40,93405.38,40.53,222174.00,b0
765271642,3,285096,0,0,28.67,93363.67,39.47,329048.84,b0
765289819,4,285142,0,0,28.98,93380.83,38.77,226598.81,b0
765281116,5,285189,0,0,29.82,93411.61,36.85,240827.84,b0
765280092,6,285235,0,0,29.77,93406.84,36.63,213155.70,b0
765271896,7,285281,0,0,29.95,93402.70,37.46,206701.66,b0
765285466,8,285327,0,0,29.71,93377.28,37.30,271906.53,b0
765274459,1,285373,0,0,28.22,93380.71,40.55,223190.94,b0
765272923,2,285419,0,0,28.40,93404.10,40.52,222463.61,b0
765271642,3,285465,0,0,28.69,93363.24,39.47,327470.41,b0
765289819,4,285512,0,0,28.98,93379.57,38.78,225699.80,b0
765281116,5,285558,0,0,29.82,93413.82,36.82,239812.64,b0
765280092,6,285604,0,0,29.78,93406.94,36.62,211701.47,b0
765271896,7,285650,0,0,29.96,93401.12,37.46,207455.42,b0
765285466,8,285696,0,0,29.71,93376.81,37.29,269971.00,b0
765274459,1,285742,0,0,28.23,93381.78,40.53,224364.59,b0
765272923,2,285789,0,0,28.39,93403.55,40.50,221885.16,b0
765271642,3,285835,0,0,28.68,93362.70,39.46,329048.84,b0
765289819,4,285881,0,0,28.98,93380.11,38.77,226148.41,b0
765281116,5,285927,0,0,29.82,93411.07,36.83,240319.17,b0
765280092,6,285973,0,0,29.77,93406.66,36.62,213422.27,b0
765271896,7,286019,0,0,29.96,93402.02,37.46,206326.81,b0
765285466,8,286065,0,0,29.71,93377.28,37.32,270827.81,b0
765274459,1,286112,0,0,28.23,93381.05,40.53,222608.70,b0
765272923,2,286158,0,0,28.38,93403.91,40.52,221741.02,b0
765271642,3,286204,0,0,28.68,93363.91,39.47,329366.34,b0
765289819,4,286250,0,0,28.97,93382.74,38.78,227505.00,b0
765281116,5,286296,0,0,29.82,93411.43,36.83,241680.44,b0
765280092,6,286342,0,0,29.76,93406.77,36.62,214225.94,b0
765271896,7,286388,0,0,29.96,93403.26,37.46,206952.30,b0
765285466,8,286434,0,0,29.70,93378.07,37.30,270827.81,b0
765274459,1,286481,0,0,28.22,93382.16,40.53,223336.97,b0
765272923,2,286527,0,0,28.38,93404.08,40.51,221597.06,b0
765271642,3,286573,0,0,28.67,93363.13,39.44,327470.41,b0
765289819,4,286619,0,0,28.96,93380.17,38.76,226298.34,b0
765281116,5,286665,0,0,29.82,93412.34,36.82,238472.28,b0
765280092,6,286711,0,0,29.77,93407.60,36.64,213957.38,b0
765271896,7,286757,0,0,29.96,93402.77,37.46,205705.11,b0
765285466,8,286804,0,0,29.71,93379.60,37.30,271906.53,b0
765274459,1,286850,0,0,28.22,93381.08,40.53,222753.97,b0
765272923,2,286896,0,0,28.38,93405.34,40.50,221741.02,b0
765271642,3,286942,0,0,28.67,93362.56,39.46,329048.84,b0
765289819,4,286988,0,0,28.95,93380.68,38.76,225998.67,b0
765281116,5,287034,0,0,29.81,93412.64,36.79,240319.17,b0
765280092,6,287081,0,0,29.77,93406.79,36.62,214360.48,b0
765271896,7,287127,0,0,29.97,93402.09,37.46,207707.91,b0
765285466,8,287173,0,0,29.71,93377.68,37.29,272123.31,b0
765274459,1,287219,0,0,28.23,93382.88,40.53,224364.59,b0
765272923,2,287265,0,0,28.38,93404.24,40.49,222029.48,b0
765271642,3,287311,0,0,28.68,93364.25,39.44,329048.84,b0
765289819,4,287357,0,0,28.96,93381.06,38.76,225849.14,b0
765281116,5,287404,0,0,29.82,93412.15,36.82,239644.28,b0
765280092,6,287450,0,0,29.77,93408.13,36.61,213823.34,b0
765271896,7,287496,0,0,29.97,93402.98,37.45,207329.42,b0
765285466,8,287542,0,0,29.71,93379.48,37.30,271690.09,b0
765274459,1,287588,0,0,28.23,93383.06,40.53,223336.97,b0
765272923,2,287634,0,0,28.37,93405.49,40.49,222463.61,b0
765271642,3,287681,0,0,28.67,93363.32,39.45,328731.94,b0
765289819,4,287727,0,0,28.96,93381.26,38.75,226148.41,b0
765281116,5,287773,0,0,29.82,93412.71,36.82,241168.16,b0
765280092,6,287819,0,0,29.77,93407.38,36.61,211832.84,b0
765271896,7,287865,0,0,29.98,93404.27,37.45,207581.59,b0
765285466,8,287911,0,0,29.71,93377.36,37.29,271474.03,b0
765274459,1,287958,0,0,28.23,93381.06,40.51,222753.97,b0
765272923,2,288004,0,0,28.37,93404.22,40.50,223045.09,b0
765271642,3,288050,0,0,28.67,93365.63,39.45,330963.16,b0
765289819,4,288096,0,0,28.96,93380.91,38.76,225401.72,b0
765281116,5,288142,0,0,29.81,93411.95,36.82,239981.25,b0
765280092,6,288188,0,0,29.76,93406.39,36.60,214360.48,b0
765271896,7,288234,0,0,29.98,93403.77,37.44,208087.78,b0
765285466,8,288280,0,0,29.72,93377.03,37.29,271258.28,b0
765274459,1,288327,0,0,28.21,93383.09,40.52,222899.44,b0
765272923,2,288373,0,0,28.36,93405.66,40.49,221885.16,b0
765271642,3,288419,0,0,28.66,93363.97,39.43,331284.38,b0
765289819,4,288465,0,0,28.95,93380.33,38.75,228113.17,b0
765281116,5,288511,0,0,29.81,93413.15,36.79,240488.50,b0
765280092,6,288557,0,0,29.76,93406.18,36.60,213689.48,b0
765271896,7,288603,0,0,29.97,93404.08,37.42,206826.91,b0
765285466,8,288649,0,0,29.72,93377.74,37.27,272993.88,b0
765274459,1,288696,0,0,28.21,93381.27,40.51,224217.20,b0
765272923,2,288742,0,0,28.36,93405.66,40.49,222174.00,b0
765271642,3,288788,0,0,28.65,93365.52,39.45,328731.94,b0
765289819,4,288834,0,0,28.95,93381.75,38.73,225401.72,b0
765281116,5,288880,0,0,29.80,93412.38,36.81,241680.44,b0
765280092,6,288926,0,0,29.76,93405.26,36.60,215442.88,b0
765271896,7,288973,0,0,29.97,93405.99,37.42,207455.42,b0
765285466,8,289019,0,0,29.72,93379.20,37.26,271690.09,b0
765274459,1,289065,0,0,28.20,93381.84,40.51,223190.94,b0
765272923,2,289111,0,0,28.36,93403.84,40.48,222318.72,b0
765271642,3,289157,0,0,28.66,93365.01,39.45,330322.59,b0
765289819,4,289203,0,0,28.95,93383.32,38.76,226298.34,b0
765281116,5,289249,0,0,29.79,93411.77,36.81,242023.16,b0
765280092,6,289296,0,0,29.76,93408.01,36.60,214630.06,b0
765271896,7,289342,0,0,29.96,93404.91,37.40,207329.42,b0
765285466,8,289388,0,0,29.71,93377.55,37.26,272123.31,b0
765274459,1,289434,0,0,28.20,93382.75,40.48,223190.94,b0
765272923,2,289480,0,0,28.35,93404.17,40.48,221885.16,b0
765271642,3,289526,0,0,28.65,93363.20,39.42,329366.34,b0
765289819,4,289573,0,0,28.93,93383.08,38.74,227202.13,b0
765281116,5,289619,0,0,29.78,93412.56,36.79,241680.44,b0
765280092,6,289665,0,0,29.75,93408.25,36.59,215442.88,b0
765271896,7,289711,0,0,29.95,93402.12,37.41,206576.56,b0
765285466,8,289757,0,0,29.71,93378.59,37.25,272993.88,b0
765274459,1,289803,0,0,28.21,93382.20,40.50,224070.02,b0
765272923,2,289850,0,0,28.35,93404.89,40.48,223336.97,b0
765271642,3,289896,0,0,28.65,93364.97,39.45,331284.38,b0
765289819,4,289942,0,0,28.91,93380.63,38.75,227353.47,b0
765281116,5,289988,0,0,29.76,93410.74,36.78,242194.89,b0
765280092,6,290034,0,0,29.74,93409.39,36.59,215171.25,b0
765271896,7,290080,0,0,29.93,93405.20,37.39,208469.06,b0
765285466,8,290126,0,0,29.69,93379.09,37.25,271258.28,b0
765274459,1,290173,0,0,28.21,93381.64,40.50,223045.09,b0
765272923,2,290219,0,0,28.35,93405.26,40.47,223923.03,b0
765271642,3,290265,0,0,28.65,93364.80,39.43,331284.38,b0
765289819,4,290311,0,0,28.91,93382.24,38.74,226749.33,b0
765281116,5,290357,0,0,29.75,93412.30,36.78,241168.16,b0
765280092,6,290403,0,0,29.73,93408.15,36.58,215171.25,b0
765271896,7,290449,0,0,29.91,93404.16,37.39,208341.81,b0
765285466,8,290495,0,0,29.67,93380.63,37.25,272993.88,b0
765274459,1,290542,0,0,28.22,93382.16,40.50,224364.59,b0
765272923,2,290588,0,0,28.35,93407.07,40.49,222608.70,b0
765271642,3,290634,0,0,28.66,93364.87,39.41,331606.22,b0
765289819,4,290680,0,0,28.91,93381.52,38.73,226298.34,b0
765281116,5,290726,0,0,29.74,93412.13,36.77,243403.84,b0
765280092,6,290772,0,0,29.73,93409.39,36.59,215715.19,b0
765271896,7,290818,0,0,29.89,93403.34,37.38,208469.06,b0
765285466,8,290865,0,0,29.65,93380.09,37.22,273212.38,b0
765274459,1,290911,0,0,28.24,93382.30,40.51,224807.91,b0
765272923,2,290957,0,0,28.35,93404.01,40.49,222608.70,b0
765271642,3,291003,0,0,28.68,93365.70,39.43,330322.59,b0
765289819,4,291049,0,0,28.94,93381.30,38.74,225998.67,b0
765281116,5,291095,0,0,29.76,93413.59,36.78,242539.08,b0
765280092,6,291142,0,0,29.73,93406.05,36.59,214225.94,b0
765271896,7,291188,0,0,29.90,93404.28,37.36,208341.81,b0
765285466,8,291234,0,0,29.66,93380.71,37.23,273870.03,b0
765274459,1,291280,0,0,28.25,93381.93,40.49,223776.22,b0
765272923,2,291326,0,0,28.37,93404.60,40.51,223045.09,b0
765271642,3,291372,0,0,28.68,93363.93,39.43,329048.84,b0
765289819,4,291419,0,0,28.95,93381.76,38.75,226749.33,b0
765281116,5,291465,0,0,29.77,93411.94,36.78,244100.13,b0
765280092,6,291511,0,0,29.75,93409.27,36.58,215442.88,b0
765271896,7,291557,0,0,29.91,93404.34,37.36,209235.80,b0
765285466,8,291603,0,0,29.66,93378.78,37.23,274973.16,b0
765274459,1,291649,0,0,28.24,93380.86,40.51,223776.22,b0
765272923,2,291695,0,0,28.38,93404.08,40.47,223629.61,b0
765271642,3,291742,0,0,28.68,93363.02,39.43,330642.56,b0
765289819,4,291788,0,0,28.97,93383.27,38.76,227051.00,b0
765281116,5,291834,0,0,29.78,93412.34,36.78,243057.20,b0
765280092,6,291880,0,0,29.74,93406.73,36.58,214630.06,b0
765271896,7,291926,0,0,29.91,93403.46,37.38,208851.72,b0
765285466,8,291972,0,0,29.67,93380.82,37.24,273870.03,b0
765274459,1,292019,0,0,28.25,93383.39,40.48,224217.20,b0
765272923,2,292065,0,0,28.39,93405.89,40.47,222463.61,b0
765271642,3,292111,0,0,28.69,93365.45,39.43,331284.38,b0
765289819,4,292157,0,0,28.99,93381.95,38.75,228877.97,b0
765281116,5,292203,0,0,29.76,93412.18,36.78,240827.84,b0
765280092,6,292249,0,0,29.74,93407.72,36.59,215851.61,b0
765271896,7,292295,0,0,29.90,93405.17,37.38,208596.45,b0
765285466,8,292341,0,0,29.67,93379.22,37.23,273431.25,b0
765274459,1,292388,0,0,28.24,93381.57,40.48,223336.97,b0
765272923,2,292434,0,0,28.40,93404.86,40.49,222318.72,b0
765271642,3,292480,0,0,28.69,93362.92,39.42,331284.38,b0
765289819,4,292526,0,0,28.98,93383.72,38.76,227353.47,b0
765281116,5,292572,0,0,29.74,93410.90,36.77,242366.86,b0
765280092,6,292618,0,0,29.74,93408.43,36.57,215171.25,b0
765271896,7,292664,0,0,29.89,93407.24,37.36,208724.02,b0
765285466,8,292710,0,0,29.67,93379.73,37.24,274530.84,b0
765274459,1,292757,0,0,28.25,93383.01,40.49,224217.20,b0
765272923,2,292803,0,0,28.41,93406.50,40.49,222318.72,b0
765271642,3,292849,0,0,28.69,93363.83,39.42,331284.38,b0
765289819,4,292895,0,0,28.96,93382.90,38.73,225998.67,b0
765281116,5,292941,0,0,29.73,93413.34,36.77,243577.55,b0
765280092,6,292987,0,0,29.74,93407.18,36.58,214900.31,b0
765271896,7,293034,0,0,29.87,93404.40,37.38,209621.30,b0
765285466,8,293080,0,0,29.66,93380.53,37.21,274089.94,b0
765274459,1,293126,0,0,28.25,93381.93,40.46,223776.22,b0
765272923,2,293172,0,0,28.39,93403.19,40.47,223045.09,b0
765271642,3,293218,0,0,28.69,93363.84,39.40,329366.34,b0
765289819,4,293264,0,0,28.96,93380.91,38.73,226598.81,b0
765281116,5,293311,0,0,29.72,93412.34,36.78,242711.55,b0
765280092,6,293357,0,0,29.72,93407.60,36.57,215851.61,b0
765271896,7,293403,0,0,29.83,93403.63,37.37,208724.02,b0
765285466,8,293449,0,0,29.61,93381.59,37.22,275862.06,b0
765274459,1,293495,0,0,28.25,93383.01,40.47,225550.66,b0
765272923,2,293541,0,0,28.41,93407.41,40.45,222463.61,b0
765271642,3,293587,0,0,28.69,93363.84,39.40,329684.47,b0
765289819,4,293634,0,0,28.96,93381.24,38.72,227656.73,b0
765281116,5,293680,0,0,29.69,93412.64,36.77,241851.67,b0
765280092,6,293726,0,0,29.72,93407.71,36.60,216124.95,b0
765271896,7,293772,0,0,29.80,93404.31,37.35,210266.94,b0
765285466,8,293818,0,0,29.58,93382.00,37.21,275862.06,b0
765274459,1,293864,0,0,28.24,93381.22,40.46,224659.94,b0
765272923,2,293911,0,0,28.39,93404.98,40.47,223336.97,b0
765271642,3,293957,0,0,28.69,93365.25,39.39,331928.69,b0
765289819,4,294003,0,0,28.95,93381.92,38.73,226598.81,b0
765281116,5,294049,0,0,29.69,93414.25,36.77,243751.48,b0
765280092,6,294095,0,0,29.71,93407.12,36.57,215988.19,b0
765271896,7,294141,0,0,29.77,93402.50,37.36,208851.72,b0
765285466,8,294187,0,0,29.54,93379.84,37.21,275194.84,b0
765274459,1,294234,0,0,28.24,93382.85,40.46,223776.22,b0
765272923,2,294280,0,0,28.38,93405.16,40.47,223629.61,b0
765271642,3,294326,0,0,28.68,93365.35,39.39,330642.56,b0
765289819,4,294372,0,0,28.94,93382.92,38.71,227960.81,b0
765281116,5,294418,0,0,29.68,93413.06,36.78,243751.48,b0
765280092,6,294464,0,0,29.69,93408.84,36.57,215171.25,b0
765271896,7,294510,0,0,29.74,93403.70,37.35,209235.80,b0
765285466,8,294556,0,0,29.52,93378.49,37.21,275862.06,b0
765274459,1,294603,0,0,28.23,93385.79,40.46,224217.20,b0
765272923,2,294649,0,0,28.37,93405.51,40.45,223336.97,b0
765271642,3,294695,0,0,28.65,93363.91,39.39,330642.56,b0
765289819,4,294741,0,0,28.93,93382.88,38.72,226598.81,b0
765281116,5,294787,0,0,29.66,93412.52,36.77,243751.48,b0
765280092,6,294833,0,0,29.68,93407.79,36.57,216398.98,b0
765271896,7,294879,0,0,29.71,93404.80,37.36,209750.11,b0
765285466,8,294926,0,0,29.48,93379.21,37.21,277206.28,b0
765274459,1,294972,0,0,28.21,93382.37,40.44,224659.94,b0
765272923,2,295018,0,0,28.36,93406.91,40.46,223629.61,b0
765271642,3,295064,0,0,28.65,93364.24,39.38,333224.88,b0
765289819,4,295110,0,0,28.91,93381.35,38.72,227505.00,b0
765281116,5,295156,0,0,29.65,93413.31,36.78,243403.84,b0
765280092,6,295203,0,0,29.67,93408.09,36.56,216398.98,b0
765271896,7,295249,0,0,29.71,93402.13,37.38,209492.64,b0
765285466,8,295295,0,0,29.48,93379.55,37.22,277431.59,b0
765274459,1,295341,0,0,28.19,93382.77,40.43,224217.20,b0
765272923,2,295387,0,0,28.34,93403.41,40.43,224364.59,b0
765271642,3,295433,0,0,28.64,93364.52,39.37,331606.22,b0
765289819,4,295480,0,0,28.91,93381.13,38.72,227808.67,b0
765281116,5,295526,0,0,29.65,93412.59,36.79,243577.55,b0
765280092,6,295572,0,0,29.67,93408.62,36.59,215988.19,b0
765271896,7,295618,0,0,29.73,93404.02,37.39,209492.64,b0
765285466,8,295664,0,0,29.50,93379.78,37.25,277431.59,b0
765274459,1,295710,0,0,28.17,93381.17,40.45,225699.80,b0
765272923,2,295756,0,0,28.32,93405.91,40.45,224217.20,b0
765271642,3,295803,0,0,28.62,93364.56,39.38,332575.50,b0
765289819,4,295849,0,0,28.89,93382.28,38.70,226598.81,b0
765281116,5,295895,0,0,29.66,93412.66,36.80,245504.67,b0
765280092,6,295941,0,0,29.66,93408.18,36.58,216398.98,b0
765271896,7,295987,0,0,29.74,93402.29,37.42,210396.55,b0
765285466,8,296033,0,0,29.52,93380.66,37.24,277431.59,b0
765274459,1,296080,0,0,28.15,93384.48,40.44,225699.80,b0
765272923,2,296126,0,0,28.30,93405.32,40.45,223045.09,b0
765271642,3,296172,0,0,28.60,93366.40,39.39,331284.38,b0
765289819,4,296218,0,0,28.88,93382.41,38.70,228418.47,b0
765281116,5,296264,0,0,29.66,93413.41,36.79,244274.81,b0
765280092,6,296310,0,0,29.66,93407.06,36.58,217363.61,b0
765271896,7,296356,0,0,29.75,93402.52,37.43,210786.33,b0
765285466,8,296402,0,0,29.52,93382.29,37.27,277657.28,b0
765274459,1,296449,0,0,28.12,93382.72,40.41,224512.17,b0
765272923,2,296495,0,0,28.27,93406.16,40.42,223776.22,b0
765271642,3,296541,0,0,28.59,93364.90,39.38,331606.22,b0
765289819,4,296587,0,0,28.87,93381.82,38.72,227808.67,b0
765281116,5,296633,0,0,29.65,93412.05,36.81,243751.48,b0
765280092,6,296679,0,0,29.66,93407.92,36.57,216949.16,b0
765271896,7,296725,0,0,29.76,93402.44,37.42,209879.08,b0
765285466,8,296771,0,0,29.53,93380.44,37.27,275862.06,b0
765274459,1,296818,0,0,28.13,93383.99,40.43,224956.06,b0
765272923,2,296864,0,0,28.28,93406.91,40.44,223923.03,b0
765271642,3,296910,0,0,28.59,93364.38,39.38,331284.38,b0
765289819,4,296956,0,0,28.87,93380.95,38.73,229031.53,b0
765281116,5,297002,0,0,29.65,93413.11,36.82,244624.94,b0
765280092,6,297048,0,0,29.65,93408.25,36.58,217087.13,b0
765271896,7,297095,0,0,29.77,93402.67,37.44,210656.25,b0
765285466,8,297141,0,0,29.54,93381.45,37.29,276532.53,b0
765274459,1,297187,0,0,28.13,93382.91,40.43,224956.06,b0
765272923,2,297233,0,0,28.29,93405.66,40.44,223629.61,b0
765271642,3,297279,0,0,28.60,93364.59,39.38,332899.88,b0
765289819,4,297325,0,0,28.88,93380.26,38.73,228113.17,b0
765281116,5,297372,0,0,29.65,93411.89,36.82,245328.22,b0
765280092,6,297418,0,0,29.66,93408.31,36.59,215715.19,b0
765271896,7,297464,0,0,29.78,93402.41,37.47,210266.94,b0
765285466,8,297510,0,0,29.55,93378.69,37.29,276308.69,b0
765274459,1,297556,0,0,28.12,93383.27,40.44,225849.14,b0
765272923,2,297602,0,0,28.30,93404.96,40.45,223629.61,b0
765271642,3,297648,0,0,28.60,93365.30,39.36,332899.88,b0
765289819,4,297695,0,0,28.90,93381.98,38.75,227960.81,b0
765281116,5,297741,0,0,29.66,93412.36,36.83,245504.67,b0
765280092,6,297787,0,0,29.67,93408.95,36.61,217225.28,b0
765271896,7,297833,0,0,29.80,93404.67,37.47,210266.94,b0
765285466,8,297879,0,0,29.57,93379.56,37.31,276085.19,b0
765274459,1,297925,0,0,28.13,93383.63,40.43,224659.94,b0
765272923,2,297972,0,0,28.32,93406.82,40.45,225252.97,b0
765271642,3,298018,0,0,28.61,93364.48,39.41,332251.78,b0
765289819,4,298064,0,0,28.91,93381.51,38.74,227960.81,b0
765281116,5,298110,0,0,29.67,93413.35,36.84,243403.84,b0
765280092,6,298156,0,0,29.68,93408.86,36.63,217087.13,b0
765271896,7,298202,0,0,29.81,93404.77,37.48,209879.08,b0
765285466,8,298248,0,0,29.57,93381.04,37.31,276085.19,b0
765274459,1,298295,0,0,28.13,93385.09,40.44,225104.42,b0
765272923,2,298341,0,0,28.31,93408.06,40.46,224512.17,b0
765271642,3,298387,0,0,28.61,93366.48,39.41,332251.78,b0
765289819,4,298433,0,0,28.90,93382.18,38.75,227353.47,b0
765281116,5,298479,0,0,29.67,93412.81,36.85,243925.67,b0
765280092,6,298525,0,0,29.67,93408.24,36.62,216124.95,b0
765271896,7,298571,0,0,29.82,93404.83,37.48,210526.31,b0
765285466,8,298617,0,0,29.58,93379.31,37.33,276308.69,b0
765274459,1,298664,0,0,28.11,93386.92,40.46,225550.66,b0
765272923,2,298710,0,0,28.28,93404.55,40.47,223190.94,b0
765271642,3,298756,0,0,28.60,93364.41,39.41,331284.38,b0
765289819,4,298802,0,0,28.89,93382.85,38.74,229339.31,b0
765281116,5,298848,0,0,29.68,93410.93,36.86,246035.56,b0
765280092,6,298894,0,0,29.66,93407.45,36.61,217918.70,b0
765271896,7,298940,0,0,29.84,93403.30,37.51,211570.25,b0
765285466,8,298987,0,0,29.58,93380.07,37.33,276756.75,b0
765274459,1,299033,0,0,28.10,93384.40,40.45,224956.06,b0
765272923,2,299079,0,0,28.27,93405.24,40.47,225104.42,b0
765271642,3,299125,0,0,28.58,93363.80,39.40,331928.69,b0
765289819,4,299171,0,0,28.89,93381.94,38.74,228113.17,b0
765281116,5,299217,0,0,29.69,93413.34,36.86,243230.41,b0
765280092,6,299264,0,0,29.67,93409.31,36.63,217087.13,b0
765271896,7,299310,0,0,29.84,93403.52,37.50,210526.31,b0
765285466,8,299356,0,0,29.58,93379.13,37.34,275639.31,b0
765274459,1,299402,0,0,28.09,93385.15,40.48,226749.33,b0
765272923,2,299448,0,0,28.26,93404.30,40.48,224956.06,b0
765271642,3,299494,0,0,28.58,93365.20,39.41,333876.75,b0
765289819,4,299541,0,0,28.89,93381.57,38.74,228418.47,b0
765281116,5,299587,0,0,29.69,93412.44,36.89,243925.67,b0
765280092,6,299633,0,0,29.66,93404.89,36.64,217502.13,b0
765271896,7,299679,0,0,29.85,93403.06,37.51,211701.47,b0
765285466,8,299725,0,0,29.58,93380.07,37.34,277657.28,b0
765274459,1,299771,0,0,28.09,93384.97,40.48,225699.80,b0
765272923,2,299817,0,0,28.25,93404.11,40.49,224070.02,b0
765271642,3,299864,0,0,28.58,93364.15,39.42,332251.78,b0
765289819,4,299910,0,0,28.89,93382.62,38.74,228571.42,b0
765281116,5,299956,0,0,29.70,93411.59,36.87,243925.67,b0
765280092,6,300002,0,0,29.67,93406.42,36.64,217363.61,b0
765271896,7,300048,0,0,29.86,93403.63,37.51,211832.84,b0
765285466,8,300094,0,0,29.58,93378.80,37.33,276532.53,b0
765274459,1,300141,0,0,28.08,93383.34,40.49,225252.97,b0
765272923,2,300187,0,0,28.25,93403.38,40.49,224659.94,b0
765271642,3,300233,0,0,28.57,93362.46,39.43,331928.69,b0
765289819,4,300279,0,0,28.88,93380.98,38.75,228571.42,b0
765281116,5,300325,0,0,29.69,93410.84,36.89,244624.94,b0
765280092,6,300371,0,0,29.66,93406.70,36.61,218336.89,b0
765271896,7,300417,0,0,29.86,93401.71,37.51,211046.98,b0
765285466,8,300463,0,0,29.59,93378.39,37.34,275862.06,b0
765274459,1,300510,0,0,28.08,93384.07,40.49,224956.06,b0
765272923,2,300556,0,0,28.24,93401.18,40.50,224807.91,b0
765271642,3,300602,0,0,28.57,93362.63,39.43,332899.88,b0
765289819,4,300648,0,0,28.88,93379.72,38.75,228418.47,b0
765281116,5,300694,0,0,29.70,93410.68,36.90,243230.41,b0
765280092,6,300740,0,0,29.66,93406.55,36.65,215851.61,b0
765271896,7,300786,0,0,29.86,93403.27,37.52,210656.25,b0
765285466,8,300832,0,0,29.59,93378.92,37.34,276308.69,b0
765274459,1,300879,0,0,28.08,93382.43,40.52,224659.94,b0
765272923,2,300925,0,0,28.25,93402.83,40.50,224364.59,b0
765271642,3,300971,0,0,28.58,93363.23,39.43,331284.38,b0
765289819,4,301017,0,0,28.87,93380.93,38.76,228113.17,b0
765281116,5,301063,0,0,29.69,93410.84,36.88,244800.38,b0
765280092,6,301109,0,0,29.66,93404.42,36.64,216811.34,b0
765271896,7,301156,0,0,29.86,93401.31,37.49,211439.19,b0
765285466,8,301202,0,0,29.59,93378.21,37.35,275416.91,b0
765274459,1,301248,0,0,28.07,93384.45,40.50,225998.67,b0
765272923,2,301294,0,0,28.24,93401.18,40.52,224512.17,b0
765271642,3,301340,0,0,28.56,93362.57,39.44,334859.38,b0
765289819,4,301386,0,0,28.86,93379.99,38.76,228571.42,b0
765281116,5,301433,0,0,29.70,93412.15,36.90,244274.81,b0
765280092,6,301479,0,0,29.66,93406.91,36.64,217502.13,b0
765271896,7,301525,0,0,29.87,93402.98,37.49,210266.94,b0
765285466,8,301571,0,0,29.61,93378.55,37.33,276532.53,b0
765274459,1,301617,0,0,28.06,93382.48,40.50,224956.06,b0
765272923,2,301663,0,0,28.24,93403.54,40.51,223629.61,b0
765271642,3,301709,0,0,28.56,93362.88,39.45,331284.38,b0
765289819,4,301756,0,0,28.87,93380.91,38.77,227808.67,b0
765281116,5,301802,0,0,29.70,93410.31,36.89,243925.67,b0
765280092,6,301848,0,0,29.67,93407.91,36.66,217363.61,b0
765271896,7,301894,0,0,29.88,93402.70,37.49,211570.25,b0
765285466,8,301940,0,0,29.62,93378.47,37.35,277206.28,b0
765274459,1,301986,0,0,28.06,93381.93,40.53,225550.66,b0
765272923,2,302033,0,0,28.26,93403.77,40.52,223629.61,b0
765271642,3,302079,0,0,28.57,93363.16,39.44,332575.50,b0
765289819,4,302125,0,0,28.88,93380.65,38.77,229185.31,b0
765281116,5,302171,0,0,29.71,93412.40,36.90,245681.38,b0
765280092,6,302217,0,0,29.67,93407.04,36.66,216398.98,b0
765271896,7,302263,0,0,29.89,93404.94,37.50,210137.50,b0
765285466,8,302309,0,0,29.63,93378.76,37.35,274973.16,b0
765274459,1,302356,0,0,28.08,93382.80,40.54,224659.94,b0
765272923,2,302402,0,0,28.28,93404.53,40.54,224364.59,b0
765271642,3,302448,0,0,28.59,93364.73,39.45,330322.59,b0
765289819,4,302494,0,0,28.90,93381.48,38.78,228571.42,b0
765281116,5,302540,0,0,29.71,93409.94,36.89,243577.55,b0
765280092,6,302586,0,0,29.69,93406.66,36.66,216673.72,b0
765271896,7,302632,0,0,29.89,93402.44,37.48,210526.31,b0
765285466,8,302678,0,0,29.64,93379.44,37.34,276308.69,b0
765274459,1,302725,0,0,28.09,93384.59,40.55,225252.97,b0
765272923,2,302771,0,0,28.29,93405.47,40.53,224659.94,b0
765271642,3,302817,0,0,28.60,93363.52,39.48,331928.69,b0
765289819,4,302863,0,0,28.91,93380.45,38.77,228877.97,b0
765281116,5,302909,0,0,29.73,93410.80,36.90,242539.08,b0
765280092,6,302955,0,0,29.69,93408.49,36.65,216949.16,b0
765271896,7,303001,0,0,29.91,93403.62,37.49,209235.80,b0
765285466,8,303048,0,0,29.65,93379.87,37.37,275194.84,b0
765274459,1,303094,0,0,28.10,93385.31,40.54,224512.17,b0
765272923,2,303140,0,0,28.30,93405.13,40.53,223776.22,b0
765271642,3,303186,0,0,28.60,93361.93,39.47,331284.38,b0
765289819,4,303232,0,0,28.92,93381.23,38.79,227808.67,b0
765281116,5,303278,0,0,29.74,93411.05,36.90,245152.02,b0
765280092,6,303325,0,0,29.70,93408.59,36.67,216398.98,b0
765271896,7,303371,0,0,29.92,93404.06,37.48,209492.64,b0
765285466,8,303417,0,0,29.65,93379.91,37.35,275862.06,b0
765274459,1,303463,0,0,28.10,93384.59,40.56,224364.59,b0
765272923,2,303509,0,0,28.31,93406.97,40.53,223923.03,b0
765271642,3,303555,0,0,28.60,93364.61,39.49,331284.38,b0
765289819,4,303602,0,0,28.92,93382.13,38.79,227656.73,b0
765281116,5,303648,0,0,29.75,93412.80,36.89,243751.48,b0
765280092,6,303694,0,0,29.70,93408.44,36.65,216949.16,b0
765271896,7,303740,0,0,29.93,93405.35,37.49,209364.14,b0
765285466,8,303786,0,0,29.66,93382.20,37.35,274751.81,b0
765274459,1,303832,0,0,28.10,93382.95,40.57,225252.97,b0
765272923,2,303878,0,0,28.31,93407.70,40.57,223923.03,b0
765271642,3,303925,0,0,28.59,93364.88,39.46,330963.16,b0
765289819,4,303971,0,0,28.92,93382.84,38.80,227960.81,b0
765281116,5,304017,0,0,29.75,93413.35,36.90,243230.41,b0
765280092,6,304063,0,0,29.71,93410.05,36.66,215035.70,b0
765271896,7,304109,0,0,29.93,93405.77,37.48,210526.31,b0
765285466,8,304155,0,0,29.67,93381.16,37.32,273212.38,b0
765274459,1,304202,0,0,28.10,93385.49,40.56,224956.06,b0
765272923,2,304248,0,0,28.30,93406.78,40.54,224217.20,b0
765271642,3,304294,0,0,28.58,93364.50,39.49,331606.22,b0
765289819,4,304340,0,0,28.92,93384.07,38.78,226448.47,b0
765281116,5,304386,0,0,29.74,93412.88,36.90,243057.20,b0
765280092,6,304432,0,0,29.69,93408.66,36.67,216398.98,b0
765271896,7,304478,0,0,29.93,93404.80,37.47,208214.72,b0
765285466,8,304524,0,0,29.66,93377.85,37.35,274089.94,b0
765274459,1,304571,0,0,28.10,93385.88,40.58,225252.97,b0
765272923,2,304617,0,0,28.29,93405.45,40.56,223045.09,b0
765271642,3,304663,0,0,28.58,93365.52,39.50,332575.50,b0
765289819,4,304709,0,0,28.91,93384.02,38.78,227202.13,b0
765281116,5,304755,0,0,29.74,93413.58,36.90,243751.48,b0
765280092,6,304801,0,0,29.67,93409.51,36.65,216124.95,b0
765271896,7,304847,0,0,29.92,93404.77,37.48,210526.31,b0
765285466,8,304893,0,0,29.66,93381.27,37.35,273212.38,b0
765274459,1,304940,0,0,28.08,93384.62,40.57,225252.97,b0
765272923,2,304986,0,0,28.26,93406.67,40.56,223336.97,b0
765271642,3,305032,0,0,28.56,93364.90,39.45,330963.16,b0
765289819,4,305078,0,0,28.89,93384.95,38.79,228265.72,b0
765281116,5,305124,0,0,29.72,93413.60,36.90,243577.55,b0
765280092,6,305170,0,0,29.66,93409.42,36.66,216811.34,b0
765271896,7,305217,0,0,29.91,93403.80,37.46,210526.31,b0
765285466,8,305263,0,0,29.65,93380.98,37.34,274530.84,b0
765274459,1,305309,0,0,28.06,93385.94,40.59,225104.42,b0
765272923,2,305355,0,0,28.23,93403.52,40.55,225699.80,b0
765271642,3,305401,0,0,28.55,93366.97,39.47,331284.38,b0
765289819,4,305447,0,0,28.87,93383.61,38.78,228877.97,b0
765281116,5,305494,0,0,29.70,93414.32,36.90,242884.25,b0
765280092,6,305540,0,0,29.65,93410.02,36.67,217640.81,b0
765271896,7,305586,0,0,29.90,93405.34,37.46,210656.25,b0
765285466,8,305632,0,0,29.63,93378.67,37.33,273650.47,b0
765274459,1,305678,0,0,28.04,93384.52,40.59,223336.97,b0
765272923,2,305724,0,0,28.22,93404.75,40.57,223190.94,b0
765271642,3,305770,0,0,28.53,93363.20,39.49,331928.69,b0
765289819,4,305817,0,0,28.85,93381.70,38.78,227656.73,b0
765281116,5,305863,0,0,29.69,93414.41,36.88,243925.67,b0
765280092,6,305909,0,0,29.64,93407.35,36.67,218756.67,b0
765271896,7,305955,0,0,29.89,93404.55,37.45,211046.98,b0
765285466,8,306001,0,0,29.62,93378.53,37.31,276085.19,b0
765274459,1,306047,0,0,28.02,93383.63,40.59,226598.81,b0
765272923,2,306094,0,0,28.21,93405.64,40.55,223045.09,b0
765271642,3,306140,0,0,28.52,93365.50,39.49,331928.69,b0
765289819,4,306186,0,0,28.85,93382.97,38.77,228265.72,b0
765281116,5,306232,0,0,29.70,93413.20,36.86,244274.81,b0
765280092,6,306278,0,0,29.64,93408.29,36.66,216673.72,b0
765271896,7,306324,0,0,29.89,93404.39,37.44,210008.20,b0
765285466,8,306370,0,0,29.62,93380.80,37.29,274751.81,b0
765274459,1,306417,0,0,28.02,93384.00,40.58,225998.67,b0
765272923,2,306463,0,0,28.22,93406.55,40.58,223923.03,b0
765271642,3,306509,0,0,28.53,93365.75,39.49,331284.38,b0
765289819,4,306555,0,0,28.86,93382.81,38.79,228265.72,b0
765281116,5,306601,0,0,29.70,93413.63,36.87,243057.20,b0
765280092,6,306647,0,0,29.65,93408.41,36.66,216811.34,b0
765271896,7,306693,0,0,29.90,93403.35,37.44,210786.33,b0
765285466,8,306739,0,0,29.63,93381.12,37.30,275416.91,b0
765274459,1,306786,0,0,28.02,93385.48,40.59,224512.17,b0
765272923,2,306832,0,0,28.21,93404.73,40.57,223190.94,b0
765271642,3,306878,0,0,28.51,93363.65,39.52,333550.50,b0
765289819,4,306924,0,0,28.85,93382.25,38.78,228418.47,b0
765281116,5,306970,0,0,29.72,93413.58,36.87,243577.55,b0
765280092,6,307016,0,0,29.65,93408.78,36.67,218197.31,b0
765271896,7,307062,0,0,29.91,93406.51,37.43,208341.81,b0
765285466,8,307109,0,0,29.65,93380.58,37.31,275639.31,b0
765274459,1,307155,0,0,28.01,93383.30,40.61,225252.97,b0
765272923,2,307201,0,0,28.21,93404.73,40.57,224364.59,b0
765271642,3,307247,0,0,28.52,93366.02,39.53,332251.78,b0
765289819,4,307293,0,0,28.86,93383.17,38.79,228418.47,b0
765281116,5,307339,0,0,29.73,93412.26,36.89,244449.75,b0
765280092,6,307386,0,0,29.67,93408.91,36.67,216811.34,b0
765271896,7,307432,0,0,29.93,93405.91,37.45,210526.31,b0
765285466,8,307478,0,0,29.65,93382.23,37.30,275194.84,b0
765274459,1,307524,0,0,28.03,93385.27,40.62,225252.97,b0
765272923,2,307570,0,0,28.21,93405.83,40.59,224070.02,b0
765271642,3,307616,0,0,28.52,93365.16,39.53,331928.69,b0
765289819,4,307663,0,0,28.86,93383.92,38.80,227202.13,b0
765281116,5,307709,0,0,29.73,93413.73,36.88,243057.20,b0
765280092,6,307755,0,0,29.67,93409.33,36.69,216536.27,b0
765271896,7,307801,0,0,29.93,93406.10,37.43,211177.56,b0
765285466,8,307847,0,0,29.66,93379.63,37.31,273650.47,b0
765274459,1,307893,0,0,28.03,93385.82,40.60,224217.20,b0
765272923,2,307939,0,0,28.20,93405.25,40.59,224807.91,b0
765271642,3,307986,0,0,28.52,93365.32,39.51,331606.22,b0
765289819,4,308032,0,0,28.85,93382.43,38.81,228571.42,b0
765281116,5,308078,0,0,29.73,93413.52,36.87,243751.48,b0
765280092,6,308124,0,0,29.66,93408.87,36.66,218057.92,b0
765271896,7,308170,0,0,29.93,93404.16,37.43,208851.72,b0
765285466,8,308216,0,0,29.66,93380.53,37.30,275194.84,b0
765274459,1,308263,0,0,28.02,93385.46,40.61,225699.80,b0
765272923,2,308309,0,0,28.20,93406.31,40.59,223629.61,b0
765271642,3,308355,0,0,28.51,93364.73,39.53,331284.38,b0
765289819,4,308401,0,0,28.84,93384.48,38.80,228724.59,b0
765281116,5,308447,0,0,29.72,93413.24,36.88,244100.13,b0
765280092,6,308493,0,0,29.66,93408.33,36.67,217779.67,b0
765271896,7,308539,0,0,29.93,93404.33,37.43,211308.30,b0
765285466,8,308585,0,0,29.66,93382.16,37.30,274751.81,b0
765274459,1,308632,0,0,28.00,93384.59,40.63,224956.06,b0
765272923,2,308678,0,0,28.19,93405.02,40.61,224512.17,b0
765271642,3,308724,0,0,28.50,93363.41,39.54,333224.88,b0
765289819,4,308770,0,0,28.83,93385.00,38.84,228571.42,b0
765281116,5,308816,0,0,29.70,93414.34,36.88,244800.38,b0
765280092,6,308862,0,0,29.65,93409.66,36.67,218057.92,b0
765271896,7,308908,0,0,29.92,93405.98,37.42,210786.33,b0
765285466,8,308954,0,0,29.66,93381.60,37.32,274089.94,b0
765274459,1,309001,0,0,28.00,93384.97,40.63,225401.72,b0
765272923,2,309047,0,0,28.17,93405.16,40.61,224070.02,b0
765271642,3,309093,0,0,28.50,93366.63,39.53,332899.88,b0
765289819,4,309139,0,0,28.82,93384.01,38.81,227656.73,b0
765281116,5,309185,0,0,29.67,93412.99,36.85,244274.81,b0
765280092,6,309231,0,0,29.64,93408.98,36.67,217225.28,b0
765271896,7,309278,0,0,29.90,93404.65,37.40,209750.11,b0
765285466,8,309324,0,0,29.65,93380.94,37.27,276085.19,b0
765274459,1,309370,0,0,27.97,93384.09,40.64,224659.94,b0
765272923,2,309416,0,0,28.16,93404.22,40.61,224659.94,b0
765271642,3,309462,0,0,28.49,93365.65,39.55,332251.78,b0
765289819,4,309508,0,0,28.80,93383.73,38.81,227051.00,b0
765281116,5,309555,0,0,29.66,93412.91,36.85,243925.67,b0
765280092,6,309601,0,0,29.63,93408.38,36.68,217779.67,b0
765271896,7,309647,0,0,29.89,93404.76,37.42,210396.55,b0
765285466,8,309693,0,0,29.64,93382.65,37.29,276085.19,b0
765274459,1,309739,0,0,27.98,93384.45,40.66,225699.80,b0
765272923,2,309785,0,0,28.15,93405.48,40.63,224217.20,b0
765271642,3,309831,0,0,28.49,93364.41,39.54,333876.75,b0
765289819,4,309878,0,0,28.80,93383.53,38.82,229185.31,b0
765281116,5,309924,0,0,29.64,93415.78,36.85,243403.84,b0
765280092,6,309970,0,0,29.61,93406.91,36.67,217363.61,b0
765271896,7,310016,0,0,29.88,93406.06,37.39,210526.31,b0
765285466,8,310062,0,0,29.63,93381.79,37.27,274310.22,b0
765274459,1,310108,0,0,27.98,93384.81,40.69,225104.42,b0
765272923,2,310155,0,0,28.14,93404.55,40.62,224512.17,b0
765271642,3,310201,0,0,28.49,93365.66,39.55,332575.50,b0
765289819,4,310247,0,0,28.78,93382.18,38.82,229493.50,b0
765281116,5,310293,0,0,29.63,93415.63,36.88,244624.94,b0
765280092,6,310339,0,0,29.61,93406.66,36.68,217502.13,b0
765271896,7,310385,0,0,29.85,93404.84,37.39,210786.33,b0
765285466,8,310431,0,0,29.60,93382.77,37.26,276756.75,b0
765274459,1,310478,0,0,27.97,93384.46,40.67,226148.41,b0
765272923,2,310524,0,0,28.15,93405.28,40.63,224807.91,b0
765271642,3,310570,0,0,28.48,93365.37,39.55,332251.78,b0
765289819,4,310616,0,0,28.77,93383.36,38.83,229031.53,b0
765281116,5,310662,0,0,29.60,93415.43,36.84,244976.08,b0
765280092,6,310708,0,0,29.59,93407.75,36.66,218756.67,b0
765271896,7,310754,0,0,29.82,93403.92,37.40,210396.55,b0
765285466,8,310800,0,0,29.58,93381.83,37.26,274973.16,b0
765274459,1,310847,0,0,27.96,93386.85,40.67,225252.97,b0
765272923,2,310893,0,0,28.12,93405.22,40.63,224807.91,b0
765271642,3,310939,0,0,28.45,93365.02,39.56,333550.50,b0
765289819,4,310985,0,0,28.75,93382.74,38.82,229339.31,b0
765281116,5,311031,0,0,29.58,93415.95,36.87,246746.98,b0
765280092,6,311077,0,0,29.57,93406.74,36.68,218756.67,b0
765271896,7,311123,0,0,29.81,93405.25,37.40,211177.56,b0
765285466,8,311170,0,0,29.56,93383.39,37.27,275639.31,b0
765274459,1,311216,0,0,27.93,93382.73,40.69,226749.33,b0
765272923,2,311262,0,0,28.11,93405.54,40.64,224659.94,b0
765271642,3,311308,0,0,28.43,93365.97,39.55,331606.22,b0
765289819,4,311354,0,0,28.74,93382.87,38.84,229031.53,b0
765281116,5,311400,0,0,29.56,93415.59,36.88,246213.03,b0
765280092,6,311447,0,0,29.55,93406.40,36.67,218057.92,b0
765271896,7,311493,0,0,29.80,93405.38,37.39,211177.56,b0
765285466,8,311539,0,0,29.54,93382.15,37.25,277431.59,b0
765274459,1,311585,0,0,27.93,93385.28,40.69,225849.14,b0
765272923,2,311631,0,0,28.08,93402.93,40.65,225401.72,b0
765271642,3,311677,0,0,28.42,93364.26,39.57,332251.78,b0
765289819,4,311724,0,0,28.73,93382.25,38.85,229647.91,b0
765281116,5,311770,0,0,29.56,93415.70,36.89,246035.56,b0
765280092,6,311816,0,0,29.53,93408.86,36.68,218336.89,b0
765271896,7,311862,0,0,29.79,93403.34,37.40,211701.47,b0
765285466,8,311908,0,0,29.53,93381.48,37.26,278109.72,b0
765274459,1,311954,0,0,27.90,93383.70,40.67,224956.06,b0
765272923,2,312000,0,0,28.06,93404.33,40.66,224512.17,b0
765271642,3,312047,0,0,28.40,93363.97,39.58,334531.19,b0
765289819,4,312093,0,0,28.70,93382.44,38.84,229493.50,b0
765281116,5,312139,0,0,29.56,93416.23,36.88,245152.02,b0
765280092,6,312185,0,0,29.52,93406.24,36.68,219178.08,b0
765271896,7,312231,0,0,29.79,93402.80,37.39,211177.56,b0
765285466,8,312277,0,0,29.52,93379.10,37.27,277206.28,b0
765274459,1,312324,0,0,27.89,93385.17,40.70,225699.80,b0
765272923,2,312370,0,0,28.05,93404.84,40.68,224659.94,b0
765271642,3,312416,0,0,28.39,93364.22,39.58,333550.50,b0
765289819,4,312462,0,0,28.69,93382.73,38.86,229647.91,b0
765281116,5,312508,0,0,29.56,93413.92,36.90,245152.02,b0
765280092,6,312554,0,0,29.53,93407.46,36.68,218476.64,b0
765271896,7,312600,0,0,29.80,93403.06,37.41,211570.25,b0
765285466,8,312646,0,0,29.53,93380.08,37.27,278336.50,b0
765274459,1,312693,0,0,27.88,93382.27,40.70,225104.42,b0
765272923,2,312739,0,0,28.05,93404.30,40.70,225104.42,b0
765271642,3,312785,0,0,28.38,93363.82,39.59,333876.75,b0
765289819,4,312831,0,0,28.68,93381.81,38.87,229647.91,b0
765281116,5,312877,0,0,29.57,93413.08,36.91,245858.34,b0
765280092,6,312923,0,0,29.54,93406.47,36.71,219037.44,b0
765271896,7,312969,0,0,29.81,93403.64,37.41,210656.25,b0
765285466,8,313015,0,0,29.53,93379.14,37.28,278109.72,b0
765274459,1,313062,0,0,27.88,93381.91,40.72,226900.06,b0
765272923,2,313108,0,0,28.03,93402.24,40.68,224956.06,b0
765271642,3,313154,0,0,28.37,93364.13,39.59,333224.88,b0
765289819,4,313200,0,0,28.68,93383.96,38.88,229802.52,b0
765281116,5,313246,0,0,29.57,93413.08,36.93,246746.98,b0
765280092,6,313292,0,0,29.54,93407.90,36.71,218616.56,b0
765271896,7,313339,0,0,29.81,93402.40,37.42,211701.47,b0
765285466,8,313385,0,0,29.53,93381.28,37.29,277206.28,b0
765274459,1,313431,0,0,27.87,93381.74,40.74,225699.80,b0
765272923,2,313477,0,0,28.02,93403.13,40.69,225998.67,b0
765271642,3,313523,0,0,28.36,93363.87,39.60,335188.22,b0
765289819,4,313569,0,0,28.66,93381.85,38.89,230423.05,b0
765281116,5,313616,0,0,29.56,93412.70,36.93,245152.02,b0
765280092,6,313662,0,0,29.53,93407.27,36.72,219601.11,b0
765271896,7,313708,0,0,29.80,93405.05,37.42,211177.56,b0
765285466,8,313754,0,0,29.52,93380.33,37.30,279475.97,b0
765274459,1,313800,0,0,27.86,93384.49,40.75,225849.14,b0
765272923,2,313846,0,0,28.00,93402.70,40.71,225998.67,b0
765271642,3,313892,0,0,28.35,93362.72,39.62,335847.81,b0
765289819,4,313939,0,0,28.66,93381.47,38.90,230267.59,b0
765281116,5,313985,0,0,29.55,93414.78,36.92,245504.67,b0
765280092,6,314031,0,0,29.52,93408.01,36.71,218197.31,b0
765271896,7,314077,0,0,29.79,93403.52,37.42,211701.47,b0
765285466,8,314123,0,0,29.51,93381.06,37.30,279475.97,b0
765274459,1,314169,0,0,27.85,93382.52,40.75,226298.34,b0
765272923,2,314216,0,0,27.99,93403.41,40.73,225699.80,b0
765271642,3,314262,0,0,28.34,93360.10,39.63,333876.75,b0
765289819,4,314308,0,0,28.64,93381.89,38.90,229802.52,b0
765281116,5,314354,0,0,29.53,93414.23,36.94,244624.94,b0
765280092,6,314400,0,0,29.50,93405.70,36.73,218057.92,b0
765271896,7,314446,0,0,29.77,93403.02,37.42,212227.98,b0
765285466,8,314492,0,0,29.47,93380.46,37.31,278109.72,b0
765274459,1,314539,0,0,27.84,93383.27,40.77,226298.34,b0
765272923,2,314585,0,0,27.97,93401.91,40.75,225401.72,b0
765271642,3,314631,0,0,28.33,93360.77,39.64,335188.22,b0
765289819,4,314677,0,0,28.61,93381.03,38.92,229339.31,b0
765281116,5,314723,0,0,29.52,93414.15,36.96,246035.56,b0
765280092,6,314769,0,0,29.48,93405.26,36.74,217918.70,b0
765271896,7,314815,0,0,29.75,93403.09,37.43,213288.89,b0
765285466,8,314861,0,0,29.46,93378.75,37.29,278563.66,b0
765274459,1,314908,0,0,27.82,93383.66,40.79,226749.33,b0
765272923,2,314954,0,0,27.97,93404.07,40.76,224512.17,b0
765271642,3,315000,0,0,28.33,93362.04,39.66,333224.88,b0
765289819,4,315046,0,0,28.62,93382.34,38.94,229185.31,b0
765281116,5,315092,0,0,29.53,93415.79,36.94,247283.27,b0
765280092,6,315138,0,0,29.48,93408.46,36.72,219318.91,b0
765271896,7,315184,0,0,29.75,93402.52,37.45,211439.19,b0
765285466,8,315231,0,0,29.46,93379.16,37.32,279934.38,b0
765274459,1,315277,0,0,27.81,93382.76,40.82,227656.73,b0
765272923,2,315323,0,0,27.96,93404.23,40.78,225998.67,b0
765271642,3,315369,0,0,28.35,93363.05,39.67,334859.38,b0
765289819,4,315415,0,0,28.62,93379.85,38.96,230267.59,b0
765281116,5,315461,0,0,29.54,93414.43,36.96,246568.75,b0
765280092,6,315508,0,0,29.48,93407.81,36.75,220025.78,b0
765271896,7,315554,0,0,29.76,93402.95,37.44,212227.98,b0
765285466,8,315600,0,0,29.48,93380.61,37.31,279934.38,b0
765274459,1,315646,0,0,27.82,93382.94,40.82,226598.81,b0
765272923,2,315692,0,0,27.98,93402.46,40.80,225699.80,b0
765271642,3,315738,0,0,28.34,93363.18,39.68,336178.59,b0
765289819,4,315785,0,0,28.63,93382.93,38.97,230267.59,b0
765281116,5,315831,0,0,29.54,93415.56,36.98,246390.77,b0
765280092,6,315877,0,0,29.48,93407.58,36.78,220025.78,b0
765271896,7,315923,0,0,29.76,93403.14,37.45,212624.58,b0
765285466,8,315969,0,0,29.47,93379.47,37.33,279475.97,b0
765274459,1,316015,0,0,27.81,93383.67,40.82,227051.00,b0
765272923,2,316061,0,0,27.97,93405.16,40.81,226900.06,b0
765271642,3,316108,0,0,28.33,93363.10,39.70,335517.69,b0
765289819,4,316154,0,0,28.62,93380.20,38.99,229031.53,b0
765281116,5,316200,0,0,29.54,93414.13,36.99,246925.48,b0
765280092,6,316246,0,0,29.47,93405.71,36.77,219318.91,b0
765271896,7,316292,0,0,29.76,93403.32,37.45,211964.39,b0
765285466,8,316338,0,0,29.46,93376.98,37.35,278336.50,b0
765274459,1,316385,0,0,27.80,93383.51,40.84,225550.66,b0
765272923,2,316431,0,0,27.96,93404.05,40.83,225699.80,b0
765271642,3,316477,0,0,28.33,93363.06,39.74,334859.38,b0
765289819,4,316523,0,0,28.62,93379.48,38.99,229647.91,b0
765281116,5,316569,0,0,29.53,93412.17,37.00,245858.34,b0
765280092,6,316615,0,0,29.48,93405.50,36.80,219037.44,b0
765271896,7,316661,0,0,29.76,93403.32,37.47,212360.02,b0
765285466,8,316707,0,0,29.47,93379.03,37.36,278563.66,b0
765274459,1,316754,0,0,27.80,93382.77,40.86,227353.47,b0
765272923,2,316800,0,0,27.96,93403.87,40.85,225998.67,b0
765271642,3,316846,0,0,28.32,93363.03,39.72,335847.81,b0
765289819,4,316892,0,0,28.62,93381.77,39.01,229802.52,b0
765281116,5,316938,0,0,29.53,93414.38,37.01,246746.98,b0
765280092,6,316984,0,0,29.48,93406.20,36.80,218896.97,b0
765271896,7,317030,0,0,29.77,93402.50,37.49,213022.67,b0
765285466,8,317076,0,0,29.47,93379.92,37.36,279019.06,b0
765274459,1,317123,0,0,27.80,93382.23,40.87,226448.47,b0
765272923,2,317169,0,0,27.95,93402.93,40.87,226298.34,b0
765271642,3,317215,0,0,28.31,93362.06,39.73,335517.69,b0
765289819,4,317261,0,0,28.61,93381.03,39.01,231203.44,b0
765281116,5,317307,0,0,29.53,93412.38,37.01,246213.03,b0
765280092,6,317353,0,0,29.48,93405.82,36.82,218476.64,b0
765271896,7,317400,0,0,29.76,93402.28,37.48,212360.02,b0
765285466,8,317446,0,0,29.47,93380.90,37.38,279934.38,b0
765274459,1,317492,0,0,27.80,93382.06,40.87,225699.80,b0
765272923,2,317538,0,0,27.95,93404.05,40.89,226148.41,b0
765271642,3,317584,0,0,28.31,93364.53,39.74,336178.59,b0
765289819,4,317630,0,0,28.61,93381.37,39.03,230578.70,b0
765281116,5,317677,0,0,29.53,93415.31,37.02,246213.03,b0
765280092,6,317723,0,0,29.49,93406.41,36.81,219037.44,b0
765271896,7,317769,0,0,29.77,93403.38,37.48,212096.11,b0
765285466,8,317815,0,0,29.48,93381.14,37.38,279475.97,b0
765274459,1,317861,0,0,27.79,93383.33,40.89,226749.33,b0
765272923,2,317907,0,0,27.96,93404.95,40.89,226749.33,b0
765271642,3,317953,0,0,28.30,93362.01,39.75,334531.19,b0
765289819,4,318000,0,0,28.62,93381.45,39.04,229647.91,b0
765281116,5,318046,0,0,29.54,93414.81,37.01,246213.03,b0
765280092,6,318092,0,0,29.49,93406.11,36.83,219884.05,b0
765271896,7,318138,0,0,29.77,93404.84,37.49,212360.02,b0
765285466,8,318184,0,0,29.48,93380.63,37.40,279705.00,b0
765274459,1,318230,0,0,27.81,93384.41,40.92,226148.41,b0
765272923,2,318277,0,0,27.97,93403.35,40.89,224217.20,b0
765271642,3,318323,0,0,28.32,93361.80,39.77,332899.88,b0
765289819,4,318369,0,0,28.63,93380.23,39.06,228877.97,b0
765281116,5,318415,0,0,29.55,93414.95,37.05,246568.75,b0
765280092,6,318461,0,0,29.51,93407.03,36.83,219742.48,b0
765271896,7,318507,0,0,29.79,93405.30,37.50,213022.67,b0
765285466,8,318553,0,0,29.49,93378.95,37.40,279475.97,b0
765274459,1,318600,0,0,27.81,93383.85,40.92,226298.34,b0
765272923,2,318646,0,0,27.98,93406.12,40.94,225401.72,b0
765271642,3,318692,0,0,28.33,93363.45,39.78,335517.69,b0
765289819,4,318738,0,0,28.64,93380.14,39.06,230267.59,b0
765281116,5,318784,0,0,29.56,93413.95,37.04,246390.77,b0
765280092,6,318830,0,0,29.52,93406.77,36.83,218616.56,b0
765271896,7,318876,0,0,29.79,93403.00,37.51,211701.47,b0
765285466,8,318922,0,0,29.51,93380.91,37.42,279934.38,b0
765274459,1,318969,0,0,27.81,93384.03,40.94,225699.80,b0
765272923,2,319015,0,0,27.99,93403.04,40.94,224956.06,b0
765271642,3,319061,0,0,28.33,93362.73,39.78,332575.50,b0
765289819,4,319107,0,0,28.65,93381.27,39.09,230734.56,b0
765281116,5,319153,0,0,29.58,93414.47,37.06,247642.08,b0
765280092,6,319199,0,0,29.53,93405.98,36.85,217640.81,b0
765271896,7,319245,0,0,29.80,93402.34,37.51,211701.47,b0
765285466,8,319292,0,0,29.51,93379.53,37.41,279247.34,b0
765274459,1,319338,0,0,27.81,93384.03,40.97,226148.41,b0
765272923,2,319384,0,0,28.00,93404.53,40.94,226298.34,b0
765271642,3,319430,0,0,28.32,93364.12,39.79,334531.19,b0
765289819,4,319476,0,0,28.64,93381.37,39.07,230578.70,b0
765281116,5,319522,0,0,29.60,93415.35,37.06,245504.67,b0
765280092,6,319569,0,0,29.54,93408.01,36.86,219318.91,b0
765271896,7,319615,0,0,29.81,93402.96,37.52,211570.25,b0
765285466,8,319661,0,0,29.53,93381.10,37.42,278109.72,b0
765274459,1,319707,0,0,27.81,93384.40,40.97,225252.97,b0
765272923,2,319753,0,0,27.99,93404.68,40.95,225252.97,b0
765271642,3,319799,0,0,28.31,93364.57,39.80,335847.81,b0
765289819,4,319845,0,0,28.64,93382.29,39.11,229339.31,b0
765281116,5,319892,0,0,29.59,93414.77,37.06,245858.34,b0
765280092,6,319938,0,0,29.53,93405.14,36.86,220452.09,b0
765271896,7,319984,0,0,29.82,93402.30,37.51,212757.11,b0
765285466,8,320030,0,0,29.53,93381.52,37.43,276308.69,b0
765274459,1,320076,0,0,27.80,93382.77,40.95,226298.34,b0
765272923,2,320122,0,0,27.98,93405.94,40.97,226448.47,b0
765271642,3,320169,0,0,28.31,93363.66,39.81,333876.75,b0
765289819,4,320215,0,0,28.64,93381.02,39.11,229185.31,b0
765281116,5,320261,0,0,29.59,93413.86,37.04,246925.48,b0
765280092,6,320307,0,0,29.54,93405.88,36.85,218476.64,b0
765271896,7,320353,0,0,29.82,93404.45,37.52,211570.25,b0
765285466,8,320399,0,0,29.53,93382.59,37.43,276532.53,b0
765274459,1,320446,0,0,27.79,93382.62,40.97,225849.14,b0
765272923,2,320492,0,0,27.98,93405.02,40.98,225699.80,b0
765271642,3,320538,0,0,28.30,93364.28,39.82,334203.66,b0
765289819,4,320584,0,0,28.63,93381.31,39.12,230890.64,b0
765281116,5,320630,0,0,29.60,93414.70,37.05,246568.75,b0
765280092,6,320676,0,0,29.54,93406.43,36.88,218057.92,b0
765271896,7,320722,0,0,29.82,93401.22,37.51,211964.39,b0
765285466,8,320768,0,0,29.53,93378.80,37.43,277657.28,b0
765274459,1,320815,0,0,27.80,93383.87,40.98,226448.47,b0
765272923,2,320861,0,0,27.98,93405.02,40.98,225998.67,b0
765271642,3,320907,0,0,28.31,93363.12,39.84,333876.75,b0
765289819,4,320953,0,0,28.63,93380.78,39.11,230734.56,b0
765281116,5,320999,0,0,29.61,93413.67,37.07,244800.38,b0
765280092,6,321045,0,0,29.55,93406.00,36.86,218756.67,b0
765271896,7,321091,0,0,29.83,93403.09,37.51,212360.02,b0
765285466,8,321137,0,0,29.55,93381.30,37.44,277431.59,b0
765274459,1,321184,0,0,27.80,93383.14,41.00,225252.97,b0
765272923,2,321230,0,0,27.99,93404.67,41.00,225104.42,b0
765271642,3,321276,0,0,28.31,93362.02,39.84,334203.66,b0
765289819,4,321322,0,0,28.63,93382.03,39.11,229031.53,b0
765281116,5,321368,0,0,29.61,93414.43,37.06,245152.02,b0
765280092,6,321414,0,0,29.56,93407.71,36.87,217640.81,b0
765271896,7,321461,0,0,29.84,93405.14,37.53,211177.56,b0
765285466,8,321507,0,0,29.55,93380.30,37.42,277657.28,b0
765274459,1,321553,0,0,27.80,93383.50,41.01,225252.97,b0
765272923,2,321599,0,0,27.99,93404.87,41.00,225401.72,b0
765271642,3,321645,0,0,28.32,93362.27,39.86,333876.75,b0
765289819,4,321691,0,0,28.65,93383.03,39.13,230267.59,b0
765281116,5,321737,0,0,29.62,93413.62,37.07,245858.34,b0
765280092,6,321784,0,0,29.57,93408.34,36.87,217779.67,b0
765271896,7,321830,0,0,29.85,93402.52,37.51,211177.56,b0
765285466,8,321876,0,0,29.56,93378.22,37.43,276308.69,b0
765274459,1,321922,0,0,27.81,93382.77,41.04,225699.80,b0
765272923,2,321968,0,0,28.00,93405.44,41.01,225550.66,b0
765271642,3,322014,0,0,28.33,93363.09,39.86,333550.50,b0
765289819,4,322061,0,0,28.66,93380.05,39.14,228877.97,b0
765281116,5,322107,0,0,29.64,93413.19,37.08,244624.94,b0
765280092,6,322153,0,0,29.57,93405.88,36.88,217779.67,b0
765271896,7,322199,0,0,29.86,93404.52,37.52,210916.58,b0
765285466,8,322245,0,0,29.57,93381.60,37.41,274310.22,b0
765274459,1,322291,0,0,27.82,93385.12,41.02,225550.66,b0
765272923,2,322337,0,0,28.01,93404.73,41.03,225998.67,b0
765271642,3,322384,0,0,28.34,93363.71,39.86,334531.19,b0
765289819,4,322430,0,0,28.67,93382.25,39.14,229339.31,b0
765281116,5,322476,0,0,29.64,93413.57,37.07,244800.38,b0
765280092,6,322522,0,0,29.57,93407.00,36.88,217918.70,b0
765271896,7,322568,0,0,29.86,93404.04,37.52,211439.19,b0
765285466,8,322614,0,0,29.58,93381.65,37.43,276532.53,b0
765274459,1,322661,0,0,27.81,93384.77,41.03,225699.80,b0
765272923,2,322707,0,0,28.00,93405.61,41.02,225401.72,b0
765271642,3,322753,0,0,28.33,93362.52,39.88,334531.19,b0
765289819,4,322799,0,0,28.65,93381.62,39.17,230267.59,b0
765281116,5,322845,0,0,29.63,93411.15,37.07,245504.67,b0
765280092,6,322891,0,0,29.57,93407.27,36.87,218197.31,b0
765271896,7,322937,0,0,29.86,93403.81,37.50,210526.31,b0
765285466,8,322983,0,0,29.58,93380.39,37.43,274089.94,b0
765274459,1,323030,0,0,27.80,93382.23,41.04,225550.66,b0
765272923,2,323076,0,0,27.99,93404.31,41.01,224512.17,b0
765271642,3,323122,0,0,28.32,93361.96,39.88,334203.66,b0
765289819,4,323168,0,0,28.63,93381.70,39.16,228877.97,b0
765281116,5,323214,0,0,29.62,93414.51,37.06,245152.02,b0
765280092,6,323260,0,0,29.55,93406.41,36.88,217225.28,b0
765271896,7,323306,0,0,29.85,93405.02,37.49,210656.25,b0
765285466,8,323352,0,0,29.57,93378.72,37.42,274973.16,b0
765274459,1,323399,0,0,27.79,93382.79,41.04,225699.80,b0
765272923,2,323445,0,0,27.98,93405.94,41.03,224956.06,b0
765271642,3,323491,0,0,28.31,93362.76,39.87,333550.50,b0
765289819,4,323537,0,0,28.62,93380.55,39.14,228877.97,b0
765281116,5,323583,0,0,29.62,93413.37,37.07,246568.75,b0
765280092,6,323629,0,0,29.55,93405.28,36.86,216673.72,b0
765271896,7,323676,0,0,29.85,93403.20,37.50,210526.31,b0
765285466,8,323722,0,0,29.58,93379.66,37.41,274751.81,b0
765274459,1,323768,0,0,27.79,93383.52,41.04,226148.41,b0
765272923,2,323814,0,0,27.96,93403.89,41.04,225998.67,b0
765271642,3,323860,0,0,28.31,93363.68,39.88,333550.50,b0
765289819,4,323906,0,0,28.61,93381.03,39.17,229185.31,b0
765281116,5,323953,0,0,29.61,93412.93,37.05,245152.02,b0
765280092,6,323999,0,0,29.55,93405.32,36.87,216673.72,b0
765271896,7,324045,0,0,29.84,93403.51,37.50,211308.30,b0
765285466,8,324091,0,0,29.56,93379.17,37.42,275639.31,b0
765274459,1,324137,0,0,27.80,93384.59,41.07,224364.59,b0
765272923,2,324183,0,0,27.95,93405.67,41.05,224512.17,b0
765271642,3,324229,0,0,28.31,93362.77,39.90,333550.50,b0
765289819,4,324276,0,0,28.61,93380.84,39.18,229185.31,b0
765281116,5,324322,0,0,29.62,93415.41,37.04,244274.81,b0
765280092,6,324368,0,0,29.54,93405.58,36.87,218616.56,b0
765271896,7,324414,0,0,29.84,93403.53,37.50,210916.58,b0
765285466,8,324460,0,0,29.57,93380.64,37.42,276756.75,b0
765274459,1,324506,0,0,27.80,93383.87,41.07,225550.66,b0
765272923,2,324553,0,0,27.96,93403.70,41.04,225401.72,b0
765271642,3,324599,0,0,28.31,93362.24,39.90,333876.75,b0
765289819,4,324645,0,0,28.62,93381.95,39.16,229647.91,b0
765281116,5,324691,0,0,29.62,93413.05,37.05,245152.02,b0
765280092,6,324737,0,0,29.54,93406.26,36.89,218057.92,b0
765271896,7,324783,0,0,29.85,93404.47,37.50,211439.19,b0
765285466,8,324829,0,0,29.57,93381.76,37.41,276756.75,b0
765274459,1,324876,0,0,27.80,93383.32,41.07,225699.80,b0
765272923,2,324922,0,0,27.96,93406.98,41.05,225849.14,b0
765271642,3,324968,0,0,28.32,93364.29,39.90,334203.66,b0
765289819,4,325014,0,0,28.61,93381.05,39.19,228877.97,b0
765281116,5,325060,0,0,29.62,93414.34,37.04,245328.22,b0
765280092,6,325106,0,0,29.53,93406.19,36.86,217363.61,b0
765271896,7,325152,0,0,29.84,93403.90,37.50,210656.25,b0
765285466,8,325198,0,0,29.57,93379.59,37.42,276308.69,b0
765274459,1,325245,0,0,27.81,93382.76,41.07,225550.66,b0
765272923,2,325291,0,0,27.96,93404.77,41.06,225699.80,b0
765271642,3,325337,0,0,28.33,93363.59,39.91,332251.78,b0
765289819,4,325383,0,0,28.62,93381.06,39.19,229647.91,b0
765281116,5,325429,0,0,29.62,93412.83,37.03,245681.38,b0
765280092,6,325475,0,0,29.53,93405.48,36.87,218476.64,b0
765271896,7,325521,0,0,29.85,93404.98,37.48,210786.33,b0
765285466,8,325568,0,0,29.58,93379.66,37.42,275416.91,b0
765274459,1,325614,0,0,27.82,93383.47,41.09,224070.02,b0
765272923,2,325660,0,0,27.97,93406.98,41.07,224659.94,b0
765271642,3,325706,0,0,28.33,93361.48,39.91,332899.88,b0
765289819,4,325752,0,0,28.63,93382.40,39.17,229957.33,b0
765281116,5,325798,0,0,29.62,93413.59,37.04,244274.81,b0
765280092,6,325845,0,0,29.54,93406.85,36.87,217363.61,b0
765271896,7,325891,0,0,29.85,93406.26,37.49,210008.20,b0
765285466,8,325937,0,0,29.58,93380.09,37.41,276085.19,b0
765274459,1,325983,0,0,27.82,93384.55,41.09,224512.17,b0
765272923,2,326029,0,0,27.97,93404.27,41.07,224659.94,b0
765271642,3,326075,0,0,28.34,93363.53,39.92,331606.22,b0
765289819,4,326122,0,0,28.65,93381.41,39.21,228418.47,b0
765281116,5,326168,0,0,29.62,93412.84,37.04,243925.67,b0
765280092,6,326214,0,0,29.54,93406.85,36.87,217087.13,b0
765271896,7,326260,0,0,29.85,93405.88,37.49,210266.94,b0
765285466,8,326306,0,0,29.58,93382.06,37.41,275194.84,b0
765274459,1,326352,0,0,27.83,93382.36,41.09,224659.94,b0
765272923,2,326398,0,0,27.98,93404.30,41.07,224807.91,b0
765271642,3,326445,0,0,28.34,93362.81,39.93,333876.75,b0
765289819,4,326491,0,0,28.65,93379.84,39.20,229339.31,b0
765281116,5,326537,0,0,29.62,93413.19,37.04,244449.75,b0
765280092,6,326583,0,0,29.55,93406.71,36.88,216811.34,b0
765271896,7,326629,0,0,29.86,93405.76,37.49,210786.33,b0
765285466,8,326675,0,0,29.58,93380.76,37.41,273650.47,b0
765274459,1,326722,0,0,27.84,93382.71,41.11,225252.97,b0
765272923,2,326768,0,0,27.99,93405.95,41.09,224807.91,b0
765271642,3,326814,0,0,28.35,93362.49,39.94,332251.78,b0
765289819,4,326860,0,0,28.65,93382.17,39.20,228418.47,b0
765281116,5,326906,0,0,29.62,93411.75,37.04,244449.75,b0
765280092,6,326952,0,0,29.55,93407.27,36.87,216536.27,b0
765271896,7,326998,0,0,29.85,93403.59,37.49,210137.50,b0
765285466,8,327044,0,0,29.58,93379.31,37.39,275862.06,b0
765274459,1,327091,0,0,27.83,93382.72,41.10,224217.20,b0
765272923,2,327137,0,0,27.98,93404.82,41.10,224217.20,b0
765271642,3,327183,0,0,28.34,93361.56,39.92,332899.88,b0
765289819,4,327229,0,0,28.64,93380.86,39.21,229493.50,b0
765281116,5,327275,0,0,29.62,93413.23,37.04,243751.48,b0
765280092,6,327321,0,0,29.55,93405.28,36.88,216949.16,b0
765271896,7,327367,0,0,29.85,93405.20,37.49,210137.50,b0
765285466,8,327413,0,0,29.58,93381.09,37.39,273212.38,b0
765274459,1,327460,0,0,27.82,93385.48,41.11,224956.06,b0
765272923,2,327506,0,0,27.96,93404.62,41.08,224512.17,b0
765271642,3,327552,0,0,28.33,93362.02,39.93,332575.50,b0
765289819,4,327598,0,0,28.63,93380.97,39.21,229339.31,b0
765281116,5,327644,0,0,29.63,93413.45,37.04,244449.75,b0
765280092,6,327690,0,0,29.55,93407.27,36.86,217087.13,b0
765271896,7,327737,0,0,29.86,93404.88,37.46,210137.50,b0
765285466,8,327783,0,0,29.58,93380.09,37.40,274310.22,b0
765274459,1,327829,0,0,27.81,93382.95,41.10,225699.80,b0
765272923,2,327875,0,0,27.97,93404.80,41.10,224659.94,b0
765271642,3,327921,0,0,28.32,93362.13,39.92,333550.50,b0
765289819,4,327967,0,0,28.63,93381.84,39.23,227808.67,b0
765281116,5,328014,0,0,29.62,93413.62,37.02,243925.67,b0
765280092,6,328060,0,0,29.55,93406.95,36.87,217225.28,b0
765271896,7,328106,0,0,29.88,93407.34,37.49,209750.11,b0
765285466,8,328152,0,0,29.59,93382.52,37.40,272993.88,b0
765274459,1,328198,0,0,27.81,93384.03,41.11,225104.42,b0
765272923,2,328244,0,0,27.98,93404.10,41.10,223190.94,b0
765271642,3,328290,0,0,28.33,93363.59,39.93,330963.16,b0
765289819,4,328337,0,0,28.63,93380.08,39.21,229647.91,b0
765281116,5,328383,0,0,29.63,93413.67,37.03,245152.02,b0
765280092,6,328429,0,0,29.56,93407.21,36.88,216124.95,b0
765271896,7,328475,0,0,29.88,93405.73,37.48,209750.11,b0
765285466,8,328521,0,0,29.61,93382.18,37.39,273870.03,b0
765274459,1,328567,0,0,27.81,93385.49,41.09,225104.42,b0
765272923,2,328614,0,0,27.98,93403.95,41.12,224070.02,b0
765271642,3,328660,0,0,28.33,93361.80,39.93,333224.88,b0
765289819,4,328706,0,0,28.65,93380.74,39.21,229185.31,b0
765281116,5,328752,0,0,29.64,93414.45,37.04,244976.08,b0
765280092,6,328798,0,0,29.57,93406.59,36.87,216536.27,b0
765271896,7,328844,0,0,29.89,93405.83,37.48,209879.08,b0
765285466,8,328890,0,0,29.61,93380.75,37.39,274310.22,b0
765274459,1,328937,0,0,27.81,93384.04,41.12,225550.66,b0
765272923,2,328983,0,0,27.99,93405.96,41.11,224217.20,b0
765271642,3,329029,0,0,28.33,93362.70,39.94,333224.88,b0
765289819,4,329075,0,0,28.66,93381.85,39.23,228724.59,b0
765281116,5,329121,0,0,29.64,93413.59,37.05,243403.84,b0
765280092,6,329167,0,0,29.58,93406.32,36.88,217918.70,b0
765271896,7,329213,0,0,29.89,93403.88,37.48,209492.64,b0
765285466,8,329259,0,0,29.62,93379.01,37.40,273870.03,b0
765274459,1,329306,0,0,27.80,93383.51,41.12,223923.03,b0
765272923,2,329352,0,0,27.98,93404.84,41.11,224070.02,b0
765271642,3,329398,0,0,28.32,93363.34,39.93,332575.50,b0
765289819,4,329444,0,0,28.66,93382.00,39.23,228877.97,b0
765281116,5,329490,0,0,29.65,93413.17,37.04,244274.81,b0
765280092,6,329536,0,0,29.58,93405.63,36.89,216811.34,b0
765271896,7,329582,0,0,29.91,93405.95,37.49,208851.72,b0
765285466,8,329629,0,0,29.63,93380.03,37.38,272340.44,b0
765274459,1,329675,0,0,27.79,93383.89,41.12,224807.91,b0
765272923,2,329721,0,0,27.98,93405.75,41.12,225104.42,b0
765271642,3,329767,0,0,28.31,93362.92,39.94,332251.78,b0
765289819,4,329813,0,0,28.65,93381.77,39.22,228877.97,b0
765281116,5,329859,0,0,29.67,93412.93,37.04,243751.48,b0
765280092,6,329906,0,0,29.59,93406.59,36.88,217640.81,b0
765271896,7,329952,0,0,29.91,93405.40,37.50,210008.20,b0
765285466,8,329998,0,0,29.62,93380.70,37.39,272993.88,b0
765274459,1,330044,0,0,27.79,93383.89,41.12,225998.67,b0
765272923,2,330090,0,0,27.98,93405.02,41.11,224364.59,b0
765271642,3,330136,0,0,28.31,93363.28,39.95,332575.50,b0
765289819,4,330182,0,0,28.65,93382.16,39.24,228418.47,b0
765281116,5,330229,0,0,29.67,93412.23,37.04,242884.25,b0
765280092,6,330275,0,0,29.59,93407.84,36.88,216261.88,b0
765271896,7,330321,0,0,29.92,93406.34,37.47,209492.64,b0
765285466,8,330367,0,0,29.63,93382.06,37.38,273212.38,b0
765274459,1,330413,0,0,27.78,93383.72,41.11,224512.17,b0
765272923,2,330459,0,0,27.98,93403.91,41.13,224659.94,b0
765271642,3,330506,0,0,28.30,93362.69,39.95,332251.78,b0
765289819,4,330552,0,0,28.64,93381.57,39.22,229493.50,b0
765281116,5,330598,0,0,29.68,93414.11,37.06,242023.16,b0
765280092,6,330644,0,0,29.59,93407.49,36.89,215035.70,b0
765271896,7,330690,0,0,29.92,93406.55,37.48,208979.59,b0
765285466,8,330736,0,0,29.62,93381.02,37.40,272775.72,b0
765274459,1,330783,0,0,27.78,93385.19,41.13,225104.42,b0
765272923,2,330829,0,0,27.97,93403.91,41.12,223483.19,b0
765271642,3,330875,0,0,28.30,93362.49,39.97,332899.88,b0
765289819,4,330921,0,0,28.63,93382.19,39.23,229339.31,b0
765281116,5,330967,0,0,29.67,93413.34,37.04,243403.84,b0
765280092,6,331013,0,0,29.58,93407.92,36.89,214765.09,b0
765271896,7,331059,0,0,29.90,93405.17,37.49,210786.33,b0
765285466,8,331105,0,0,29.61,93382.18,37.40,273650.47,b0
765274459,1,331152,0,0,27.77,93382.84,41.14,225401.72,b0
765272923,2,331198,0,0,27.97,93405.18,41.14,224217.20,b0
765271642,3,331244,0,0,28.29,93364.63,39.95,333550.50,b0
765289819,4,331290,0,0,28.63,93381.84,39.23,228877.97,b0
765281116,5,331336,0,0,29.66,93414.16,37.04,243751.48,b0
765280092,6,331382,0,0,29.56,93407.78,36.89,215715.19,b0
765271896,7,331428,0,0,29.89,93403.87,37.48,208087.78,b0
765285466,8,331474,0,0,29.61,93379.32,37.40,273870.03,b0
765274459,1,331521,0,0,27.77,93382.30,41.13,225401.72,b0
765272923,2,331567,0,0,27.97,93403.72,41.14,224807.91,b0
765271642,3,331613,0,0,28.29,93363.70,39.97,332251.78,b0
765289819,4,331659,0,0,28.62,93382.34,39.25,229647.91,b0
765281116,5,331705,0,0,29.65,93412.93,37.04,243403.84,b0
765280092,6,331751,0,0,29.56,93407.96,36.89,216261.88,b0
765271896,7,331798,0,0,29.90,93405.88,37.47,208724.02,b0
765285466,8,331844,0,0,29.61,93378.09,37.42,273431.25,b0
765274459,1,331890,0,0,27.75,93382.86,41.14,226148.41,b0
765272923,2,331936,0,0,27.96,93405.13,41.14,223923.03,b0
765271642,3,331982,0,0,28.27,93361.59,39.96,333876.75,b0
765289819,4,332028,0,0,28.62,93381.09,39.25,227656.73,b0
765281116,5,332075,0,0,29.65,93413.30,37.06,244274.81,b0
765280092,6,332121,0,0,29.57,93406.59,36.86,215988.19,b0
765271896,7,332167,0,0,29.90,93405.34,37.49,208979.59,b0
765285466,8,332213,0,0,29.62,93381.77,37.38,274310.22,b0
765274459,1,332259,0,0,27.75,93383.41,41.18,225401.72,b0
765272923,2,332305,0,0,27.95,93405.67,41.15,225252.97,b0
765271642,3,332351,0,0,28.27,93363.38,39.99,334531.19,b0
765289819,4,332398,0,0,28.63,93382.39,39.24,229647.91,b0
765281116,5,332444,0,0,29.65,93414.03,37.06,243403.84,b0
765280092,6,332490,0,0,29.55,93407.49,36.90,216124.95,b0
765271896,7,332536,0,0,29.89,93404.76,37.47,209235.80,b0
765285466,8,332582,0,0,29.61,93379.88,37.40,273431.25,b0
765274459,1,332628,0,0,27.76,93385.41,41.18,226148.41,b0
765272923,2,332675,0,0,27.94,93404.91,41.17,224956.06,b0
765271642,3,332721,0,0,28.27,93363.59,39.98,333550.50,b0
765289819,4,332767,0,0,28.61,93382.27,39.26,229802.52,b0
765281116,5,332813,0,0,29.63,93414.23,37.04,245504.67,b0
765280092,6,332859,0,0,29.55,93406.60,36.89,216673.72,b0
765271896,7,332905,0,0,29.88,93405.41,37.48,209107.61,b0
765285466,8,332951,0,0,29.61,93380.75,37.41,273212.38,b0
765274459,1,332998,0,0,27.74,93384.33,41.19,225849.14,b0
765272923,2,333044,0,0,27.93,93406.32,41.14,225998.67,b0
765271642,3,333090,0,0,28.28,93362.17,39.99,334531.19,b0
765289819,4,333136,0,0,28.60,93382.05,39.25,228877.97,b0
765281116,5,333182,0,0,29.63,93412.99,37.05,244976.08,b0
765280092,6,333228,0,0,29.54,93407.93,36.90,217087.13,b0
765271896,7,333274,0,0,29.88,93404.87,37.47,209492.64,b0
765285466,8,333320,0,0,29.61,93382.00,37.39,274973.16,b0
765274459,1,333367,0,0,27.75,93385.59,41.19,225849.14,b0
765272923,2,333413,0,0,27.92,93405.93,41.15,225104.42,b0
765271642,3,333459,0,0,28.28,93364.02,40.00,334859.38,b0
765289819,4,333505,0,0,28.59,93381.95,39.27,228571.42,b0
765281116,5,333551,0,0,29.61,93412.63,37.07,244976.08,b0
765280092,6,333597,0,0,29.51,93405.82,36.89,217087.13,b0
765271896,7,333643,0,0,29.87,93404.80,37.48,210008.20,b0
765285466,8,333690,0,0,29.60,93380.23,37.40,274751.81,b0
765274459,1,333736,0,0,27.75,93385.59,41.20,225998.67,b0
765272923,2,333782,0,0,27.90,93405.15,41.16,225401.72,b0
765271642,3,333828,0,0,28.28,93362.54,40.01,334203.66,b0
765289819,4,333874,0,0,28.57,93380.62,39.25,229493.50,b0
765281116,5,333920,0,0,29.58,93412.68,37.03,246925.48,b0
765280092,6,333966,0,0,29.49,93405.70,36.88,217640.81,b0
765271896,7,334013,0,0,29.85,93404.80,37.47,210916.58,b0
765285466,8,334059,0,0,29.57,93380.71,37.37,275639.31,b0
765274459,1,334105,0,0,27.74,93385.43,41.20,226749.33,b0
765272923,2,334151,0,0,27.90,93406.24,41.18,226900.06,b0
765271642,3,334197,0,0,28.27,93362.10,40.00,334203.66,b0
765289819,4,334243,0,0,28.55,93381.77,39.26,230890.64,b0
765281116,5,334290,0,0,29.53,93413.15,37.03,246213.03,b0
765280092,6,334336,0,0,29.46,93405.10,36.88,218057.92,b0
765271896,7,334382,0,0,29.81,93403.84,37.46,211046.98,b0
765285466,8,334428,0,0,29.55,93380.68,37.37,275639.31,b0
765274459,1,334474,0,0,27.73,93382.53,41.20,225550.66,b0
765272923,2,334520,0,0,27.89,93404.94,41.20,225550.66,b0
765271642,3,334567,0,0,28.26,93361.52,40.03,335188.22,b0
765289819,4,334613,0,0,28.53,93381.46,39.26,230267.59,b0
765281116,5,334659,0,0,29.52,93415.95,37.02,246568.75,b0
765280092,6,334705,0,0,29.46,93406.70,36.88,216811.34,b0
765271896,7,334751,0,0,29.80,93403.98,37.46,212096.11,b0
765285466,8,334797,0,0,29.55,93380.27,37.38,277657.28,b0
765274459,1,334844,0,0,27.73,93382.37,41.21,226900.06,b0
765272923,2,334890,0,0,27.87,93404.37,41.18,226598.81,b0
765271642,3,334936,0,0,28.24,93362.09,40.00,335847.81,b0
765289819,4,334982,0,0,28.51,93381.53,39.26,230267.59,b0
765281116,5,335028,0,0,29.49,93416.03,37.02,246568.75,b0
765280092,6,335074,0,0,29.45,93405.15,36.89,218197.31,b0
765271896,7,335120,0,0,29.79,93404.26,37.46,211439.19,b0
765285466,8,335166,0,0,29.54,93380.02,37.37,276981.34,b0
765274459,1,335213,0,0,27.71,93382.94,41.21,226749.33,b0
765272923,2,335259,0,0,27.87,93404.91,41.19,226598.81,b0
765271642,3,335305,0,0,28.23,93361.49,40.01,335517.69,b0
765289819,4,335351,0,0,28.52,93382.45,39.27,231517.06,b0
765281116,5,335397,0,0,29.49,93415.77,37.04,246213.03,b0
765280092,6,335443,0,0,29.46,93406.52,36.90,218197.31,b0
765271896,7,335489,0,0,29.77,93401.98,37.45,212096.11,b0
765285466,8,335535,0,0,29.54,93380.13,37.37,278336.50,b0
765274459,1,335582,0,0,27.71,93383.30,41.21,226448.47,b0
765272923,2,335628,0,0,27.86,93404.52,41.19,226749.33,b0
765271642,3,335674,0,0,28.24,93364.04,40.02,335188.22,b0
765289819,4,335720,0,0,28.52,93382.81,39.28,230578.70,b0
765281116,5,335766,0,0,29.49,93414.91,37.03,247283.27,b0
765280092,6,335812,0,0,29.48,93407.06,36.89,218476.64,b0
765271896,7,335859,0,0,29.76,93403.15,37.46,211964.39,b0
765285466,8,335905,0,0,29.54,93379.84,37.36,277431.59,b0
765274459,1,335951,0,0,27.71,93383.66,41.22,227960.81,b0
765272923,2,335997,0,0,27.86,93403.05,41.20,226598.81,b0
765271642,3,336043,0,0,28.24,93363.55,40.01,335517.69,b0
765289819,4,336089,0,0,28.51,93379.73,39.29,230578.70,b0
765281116,5,336135,0,0,29.50,93416.25,37.06,247104.25,b0
765280092,6,336182,0,0,29.49,93405.94,36.91,219459.92,b0
765271896,7,336228,0,0,29.77,93403.73,37.45,212360.02,b0
765285466,8,336274,0,0,29.55,93379.78,37.37,279019.06,b0
765274459,1,336320,0,0,27.71,93385.12,41.22,227656.73,b0
765272923,2,336366,0,0,27.85,93404.48,41.22,227960.81,b0
765271642,3,336412,0,0,28.23,93363.13,40.02,334859.38,b0
765289819,4,336459,0,0,28.49,93379.80,39.27,230890.64,b0
765281116,5,336505,0,0,29.50,93414.63,37.06,248362.84,b0
765280092,6,336551,0,0,29.49,93405.07,36.93,219459.92,b0
765271896,7,336597,0,0,29.77,93401.42,37.45,212889.81,b0
765285466,8,336643,0,0,29.56,93379.63,37.38,279475.97,b0
765274459,1,336689,0,0,27.71,93383.12,41.24,227656.73,b0
765272923,2,336736,0,0,27.84,93404.27,41.21,228418.47,b0
765271642,3,336782,0,0,28.22,93361.77,40.03,337842.28,b0
765289819,4,336828,0,0,28.49,93381.05,39.30,231989.13,b0
765281116,5,336874,0,0,29.52,93415.20,37.08,246568.75,b0
765280092,6,336920,0,0,29.51,93406.98,36.92,219742.48,b0
765271896,7,336966,0,0,29.79,93404.80,37.47,212492.22,b0
765285466,8,337012,0,0,29.56,93379.33,37.39,278109.72,b0
765274459,1,337059,0,0,27.71,93382.20,41.21,227505.00,b0
765272923,2,337105,0,0,27.85,93404.12,41.22,227505.00,b0
765271642,3,337151,0,0,28.23,93361.10,40.03,335847.81,b0
765289819,4,337197,0,0,28.50,93380.74,39.30,231831.56,b0
765281116,5,337243,0,0,29.54,93415.00,37.08,246746.98,b0
765280092,6,337289,0,0,29.51,93405.79,36.92,220167.70,b0
765271896,7,337335,0,0,29.80,93403.76,37.49,211701.47,b0
765285466,8,337381,0,0,29.56,93379.89,37.37,277883.31,b0
765274459,1,337428,0,0,27.72,93382.92,41.24,228418.47,b0
765272923,2,337474,0,0,27.88,93405.30,41.26,227051.00,b0
765271642,3,337520,0,0,28.24,93361.23,40.03,335847.81,b0
765289819,4,337566,0,0,28.53,93380.39,39.32,232939.03,b0
765281116,5,337612,0,0,29.55,93414.20,37.09,246925.48,b0
765280092,6,337658,0,0,29.52,93407.35,36.93,219178.08,b0
765271896,7,337704,0,0,29.79,93403.55,37.47,211832.84,b0
765285466,8,337751,0,0,29.56,93378.44,37.39,278336.50,b0
765274459,1,337797,0,0,27.74,93384.88,41.26,227960.81,b0
765272923,2,337843,0,0,27.90,93404.80,41.24,227505.00,b0
765271642,3,337889,0,0,28.26,93362.80,40.07,337508.25,b0
765289819,4,337935,0,0,28.55,93380.49,39.33,231046.94,b0
765281116,5,337981,0,0,29.57,93414.17,37.09,246390.77,b0
765280092,6,338028,0,0,29.53,93407.02,36.92,219178.08,b0
765271896,7,338074,0,0,29.80,93403.59,37.49,211701.47,b0
765285466,8,338120,0,0,29.55,93379.94,37.39,277431.59,b0
765274459,1,338166,0,0,27.74,93383.79,41.25,227353.47,b0
765272923,2,338212,0,0,27.91,93402.45,41.26,225550.66,b0
765271642,3,338258,0,0,28.25,93362.68,40.05,335188.22,b0
765289819,4,338305,0,0,28.55,93381.90,39.33,230578.70,b0
765281116,5,338351,0,0,29.58,93412.30,37.11,246925.48,b0
765280092,6,338397,0,0,29.53,93405.67,36.94,219037.44,b0
765271896,7,338443,0,0,29.81,93402.23,37.50,211439.19,b0
765285466,8,338489,0,0,29.56,93380.03,37.37,276532.53,b0
765274459,1,338535,0,0,27.74,93383.43,41.26,227353.47,b0
765272923,2,338581,0,0,27.90,93404.80,41.26,227202.13,b0
765271642,3,338628,0,0,28.25,93364.16,40.07,335517.69,b0
765289819,4,338674,0,0,28.54,93380.61,39.34,231360.14,b0
765281116,5,338720,0,0,29.59,93412.39,37.12,246925.48,b0
765280092,6,338766,0,0,29.53,93405.13,36.95,218756.67,b0
765271896,7,338812,0,0,29.81,93403.49,37.52,212227.98,b0
765285466,8,338858,0,0,29.56,93379.53,37.38,276756.75,b0
765274459,1,338905,0,0,27.74,93382.53,41.27,227505.00,b0
765272923,2,338951,0,0,27.90,93405.51,41.26,226298.34,b0
765271642,3,338997,0,0,28.25,93361.25,40.05,335847.81,b0
765289819,4,339043,0,0,28.54,93380.23,39.34,231046.94,b0
765281116,5,339089,0,0,29.59,93414.56,37.13,246746.98,b0
765280092,6,339135,0,0,29.54,93406.26,36.95,217502.13,b0
765271896,7,339181,0,0,29.81,93402.41,37.52,211832.84,b0
765285466,8,339227,0,0,29.56,93377.75,37.39,276981.34,b0
765274459,1,339274,0,0,27.74,93381.25,41.26,228113.17,b0
765272923,2,339320,0,0,27.88,93406.20,41.26,226298.34,b0
765271642,3,339366,0,0,28.26,93363.30,40.07,337508.25,b0
765289819,4,339412,0,0,28.54,93381.52,39.35,232304.91,b0
765281116,5,339458,0,0,29.57,93414.76,37.12,246925.48,b0
765280092,6,339504,0,0,29.53,93405.84,36.94,219742.48,b0
765271896,7,339550,0,0,29.80,93402.15,37.51,212757.11,b0
765285466,8,339596,0,0,29.57,93379.59,37.38,276308.69,b0
765274459,1,339643,0,0,27.75,93381.24,41.27,226749.33,b0
765272923,2,339689,0,0,27.89,93404.94,41.27,227656.73,b0
765271642,3,339735,0,0,28.25,93362.86,40.09,336510.03,b0
765289819,4,339781,0,0,28.53,93380.56,39.38,231360.14,b0
765281116,5,339827,0,0,29.56,93413.94,37.11,245858.34,b0
765280092,6,339873,0,0,29.52,93406.05,36.95,219459.92,b0
765271896,7,339920,0,0,29.80,93404.12,37.50,210656.25,b0
765285466,8,339966,0,0,29.56,93380.24,37.38,276756.75,b0
765274459,1,340012,0,0,27.74,93383.07,41.27,227960.81,b0
765272923,2,340058,0,0,27.89,93404.96,41.27,227051.00,b0
765271642,3,340104,0,0,28.24,93361.58,40.07,336842.09,b0
765289819,4,340150,0,0,28.53,93379.67,39.38,231674.20,b0
765281116,5,340197,0,0,29.57,93413.11,37.12,246035.56,b0
765280092,6,340243,0,0,29.51,93405.47,36.94,219742.48,b0
765271896,7,340289,0,0,29.80,93405.05,37.52,211439.19,b0
765285466,8,340335,0,0,29.57,93381.35,37.41,276756.75,b0
765274459,1,340381,0,0,27.74,93382.52,41.27,228877.97,b0
765272923,2,340427,0,0,27.89,93404.60,41.27,228265.72,b0
765271642,3,340473,0,0,28.25,93362.17,40.07,337842.28,b0
765289819,4,340520,0,0,28.54,93380.98,39.37,231203.44,b0
765281116,5,340566,0,0,29.58,93412.87,37.13,246746.98,b0
765280092,6,340612,0,0,29.53,93407.55,36.93,220167.70,b0
765271896,7,340658,0,0,29.80,93401.84,37.52,213022.67,b0
765285466,8,340704,0,0,29.57,93380.12,37.40,276532.53,b0
765274459,1,340750,0,0,27.73,93382.36,41.28,227960.81,b0
765272923,2,340797,0,0,27.89,93406.02,41.29,226900.06,b0
765271642,3,340843,0,0,28.25,93362.17,40.09,336842.09,b0
765289819,4,340889,0,0,28.54,93381.30,39.37,232463.11,b0
765281116,5,340935,0,0,29.59,93413.66,37.13,246213.03,b0
765280092,6,340981,0,0,29.52,93405.72,36.93,218616.56,b0
765271896,7,341027,0,0,29.82,93402.12,37.53,211701.47,b0
765285466,8,341073,0,0,29.58,93380.76,37.41,276308.69,b0
765274459,1,341120,0,0,27.73,93382.72,41.27,227960.81,b0
765272923,2,341166,0,0,27.88,93405.45,41.28,227656.73,b0
765271642,3,341212,0,0,28.25,93361.64,40.08,335847.81,b0
765289819,4,341258,0,0,28.53,93379.65,39.39,230734.56,b0
765281116,5,341304,0,0,29.59,93413.50,37.14,246213.03,b0
765280092,6,341350,0,0,29.53,93405.63,36.94,219459.92,b0
765271896,7,341396,0,0,29.83,93402.40,37.53,210786.33,b0
765285466,8,341442,0,0,29.58,93381.53,37.41,276308.69,b0
765274459,1,341489,0,0,27.72,93383.82,41.27,226900.06,b0
765272923,2,341535,0,0,27.85,93404.49,41.30,228418.47,b0
765271642,3,341581,0,0,28.25,93362.00,40.09,336842.09,b0
765289819,4,341627,0,0,28.53,93382.17,39.40,232146.91,b0
765281116,5,341673,0,0,29.60,93414.45,37.13,245681.38,b0
765280092,6,341719,0,0,29.53,93405.48,36.93,218197.31,b0
765271896,7,341765,0,0,29.83,93401.34,37.54,210526.31,b0
765285466,8,341812,0,0,29.58,93381.00,37.40,277206.28,b0
765274459,1,341858,0,0,27.74,93381.26,41.29,226749.33,b0
765272923,2,341904,0,0,27.87,93404.54,41.28,227656.73,b0
765271642,3,341950,0,0,28.26,93361.71,40.09,335517.69,b0
765289819,4,341996,0,0,28.54,93380.23,39.40,231674.20,b0
765281116,5,342042,0,0,29.60,93410.29,37.14,246925.48,b0
765280092,6,342089,0,0,29.54,93404.01,36.95,217087.13,b0
765271896,7,342135,0,0,29.85,93405.53,37.55,210656.25,b0
765285466,8,342181,0,0,29.58,93380.46,37.43,276085.19,b0
765274459,1,342227,0,0,27.76,93381.95,41.31,226749.33,b0
765272923,2,342273,0,0,27.90,93403.52,41.30,226598.81,b0
765271642,3,342319,0,0,28.27,93361.75,40.10,335188.22,b0
765289819,4,342365,0,0,28.55,93379.26,39.41,230423.05,b0
765281116,5,342412,0,0,29.61,93412.93,37.13,243751.48,b0
765280092,6,342458,0,0,29.55,93406.95,36.96,218057.92,b0
765271896,7,342504,0,0,29.85,93402.13,37.55,209750.11,b0
765285466,8,342550,0,0,29.59,93379.77,37.41,276085.19,b0
765274459,1,342596,0,0,27.78,93384.64,41.31,226148.41,b0
765272923,2,342642,0,0,27.91,93403.93,41.32,227202.13,b0
765271642,3,342689,0,0,28.28,93362.53,40.12,335517.69,b0
765289819,4,342735,0,0,28.57,93381.13,39.43,231046.94,b0
765281116,5,342781,0,0,29.62,93412.54,37.13,245681.38,b0
765280092,6,342827,0,0,29.55,93405.89,36.96,217225.28,b0
765271896,7,342873,0,0,29.85,93403.97,37.54,210266.94,b0
765285466,8,342919,0,0,29.58,93377.96,37.42,275416.91,b0
765274459,1,342966,0,0,27.78,93382.45,41.33,226298.34,b0
765272923,2,343012,0,0,27.92,93402.12,41.34,226298.34,b0
765271642,3,343058,0,0,28.27,93360.14,40.12,334531.19,b0
765289819,4,343104,0,0,28.57,93382.05,39.43,231831.56,b0
765281116,5,343150,0,0,29.62,93414.28,37.15,244449.75,b0
765280092,6,343196,0,0,29.55,93404.76,36.96,217918.70,b0
765271896,7,343242,0,0,29.84,93405.31,37.55,209879.08,b0
765285466,8,343288,0,0,29.58,93379.92,37.45,274310.22,b0
765274459,1,343335,0,0,27.79,93383.71,41.35,226598.81,b0
765272923,2,343381,0,0,27.92,93402.68,41.37,226448.47,b0
765271642,3,343427,0,0,28.27,93361.05,40.15,333550.50,b0
765289819,4,343473,0,0,28.57,93380.80,39.45,229957.33,b0
765281116,5,343519,0,0,29.60,93412.90,37.15,243925.67,b0
765280092,6,343565,0,0,29.54,93406.29,36.97,217363.61,b0
765271896,7,343611,0,0,29.83,93402.58,37.56,211701.47,b0
765285466,8,343657,0,0,29.58,93378.61,37.42,275416.91,b0
765274459,1,343704,0,0,27.78,93382.26,41.34,226900.06,b0
765272923,2,343750,0,0,27.93,93405.07,41.36,226448.47,b0
765271642,3,343796,0,0,28.27,93364.13,40.14,333224.88,b0
765289819,4,343842,0,0,28.56,93379.87,39.44,230267.59,b0
765281116,5,343888,0,0,29.59,93413.50,37.15,245328.22,b0
765280092,6,343934,0,0,29.53,93407.05,36.97,217087.13,b0
765271896,7,343980,0,0,29.82,93404.26,37.54,209621.30,b0
765285466,8,344027,0,0,29.57,93379.08,37.42,276532.53,b0
765274459,1,344073,0,0,27.79,93381.52,41.35,225401.72,b0
765272923,2,344119,0,0,27.94,93403.47,41.37,225699.80,b0
765271642,3,344165,0,0,28.26,93360.63,40.16,335188.22,b0
765289819,4,344211,0,0,28.57,93381.30,39.45,231831.56,b0
765281116,5,344257,0,0,29.58,93413.92,37.16,246568.75,b0
765280092,6,344304,0,0,29.52,93406.29,36.95,216536.27,b0
765271896,7,344350,0,0,29.80,93403.45,37.56,209235.80,b0
765285466,8,344396,0,0,29.56,93380.36,37.43,274530.84,b0
765274459,1,344442,0,0,27.78,93381.35,41.35,226598.81,b0
765272923,2,344488,0,0,27.94,93402.91,41.36,226298.34,b0
765271642,3,344534,0,0,28.26,93361.35,40.14,334531.19,b0
765289819,4,344581,0,0,28.56,93379.47,39.45,230112.36,b0
765281116,5,344627,0,0,29.57,93412.79,37.15,244624.94,b0
765280092,6,344673,0,0,29.52,93405.16,36.96,218336.89,b0
765271896,7,344719,0,0,29.79,93404.97,37.58,210656.25,b0
765285466,8,344765,0,0,29.55,93379.91,37.43,275639.31,b0
765274459,1,344811,0,0,27.80,93382.60,41.34,226448.47,b0
765272923,2,344857,0,0,27.94,93403.27,41.35,226448.47,b0
765271642,3,344904,0,0,28.26,93360.65,40.13,335188.22,b0
765289819,4,344950,0,0,28.56,93380.54,39.45,230890.64,b0
765281116,5,344996,0,0,29.56,93412.84,37.15,245858.34,b0
765280092,6,345042,0,0,29.52,93405.52,36.96,218336.89,b0
765271896,7,345088,0,0,29.78,93403.48,37.56,210786.33,b0
765285466,8,345134,0,0,29.54,93380.00,37.43,275639.31,b0
765274459,1,345181,0,0,27.80,93382.05,41.34,226900.06,b0
765272923,2,345227,0,0,27.95,93404.21,41.35,226448.47,b0
765271642,3,345273,0,0,28.27,93361.20,40.16,334859.38,b0
765289819,4,345319,0,0,28.57,93381.14,39.44,230112.36,b0
765281116,5,345365,0,0,29.56,93414.67,37.13,244800.38,b0
765280092,6,345411,0,0,29.52,93406.76,36.98,219884.05,b0
765271896,7,345457,0,0,29.77,93403.06,37.56,210786.33,b0
765285466,8,345503,0,0,29.55,93381.56,37.43,276085.19,b0
765274459,1,345550,0,0,27.81,93382.03,41.31,226749.33,b0
765272923,2,345596,0,0,27.96,93403.13,41.36,225401.72,b0
765271642,3,345642,0,0,28.28,93359.13,40.14,335847.81,b0
765289819,4,345688,0,0,28.58,93380.13,39.45,231203.44,b0
765281116,5,345734,0,0,29.57,93412.56,37.14,246213.03,b0
765280092,6,345780,0,0,29.53,93406.51,36.96,217918.70,b0
765271896,7,345826,0,0,29.78,93402.57,37.57,210916.58,b0
765285466,8,345872,0,0,29.55,93380.48,37.43,277206.28,b0
765274459,1,345919,0,0,27.82,93382.20,41.34,226298.34,b0
765272923,2,345965,0,0,27.96,93404.98,41.37,226148.41,b0
765271642,3,346011,0,0,28.29,93361.52,40.14,334203.66,b0
765289819,4,346057,0,0,28.58,93379.59,39.46,230112.36,b0
765281116,5,346103,0,0,29.57,93413.11,37.13,246568.75,b0
765280092,6,346149,0,0,29.52,93404.69,36.95,219318.91,b0
765271896,7,346196,0,0,29.78,93401.88,37.56,211308.30,b0
765285466,8,346242,0,0,29.55,93382.05,37.43,275862.06,b0
765274459,1,346288,0,0,27.81,93383.48,41.33,226749.33,b0
765272923,2,346334,0,0,27.96,93402.59,41.34,225252.97,b0
765271642,3,346380,0,0,28.28,93361.31,40.14,332251.78,b0
765289819,4,346426,0,0,28.57,93380.80,39.44,231203.44,b0
765281116,5,346473,0,0,29.57,93411.66,37.15,246390.77,b0
765280092,6,346519,0,0,29.52,93405.18,36.98,217779.67,b0
765271896,7,346565,0,0,29.78,93403.60,37.55,210526.31,b0
765285466,8,346611,0,0,29.53,93378.13,37.42,276756.75,b0
765274459,1,346657,0,0,27.81,93384.03,41.33,226448.47,b0
765272923,2,346703,0,0,27.96,93405.31,41.35,225849.14,b0
765271642,3,346749,0,0,28.27,93362.16,40.14,333224.88,b0
765289819,4,346796,0,0,28.57,93380.23,39.42,231360.14,b0
765281116,5,346842,0,0,29.58,93413.53,37.14,244800.38,b0
765280092,6,346888,0,0,29.53,93405.42,36.95,218057.92,b0
765271896,7,346934,0,0,29.76,93403.34,37.56,211177.56,b0
765285466,8,346980,0,0,29.51,93381.44,37.42,276981.34,b0
765274459,1,347026,0,0,27.82,93381.66,41.33,225699.80,b0
765272923,2,347073,0,0,27.96,93404.23,41.33,225699.80,b0
765271642,3,347119,0,0,28.27,93361.27,40.12,335188.22,b0
765289819,4,347165,0,0,28.56,93380.74,39.44,230578.70,b0
765281116,5,347211,0,0,29.57,93413.33,37.13,245858.34,b0
765280092,6,347257,0,0,29.53,93406.02,36.95,219037.44,b0
765271896,7,347303,0,0,29.74,93404.46,37.56,211046.98,b0
765285466,8,347349,0,0,29.50,93378.66,37.43,277883.31,b0
765274459,1,347396,0,0,27.83,93382.73,41.32,226448.47,b0
765272923,2,347442,0,0,27.95,93403.13,41.32,226749.33,b0
765271642,3,347488,0,0,28.28,93363.46,40.12,335517.69,b0
765289819,4,347534,0,0,28.55,93379.62,39.44,230112.36,b0
765281116,5,347580,0,0,29.56,93414.33,37.14,244274.81,b0
765280092,6,347626,0,0,29.53,93406.03,36.97,217918.70,b0
765271896,7,347672,0,0,29.74,93403.53,37.55,211832.84,b0
765285466,8,347718,0,0,29.50,93379.17,37.42,278109.72,b0
765274459,1,347765,0,0,27.82,93382.73,41.31,226749.33,b0
765272923,2,347811,0,0,27.94,93404.73,41.32,226148.41,b0
765271642,3,347857,0,0,28.28,93363.26,40.14,333550.50,b0
765289819,4,347903,0,0,28.54,93380.09,39.42,230890.64,b0
765281116,5,347949,0,0,29.56,93413.92,37.11,247283.27,b0
765280092,6,347995,0,0,29.53,93406.13,36.95,218336.89,b0
765271896,7,348041,0,0,29.74,93402.29,37.55,212360.02,b0
765285466,8,348088,0,0,29.51,93378.56,37.45,277657.28,b0
765274459,1,348134,0,0,27.80,93383.50,41.30,226148.41,b0
765272923,2,348180,0,0,27.92,93405.21,41.31,226598.81,b0
765271642,3,348226,0,0,28.26,93361.01,40.12,333550.50,b0
765289819,4,348272,0,0,28.51,93380.99,39.42,231674.20,b0
765281116,5,348318,0,0,29.53,93412.39,37.12,247104.25,b0
765280092,6,348365,0,0,29.51,93405.97,36.94,219318.91,b0
765271896,7,348411,0,0,29.74,93402.30,37.58,211832.84,b0
765285466,8,348457,0,0,29.50,93380.12,37.43,278563.66,b0
765274459,1,348503,0,0,27.78,93383.36,41.29,226448.47,b0
765272923,2,348549,0,0,27.90,93404.09,41.30,226749.33,b0
765271642,3,348595,0,0,28.24,93363.38,40.12,335188.22,b0
765289819,4,348642,0,0,28.50,93380.89,39.42,230267.59,b0
765281116,5,348688,0,0,29.51,93413.85,37.14,247462.55,b0
765280092,6,348734,0,0,29.50,93407.75,36.94,219884.05,b0
765271896,7,348780,0,0,29.74,93403.89,37.57,211439.19,b0
765285466,8,348826,0,0,29.49,93379.26,37.41,278563.66,b0
765274459,1,348872,0,0,27.76,93382.85,41.27,226148.41,b0
765272923,2,348918,0,0,27.88,93405.30,41.27,226900.06,b0
765271642,3,348965,0,0,28.22,93362.13,40.12,335847.81,b0
765289819,4,349011,0,0,28.48,93382.80,39.42,232463.11,b0
765281116,5,349057,0,0,29.52,93415.20,37.13,246925.48,b0
765280092,6,349103,0,0,29.48,93407.03,36.94,218057.92,b0
765271896,7,349149,0,0,29.75,93404.30,37.57,212889.81,b0
765285466,8,349195,0,0,29.48,93380.44,37.42,279475.97,b0
765274459,1,349242,0,0,27.75,93384.13,41.26,227353.47,b0
765272923,2,349288,0,0,27.88,93403.28,41.30,225849.14,b0
765271642,3,349334,0,0,28.20,93362.53,40.10,335188.22,b0
765289819,4,349380,0,0,28.48,93381.33,39.43,232146.91,b0
765281116,5,349426,0,0,29.52,93415.55,37.13,247104.25,b0
765280092,6,349472,0,0,29.47,93406.92,36.93,219884.05,b0
765271896,7,349518,0,0,29.75,93402.72,37.55,212624.58,b0
765285466,8,349564,0,0,29.47,93378.93,37.42,279705.00,b0
765274459,1,349611,0,0,27.74,93383.79,41.26,226749.33,b0
765272923,2,349657,0,0,27.88,93403.30,41.31,226298.34,b0
765271642,3,349703,0,0,28.20,93361.97,40.10,335847.81,b0
765289819,4,349749,0,0,28.47,93380.05,39.40,230423.05,b0
765281116,5,349795,0,0,29.53,93414.52,37.12,247283.27,b0
765280092,6,349841,0,0,29.47,93406.95,36.91,219178.08,b0
765271896,7,349887,0,0,29.75,93401.52,37.56,212757.11,b0
765285466,8,349933,0,0,29.46,93378.09,37.42,278563.66,b0
765274459,1,349980,0,0,27.73,93381.99,41.25,226148.41,b0
765272923,2,350026,0,0,27.88,93405.66,41.28,226298.34,b0
765271642,3,350072,0,0,28.19,93361.40,40.10,335847.81,b0
765289819,4,350118,0,0,28.49,93381.01,39.41,230734.56,b0
765281116,5,350164,0,0,29.52,93415.20,37.14,247462.55,b0
765280092,6,350210,0,0,29.47,93408.05,36.92,219178.08,b0
765271896,7,350257,0,0,29.76,93403.14,37.57,212096.11,b0
765285466,8,350303,0,0,29.46,93379.34,37.44,279019.06,b0
765274459,1,350349,0,0,27.73,93382.72,41.26,228265.72,b0
765272923,2,350395,0,0,27.88,93404.03,41.29,227202.13,b0
765271642,3,350441,0,0,28.20,93362.69,40.11,336178.59,b0
765289819,4,350487,0,0,28.50,93382.51,39.44,231046.94,b0
765281116,5,350534,0,0,29.52,93415.02,37.13,246746.98,b0
765280092,6,350580,0,0,29.47,93406.20,36.95,220167.70,b0
765271896,7,350626,0,0,29.76,93404.20,37.57,211832.84,b0
765285466,8,350672,0,0,29.46,93377.34,37.42,278791.19,b0
765274459,1,350718,0,0,27.73,93384.17,41.25,227202.13,b0
765272923,2,350764,0,0,27.89,93405.67,41.29,226900.06,b0
765271642,3,350810,0,0,28.20,93360.73,40.12,334203.66,b0
765289819,4,350857,0,0,28.50,93381.66,39.44,232146.91,b0
765281116,5,350903,0,0,29.51,93417.03,37.13,246568.75,b0
765280092,6,350949,0,0,29.48,93407.18,36.96,219742.48,b0
765271896,7,350995,0,0,29.75,93403.25,37.57,210266.94,b0
765285466,8,351041,0,0,29.46,93379.54,37.44,278791.19,b0
765274459,1,351087,0,0,27.74,93383.99,41.26,226148.41,b0
765272923,2,351134,0,0,27.89,93405.32,41.29,226448.47,b0
765271642,3,351180,0,0,28.21,93362.61,40.13,337508.25,b0
765289819,4,351226,0,0,28.50,93380.89,39.43,230578.70,b0
765281116,5,351272,0,0,29.49,93415.25,37.12,248362.84,b0
765280092,6,351318,0,0,29.48,93407.39,36.95,219318.91,b0
765271896,7,351364,0,0,29.75,93403.25,37.58,212757.11,b0
765285466,8,351410,0,0,29.46,93381.63,37.43,278563.66,b0
765274459,1,351457,0,0,27.74,93383.06,41.26,226298.34,b0
765272923,2,351503,0,0,27.90,93403.34,41.32,226598.81,b0
765271642,3,351549,0,0,28.22,93364.09,40.13,336842.09,b0
765289819,4,351595,0,0,28.50,93382.37,39.45,230890.64,b0
765281116,5,351641,0,0,29.50,93415.91,37.13,248543.69,b0
765280092,6,351687,0,0,29.49,93407.66,36.94,219742.48,b0
765271896,7,351733,0,0,29.74,93404.45,37.58,212889.81,b0
765285466,8,351779,0,0,29.43,93379.05,37.44,278563.66,b0
765274459,1,351826,0,0,27.74,93382.88,41.25,226598.81,b0
765272923,2,351872,0,0,27.90,93405.34,41.32,226749.33,b0
765271642,3,351918,0,0,28.22,93361.27,40.14,336510.03,b0
765289819,4,351964,0,0,28.51,93381.68,39.48,230423.05,b0
765281116,5,352010,0,0,29.51,93417.77,37.14,246746.98,b0
765280092,6,352056,0,0,29.47,93406.45,36.94,219318.91,b0
765271896,7,352102,0,0,29.72,93401.78,37.56,212096.11,b0
765285466,8,352149,0,0,29.40,93378.53,37.43,281087.03,b0
765274459,1,352195,0,0,27.75,93384.70,41.28,226148.41,b0
765272923,2,352241,0,0,27.90,93406.45,41.29,225401.72,b0
765271642,3,352287,0,0,28.23,93361.66,40.13,336510.03,b0
765289819,4,352333,0,0,28.53,93381.60,39.44,232304.91,b0
765281116,5,352379,0,0,29.50,93416.65,37.14,247104.25,b0
765280092,6,352426,0,0,29.47,93408.77,36.95,220309.81,b0
765271896,7,352472,0,0,29.71,93403.15,37.57,213689.48,b0
765285466,8,352518,0,0,29.41,93380.88,37.45,279934.38,b0
765274459,1,352564,0,0,27.74,93384.33,41.29,226298.34,b0
765272923,2,352610,0,0,27.89,93403.33,41.32,226900.06,b0
765271642,3,352656,0,0,28.23,93362.05,40.13,333876.75,b0
765289819,4,352703,0,0,28.53,93383.05,39.46,231989.13,b0
765281116,5,352749,0,0,29.50,93415.32,37.14,246390.77,b0
765280092,6,352795,0,0,29.47,93406.21,36.94,219178.08,b0
765271896,7,352841,0,0,29.70,93403.28,37.59,213155.70,b0
765285466,8,352887,0,0,29.42,93379.39,37.45,279705.00,b0
765274459,1,352933,0,0,27.73,93385.27,41.28,226448.47,b0
765272923,2,352979,0,0,27.88,93404.38,41.30,227051.00,b0
765271642,3,353026,0,0,28.24,93361.55,40.15,335847.81,b0
765289819,4,353072,0,0,28.52,93380.13,39.47,230267.59,b0
765281116,5,353118,0,0,29.49,93413.29,37.15,245858.34,b0
765280092,6,353164,0,0,29.47,93407.09,36.95,219884.05,b0
765271896,7,353210,0,0,29.68,93402.63,37.59,212360.02,b0
765285466,8,353256,0,0,29.40,93379.76,37.47,281318.69,b0
765274459,1,353303,0,0,27.75,93383.96,41.28,225849.14,b0
765272923,2,353349,0,0,27.89,93405.66,41.32,226900.06,b0
765271642,3,353395,0,0,28.23,93362.77,40.14,337174.84,b0
765289819,4,353441,0,0,28.53,93381.60,39.46,231989.13,b0
765281116,5,353487,0,0,29.50,93416.81,37.15,247283.27,b0
765280092,6,353533,0,0,29.47,93408.05,36.96,219318.91,b0
765271896,7,353579,0,0,29.65,93404.54,37.56,214225.94,b0
765285466,8,353625,0,0,29.37,93380.46,37.46,281783.16,b0
765274459,1,353672,0,0,27.74,93385.07,41.28,227656.73,b0
765272923,2,353718,0,0,27.89,93405.69,41.32,227505.00,b0
765271642,3,353764,0,0,28.23,93364.32,40.14,335517.69,b0
765289819,4,353810,0,0,28.52,93381.04,39.47,231517.06,b0
765281116,5,353856,0,0,29.51,93414.53,37.15,247821.88,b0
765280092,6,353902,0,0,29.48,93406.65,36.97,220025.78,b0
765271896,7,353948,0,0,29.62,93403.23,37.59,213555.78,b0
765285466,8,353994,0,0,29.32,93378.35,37.45,279705.00,b0
765274459,1,354041,0,0,27.75,93382.69,41.28,225401.72,b0
765272923,2,354087,0,0,27.91,93406.28,41.32,225849.14,b0
765271642,3,354133,0,0,28.22,93362.34,40.16,336178.59,b0
765289819,4,354179,0,0,28.51,93379.73,39.46,232146.91,b0
765281116,5,354225,0,0,29.51,93414.88,37.16,249451.89,b0
765280092,6,354271,0,0,29.46,93407.05,36.98,220025.78,b0
765271896,7,354318,0,0,29.61,93402.63,37.58,213957.38,b0
765285466,8,354364,0,0,29.29,93378.77,37.47,281087.03,b0
765274459,1,354410,0,0,27.76,93381.94,41.28,226598.81,b0
765272923,2,354456,0,0,27.91,93405.20,41.30,227656.73,b0
765271642,3,354502,0,0,28.23,93362.17,40.14,336178.59,b0
765289819,4,354548,0,0,28.52,93379.95,39.45,231203.44,b0
765281116,5,354595,0,0,29.49,93416.84,37.15,247821.88,b0
765280092,6,354641,0,0,29.46,93405.91,36.96,218896.97,b0
765271896,7,354687,0,0,29.59,93403.80,37.59,214091.58,b0
765285466,8,354733,0,0,29.26,93378.98,37.49,281087.03,b0
765274459,1,354779,0,0,27.77,93383.38,41.29,225401.72,b0
765272923,2,354825,0,0,27.92,93407.23,41.31,225104.42,b0
765271642,3,354871,0,0,28.23,93361.68,40.14,336178.59,b0
765289819,4,354918,0,0,28.53,93381.09,39.46,231360.14,b0
765281116,5,354964,0,0,29.47,93416.90,37.15,247642.08,b0
765280092,6,355010,0,0,29.46,93407.51,36.96,220880.06,b0
765271896,7,355056,0,0,29.59,93403.73,37.61,212227.98,b0
765285466,8,355102,0,0,29.24,93377.73,37.49,283656.50,b0
765274459,1,355148,0,0,27.78,93385.53,41.28,225849.14,b0
765272923,2,355195,0,0,27.93,93404.34,41.32,225104.42,b0
765271642,3,355241,0,0,28.24,93362.46,40.15,335847.81,b0
765289819,4,355287,0,0,28.55,93381.01,39.46,230423.05,b0
765281116,5,355333,0,0,29.48,93416.40,37.16,247642.08,b0
765280092,6,355379,0,0,29.45,93406.35,36.97,221023.09,b0
765271896,7,355425,0,0,29.58,93403.33,37.62,212096.11,b0
765285466,8,355471,0,0,29.25,93377.46,37.51,282951.09,b0
765274459,1,355518,0,0,27.79,93385.71,41.29,226598.81,b0
765272923,2,355564,0,0,27.94,93405.45,41.31,226900.06,b0
765271642,3,355610,0,0,28.24,93361.58,40.13,336510.03,b0
765289819,4,355656,0,0,28.54,93381.70,39.46,231517.06,b0
765281116,5,355702,0,0,29.47,93417.64,37.15,248001.94,b0
765280092,6,355748,0,0,29.44,93406.63,36.96,220452.09,b0
765271896,7,355794,0,0,29.58,93402.27,37.62,212096.11,b0
765285466,8,355840,0,0,29.27,93376.09,37.51,281550.72,b0
765274459,1,355887,0,0,27.78,93384.80,41.29,226598.81,b0
765272923,2,355933,0,0,27.91,93406.09,41.32,225699.80,b0
765271642,3,355979,0,0,28.25,93364.12,40.14,334203.66,b0
765289819,4,356025,0,0,28.52,93381.76,39.45,230890.64,b0
765281116,5,356071,0,0,29.45,93416.55,37.15,246925.48,b0
765280092,6,356117,0,0,29.43,93405.06,36.97,219742.48,b0
765271896,7,356163,0,0,29.58,93400.83,37.64,215035.70,b0
765285466,8,356210,0,0,29.30,93378.36,37.53,281087.03,b0
765274459,1,356256,0,0,27.77,93383.55,41.27,227960.81,b0
765272923,2,356302,0,0,27.89,93404.97,41.29,226598.81,b0
765271642,3,356348,0,0,28.25,93363.94,40.16,336842.09,b0
765289819,4,356394,0,0,28.50,93380.00,39.46,231989.13,b0
765281116,5,356440,0,0,29.46,93417.16,37.16,247642.08,b0
765280092,6,356487,0,0,29.43,93406.88,36.97,220167.70,b0
765271896,7,356533,0,0,29.59,93402.16,37.65,213555.78,b0
765285466,8,356579,0,0,29.31,93379.30,37.57,281550.72,b0
765274459,1,356625,0,0,27.77,93385.20,41.29,227051.00,b0
765272923,2,356671,0,0,27.89,93405.87,41.30,227202.13,b0
765271642,3,356717,0,0,28.25,93361.79,40.14,335188.22,b0
765289819,4,356763,0,0,28.50,93381.80,39.45,231831.56,b0
765281116,5,356810,0,0,29.48,93416.40,37.17,248001.94,b0
765280092,6,356856,0,0,29.44,93408.00,36.96,219318.91,b0
765271896,7,356902,0,0,29.60,93405.41,37.66,214765.09,b0
765285466,8,356948,0,0,29.30,93377.42,37.56,281318.69,b0
765274459,1,356994,0,0,27.78,93383.89,41.29,226749.33,b0
765272923,2,357040,0,0,27.91,93405.73,41.30,225401.72,b0
765271642,3,357087,0,0,28.25,93362.01,40.14,336842.09,b0
765289819,4,357133,0,0,28.52,93382.28,39.46,231360.14,b0
765281116,5,357179,0,0,29.48,93415.55,37.17,248543.69,b0
765280092,6,357225,0,0,29.43,93406.30,36.98,220167.70,b0
765271896,7,357271,0,0,29.59,93403.96,37.70,213823.34,b0
765285466,8,357317,0,0,29.26,93377.59,37.58,281783.16,b0
765274459,1,357364,0,0,27.80,93384.98,41.28,226900.06,b0
765272923,2,357410,0,0,27.94,93404.55,41.33,226448.47,b0
765271642,3,357456,0,0,28.26,93364.03,40.15,336510.03,b0
765289819,4,357502,0,0,28.54,93382.41,39.46,231203.44,b0
765281116,5,357548,0,0,29.47,93416.38,37.18,248724.80,b0
765280092,6,357594,0,0,29.41,93405.39,36.96,220594.58,b0
765271896,7,357640,0,0,29.57,93403.47,37.68,213689.48,b0
765285466,8,357686,0,0,29.25,93377.95,37.60,281550.72,b0
765274459,1,357733,0,0,27.81,93383.12,41.29,225849.14,b0
765272923,2,357779,0,0,27.95,93405.65,41.32,226749.33,b0
765271642,3,357825,0,0,28.27,93363.20,40.13,333224.88,b0
765289819,4,357871,0,0,28.54,93381.70,39.47,231203.44,b0
765281116,5,357917,0,0,29.46,93416.78,37.18,247642.08,b0
765280092,6,357963,0,0,29.41,93407.34,36.98,221166.31,b0
765271896,7,358009,0,0,29.56,93400.73,37.69,214765.09,b0
765285466,8,358055,0,0,29.25,93376.59,37.60,282015.97,b0
765274459,1,358102,0,0,27.81,93384.77,41.28,227353.47,b0
765272923,2,358148,0,0,27.95,93404.56,41.29,227051.00,b0
765271642,3,358194,0,0,28.28,93361.64,40.16,336178.59,b0
765289819,4,358240,0,0,28.55,93380.32,39.44,230267.59,b0
765281116,5,358286,0,0,29.45,93414.68,37.18,249087.81,b0
765280092,6,358332,0,0,29.41,93406.09,36.99,221453.28,b0
765271896,7,358379,0,0,29.54,93402.01,37.69,213288.89,b0
765285466,8,358425,0,0,29.26,93378.98,37.61,282482.75,b0
765274459,1,358471,0,0,27.83,93382.90,41.29,226298.34,b0
765272923,2,358517,0,0,27.97,93404.26,41.31,226900.06,b0
765271642,3,358563,0,0,28.29,93361.55,40.15,336178.59,b0
765289819,4,358609,0,0,28.56,93380.76,39.46,231203.44,b0
765281116,5,358655,0,0,29.45,93415.78,37.18,248543.69,b0
765280092,6,358702,0,0,29.42,93406.90,36.99,220167.70,b0
765271896,7,358748,0,0,29.55,93400.66,37.72,213823.34,b0
765285466,8,358794,0,0,29.26,93376.13,37.65,281087.03,b0
765274459,1,358840,0,0,27.84,93384.16,41.28,227051.00,b0
765272923,2,358886,0,0,27.98,93406.45,41.31,226448.47,b0
765271642,3,358932,0,0,28.29,93362.11,40.14,334859.38,b0
765289819,4,358979,0,0,28.58,93380.30,39.45,229802.52,b0
765281116,5,359025,0,0,29.46,93415.91,37.20,248543.69,b0
765280092,6,359071,0,0,29.43,93405.94,37.00,219884.05,b0
765271896,7,359117,0,0,29.55,93402.78,37.73,213022.67,b0
765285466,8,359163,0,0,29.27,93377.45,37.65,282015.97,b0
765274459,1,359209,0,0,27.84,93383.61,41.29,226598.81,b0
765272923,2,359256,0,0,27.97,93404.63,41.30,225998.67,b0
765271642,3,359302,0,0,28.30,93363.45,40.13,334531.19,b0
765289819,4,359348,0,0,28.58,93381.37,39.48,232146.91,b0
765281116,5,359394,0,0,29.48,93416.98,37.20,248001.94,b0
765280092,6,359440,0,0,29.44,93406.40,37.00,220737.23,b0
765271896,7,359486,0,0,29.55,93401.02,37.71,214225.94,b0
765285466,8,359532,0,0,29.27,93377.33,37.67,283656.50,b0
765274459,1,359579,0,0,27.85,93384.15,41.28,225849.14,b0
765272923,2,359625,0,0,27.96,93402.95,41.29,226749.33,b0
765271642,3,359671,0,0,28.31,93361.67,40.15,333550.50,b0
765289819,4,359717,0,0,28.58,93381.04,39.45,231517.06,b0
765281116,5,359763,0,0,29.48,93417.32,37.20,249269.72,b0
765280092,6,359809,0,0,29.44,93407.70,37.01,219601.11,b0
765271896,7,359855,0,0,29.57,93402.40,37.76,213957.38,b0
765285466,8,359901,0,0,29.28,93376.72,37.68,283656.50,b0
765274459,1,359948,0,0,27.84,93384.16,41.26,226900.06,b0
765272923,2,359994,0,0,27.96,93407.13,41.31,226448.47,b0
765271642,3,360040,0,0,28.30,93362.35,40.13,334203.66,b0
765289819,4,360086,0,0,28.57,93381.13,39.45,229957.33,b0
765281116,5,360132,0,0,29.47,93415.57,37.21,248724.80,b0
765280092,6,360178,0,0,29.44,93407.34,37.02,220309.81,b0
765271896,7,360224,0,0,29.57,93402.40,37.75,214630.06,b0
765285466,8,360271,0,0,29.31,93380.36,37.69,282015.97,b0
765274459,1,360317,0,0,27.83,93383.26,41.26,226448.47,b0
765272923,2,360363,0,0,27.94,93404.01,41.29,225401.72,b0
765271642,3,360409,0,0,28.29,93361.59,40.11,337508.25,b0
765289819,4,360455,0,0,28.56,93382.17,39.45,231517.06,b0
765281116,5,360501,0,0,29.46,93415.91,37.22,248001.94,b0
765280092,6,360548,0,0,29.43,93406.37,37.01,221023.09,b0
765271896,7,360594,0,0,29.58,93401.89,37.79,214630.06,b0
765285466,8,360640,0,0,29.32,93377.79,37.70,282015.97,b0
765274459,1,360686,0,0,27.83,93382.37,41.24,225401.72,b0
765272923,2,360732,0,0,27.95,93405.12,41.28,227505.00,b0
765271642,3,360778,0,0,28.28,93362.23,40.11,336178.59,b0
765289819,4,360825,0,0,28.56,93381.79,39.46,229647.91,b0
765281116,5,360871,0,0,29.47,93416.19,37.20,248001.94,b0
765280092,6,360917,0,0,29.44,93406.48,37.02,220309.81,b0
765271896,7,360963,0,0,29.58,93402.48,37.77,214225.94,b0
765285466,8,361009,0,0,29.33,93379.50,37.69,281550.72,b0
765274459,1,361055,0,0,27.83,93382.91,41.24,227051.00,b0
765272923,2,361101,0,0,27.94,93404.55,41.27,227051.00,b0
765271642,3,361148,0,0,28.29,93361.21,40.11,334531.19,b0
765289819,4,361194,0,0,28.56,93382.88,39.42,229339.31,b0
765281116,5,361240,0,0,29.48,93416.47,37.20,246746.98,b0
765280092,6,361286,0,0,29.45,93406.00,37.02,219459.92,b0
765271896,7,361332,0,0,29.60,93401.68,37.80,212227.98,b0
765285466,8,361378,0,0,29.33,93380.09,37.71,281550.72,b0
765274459,1,361425,0,0,27.83,93383.63,41.26,226298.34,b0
765272923,2,361471,0,0,27.95,93404.74,41.25,226148.41,b0
765271642,3,361517,0,0,28.30,93362.85,40.11,333876.75,b0
765289819,4,361563,0,0,28.56,93381.08,39.45,229647.91,b0
765281116,5,361609,0,0,29.50,93416.81,37.21,248001.94,b0
765280092,6,361655,0,0,29.46,93406.52,37.03,220167.70,b0
765271896,7,361701,0,0,29.61,93402.80,37.80,212889.81,b0
765285466,8,361747,0,0,29.34,93378.77,37.72,280855.72,b0
765274459,1,361794,0,0,27.84,93384.33,41.26,227202.13,b0
765272923,2,361840,0,0,27.96,93404.08,41.28,226749.33,b0
765271642,3,361886,0,0,28.31,93364.71,40.11,334203.66,b0
765289819,4,361932,0,0,28.57,93380.26,39.44,230734.56,b0
765281116,5,361978,0,0,29.52,93414.96,37.22,246746.98,b0
765280092,6,362024,0,0,29.47,93406.45,37.02,220025.78,b0
765271896,7,362070,0,0,29.61,93401.97,37.82,214495.19,b0
765285466,8,362116,0,0,29.35,93379.08,37.70,282015.97,b0
765274459,1,362163,0,0,27.85,93383.77,41.24,224956.06,b0
765272923,2,362209,0,0,27.98,93403.58,41.25,225252.97,b0
765271642,3,362255,0,0,28.31,93363.52,40.10,334531.19,b0
765289819,4,362301,0,0,28.60,93382.38,39.42,230423.05,b0
765281116,5,362347,0,0,29.53,93416.88,37.25,246925.48,b0
765280092,6,362393,0,0,29.49,93408.36,37.04,220025.78,b0
765271896,7,362440,0,0,29.63,93403.84,37.80,212492.22,b0
765285466,8,362486,0,0,29.35,93378.16,37.72,282015.97,b0
765274459,1,362532,0,0,27.87,93383.92,41.22,225849.14,b0
765272923,2,362578,0,0,28.01,93404.55,41.28,225998.67,b0
765271642,3,362624,0,0,28.33,93362.52,40.11,333876.75,b0
765289819,4,362670,0,0,28.61,93380.13,39.44,231517.06,b0
765281116,5,362717,0,0,29.55,93414.03,37.23,247821.88,b0
765280092,6,362763,0,0,29.49,93406.23,37.04,219742.48,b0
765271896,7,362809,0,0,29.62,93401.68,37.81,211832.84,b0
765285466,8,362855,0,0,29.37,93379.05,37.73,279705.00,b0
765274459,1,362901,0,0,27.88,93383.90,41.23,225104.42,b0
765272923,2,362947,0,0,28.02,93405.31,41.28,225401.72,b0
765271642,3,362993,0,0,28.32,93363.05,40.12,333224.88,b0
765289819,4,363040,0,0,28.63,93381.84,39.44,230112.36,b0
765281116,5,363086,0,0,29.55,93413.84,37.23,247104.25,b0
765280092,6,363132,0,0,29.48,93407.09,37.01,219318.91,b0
765271896,7,363178,0,0,29.64,93402.70,37.82,212096.11,b0
765285466,8,363224,0,0,29.37,93378.19,37.73,279247.34,b0
765274459,1,363270,0,0,27.88,93384.44,41.23,225849.14,b0
765272923,2,363317,0,0,28.03,93405.51,41.27,224807.91,b0
765271642,3,363363,0,0,28.32,93362.69,40.11,333550.50,b0
765289819,4,363409,0,0,28.62,93380.74,39.44,230890.64,b0
765281116,5,363455,0,0,29.55,93414.73,37.23,246213.03,b0
765280092,6,363501,0,0,29.49,93408.96,37.01,217918.70,b0
765271896,7,363547,0,0,29.65,93403.31,37.82,213022.67,b0
765285466,8,363593,0,0,29.37,93378.02,37.74,279475.97,b0
765274459,1,363640,0,0,27.89,93385.90,41.24,225699.80,b0
765272923,2,363686,0,0,28.03,93404.78,41.28,223923.03,b0
765271642,3,363732,0,0,28.33,93363.63,40.09,334203.66,b0
765289819,4,363778,0,0,28.62,93381.63,39.44,230578.70,b0
765281116,5,363824,0,0,29.54,93414.45,37.23,247104.25,b0
765280092,6,363870,0,0,29.49,93406.41,37.04,218197.31,b0
765271896,7,363916,0,0,29.65,93403.13,37.84,212889.81,b0
765285466,8,363962,0,0,29.38,93379.76,37.74,279475.97,b0
765274459,1,364009,0,0,27.89,93384.08,41.20,225252.97,b0
765272923,2,364055,0,0,28.02,93406.21,41.27,223923.03,b0
765271642,3,364101,0,0,28.33,93363.28,40.08,332899.88,b0
765289819,4,364147,0,0,28.62,93381.06,39.40,229339.31,b0
765281116,5,364193,0,0,29.54,93415.35,37.21,245681.38,b0
765280092,6,364239,0,0,29.49,93406.95,37.01,218057.92,b0
765271896,7,364285,0,0,29.66,93403.16,37.84,212757.11,b0
765285466,8,364332,0,0,29.39,93378.18,37.73,278563.66,b0
765274459,1,364378,0,0,27.89,93384.99,41.23,225550.66,b0
765272923,2,364424,0,0,28.01,93403.84,41.24,224807.91,b0
765271642,3,364470,0,0,28.33,93361.65,40.08,332251.78,b0
765289819,4,364516,0,0,28.60,93381.52,39.41,231046.94,b0
765281116,5,364562,0,0,29.53,93414.95,37.22,246746.98,b0
765280092,6,364609,0,0,29.49,93406.11,37.03,217918.70,b0
765271896,7,364655,0,0,29.66,93404.09,37.82,211701.47,b0
765285466,8,364701,0,0,29.40,93379.21,37.73,279705.00,b0
765274459,1,364747,0,0,27.89,93383.35,41.20,226148.41,b0
765272923,2,364793,0,0,28.00,93403.81,41.24,225401.72,b0
765271642,3,364839,0,0,28.32,93362.86,40.09,333550.50,b0
765289819,4,364886,0,0,28.60,93382.20,39.40,230423.05,b0
765281116,5,364932,0,0,29.53,93415.63,37.20,246390.77,b0
765280092,6,364978,0,0,29.50,93408.34,37.03,217779.67,b0
765271896,7,365024,0,0,29.67,93405.93,37.83,210786.33,b0
765285466,8,365070,0,0,29.40,93380.27,37.71,281550.72,b0
765274459,1,365116,0,0,27.89,93382.98,41.20,225401.72,b0
765272923,2,365162,0,0,28.00,93403.61,41.23,225401.72,b0
765271642,3,365209,0,0,28.33,93362.20,40.08,333550.50,b0
765289819,4,365255,0,0,28.59,93381.63,39.40,230578.70,b0
765281116,5,365301,0,0,29.54,93415.04,37.22,244800.38,b0
765280092,6,365347,0,0,29.50,93408.20,37.02,218057.92,b0
765271896,7,365393,0,0,29.67,93402.93,37.82,211701.47,b0
765285466,8,365439,0,0,29.41,93381.48,37.73,278336.50,b0
765274459,1,365486,0,0,27.89,93383.17,41.21,225699.80,b0
765272923,2,365532,0,0,28.00,93406.70,41.22,224364.59,b0
765271642,3,365578,0,0,28.33,93362.56,40.09,333224.88,b0
765289819,4,365624,0,0,28.58,93380.34,39.40,230578.70,b0
765281116,5,365670,0,0,29.55,93415.30,37.22,246568.75,b0
765280092,6,365716,0,0,29.50,93407.80,37.03,216949.16,b0
765271896,7,365762,0,0,29.68,93402.40,37.83,212227.98,b0
765285466,8,365808,0,0,29.40,93378.71,37.73,279934.38,b0
765274459,1,365855,0,0,27.90,93385.70,41.17,225550.66,b0
765272923,2,365901,0,0,28.00,93403.63,41.23,225998.67,b0
765271642,3,365947,0,0,28.33,93363.12,40.06,334531.19,b0
765289819,4,365993,0,0,28.60,93381.14,39.41,230578.70,b0
765281116,5,366039,0,0,29.57,93415.98,37.20,245681.38,b0
765280092,6,366085,0,0,29.51,93405.44,37.02,217087.13,b0
765271896,7,366131,0,0,29.69,93404.07,37.80,212624.58,b0
765285466,8,366177,0,0,29.40,93376.88,37.72,277883.31,b0
765274459,1,366224,0,0,27.91,93384.03,41.17,226148.41,b0
765272923,2,366270,0,0,28.01,93405.84,41.24,225104.42,b0
765271642,3,366316,0,0,28.35,93363.03,40.06,332899.88,b0
765289819,4,366362,0,0,28.60,93381.16,39.40,228571.42,b0
765281116,5,366408,0,0,29.56,93414.69,37.20,245681.38,b0
765280092,6,366454,0,0,29.51,93406.88,37.02,217502.13,b0
765271896,7,366501,0,0,29.68,93404.41,37.83,213288.89,b0
765285466,8,366547,0,0,29.40,93378.88,37.72,278109.72,b0
765274459,1,366593,0,0,27.93,93386.01,41.17,224070.02,b0
765272923,2,366639,0,0,28.03,93404.06,41.22,225252.97,b0
765271642,3,366685,0,0,28.36,93362.59,40.07,333224.88,b0
765289819,4,366731,0,0,28.63,93382.19,39.41,229031.53,b0
765281116,5,366778,0,0,29.57,93416.35,37.19,246568.75,b0
765280092,6,366824,0,0,29.52,93406.91,37.00,217640.81,b0
765271896,7,366870,0,0,29.68,93403.64,37.80,211439.19,b0
765285466,8,366916,0,0,29.41,93378.38,37.70,280164.16,b0
765274459,1,366962,0,0,27.93,93384.73,41.16,224956.06,b0
765272923,2,367008,0,0,28.05,93405.94,41.21,224364.59,b0
765271642,3,367054,0,0,28.38,93364.49,40.06,333550.50,b0
765289819,4,367101,0,0,28.63,93379.91,39.40,229647.91,b0
765281116,5,367147,0,0,29.56,93412.48,37.18,245858.34,b0
765280092,6,367193,0,0,29.52,93406.46,37.01,217502.13,b0
765271896,7,367239,0,0,29.67,93402.02,37.81,211832.84,b0
765285466,8,367285,0,0,29.41,93377.13,37.71,279705.00,b0
765274459,1,367331,0,0,27.95,93383.78,41.17,225550.66,b0
765272923,2,367378,0,0,28.06,93405.40,41.22,224659.94,b0
765271642,3,367424,0,0,28.39,93364.02,40.07,332899.88,b0
765289819,4,367470,0,0,28.66,93382.20,39.40,229802.52,b0
765281116,5,367516,0,0,29.57,93414.03,37.20,244624.94,b0
765280092,6,367562,0,0,29.53,93405.77,37.01,218336.89,b0
765271896,7,367608,0,0,29.68,93402.59,37.79,211701.47,b0
765285466,8,367654,0,0,29.41,93379.54,37.71,278791.19,b0
765274459,1,367701,0,0,27.95,93383.96,41.14,224956.06,b0
765272923,2,367747,0,0,28.06,93403.77,41.21,224512.17,b0
765271642,3,367793,0,0,28.39,93364.39,40.05,332251.78,b0
765289819,4,367839,0,0,28.66,93382.76,39.39,230734.56,b0
765281116,5,367885,0,0,29.58,93413.40,37.23,245504.67,b0
765280092,6,367931,0,0,29.53,93406.21,36.98,217363.61,b0
765271896,7,367977,0,0,29.69,93403.76,37.80,211570.25,b0
765285466,8,368023,0,0,29.42,93379.44,37.71,277657.28,b0
765274459,1,368070,0,0,27.95,93384.50,41.16,226749.33,b0
765272923,2,368116,0,0,28.07,93404.34,41.22,225252.97,b0
765271642,3,368162,0,0,28.39,93364.04,40.05,332575.50,b0
765289819,4,368208,0,0,28.66,93383.11,39.39,228724.59,b0
765281116,5,368254,0,0,29.59,93411.46,37.20,246213.03,b0
765280092,6,368300,0,0,29.54,93406.09,37.02,217363.61,b0
765271896,7,368346,0,0,29.70,93402.01,37.82,211177.56,b0
765285466,8,368393,0,0,29.43,93380.96,37.69,279019.06,b0
765274459,1,368439,0,0,27.96,93386.30,41.14,224659.94,b0
765272923,2,368485,0,0,28.07,93403.63,41.21,225252.97,b0
765271642,3,368531,0,0,28.39,93364.39,40.05,334531.19,b0
765289819,4,368577,0,0,28.67,93382.80,39.38,230578.70,b0
765281116,5,368623,0,0,29.59,93414.38,37.19,245681.38,b0
765280092,6,368669,0,0,29.53,93408.12,37.01,217918.70,b0
765271896,7,368716,0,0,29.70,93402.58,37.79,209879.08,b0
765285466,8,368762,0,0,29.44,93379.42,37.70,277431.59,b0
765274459,1,368808,0,0,27.96,93386.30,41.13,224956.06,b0
765272923,2,368854,0,0,28.08,93406.02,41.18,225252.97,b0
765271642,3,368900,0,0,28.39,93363.53,40.05,333550.50,b0
765289819,4,368946,0,0,28.68,93384.80,39.40,229802.52,b0
765281116,5,368993,0,0,29.59,93412.95,37.20,247104.25,b0
765280092,6,369039,0,0,29.53,93407.44,36.99,217640.81,b0
765271896,7,369085,0,0,29.70,93403.29,37.79,211177.56,b0
765285466,8,369131,0,0,29.43,93379.88,37.69,278336.50,b0
765274459,1,369177,0,0,27.97,93384.64,41.12,224364.59,b0
765272923,2,369223,0,0,28.09,93404.59,41.19,225104.42,b0
765271642,3,369270,0,0,28.40,93366.11,40.03,331284.38,b0
765289819,4,369316,0,0,28.68,93382.66,39.36,228571.42,b0
765281116,5,369362,0,0,29.60,93414.99,37.18,245152.02,b0
765280092,6,369408,0,0,29.53,93405.95,36.98,216673.72,b0
765271896,7,369454,0,0,29.71,93404.27,37.80,211964.39,b0
765285466,8,369500,0,0,29.43,93380.84,37.69,278109.72,b0
765274459,1,369547,0,0,27.98,93384.63,41.11,225550.66,b0
765272923,2,369593,0,0,28.09,93403.87,41.18,224807.91,b0
765271642,3,369639,0,0,28.41,93364.91,40.02,332575.50,b0
765289819,4,369685,0,0,28.69,93383.11,39.37,228113.17,b0
765281116,5,369731,0,0,29.60,93415.73,37.17,245681.38,b0
765280092,6,369777,0,0,29.53,93406.91,37.01,217502.13,b0
765271896,7,369823,0,0,29.72,93404.30,37.78,211570.25,b0
765285466,8,369869,0,0,29.45,93381.14,37.68,278563.66,b0
765274459,1,369916,0,0,27.98,93384.62,41.11,223923.03,b0
765272923,2,369962,0,0,28.10,93405.90,41.20,223190.94,b0
765271642,3,370008,0,0,28.42,93364.62,40.01,333224.88,b0
765289819,4,370054,0,0,28.70,93384.02,39.37,230267.59,b0
765281116,5,370100,0,0,29.61,93414.59,37.18,245504.67,b0
765280092,6,370146,0,0,29.53,93407.46,36.99,216949.16,b0
765271896,7,370192,0,0,29.72,93404.66,37.78,212096.11,b0
765285466,8,370238,0,0,29.44,93379.16,37.69,278336.50,b0
765274459,1,370285,0,0,28.00,93385.88,41.08,225252.97,b0
765272923,2,370331,0,0,28.11,93404.46,41.17,224364.59,b0
765271642,3,370377,0,0,28.42,93364.80,39.99,332251.78,b0
765289819,4,370423,0,0,28.70,93383.18,39.34,230578.70,b0
765281116,5,370469,0,0,29.61,93414.61,37.15,246035.56,b0
765280092,6,370515,0,0,29.54,93407.93,36.97,216124.95,b0
765271896,7,370561,0,0,29.73,93404.02,37.77,211308.30,b0
765285466,8,370608,0,0,29.45,93379.73,37.68,277657.28,b0
765274459,1,370654,0,0,28.00,93386.41,41.09,225849.14,b0
765272923,2,370700,0,0,28.11,93404.09,41.15,222753.97,b0
765271642,3,370746,0,0,28.43,93363.95,39.99,331606.22,b0
765289819,4,370792,0,0,28.71,93383.38,39.34,229493.50,b0
765281116,5,370838,0,0,29.61,93416.00,37.16,245504.67,b0
765280092,6,370885,0,0,29.54,93406.65,37.00,216949.16,b0
765271896,7,370931,0,0,29.73,93404.39,37.77,211177.56,b0
765285466,8,370977,0,0,29.45,93379.58,37.66,277657.28,b0
765274459,1,371023,0,0,28.00,93384.41,41.09,224956.06,b0
765272923,2,371069,0,0,28.11,93404.48,41.14,224070.02,b0
765271642,3,371115,0,0,28.43,93364.48,40.00,332575.50,b0
765289819,4,371162,0,0,28.70,93382.80,39.34,228724.59,b0
765281116,5,371208,0,0,29.61,93413.64,37.16,244624.94,b0
765280092,6,371254,0,0,29.55,93407.45,36.97,216673.72,b0
765271896,7,371300,0,0,29.73,93404.36,37.76,211570.25,b0
765285466,8,371346,0,0,29.45,93380.08,37.67,277657.28,b0
765274459,1,371392,0,0,28.00,93386.60,41.07,224659.94,b0
765272923,2,371438,0,0,28.10,93404.99,41.14,225401.72,b0
765271642,3,371485,0,0,28.43,93363.42,39.97,332251.78,b0
765289819,4,371531,0,0,28.70,93382.09,39.33,229493.50,b0
765281116,5,371577,0,0,29.60,93415.60,37.15,244449.75,b0
765280092,6,371623,0,0,29.53,93407.79,36.97,217363.61,b0
765271896,7,371669,0,0,29.73,93403.82,37.74,211701.47,b0
765285466,8,371715,0,0,29.44,93379.63,37.63,278109.72,b0
765274459,1,371762,0,0,27.98,93386.63,41.05,224807.91,b0
765272923,2,371808,0,0,28.10,93404.98,41.12,224956.06,b0
765271642,3,371854,0,0,28.42,93365.48,39.98,331928.69,b0
765289819,4,371900,0,0,28.69,93382.18,39.32,229339.31,b0
765281116,5,371946,0,0,29.59,93413.63,37.15,245504.67,b0
765280092,6,371992,0,0,29.52,93407.53,36.96,217502.13,b0
765271896,7,372038,0,0,29.72,93404.27,37.73,211701.47,b0
765285466,8,372084,0,0,29.44,93379.60,37.65,277883.31,b0
765274459,1,372131,0,0,27.98,93385.91,41.04,225401.72,b0
765272923,2,372177,0,0,28.09,93404.95,41.11,224807.91,b0
765271642,3,372223,0,0,28.40,93365.40,39.98,331606.22,b0
765289819,4,372269,0,0,28.68,93382.33,39.31,228877.97,b0
765281116,5,372315,0,0,29.58,93414.48,37.14,246035.56,b0
765280092,6,372361,0,0,29.52,93406.60,36.95,218057.92,b0
765271896,7,372407,0,0,29.71,93404.07,37.75,211701.47,b0
765285466,8,372453,0,0,29.44,93380.22,37.64,278336.50,b0
765274459,1,372500,0,0,27.97,93385.56,41.01,224364.59,b0
765272923,2,372546,0,0,28.08,93404.57,41.10,224512.17,b0
765271642,3,372592,0,0,28.39,93362.95,39.98,331284.38,b0
765289819,4,372638,0,0,28.67,93382.66,39.29,230578.70,b0
765281116,5,372684,0,0,29.57,93415.86,37.13,244624.94,b0
765280092,6,372730,0,0,29.51,93407.60,36.95,218057.92,b0
765271896,7,372777,0,0,29.71,93403.66,37.75,212492.22,b0
765285466,8,372823,0,0,29.44,93379.47,37.62,278109.72,b0
765274459,1,372869,0,0,27.96,93383.57,41.04,225699.80,b0
765272923,2,372915,0,0,28.09,93404.59,41.12,225550.66,b0
765271642,3,372961,0,0,28.39,93364.38,39.94,332575.50,b0
765289819,4,373007,0,0,28.67,93382.66,39.29,229957.33,b0
765281116,5,373054,0,0,29.57,93415.99,37.13,245858.34,b0
765280092,6,373100,0,0,29.51,93406.85,36.95,217087.13,b0
765271896,7,373146,0,0,29.70,93403.46,37.74,213155.70,b0
765285466,8,373192,0,0,29.44,93379.45,37.62,277657.28,b0
765274459,1,373238,0,0,27.97,93384.28,41.01,225849.14,b0
765272923,2,373284,0,0,28.09,93406.22,41.08,225401.72,b0
765271642,3,373330,0,0,28.40,93363.41,39.95,330642.56,b0
765289819,4,373377,0,0,28.67,93384.97,39.30,229031.53,b0
765281116,5,373423,0,0,29.55,93415.49,37.13,245504.67,b0
765280092,6,373469,0,0,29.51,93406.32,36.95,218197.31,b0
765271896,7,373515,0,0,29.69,93404.25,37.74,212889.81,b0
765285466,8,373561,0,0,29.43,93379.76,37.65,278336.50,b0
765274459,1,373607,0,0,27.98,93385.72,41.02,225550.66,b0
765272923,2,373654,0,0,28.09,93405.69,41.10,225401.72,b0
765271642,3,373700,0,0,28.40,93364.84,39.94,332899.88,b0
765289819,4,373746,0,0,28.66,93383.66,39.29,229957.33,b0
765281116,5,373792,0,0,29.55,93416.68,37.12,245328.22,b0
765280092,6,373838,0,0,29.51,93407.95,36.95,217640.81,b0
765271896,7,373884,0,0,29.68,93404.21,37.73,212757.11,b0
765285466,8,373930,0,0,29.43,93382.26,37.62,280164.16,b0
765274459,1,373977,0,0,27.99,93386.98,41.01,224807.91,b0
765272923,2,374023,0,0,28.10,93406.08,41.08,225104.42,b0
765271642,3,374069,0,0,28.42,93364.95,39.92,333876.75,b0
765289819,4,374115,0,0,28.67,93381.57,39.29,230112.36,b0
765281116,5,374161,0,0,29.55,93415.86,37.12,245681.38,b0
765280092,6,374207,0,0,29.51,93409.49,36.95,218616.56,b0
765271896,7,374253,0,0,29.66,93405.52,37.72,211964.39,b0
765285466,8,374299,0,0,29.40,93379.94,37.61,278791.19,b0
765274459,1,374346,0,0,28.00,93386.96,40.99,224956.06,b0
765272923,2,374392,0,0,28.12,93405.77,41.07,225252.97,b0
765271642,3,374438,0,0,28.42,93364.79,39.93,334203.66,b0
765289819,4,374484,0,0,28.68,93383.74,39.29,230423.05,b0
765281116,5,374530,0,0,29.55,93417.59,37.13,245858.34,b0
765280092,6,374576,0,0,29.50,93407.81,36.95,218197.31,b0
765271896,7,374622,0,0,29.64,93404.27,37.72,212624.58,b0
765285466,8,374669,0,0,29.37,93379.99,37.60,279705.00,b0
765274459,1,374715,0,0,27.98,93385.17,40.99,225998.67,b0
765272923,2,374761,0,0,28.12,93407.77,41.07,225849.14,b0
765271642,3,374807,0,0,28.39,93364.26,39.93,334203.66,b0
765289819,4,374853,0,0,28.66,93383.48,39.27,229802.52,b0
765281116,5,374899,0,0,29.52,93417.33,37.13,246568.75,b0
765280092,6,374946,0,0,29.47,93407.52,36.94,218057.92,b0
765271896,7,374992,0,0,29.63,93406.00,37.72,212360.02,b0
765285466,8,375038,0,0,29.36,93379.52,37.60,279705.00,b0
765274459,1,375084,0,0,27.95,93384.32,40.98,225998.67,b0
765272923,2,375130,0,0,28.09,93405.49,41.06,225550.66,b0
765271642,3,375176,0,0,28.37,93363.41,39.92,334203.66,b0
765289819,4,375223,0,0,28.65,93384.66,39.26,230734.56,b0
765281116,5,375269,0,0,29.50,93416.07,37.12,246213.03,b0
765280092,6,375315,0,0,29.46,93407.59,36.93,218336.89,b0
765271896,7,375361,0,0,29.63,93404.37,37.71,212757.11,b0
765285466,8,375407,0,0,29.36,93378.60,37.60,279019.06,b0
765274459,1,375453,0,0,27.93,93386.17,40.96,224807.91,b0
765272923,2,375499,0,0,28.06,93404.16,41.05,225104.42,b0
765271642,3,375546,0,0,28.36,93363.83,39.90,333876.75,b0
765289819,4,375592,0,0,28.65,93383.95,39.26,231203.44,b0
765281116,5,375638,0,0,29.49,93415.66,37.12,246568.75,b0
765280092,6,375684,0,0,29.46,93407.41,36.95,218336.89,b0
765271896,7,375730,0,0,29.62,93403.61,37.71,211701.47,b0
765285466,8,375776,0,0,29.37,93379.21,37.61,279934.38,b0
765274459,1,375823,0,0,27.93,93385.64,40.96,226148.41,b0
765272923,2,375869,0,0,28.06,93405.07,41.02,225401.72,b0
765271642,3,375915,0,0,28.35,93362.15,39.90,332899.88,b0
765289819,4,375961,0,0,28.64,93383.52,39.26,231046.94,b0
765281116,5,376007,0,0,29.51,93418.73,37.11,246568.75,b0
765280092,6,376053,0,0,29.47,93407.84,36.94,217779.67,b0
765271896,7,376099,0,0,29.63,93403.49,37.73,213555.78,b0
765285466,8,376145,0,0,29.37,93380.35,37.61,279934.38,b0
765274459,1,376192,0,0,27.93,93385.26,40.96,224070.02,b0
765272923,2,376238,0,0,28.07,93403.80,41.05,226598.81,b0
765271642,3,376284,0,0,28.35,93362.52,39.90,333550.50,b0
765289819,4,376330,0,0,28.63,93381.48,39.25,229647.91,b0
765281116,5,376376,0,0,29.52,93414.96,37.13,247104.25,b0
765280092,6,376422,0,0,29.48,93408.67,36.95,220452.09,b0
765271896,7,376468,0,0,29.64,93403.78,37.72,211177.56,b0
765285466,8,376514,0,0,29.38,93381.52,37.61,281318.69,b0
765274459,1,376561,0,0,27.94,93384.34,40.96,225104.42,b0
765272923,2,376607,0,0,28.07,93406.91,41.04,225550.66,b0
765271642,3,376653,0,0,28.36,93361.84,39.91,336178.59,b0
765289819,4,376699,0,0,28.63,93382.93,39.26,229647.91,b0
765281116,5,376745,0,0,29.51,93416.72,37.14,245681.38,b0
765280092,6,376791,0,0,29.48,93407.78,36.95,218896.97,b0
765271896,7,376838,0,0,29.65,93403.10,37.72,213155.70,b0
765285466,8,376884,0,0,29.38,93379.14,37.62,281783.16,b0
765274459,1,376930,0,0,27.95,93384.13,40.97,224659.94,b0
765272923,2,376976,0,0,28.08,93404.38,41.04,225998.67,b0
765271642,3,377022,0,0,28.36,93363.12,39.91,333550.50,b0
765289819,4,377068,0,0,28.63,93382.58,39.25,230578.70,b0
765281116,5,377115,0,0,29.50,93415.75,37.12,246213.03,b0
765280092,6,377161,0,0,29.47,93405.53,36.95,219459.92,b0
765271896,7,377207,0,0,29.64,93403.21,37.75,213555.78,b0
765285466,8,377253,0,0,29.37,93379.46,37.62,280394.31,b0
765274459,1,377299,0,0,27.94,93382.88,40.95,225550.66,b0
765272923,2,377345,0,0,28.09,93404.76,41.03,225550.66,b0
765271642,3,377391,0,0,28.37,93363.55,39.92,335517.69,b0
765289819,4,377438,0,0,28.64,93382.98,39.24,230578.70,b0
765281116,5,377484,0,0,29.52,93416.61,37.12,246925.48,b0
765280092,6,377530,0,0,29.49,93408.25,36.96,219318.91,b0
765271896,7,377576,0,0,29.63,93402.77,37.72,214225.94,b0
765285466,8,377622,0,0,29.35,93378.47,37.62,280394.31,b0
765274459,1,377668,0,0,27.95,93385.77,40.96,227656.73,b0
765272923,2,377715,0,0,28.10,93405.36,41.02,226298.34,b0
765271642,3,377761,0,0,28.38,93363.63,39.91,334531.19,b0
765289819,4,377807,0,0,28.66,93383.62,39.25,228877.97,b0
765281116,5,377853,0,0,29.51,93415.48,37.14,247104.25,b0
765280092,6,377899,0,0,29.49,93407.37,36.94,219459.92,b0
765271896,7,377945,0,0,29.61,93402.50,37.73,213555.78,b0
765285466,8,377991,0,0,29.35,93379.05,37.62,279705.00,b0
765274459,1,378038,0,0,27.96,93384.66,40.95,225104.42,b0
765272923,2,378084,0,0,28.10,93402.44,41.03,225104.42,b0
765271642,3,378130,0,0,28.39,93364.78,39.92,333224.88,b0
765289819,4,378176,0,0,28.67,93381.39,39.26,230890.64,b0
765281116,5,378222,0,0,29.52,93414.96,37.12,246213.03,b0
765280092,6,378268,0,0,29.50,93407.66,36.94,219318.91,b0
765271896,7,378314,0,0,29.63,93403.66,37.75,211570.25,b0
765285466,8,378360,0,0,29.35,93378.16,37.61,282482.75,b0
765274459,1,378407,0,0,27.97,93386.28,40.96,227505.00,b0
765272923,2,378453,0,0,28.09,93404.23,41.04,226148.41,b0
765271642,3,378499,0,0,28.39,93364.02,39.91,333876.75,b0
765289819,4,378545,0,0,28.66,93381.68,39.25,230423.05,b0
765281116,5,378591,0,0,29.51,93414.71,37.13,246390.77,b0
765280092,6,378637,0,0,29.50,93407.26,36.94,217918.70,b0
765271896,7,378683,0,0,29.63,93402.44,37.74,213022.67,b0
765285466,8,378730,0,0,29.37,93379.62,37.63,279705.00,b0
765274459,1,378776,0,0,27.96,93383.38,40.96,226148.41,b0
765272923,2,378822,0,0,28.09,93405.33,41.01,224956.06,b0
765271642,3,378868,0,0,28.38,93363.09,39.91,331606.22,b0
765289819,4,378914,0,0,28.66,93384.18,39.25,230423.05,b0
765281116,5,378960,0,0,29.51,93417.46,37.14,246925.48,b0
765280092,6,379007,0,0,29.49,93407.02,36.96,218896.97,b0
765271896,7,379053,0,0,29.63,93402.61,37.72,211964.39,b0
765285466,8,379099,0,0,29.38,93379.20,37.64,280164.16,b0
765274459,1,379145,0,0,27.96,93385.76,40.95,225401.72,b0
765272923,2,379191,0,0,28.09,93404.96,41.02,226298.34,b0
765271642,3,379237,0,0,28.38,93363.46,39.89,333224.88,b0
765289819,4,379283,0,0,28.66,93382.73,39.26,230423.05,b0
765281116,5,379330,0,0,29.51,93415.97,37.14,246746.98,b0
765280092,6,379376,0,0,29.50,93409.70,36.94,218616.56,b0
765271896,7,379422,0,0,29.63,93402.27,37.76,213957.38,b0
765285466,8,379468,0,0,29.39,93381.21,37.64,280164.16,b0
765274459,1,379514,0,0,27.94,93384.16,40.93,225998.67,b0
765272923,2,379560,0,0,28.08,93405.48,41.01,226298.34,b0
765271642,3,379607,0,0,28.38,93363.08,39.91,334203.66,b0
765289819,4,379653,0,0,28.65,93383.59,39.25,230890.64,b0
765281116,5,379699,0,0,29.50,93416.09,37.13,247462.55,b0
765280092,6,379745,0,0,29.49,93407.53,36.94,218616.56,b0
765271896,7,379791,0,0,29.63,93402.44,37.76,213288.89,b0
765285466,8,379837,0,0,29.38,93380.84,37.65,280624.84,b0
765274459,1,379884,0,0,27.95,93384.88,40.95,225849.14,b0
765272923,2,379930,0,0,28.08,93404.91,41.01,225849.14,b0
765271642,3,379976,0,0,28.38,93362.20,39.89,335188.22,b0
765289819,4,380022,0,0,28.64,93381.92,39.25,230578.70,b0
765281116,5,380068,0,0,29.49,93415.66,37.14,246390.77,b0
765280092,6,380114,0,0,29.50,93408.73,36.97,218616.56,b0
765271896,7,380160,0,0,29.64,93403.21,37.74,213155.70,b0
765285466,8,380206,0,0,29.39,93378.63,37.66,280164.16,b0
765274459,1,380253,0,0,27.95,93384.87,40.94,227353.47,b0
765272923,2,380299,0,0,28.07,93404.54,41.01,226148.41,b0
765271642,3,380345,0,0,28.39,93364.20,39.91,333224.88,b0
765289819,4,380391,0,0,28.65,93381.79,39.25,230267.59,b0
765281116,5,380437,0,0,29.51,93417.95,37.15,248362.84,b0
765280092,6,380483,0,0,29.49,93407.66,36.95,220167.70,b0
765271896,7,380529,0,0,29.64,93403.77,37.76,213155.70,b0
765285466,8,380575,0,0,29.39,93380.02,37.64,282482.75,b0
765274459,1,380622,0,0,27.95,93385.60,40.93,226148.41,b0
765272923,2,380668,0,0,28.06,93406.14,40.99,225252.97,b0
765271642,3,380714,0,0,28.37,93364.84,39.89,333224.88,b0
765289819,4,380760,0,0,28.62,93380.55,39.25,229493.50,b0
765281116,5,380806,0,0,29.49,93415.79,37.14,247283.27,b0
765280092,6,380852,0,0,29.48,93408.11,36.95,217918.70,b0
765271896,7,380899,0,0,29.64,93403.23,37.77,211832.84,b0
765285466,8,380945,0,0,29.39,93378.71,37.66,281087.03,b0
765274459,1,380991,0,0,27.93,93386.00,40.93,225998.67,b0
765272923,2,381037,0,0,28.05,93403.02,41.02,227051.00,b0
765271642,3,381083,0,0,28.36,93363.83,39.90,333224.88,b0
765289819,4,381129,0,0,28.62,93380.92,39.25,230267.59,b0
765281116,5,381176,0,0,29.50,93416.43,37.16,244274.81,b0
765280092,6,381222,0,0,29.48,93406.67,36.95,219178.08,b0
765271896,7,381268,0,0,29.64,93401.83,37.78,213022.67,b0
765285466,8,381314,0,0,29.39,93380.02,37.64,280624.84,b0
765274459,1,381360,0,0,27.92,93385.84,40.93,225998.67,b0
765272923,2,381406,0,0,28.06,93405.22,41.01,225998.67,b0
765271642,3,381452,0,0,28.36,93362.21,39.90,332899.88,b0
765289819,4,381499,0,0,28.63,93382.58,39.25,231517.06,b0
765281116,5,381545,0,0,29.51,93416.87,37.15,247462.55,b0
765280092,6,381591,0,0,29.48,93407.21,36.97,219178.08,b0
765271896,7,381637,0,0,29.65,93403.31,37.78,213823.34,b0
765285466,8,381683,0,0,29.40,93379.76,37.64,281087.03,b0
765274459,1,381729,0,0,27.94,93384.72,40.95,227353.47,b0
765272923,2,381776,0,0,28.07,93404.37,41.01,225550.66,b0
765271642,3,381822,0,0,28.37,93363.59,39.89,334531.19,b0
765289819,4,381868,0,0,28.66,93382.37,39.24,230112.36,b0
765281116,5,381914,0,0,29.51,93413.13,37.16,246746.98,b0
765280092,6,381960,0,0,29.48,93406.38,36.94,218756.67,b0
765271896,7,382006,0,0,29.67,93404.13,37.77,211701.47,b0
765285466,8,382052,0,0,29.40,93379.21,37.65,279934.38,b0
765274459,1,382099,0,0,27.94,93384.88,40.93,226598.81,b0
765272923,2,382145,0,0,28.10,93406.25,41.00,225104.42,b0
765271642,3,382191,0,0,28.38,93363.29,39.91,333224.88,b0
765289819,4,382237,0,0,28.68,93383.55,39.27,230890.64,b0
765281116,5,382283,0,0,29.54,93415.16,37.17,246035.56,b0
765280092,6,382329,0,0,29.50,93407.40,36.95,218616.56,b0
765271896,7,382375,0,0,29.68,93404.18,37.77,212889.81,b0
765285466,8,382421,0,0,29.41,93381.45,37.66,279705.00,b0
765274459,1,382468,0,0,27.95,93386.51,40.94,225252.97,b0
765272923,2,382514,0,0,28.11,93404.65,41.04,224364.59,b0
765271642,3,382560,0,0,28.40,93364.83,39.93,332251.78,b0
765289819,4,382606,0,0,28.70,93384.55,39.27,229339.31,b0
765281116,5,382652,0,0,29.55,93414.95,37.19,246568.75,b0
765280092,6,382698,0,0,29.51,93408.57,36.97,220737.23,b0
765271896,7,382744,0,0,29.69,93403.20,37.78,212624.58,b0
765285466,8,382791,0,0,29.42,93379.08,37.66,281087.03,b0
765274459,1,382837,0,0,27.97,93386.65,40.95,225252.97,b0
765272923,2,382883,0,0,28.12,93404.67,41.03,223629.61,b0
765271642,3,382929,0,0,28.40,93366.09,39.90,333550.50,b0
765289819,4,382975,0,0,28.70,93384.21,39.27,229647.91,b0
765281116,5,383021,0,0,29.56,93416.47,37.18,245858.34,b0
765280092,6,383068,0,0,29.52,93407.80,36.97,218057.92,b0
765271896,7,383114,0,0,29.70,93405.25,37.79,212096.11,b0
765285466,8,383160,0,0,29.43,93379.76,37.68,279019.06,b0
765274459,1,383206,0,0,27.97,93386.48,40.97,226298.34,b0
765272923,2,383252,0,0,28.11,93406.11,41.03,224364.59,b0
765271642,3,383298,0,0,28.41,93364.18,39.94,332899.88,b0
765289819,4,383345,0,0,28.70,93382.96,39.30,230578.70,b0
765281116,5,383391,0,0,29.56,93415.73,37.20,246746.98,b0
765280092,6,383437,0,0,29.52,93407.83,36.99,218896.97,b0
765271896,7,383483,0,0,29.72,93404.80,37.79,211701.47,b0
765285466,8,383529,0,0,29.44,93379.98,37.68,278791.19,b0
765274459,1,383575,0,0,27.97,93385.20,40.95,226448.47,b0
765272923,2,383621,0,0,28.12,93405.58,41.04,226148.41,b0
765271642,3,383668,0,0,28.41,93365.95,39.93,333550.50,b0
765289819,4,383714,0,0,28.70,93384.23,39.27,229493.50,b0
765281116,5,383760,0,0,29.56,93416.47,37.21,246035.56,b0
765280092,6,383806,0,0,29.53,93409.69,36.99,217918.70,b0
765271896,7,383852,0,0,29.70,93404.69,37.81,212227.98,b0
765285466,8,383898,0,0,29.44,93382.68,37.69,278336.50,b0
765274459,1,383945,0,0,27.97,93384.46,40.95,225104.42,b0
765272923,2,383991,0,0,28.12,93405.04,41.03,224956.06,b0
765271642,3,384037,0,0,28.41,93364.40,39.93,333224.88,b0
765289819,4,384083,0,0,28.70,93382.27,39.30,230734.56,b0
765281116,5,384129,0,0,29.55,93417.80,37.20,245328.22,b0
765280092,6,384175,0,0,29.53,93407.02,36.99,218616.56,b0
765271896,7,384221,0,0,29.68,93403.47,37.80,212360.02,b0
765285466,8,384267,0,0,29.43,93380.41,37.67,280624.84,b0
765274459,1,384314,0,0,27.98,93386.99,40.97,224807.91,b0
765272923,2,384360,0,0,28.13,93405.05,41.03,226448.47,b0
765271642,3,384406,0,0,28.42,93365.87,39.93,334531.19,b0
765289819,4,384452,0,0,28.71,93382.50,39.29,229493.50,b0
765281116,5,384498,0,0,29.55,93416.17,37.21,246568.75,b0
765280092,6,384544,0,0,29.52,93408.55,37.01,218616.56,b0
765271896,7,384590,0,0,29.67,93403.77,37.80,212096.11,b0
765285466,8,384636,0,0,29.43,93378.61,37.69,278563.66,b0
765274459,1,384683,0,0,27.98,93386.81,40.97,225252.97,b0
765272923,2,384729,0,0,28.13,93406.34,41.04,224807.91,b0
765271642,3,384775,0,0,28.41,93364.00,39.93,332899.88,b0
765289819,4,384821,0,0,28.70,93382.44,39.28,229185.31,b0
765281116,5,384867,0,0,29.55,93416.32,37.20,245858.34,b0
765280092,6,384913,0,0,29.52,93408.71,36.99,217918.70,b0
765271896,7,384960,0,0,29.67,93402.88,37.81,212096.11,b0
765285466,8,385006,0,0,29.43,93378.97,37.67,277883.31,b0
765274459,1,385052,0,0,27.96,93386.85,40.97,226148.41,b0
765272923,2,385098,0,0,28.11,93404.48,41.03,225401.72,b0
765271642,3,385144,0,0,28.40,93363.74,39.92,333876.75,b0
765289819,4,385190,0,0,28.68,93382.71,39.27,229802.52,b0
765281116,5,385237,0,0,29.54,93413.55,37.20,245504.67,b0
765280092,6,385283,0,0,29.51,93407.57,37.00,217502.13,b0
765271896,7,385329,0,0,29.67,93402.52,37.80,211701.47,b0
765285466,8,385375,0,0,29.43,93381.11,37.69,278791.19,b0
765274459,1,385421,0,0,27.95,93385.23,40.96,225849.14,b0
765272923,2,385467,0,0,28.10,93404.43,41.03,224807.91,b0
765271642,3,385513,0,0,28.40,93365.18,39.94,332251.78,b0
765289819,4,385560,0,0,28.69,93383.27,39.28,228418.47,b0
765281116,5,385606,0,0,29.53,93418.17,37.21,246213.03,b0
765280092,6,385652,0,0,29.50,93407.46,37.00,217918.70,b0
765271896,7,385698,0,0,29.64,93402.72,37.81,212757.11,b0
765285466,8,385744,0,0,29.41,93380.16,37.67,278791.19,b0
765274459,1,385790,0,0,27.95,93384.88,40.96,225104.42,b0
765272923,2,385837,0,0,28.09,93404.60,41.03,224807.91,b0
765271642,3,385883,0,0,28.40,93364.81,39.92,332575.50,b0
765289819,4,385929,0,0,28.69,93383.09,39.27,230112.36,b0
765281116,5,385975,0,0,29.52,93418.05,37.20,246746.98,b0
765280092,6,386021,0,0,29.49,93406.59,37.00,218476.64,b0
765271896,7,386067,0,0,29.64,93403.42,37.80,211701.47,b0
765285466,8,386113,0,0,29.40,93380.64,37.67,280394.31,b0
765274459,1,386160,0,0,27.93,93386.37,40.96,225998.67,b0
765272923,2,386206,0,0,28.08,93405.30,41.00,224956.06,b0
765271642,3,386252,0,0,28.38,93365.40,39.92,333550.50,b0
765289819,4,386298,0,0,28.68,93383.02,39.27,229802.52,b0
765281116,5,386344,0,0,29.50,93417.53,37.21,245681.38,b0
765280092,6,386390,0,0,29.47,93408.59,36.99,219178.08,b0
765271896,7,386436,0,0,29.63,93404.75,37.78,211177.56,b0
765285466,8,386482,0,0,29.38,93380.09,37.66,279705.00,b0
765274459,1,386529,0,0,27.93,93385.09,40.96,224807.91,b0
765272923,2,386575,0,0,28.08,93405.64,41.01,225104.42,b0
765271642,3,386621,0,0,28.36,93364.23,39.93,332899.88,b0
765289819,4,386667,0,0,28.66,93382.95,39.27,229957.33,b0
765281116,5,386713,0,0,29.49,93416.30,37.19,245681.38,b0
765280092,6,386759,0,0,29.46,93408.22,36.98,219037.44,b0
765271896,7,386805,0,0,29.62,93403.05,37.79,211570.25,b0
765285466,8,386852,0,0,29.37,93379.44,37.66,279247.34,b0
765274459,1,386898,0,0,27.93,93384.53,40.95,225401.72,b0
765272923,2,386944,0,0,28.08,93404.75,41.02,224659.94,b0
765271642,3,386990,0,0,28.35,93362.70,39.91,333224.88,b0
765289819,4,387036,0,0,28.65,93382.87,39.25,229957.33,b0
765281116,5,387082,0,0,29.47,93416.73,37.18,244624.94,b0
765280092,6,387129,0,0,29.45,93407.75,36.99,218057.92,b0
765271896,7,387175,0,0,29.62,93402.35,37.80,213022.67,b0
765285466,8,387221,0,0,29.38,93378.08,37.65,279475.97,b0
765274459,1,387267,0,0,27.93,93384.73,40.95,226900.06,b0
765272923,2,387313,0,0,28.07,93405.09,41.00,224659.94,b0
765271642,3,387359,0,0,28.35,93361.96,39.90,333224.88,b0
765289819,4,387406,0,0,28.63,93383.48,39.25,228418.47,b0
765281116,5,387452,0,0,29.47,93417.77,37.19,246746.98,b0
765280092,6,387498,0,0,29.44,93406.65,36.99,219178.08,b0
765271896,7,387544,0,0,29.62,93402.02,37.80,211177.56,b0
765285466,8,387590,0,0,29.38,93379.02,37.66,279934.38,b0
765274459,1,387636,0,0,27.93,93385.45,40.95,225849.14,b0
765272923,2,387682,0,0,28.06,93403.77,41.00,226598.81,b0
765271642,3,387729,0,0,28.34,93362.61,39.90,332575.50,b0
765289819,4,387775,0,0,28.62,93383.03,39.25,230890.64,b0
765281116,5,387821,0,0,29.47,93418.83,37.21,247104.25,b0
765280092,6,387867,0,0,29.44,93405.92,36.98,218616.56,b0
765271896,7,387913,0,0,29.62,93404.16,37.79,212227.98,b0
765285466,8,387959,0,0,29.38,93378.34,37.66,279705.00,b0
765274459,1,388006,0,0,27.90,93385.15,40.95,226148.41,b0
765272923,2,388052,0,0,28.04,93405.19,41.03,225550.66,b0
765271642,3,388098,0,0,28.33,93365.56,39.90,334531.19,b0
765289819,4,388144,0,0,28.60,93380.09,39.25,230890.64,b0
765281116,5,388190,0,0,29.45,93417.20,37.21,246746.98,b0
765280092,6,388236,0,0,29.43,93408.07,37.00,218616.56,b0
765271896,7,388282,0,0,29.60,93404.01,37.81,213155.70,b0
765285466,8,388328,0,0,29.38,93378.61,37.66,279475.97,b0
765274459,1,388375,0,0,27.87,93384.10,40.95,225998.67,b0
765272923,2,388421,0,0,28.02,93402.57,41.00,224956.06,b0
765271642,3,388467,0,0,28.31,93362.93,39.90,332575.50,b0
765289819,4,388513,0,0,28.58,93382.30,39.22,230890.64,b0
765281116,5,388559,0,0,29.40,93418.63,37.19,247462.55,b0
765280092,6,388605,0,0,29.40,93407.95,36.99,218756.67,b0
765271896,7,388651,0,0,29.57,93401.84,37.80,212757.11,b0
765285466,8,388697,0,0,29.35,93380.64,37.65,280164.16,b0
765274459,1,388744,0,0,27.85,93383.77,40.95,225550.66,b0
765272923,2,388790,0,0,27.99,93405.42,40.99,225401.72,b0
765271642,3,388836,0,0,28.30,93363.05,39.89,332899.88,b0
765289819,4,388882,0,0,28.57,93382.05,39.26,231203.44,b0
765281116,5,388928,0,0,29.40,93418.20,37.19,246925.48,b0
765280092,6,388974,0,0,29.39,93407.90,36.98,218057.92,b0
765271896,7,389021,0,0,29.57,93402.93,37.79,212757.11,b0
765285466,8,389067,0,0,29.35,93379.59,37.66,279934.38,b0
765274459,1,389113,0,0,27.86,93383.77,40.95,226749.33,b0
765272923,2,389159,0,0,27.99,93405.41,40.98,225849.14,b0
765271642,3,389205,0,0,28.29,93360.88,39.91,333876.75,b0
765289819,4,389251,0,0,28.57,93380.59,39.26,231360.14,b0
765281116,5,389298,0,0,29.42,93418.01,37.19,246213.03,b0
765280092,6,389344,0,0,29.40,93407.47,37.00,219318.91,b0
765271896,7,389390,0,0,29.59,93402.48,37.81,212757.11,b0
765285466,8,389436,0,0,29.37,93379.77,37.65,280394.31,b0
765274459,1,389482,0,0,27.86,93383.93,40.95,226598.81,b0
765272923,2,389528,0,0,27.99,93404.85,41.01,225998.67,b0
765271642,3,389574,0,0,28.31,93363.10,39.92,334203.66,b0
765289819,4,389621,0,0,28.58,93380.31,39.26,229647.91,b0
765281116,5,389667,0,0,29.44,93418.75,37.22,247104.25,b0
765280092,6,389713,0,0,29.42,93407.66,37.00,220025.78,b0
765271896,7,389759,0,0,29.60,93402.27,37.81,213555.78,b0
765285466,8,389805,0,0,29.38,93377.36,37.66,280164.16,b0
765274459,1,389851,0,0,27.87,93383.75,40.95,224956.06,b0
765272923,2,389898,0,0,27.99,93403.97,41.00,225998.67,b0
765271642,3,389944,0,0,28.31,93361.68,39.92,333876.75,b0
765289819,4,389990,0,0,28.59,93381.07,39.25,231360.14,b0
765281116,5,390036,0,0,29.43,93417.08,37.23,245858.34,b0
765280092,6,390082,0,0,29.43,93406.29,37.00,219178.08,b0
765271896,7,390128,0,0,29.60,93401.55,37.81,212492.22,b0
765285466,8,390174,0,0,29.38,93378.30,37.66,281783.16,b0
765274459,1,390221,0,0,27.87,93384.48,40.98,225252.97,b0
765272923,2,390267,0,0,28.00,93402.70,40.99,226598.81,b0
765271642,3,390313,0,0,28.32,93362.86,39.94,334203.66,b0
765289819,4,390359,0,0,28.60,93381.30,39.25,231517.06,b0
765281116,5,390405,0,0,29.44,93415.66,37.22,248001.94,b0
765280092,6,390451,0,0,29.44,93406.58,37.02,218756.67,b0
765271896,7,390497,0,0,29.61,93403.02,37.82,213422.27,b0
765285466,8,390543,0,0,29.39,93378.09,37.67,280394.31,b0
765274459,1,390590,0,0,27.86,93382.48,40.98,226900.06,b0
765272923,2,390636,0,0,28.01,93405.99,41.02,225550.66,b0
765271642,3,390682,0,0,28.33,93360.43,39.94,334531.19,b0
765289819,4,390728,0,0,28.61,93378.18,39.27,231046.94,b0
765281116,5,390774,0,0,29.46,93415.31,37.23,247821.88,b0
765280092,6,390820,0,0,29.45,93406.41,37.02,218336.89,b0
765271896,7,390866,0,0,29.62,93401.86,37.83,212096.11,b0
765285466,8,390913,0,0,29.41,93379.10,37.67,279934.38,b0
765274459,1,390959,0,0,27.87,93382.84,40.97,225849.14,b0
765272923,2,391005,0,0,28.00,93402.52,41.03,224217.20,b0
765271642,3,391051,0,0,28.34,93362.98,39.94,334203.66,b0
765289819,4,391097,0,0,28.63,93381.67,39.29,231360.14,b0
765281116,5,391143,0,0,29.48,93415.49,37.23,245152.02,b0
765280092,6,391190,0,0,29.45,93404.63,37.04,217640.81,b0
765271896,7,391236,0,0,29.64,93402.36,37.82,211964.39,b0
765285466,8,391282,0,0,29.41,93378.27,37.67,280394.31,b0
765274459,1,391328,0,0,27.87,93384.10,40.97,226448.47,b0
765272923,2,391374,0,0,28.01,93402.92,41.03,225401.72,b0
765271642,3,391420,0,0,28.35,93362.15,39.93,333876.75,b0
765289819,4,391466,0,0,28.64,93381.04,39.28,229493.50,b0
765281116,5,391513,0,0,29.49,93416.18,37.25,246568.75,b0
765280092,6,391559,0,0,29.47,93408.38,37.02,218896.97,b0
765271896,7,391605,0,0,29.65,93402.41,37.84,212360.02,b0
765285466,8,391651,0,0,29.43,93379.14,37.67,279247.34,b0
765274459,1,391697,0,0,27.89,93384.80,40.99,226900.06,b0
765272923,2,391743,0,0,28.04,93403.35,41.06,225401.72,b0
765271642,3,391790,0,0,28.36,93361.15,39.94,332251.78,b0
765289819,4,391836,0,0,28.65,93380.38,39.28,229957.33,b0
765281116,5,391882,0,0,29.51,93416.13,37.25,246746.98,b0
765280092,6,391928,0,0,29.48,93406.47,37.02,218057.92,b0
765271896,7,391974,0,0,29.67,93402.70,37.83,212360.02,b0
765285466,8,392020,0,0,29.43,93379.40,37.66,278563.66,b0
765274459,1,392067,0,0,27.91,93384.58,40.99,226298.34,b0
765272923,2,392113,0,0,28.06,93402.88,41.05,225998.67,b0
765271642,3,392159,0,0,28.38,93363.10,39.95,333550.50,b0
765289819,4,392205,0,0,28.67,93381.73,39.28,230423.05,b0
765281116,5,392251,0,0,29.52,93413.88,37.25,246213.03,b0
765280092,6,392297,0,0,29.49,93406.64,37.03,218616.56,b0
765271896,7,392343,0,0,29.68,93403.47,37.83,212624.58,b0
765285466,8,392389,0,0,29.44,93379.27,37.68,277883.31,b0
765274459,1,392436,0,0,27.93,93384.73,40.99,224956.06,b0
765272923,2,392482,0,0,28.08,93403.65,41.05,224807.91,b0
765271642,3,392528,0,0,28.40,93363.74,39.95,333224.88,b0
765289819,4,392574,0,0,28.69,93381.46,39.29,229957.33,b0
765281116,5,392620,0,0,29.53,93411.29,37.27,246746.98,b0
765280092,6,392666,0,0,29.49,93407.35,37.04,217779.67,b0
765271896,7,392712,0,0,29.67,93402.16,37.83,212227.98,b0
765285466,8,392758,0,0,29.44,93380.05,37.66,279019.06,b0
765274459,1,392805,0,0,27.95,93382.51,40.99,225550.66,b0
765272923,2,392851,0,0,28.10,93400.98,41.06,224956.06,b0
765271642,3,392897,0,0,28.41,93363.63,39.94,333224.88,b0
765289819,4,392943,0,0,28.70,93380.81,39.28,229031.53,b0
765281116,5,392989,0,0,29.54,93412.27,37.26,246035.56,b0
765280092,6,393035,0,0,29.50,93404.38,37.03,218616.56,b0
765271896,7,393082,0,0,29.66,93402.67,37.84,211964.39,b0
765285466,8,393128,0,0,29.43,93377.62,37.67,279247.34,b0
765274459,1,393174,0,0,27.96,93382.84,41.01,224364.59,b0
765272923,2,393220,0,0,28.12,93404.31,41.06,224512.17,b0
765271642,3,393266,0,0,28.42,93364.43,39.96,330963.16,b0
765289819,4,393312,0,0,28.70,93380.14,39.28,229647.91,b0
765281116,5,393358,0,0,29.55,93413.65,37.25,245504.67,b0
765280092,6,393405,0,0,29.51,93406.26,37.04,217502.13,b0
765271896,7,393451,0,0,29.66,93402.67,37.82,211964.39,b0
765285466,8,393497,0,0,29.44,93375.68,37.67,278336.50,b0
765274459,1,393543,0,0,27.97,93382.83,41.03,223190.94,b0
765272923,2,393589,0,0,28.13,93404.34,41.05,223923.03,b0
765271642,3,393635,0,0,28.42,93364.80,39.93,331284.38,b0
765289819,4,393682,0,0,28.72,93382.01,39.29,228724.59,b0
765281116,5,393728,0,0,29.55,93411.89,37.26,244976.08,b0
765280092,6,393774,0,0,29.51,93404.66,37.03,217640.81,b0
765271896,7,393820,0,0,29.66,93402.67,37.81,211832.84,b0
765285466,8,393866,0,0,29.44,93377.73,37.66,277657.28,b0
765274459,1,393912,0,0,27.98,93383.17,41.00,223776.22,b0
765272923,2,393959,0,0,28.13,93402.88,41.05,224364.59,b0
765271642,3,394005,0,0,28.42,93364.26,39.95,330642.56,b0
765289819,4,394051,0,0,28.72,93382.40,39.28,227808.67,b0
765281116,5,394097,0,0,29.55,93411.89,37.25,245858.34,b0
765280092,6,394143,0,0,29.51,93405.05,37.03,216949.16,b0
765271896,7,394189,0,0,29.66,93402.80,37.81,211439.19,b0
765285466,8,394235,0,0,29.44,93379.63,37.66,276756.75,b0
765274459,1,394282,0,0,27.97,93382.47,40.98,224956.06,b0
765272923,2,394328,0,0,28.13,93401.98,41.05,225104.42,b0
765271642,3,394374,0,0,28.42,93364.29,39.95,330322.59,b0
765289819,4,394420,0,0,28.72,93381.33,39.29,229031.53,b0
765281116,5,394466,0,0,29.56,93412.34,37.25,244976.08,b0
765280092,6,394512,0,0,29.51,93406.85,37.02,217363.61,b0
765271896,7,394558,0,0,29.67,93403.58,37.81,212360.02,b0
765285466,8,394604,0,0,29.43,93379.76,37.66,277883.31,b0
765274459,1,394651,0,0,27.97,93383.92,40.99,224217.20,b0
765272923,2,394697,0,0,28.13,93404.16,41.06,223629.61,b0
765271642,3,394743,0,0,28.43,93364.16,39.93,329048.84,b0
765289819,4,394789,0,0,28.72,93379.88,39.27,229031.53,b0
765281116,5,394835,0,0,29.57,93414.58,37.23,245152.02,b0
765280092,6,394881,0,0,29.51,93407.42,37.03,216536.27,b0
765271896,7,394927,0,0,29.67,93402.70,37.81,211177.56,b0
765285466,8,394974,0,0,29.43,93378.87,37.66,276756.75,b0
765274459,1,395020,0,0,27.98,93382.99,41.00,224364.59,b0
765272923,2,395066,0,0,28.13,93403.80,41.04,223190.94,b0
765271642,3,395112,0,0,28.43,93363.98,39.95,329048.84,b0
765289819,4,395158,0,0,28.73,93380.63,39.27,228724.59,b0
765281116,5,395204,0,0,29.56,93414.88,37.22,243403.84,b0
765280092,6,395251,0,0,29.51,93407.69,37.03,217363.61,b0
765271896,7,395297,0,0,29.66,93401.77,37.83,212889.81,b0
765285466,8,395343,0,0,29.42,93378.59,37.66,277206.28,b0
765274459,1,395389,0,0,27.98,93384.45,41.00,224070.02,b0
765272923,2,395435,0,0,28.13,93403.25,41.03,222899.44,b0
765271642,3,395481,0,0,28.43,93365.43,39.92,330642.56,b0
765289819,4,395528,0,0,28.73,93382.25,39.27,226298.34,b0
765281116,5,395574,0,0,29.56,93414.65,37.24,243925.67,b0
765280092,6,395620,0,0,29.49,93407.35,37.01,217363.61,b0
765271896,7,395666,0,0,29.66,93402.80,37.84,212096.11,b0
765285466,8,395712,0,0,29.42,93377.63,37.64,276756.75,b0
765274459,1,395758,0,0,27.97,93384.09,40.99,224512.17,b0
765272923,2,395804,0,0,28.13,93403.24,41.02,223629.61,b0
765271642,3,395851,0,0,28.44,93364.77,39.92,331606.22,b0
765289819,4,395897,0,0,28.73,93381.53,39.28,229031.53,b0
765281116,5,395943,0,0,29.55,93413.49,37.23,243751.48,b0
765280092,6,395989,0,0,29.50,93407.21,37.03,216536.27,b0
765271896,7,396035,0,0,29.65,93401.54,37.83,211439.19,b0
765285466,8,396081,0,0,29.42,93377.27,37.68,276532.53,b0
765274459,1,396128,0,0,28.00,93385.33,41.00,222899.44,b0
765272923,2,396174,0,0,28.15,93404.57,41.03,223045.09,b0
765271642,3,396220,0,0,28.44,93364.78,39.92,329684.47,b0
765289819,4,396266,0,0,28.74,93380.33,39.26,227808.67,b0
765281116,5,396312,0,0,29.56,93413.02,37.23,244100.13,b0
765280092,6,396358,0,0,29.49,93406.82,37.03,216536.27,b0
765271896,7,396404,0,0,29.66,93400.52,37.86,210266.94,b0
765285466,8,396450,0,0,29.43,93378.13,37.67,275639.31,b0
765274459,1,396497,0,0,28.00,93384.41,40.99,223629.61,b0
765272923,2,396543,0,0,28.15,93402.40,41.05,223190.94,b0
765271642,3,396589,0,0,28.44,93362.80,39.92,330642.56,b0
765289819,4,396635,0,0,28.74,93380.70,39.26,227202.13,b0
765281116,5,396681,0,0,29.57,93414.54,37.24,243925.67,b0
765280092,6,396727,0,0,29.50,93406.03,37.03,216398.98,b0
765271896,7,396773,0,0,29.67,93402.73,37.86,210008.20,b0
765285466,8,396819,0,0,29.43,93378.87,37.69,276756.75,b0
765274459,1,396866,0,0,28.01,93384.39,41.00,223629.61,b0
765272923,2,396912,0,0,28.17,93403.15,41.04,224512.17,b0
765271642,3,396958,0,0,28.45,93363.91,39.92,330963.16,b0
765289819,4,397004,0,0,28.74,93381.80,39.25,227656.73,b0
765281116,5,397050,0,0,29.58,93412.45,37.26,243230.41,b0
765280092,6,397096,0,0,29.51,93405.23,37.04,215171.25,b0
765271896,7,397143,0,0,29.67,93401.84,37.85,210008.20,b0
765285466,8,397189,0,0,29.44,93378.27,37.71,276085.19,b0
765274459,1,397235,0,0,28.02,93384.75,40.98,223776.22,b0
765272923,2,397281,0,0,28.17,93403.34,41.02,223190.94,b0
765271642,3,397327,0,0,28.45,93364.09,39.92,329684.47,b0
765289819,4,397373,0,0,28.75,93380.77,39.24,227656.73,b0
765281116,5,397420,0,0,29.58,93413.06,37.26,243057.20,b0
765280092,6,397466,0,0,29.52,93405.53,37.05,216536.27,b0
765271896,7,397512,0,0,29.66,93400.90,37.87,210916.58,b0
765285466,8,397558,0,0,29.44,93377.46,37.70,276308.69,b0
765274459,1,397604,0,0,28.03,93384.91,40.97,223483.19,b0
765272923,2,397650,0,0,28.18,93402.28,41.04,223045.09,b0
765271642,3,397696,0,0,28.45,93364.67,39.91,329684.47,b0
765289819,4,397743,0,0,28.76,93380.10,39.24,227202.13,b0
765281116,5,397789,0,0,29.59,93413.29,37.24,240319.17,b0
765280092,6,397835,0,0,29.53,93405.27,37.04,216124.95,b0
765271896,7,397881,0,0,29.66,93401.55,37.89,210656.25,b0
765285466,8,397927,0,0,29.44,93377.87,37.70,275416.91,b0
765274459,1,397973,0,0,28.03,93383.25,40.96,222899.44,b0
765272923,2,398020,0,0,28.19,93404.31,41.02,222318.72,b0
765271642,3,398066,0,0,28.46,93363.82,39.91,329048.84,b0
765289819,4,398112,0,0,28.77,93380.51,39.24,226900.06,b0
765281116,5,398158,0,0,29.59,93412.26,37.27,242539.08,b0
765280092,6,398204,0,0,29.53,93404.59,37.06,215578.95,b0
765271896,7,398250,0,0,29.65,93404.51,37.88,209235.80,b0
765285466,8,398296,0,0,29.44,93377.85,37.70,275416.91,b0
765274459,1,398343,0,0,28.05,93386.31,40.96,223629.61,b0
765272923,2,398389,0,0,28.21,93404.72,41.00,222899.44,b0
765271642,3,398435,0,0,28.47,93364.98,39.92,328415.66,b0
765289819,4,398481,0,0,28.77,93380.71,39.24,227353.47,b0
765281116,5,398527,0,0,29.60,93413.91,37.26,242366.86,b0
765280092,6,398573,0,0,29.53,93404.89,37.06,214225.94,b0
765271896,7,398619,0,0,29.64,93401.48,37.90,209107.61,b0
765285466,8,398665,0,0,29.43,93378.13,37.70,274973.16,b0
765274459,1,398712,0,0,28.07,93385.93,40.96,223923.03,b0
765272923,2,398758,0,0,28.23,93406.59,41.01,222608.70,b0
765271642,3,398804,0,0,28.48,93364.34,39.91,329366.34,b0
765289819,4,398850,0,0,28.78,93381.66,39.23,227051.00,b0
765281116,5,398896,0,0,29.59,93414.24,37.24,241338.67,b0
765280092,6,398942,0,0,29.53,93406.19,37.06,213823.34,b0
765271896,7,398988,0,0,29.65,93402.90,37.89,207707.91,b0
765285466,8,399035,0,0,29.43,93377.77,37.72,276532.53,b0
765274459,1,399081,0,0,28.07,93384.27,40.97,224070.02,b0
765272923,2,399127,0,0,28.23,93406.23,41.02,221885.16,b0
765271642,3,399173,0,0,28.49,93364.72,39.89,328099.97,b0
765289819,4,399219,0,0,28.78,93381.13,39.23,226148.41,b0
765281116,5,399265,0,0,29.59,93413.34,37.23,241168.16,b0
765280092,6,399312,0,0,29.53,93405.63,37.05,214091.58,b0
765271896,7,399358,0,0,29.64,93402.89,37.89,209879.08,b0
765285466,8,399404,0,0,29.43,93377.93,37.70,276085.19,b0
765274459,1,399450,0,0,28.07,93385.37,40.95,222608.70,b0
765272923,2,399496,0,0,28.23,93405.13,41.01,222463.61,b0
765271642,3,399542,0,0,28.48,93364.34,39.89,328099.97,b0
765289819,4,399589,0,0,28.79,93382.05,39.23,227202.13,b0
765281116,5,399635,0,0,29.60,93415.73,37.23,241851.67,b0
765280092,6,399681,0,0,29.53,93407.10,37.05,213155.70,b0
765271896,7,399727,0,0,29.65,93401.84,37.89,207203.56,b0
765285466,8,399773,0,0,29.43,93379.94,37.70,274089.94,b0
765274459,1,399819,0,0,28.07,93384.27,40.94,223336.97,b0
765272923,2,399865,0,0,28.23,93407.14,40.99,222608.70,b0
765271642,3,399912,0,0,28.48,93363.60,39.87,328099.97,b0
765289819,4,399958,0,0,28.78,93380.75,39.21,227656.73,b0
765281116,5,400004,0,0,29.60,93415.43,37.24,242366.86,b0
765280092,6,400050,0,0,29.54,93406.05,37.05,214091.58,b0
765271896,7,400096,0,0,29.65,93403.49,37.89,208724.02,b0
765285466,8,400142,0,0,29.43,93377.89,37.70,273870.03,b0
765274459,1,400189,0,0,28.08,93386.63,40.94,222174.00,b0
765272923,2,400235,0,0,28.24,93405.34,40.99,221885.16,b0
765271642,3,400281,0,0,28.47,93364.46,39.89,328731.94,b0
765289819,4,400327,0,0,28.78,93381.30,39.21,226448.47,b0
765281116,5,400373,0,0,29.61,93414.55,37.25,241851.67,b0
765280092,6,400419,0,0,29.54,93408.10,37.05,213689.48,b0
765271896,7,400465,0,0,29.64,93401.65,37.90,207834.38,b0
765285466,8,400511,0,0,29.43,93379.40,37.71,272993.88,b0
765274459,1,400558,0,0,28.08,93386.80,40.93,221309.70,b0
765272923,2,400604,0,0,28.23,93403.71,40.98,222174.00,b0
765271642,3,400650,0,0,28.48,93364.14,39.87,327156.56,b0
765289819,4,400696,0,0,28.79,93381.70,39.21,225104.42,b0
765281116,5,400742,0,0,29.61,93412.98,37.22,239812.64,b0
765280092,6,400788,0,0,29.55,93405.52,37.07,213957.38,b0
765271896,7,400834,0,0,29.65,93401.52,37.91,208341.81,b0
765285466,8,400880,0,0,29.43,93378.51,37.69,272775.72,b0
765274459,1,400927,0,0,28.07,93384.45,40.95,223483.19,b0
765272923,2,400973,0,0,28.24,93404.26,40.97,222753.97,b0
765271642,3,401019,0,0,28.47,93364.07,39.89,327784.91,b0
765289819,4,401065,0,0,28.78,93379.33,39.21,226298.34,b0
765281116,5,401111,0,0,29.61,93412.59,37.23,239981.25,b0
765280092,6,401157,0,0,29.55,93405.67,37.06,212227.98,b0
765271896,7,401204,0,0,29.66,93402.25,37.92,207961.00,b0
765285466,8,401250,0,0,29.44,93379.07,37.71,273870.03,b0
765274459,1,401296,0,0,28.06,93385.57,40.92,222608.70,b0
765272923,2,401342,0,0,28.23,93404.44,40.93,221166.31,b0
765271642,3,401388,0,0,28.47,93364.62,39.89,327470.41,b0
765289819,4,401434,0,0,28.78,93380.78,39.20,226900.06,b0
765281116,5,401481,0,0,29.61,93412.80,37.23,239476.14,b0
765280092,6,401527,0,0,29.55,93404.93,37.06,213155.70,b0
765271896,7,401573,0,0,29.66,93399.77,37.91,206576.56,b0
765285466,8,401619,0,0,29.43,93376.37,37.72,271906.53,b0
765274459,1,401665,0,0,28.06,93385.57,40.93,222608.70,b0
765272923,2,401711,0,0,28.24,93404.98,40.94,221453.28,b0
765271642,3,401757,0,0,28.47,93363.73,39.88,325285.91,b0
765289819,4,401804,0,0,28.80,93381.58,39.21,226749.33,b0
765281116,5,401850,0,0,29.62,93411.05,37.22,240150.09,b0
765280092,6,401896,0,0,29.55,93405.67,37.04,212757.11,b0
765271896,7,401942,0,0,29.66,93401.20,37.92,204595.41,b0
765285466,8,401988,0,0,29.44,93378.98,37.74,271258.28,b0
765274459,1,402034,0,0,28.07,93383.37,40.91,222899.44,b0
765272923,2,402081,0,0,28.25,93404.29,40.94,222318.72,b0
765271642,3,402127,0,0,28.48,93363.99,39.88,329366.34,b0
765289819,4,402173,0,0,28.81,93380.04,39.19,226148.41,b0
765281116,5,402219,0,0,29.62,93412.00,37.23,238472.28,b0
765280092,6,402265,0,0,29.55,93406.41,37.07,211832.84,b0
765271896,7,402311,0,0,29.67,93402.38,37.95,206576.56,b0
765285466,8,402357,0,0,29.44,93378.45,37.76,270613.09,b0
765274459,1,402404,0,0,28.09,93383.88,40.92,223336.97,b0
765272923,2,402450,0,0,28.27,93404.70,40.91,222174.00,b0
765271642,3,402496,0,0,28.50,93365.52,39.88,327470.41,b0
765289819,4,402542,0,0,28.83,93381.93,39.20,225252.97,b0
765281116,5,402588,0,0,29.63,93411.70,37.24,238305.80,b0
765280092,6,402634,0,0,29.56,93406.10,37.07,211832.84,b0
765271896,7,402680,0,0,29.67,93400.02,37.95,205457.47,b0
765285466,8,402726,0,0,29.45,93378.88,37.76,269971.00,b0
765274459,1,402773,0,0,28.09,93385.15,40.90,222463.61,b0
765272923,2,402819,0,0,28.29,93404.55,40.90,222029.48,b0
765271642,3,402865,0,0,28.50,93363.41,39.89,329048.84,b0
765289819,4,402911,0,0,28.83,93381.07,39.19,225104.42,b0
765281116,5,402957,0,0,29.64,93413.59,37.23,238639.02,b0
765280092,6,403003,0,0,29.56,93405.06,37.08,212624.58,b0
765271896,7,403049,0,0,29.68,93402.94,37.99,204840.97,b0
765285466,8,403096,0,0,29.45,93377.10,37.78,269544.63,b0
765274459,1,403142,0,0,28.10,93385.88,40.91,222608.70,b0
765272923,2,403188,0,0,28.29,93406.02,40.93,220452.09,b0
765271642,3,403234,0,0,28.51,93364.18,39.88,328415.66,b0
765289819,4,403280,0,0,28.84,93381.80,39.20,224807.91,b0
765281116,5,403326,0,0,29.65,93412.57,37.24,238305.80,b0
765280092,6,403373,0,0,29.57,93407.33,37.08,210266.94,b0
765271896,7,403419,0,0,29.69,93402.46,38.00,206451.61,b0
765285466,8,403465,0,0,29.46,93378.58,37.79,268273.50,b0
765274459,1,403511,0,0,28.10,93384.95,40.91,221885.16,b0
765272923,2,403557,0,0,28.30,93407.49,40.92,220025.78,b0
765271642,3,403603,0,0,28.51,93365.08,39.90,327784.91,b0
765289819,4,403649,0,0,28.85,93382.23,39.18,225104.42,b0
765281116,5,403696,0,0,29.64,93414.14,37.26,236817.77,b0
765280092,6,403742,0,0,29.57,93406.56,37.09,209492.64,b0
765271896,7,403788,0,0,29.69,93403.90,37.99,204840.97,b0
765285466,8,403834,0,0,29.45,93379.60,37.82,268907.56,b0
765274459,1,403880,0,0,28.11,93384.57,40.91,222029.48,b0
765272923,2,403926,0,0,28.30,93406.03,40.91,221023.09,b0
765271642,3,403973,0,0,28.52,93366.20,39.91,326843.28,b0
765289819,4,404019,0,0,28.85,93382.23,39.19,223629.61,b0
765281116,5,404065,0,0,29.64,93414.99,37.25,237476.81,b0
765280092,6,404111,0,0,29.56,93405.97,37.07,211177.56,b0
765271896,7,404157,0,0,29.68,93403.32,38.01,204350.42,b0
765285466,8,404203,0,0,29.45,93379.78,37.81,268907.56,b0
765274459,1,404250,0,0,28.11,93386.57,40.91,222318.72,b0
765272923,2,404296,0,0,28.31,93408.41,40.91,221885.16,b0
765271642,3,404342,0,0,28.52,93365.32,39.90,326843.28,b0
765289819,4,404388,0,0,28.84,93381.63,39.20,224807.91,b0
765281116,5,404434,0,0,29.62,93413.26,37.27,236817.77,b0
765280092,6,404480,0,0,29.56,93405.24,37.09,210396.55,b0
765271896,7,404526,0,0,29.68,93405.08,38.01,204595.41,b0
765285466,8,404572,0,0,29.45,93379.76,37.80,270613.09,b0
765274459,1,404619,0,0,28.11,93386.38,40.89,222174.00,b0
765272923,2,404665,0,0,28.29,93407.48,40.89,222463.61,b0
765271642,3,404711,0,0,28.52,93365.88,39.88,326530.63,b0
765289819,4,404757,0,0,28.83,93383.19,39.19,225401.72,b0
765281116,5,404803,0,0,29.61,93416.19,37.23,236817.77,b0
765280092,6,404849,0,0,29.55,93406.23,37.09,210656.25,b0
765271896,7,404895,0,0,29.67,93404.29,38.00,204718.11,b0
765285466,8,404941,0,0,29.44,93379.33,37.81,268907.56,b0
765274459,1,404988,0,0,28.11,93387.47,40.89,222753.97,b0
765272923,2,405034,0,0,28.27,93405.78,40.89,222463.61,b0
765271642,3,405080,0,0,28.51,93365.61,39.88,328099.97,b0
765289819,4,405126,0,0,28.82,93382.07,39.19,225252.97,b0
765281116,5,405172,0,0,29.59,93415.82,37.26,237973.50,b0
765280092,6,405218,0,0,29.54,93407.68,37.08,210916.58,b0
765271896,7,405265,0,0,29.64,93405.20,38.00,205210.42,b0
765285466,8,405311,0,0,29.42,93379.80,37.81,271042.88,b0
765274459,1,405357,0,0,28.10,93386.96,40.87,223336.97,b0
765272923,2,405403,0,0,28.25,93405.91,40.89,222174.00,b0
765271642,3,405449,0,0,28.50,93366.23,39.87,328731.94,b0
765289819,4,405495,0,0,28.81,93383.80,39.16,225550.66,b0
765281116,5,405541,0,0,29.57,93414.42,37.22,237807.70,b0
765280092,6,405588,0,0,29.52,93406.60,37.07,211701.47,b0
765271896,7,405634,0,0,29.63,93405.63,37.98,205829.14,b0
765285466,8,405680,0,0,29.41,93379.48,37.82,268062.81,b0
765274459,1,405726,0,0,28.09,93384.96,40.86,222608.70,b0
765272923,2,405772,0,0,28.25,93407.19,40.86,222318.72,b0
765271642,3,405818,0,0,28.50,93365.70,39.85,326218.53,b0
765289819,4,405865,0,0,28.81,93383.63,39.15,225401.72,b0
765281116,5,405911,0,0,29.57,93414.54,37.24,238139.53,b0
765280092,6,405957,0,0,29.52,93407.30,37.08,212492.22,b0
765271896,7,406003,0,0,29.62,93404.51,37.98,205581.20,b0
765285466,8,406049,0,0,29.40,93381.03,37.79,270827.81,b0
765274459,1,406095,0,0,28.10,93386.23,40.88,222899.44,b0
765272923,2,406142,0,0,28.27,93407.61,40.87,221741.02,b0
765271642,3,406188,0,0,28.51,93366.31,39.85,327470.41,b0
765289819,4,406234,0,0,28.82,93383.86,39.15,225401.72,b0
765281116,5,406280,0,0,29.57,93416.35,37.24,238805.97,b0
765280092,6,406326,0,0,29.53,93409.51,37.04,212360.02,b0
765271896,7,406372,0,0,29.62,93403.10,37.99,205210.42,b0
765285466,8,406418,0,0,29.40,93381.75,37.79,271258.28,b0
765274459,1,406465,0,0,28.11,93384.77,40.86,222463.61,b0
765272923,2,406511,0,0,28.27,93407.60,40.85,222029.48,b0
765271642,3,406557,0,0,28.52,93366.76,39.86,329366.34,b0
765289819,4,406603,0,0,28.83,93384.29,39.15,226298.34,b0
765281116,5,406649,0,0,29.56,93416.99,37.22,239644.28,b0
765280092,6,406695,0,0,29.50,93407.66,37.05,212492.22,b0
765271896,7,406741,0,0,29.62,93404.33,37.98,206451.61,b0
765285466,8,406787,0,0,29.37,93380.88,37.77,271474.03,b0
765274459,1,406834,0,0,28.11,93387.11,40.86,222318.72,b0
765272923,2,406880,0,0,28.28,93409.09,40.84,221597.06,b0
765271642,3,406926,0,0,28.52,93366.60,39.85,327470.41,b0
765289819,4,406972,0,0,28.83,93384.83,39.13,225849.14,b0
765281116,5,407018,0,0,29.56,93417.13,37.22,239644.28,b0
765280092,6,407064,0,0,29.49,93407.35,37.04,213422.27,b0
765271896,7,407110,0,0,29.60,93405.41,37.96,206451.61,b0
765285466,8,407157,0,0,29.34,93380.89,37.76,271474.03,b0
765274459,1,407203,0,0,28.11,93385.85,40.85,223923.03,b0
765272923,2,407249,0,0,28.26,93406.86,40.84,223923.03,b0
765271642,3,407295,0,0,28.52,93366.21,39.82,327156.56,b0
765289819,4,407341,0,0,28.81,93384.18,39.12,225401.72,b0
765281116,5,407387,0,0,29.53,93416.33,37.20,239812.64,b0
765280092,6,407434,0,0,29.47,93408.94,37.04,212624.58,b0
765271896,7,407480,0,0,29.57,93404.18,37.95,207455.42,b0
765285466,8,407526,0,0,29.32,93381.92,37.75,272557.91,b0
765274459,1,407572,0,0,28.10,93384.96,40.84,224070.02,b0
765272923,2,407618,0,0,28.23,93406.98,40.82,223045.09,b0
765271642,3,407664,0,0,28.51,93367.78,39.81,328415.66,b0
765289819,4,407711,0,0,28.77,93383.23,39.11,226148.41,b0
765281116,5,407757,0,0,29.49,93418.68,37.19,240488.50,b0
765280092,6,407803,0,0,29.45,93409.02,37.04,213823.34,b0
765271896,7,407849,0,0,29.53,93403.74,37.95,205953.34,b0
765285466,8,407895,0,0,29.29,93381.83,37.75,272993.88,b0
765274459,1,407941,0,0,28.09,93387.14,40.82,223336.97,b0
765272923,2,407987,0,0,28.20,93405.60,40.80,222608.70,b0
765271642,3,408034,0,0,28.49,93364.95,39.81,328099.97,b0
765289819,4,408080,0,0,28.75,93383.09,39.09,226900.06,b0
765281116,5,408126,0,0,29.46,93417.91,37.18,240319.17,b0
765280092,6,408172,0,0,29.44,93409.96,37.03,214091.58,b0
765271896,7,408218,0,0,29.51,93404.11,37.93,206451.61,b0
765285466,8,408264,0,0,29.24,93379.86,37.75,274310.22,b0
765274459,1,408311,0,0,28.07,93385.37,40.80,223923.03,b0
765272923,2,408357,0,0,28.19,93407.03,40.80,223776.22,b0
765271642,3,408403,0,0,28.48,93366.84,39.79,329366.34,b0
765289819,4,408449,0,0,28.74,93386.45,39.09,227353.47,b0
765281116,5,408495,0,0,29.45,93419.19,37.18,239140.59,b0
765280092,6,408541,0,0,29.43,93408.69,37.02,213422.27,b0
765271896,7,408587,0,0,29.49,93403.07,37.93,208851.72,b0
765285466,8,408633,0,0,29.22,93380.37,37.73,274089.94,b0
765274459,1,408680,0,0,28.06,93386.48,40.81,223923.03,b0
765272923,2,408726,0,0,28.17,93406.09,40.80,223045.09,b0
765271642,3,408772,0,0,28.45,93366.47,39.78,329048.84,b0
765289819,4,408818,0,0,28.71,93384.28,39.08,227505.00,b0
765281116,5,408864,0,0,29.43,93420.46,37.18,240997.88,b0
765280092,6,408910,0,0,29.42,93408.89,37.02,214091.58,b0
765271896,7,408956,0,0,29.45,93404.91,37.93,207077.86,b0
765285466,8,409002,0,0,29.19,93380.55,37.74,274089.94,b0
765274459,1,409049,0,0,28.05,93387.41,40.78,225849.14,b0
765272923,2,409095,0,0,28.17,93406.23,40.78,223923.03,b0
765271642,3,409141,0,0,28.44,93366.74,39.78,330642.56,b0
765289819,4,409187,0,0,28.70,93383.18,39.05,227808.67,b0
765281116,5,409233,0,0,29.43,93420.44,37.19,240319.17,b0
765280092,6,409279,0,0,29.42,93408.34,37.02,215035.70,b0
765271896,7,409326,0,0,29.43,93403.74,37.93,208596.45,b0
765285466,8,409372,0,0,29.19,93378.54,37.75,273870.03,b0
765274459,1,409418,0,0,28.05,93388.13,40.80,224659.94,b0
765272923,2,409464,0,0,28.19,93407.03,40.80,225104.42,b0
765271642,3,409510,0,0,28.44,93365.63,39.76,330003.22,b0
765289819,4,409556,0,0,28.73,93384.43,39.07,226900.06,b0
765281116,5,409603,0,0,29.43,93420.82,37.20,243230.41,b0
765280092,6,409649,0,0,29.43,93410.40,37.03,215578.95,b0
765271896,7,409695,0,0,29.43,93404.08,37.93,208469.06,b0
765285466,8,409741,0,0,29.20,93380.15,37.75,273650.47,b0
765274459,1,409787,0,0,28.07,93387.91,40.78,225401.72,b0
765272923,2,409833,0,0,28.21,93405.45,40.78,224217.20,b0
765271642,3,409879,0,0,28.46,93366.70,39.78,331606.22,b0
765289819,4,409926,0,0,28.75,93382.76,39.08,227202.13,b0
765281116,5,409972,0,0,29.43,93419.61,37.19,241851.67,b0
765280092,6,410018,0,0,29.44,93411.05,37.04,215988.19,b0
765271896,7,410064,0,0,29.43,93404.11,37.93,207834.38,b0
765285466,8,410110,0,0,29.22,93379.44,37.76,275194.84,b0
765274459,1,410156,0,0,28.08,93387.34,40.76,224807.91,b0
765272923,2,410203,0,0,28.23,93407.16,40.79,223923.03,b0
765271642,3,410249,0,0,28.48,93365.93,39.78,331284.38,b0
765289819,4,410295,0,0,28.78,93383.62,39.08,227808.67,b0
765281116,5,410341,0,0,29.45,93417.95,37.21,240997.88,b0
765280092,6,410387,0,0,29.44,93405.94,37.03,215851.61,b0
765271896,7,410433,0,0,29.45,93403.16,37.94,207581.59,b0
765285466,8,410479,0,0,29.25,93379.01,37.78,275194.84,b0
765274459,1,410526,0,0,28.09,93385.33,40.77,225998.67,b0
765272923,2,410572,0,0,28.25,93407.91,40.79,224364.59,b0
765271642,3,410618,0,0,28.50,93365.70,39.75,331284.38,b0
765289819,4,410664,0,0,28.79,93383.13,39.10,227202.13,b0
765281116,5,410710,0,0,29.47,93420.14,37.21,241509.44,b0
765280092,6,410756,0,0,29.46,93408.25,37.04,215578.95,b0
765271896,7,410802,0,0,29.47,93404.04,37.96,206701.66,b0
765285466,8,410848,0,0,29.26,93377.53,37.80,274973.16,b0
765274459,1,410895,0,0,28.10,93389.50,40.77,223483.19,b0
765272923,2,410941,0,0,28.25,93407.01,40.77,224070.02,b0
765271642,3,410987,0,0,28.51,93366.51,39.77,329366.34,b0
765289819,4,411033,0,0,28.80,93383.56,39.09,226148.41,b0
765281116,5,411079,0,0,29.48,93419.70,37.23,241509.44,b0
765280092,6,411125,0,0,29.47,93408.33,37.03,214091.58,b0
765271896,7,411171,0,0,29.49,93403.05,37.97,209107.61,b0
765285466,8,411218,0,0,29.26,93378.65,37.79,274310.22,b0
765274459,1,411264,0,0,28.10,93384.23,40.76,224956.06,b0
765272923,2,411310,0,0,28.24,93407.89,40.77,223336.97,b0
765271642,3,411356,0,0,28.51,93363.97,39.77,329366.34,b0
765289819,4,411402,0,0,28.79,93382.59,39.07,228265.72,b0
765281116,5,411448,0,0,29.48,93419.65,37.21,241509.44,b0
765280092,6,411495,0,0,29.47,93409.04,37.05,215035.70,b0
765271896,7,411541,0,0,29.48,93404.41,37.98,208341.81,b0
765285466,8,411587,0,0,29.24,93380.34,37.80,275194.84,b0
765274459,1,411633,0,0,28.10,93386.77,40.77,225104.42,b0
765272923,2,411679,0,0,28.23,93406.23,40.77,224512.17,b0
765271642,3,411725,0,0,28.51,93367.22,39.75,330963.16,b0
765289819,4,411772,0,0,28.80,93383.55,39.09,226598.81,b0
765281116,5,411818,0,0,29.47,93420.48,37.23,242539.08,b0
765280092,6,411864,0,0,29.45,93408.31,37.03,215988.19,b0
765271896,7,411910,0,0,29.47,93403.09,37.98,207961.00,b0
765285466,8,411956,0,0,29.23,93377.92,37.80,276085.19,b0
765274459,1,412002,0,0,28.09,93384.80,40.75,223776.22,b0
765272923,2,412048,0,0,28.21,93404.74,40.78,223923.03,b0
765271642,3,412095,0,0,28.49,93366.02,39.75,330003.22,b0
765289819,4,412141,0,0,28.78,93382.03,39.07,227353.47,b0
765281116,5,412187,0,0,29.47,93419.19,37.21,240658.05,b0
765280092,6,412233,0,0,29.44,93409.49,37.02,216536.27,b0
765271896,7,412279,0,0,29.46,93402.37,37.98,208214.72,b0
765285466,8,412325,0,0,29.23,93379.37,37.80,276756.75,b0
765274459,1,412372,0,0,28.08,93387.55,40.76,224956.06,b0
765272923,2,412418,0,0,28.20,93404.33,40.77,223776.22,b0
765271642,3,412464,0,0,28.48,93365.39,39.76,331928.69,b0
765289819,4,412510,0,0,28.78,93382.20,39.07,227960.81,b0
765281116,5,412556,0,0,29.46,93420.75,37.21,242711.55,b0
765280092,6,412602,0,0,29.43,93408.25,37.02,215715.19,b0
765271896,7,412648,0,0,29.46,93401.81,37.99,208087.78,b0
765285466,8,412694,0,0,29.23,93379.16,37.82,276532.53,b0
765274459,1,412741,0,0,28.05,93385.77,40.74,225252.97,b0
765272923,2,412787,0,0,28.17,93405.34,40.76,225401.72,b0
765271642,3,412833,0,0,28.46,93365.25,39.74,332899.88,b0
765289819,4,412879,0,0,28.76,93385.12,39.06,228113.17,b0
765281116,5,412925,0,0,29.45,93418.83,37.23,242884.25,b0
765280092,6,412971,0,0,29.40,93408.12,37.03,217779.67,b0
765271896,7,413017,0,0,29.46,93402.66,38.00,208596.45,b0
765285466,8,413063,0,0,29.22,93378.38,37.83,275862.06,b0
765274459,1,413110,0,0,28.02,93388.19,40.73,224956.06,b0
765272923,2,413156,0,0,28.14,93404.91,40.76,224512.17,b0
765271642,3,413202,0,0,28.43,93363.41,39.75,332575.50,b0
765289819,4,413248,0,0,28.72,93382.55,39.05,227353.47,b0
765281116,5,413294,0,0,29.42,93419.13,37.23,243925.67,b0
765280092,6,413340,0,0,29.37,93406.52,37.02,215442.88,b0
765271896,7,413387,0,0,29.45,93402.41,37.99,208214.72,b0
765285466,8,413433,0,0,29.20,93376.52,37.82,276981.34,b0
765274459,1,413479,0,0,27.98,93383.71,40.72,224659.94,b0
765272923,2,413525,0,0,28.13,93406.51,40.74,225401.72,b0
765271642,3,413571,0,0,28.40,93364.47,39.73,331284.38,b0
765289819,4,413617,0,0,28.69,93380.96,39.04,228113.17,b0
765281116,5,413664,0,0,29.39,93418.54,37.23,244100.13,b0
765280092,6,413710,0,0,29.35,93407.73,37.00,215715.19,b0
765271896,7,413756,0,0,29.44,93402.74,38.00,210008.20,b0
765285466,8,413802,0,0,29.19,93377.16,37.81,276308.69,b0
765274459,1,413848,0,0,27.96,93385.04,40.73,224659.94,b0
765272923,2,413894,0,0,28.11,93403.91,40.76,226298.34,b0
765271642,3,413940,0,0,28.38,93362.92,39.75,331284.38,b0
765289819,4,413987,0,0,28.68,93384.32,39.04,228571.42,b0
765281116,5,414033,0,0,29.38,93418.62,37.22,243577.55,b0
765280092,6,414079,0,0,29.35,93406.81,37.02,216398.98,b0
765271896,7,414125,0,0,29.44,93402.05,38.01,208979.59,b0
765285466,8,414171,0,0,29.21,93379.46,37.83,278336.50,b0
765274459,1,414217,0,0,27.94,93385.62,40.73,225252.97,b0
765272923,2,414264,0,0,28.10,93405.34,40.75,225401.72,b0
765271642,3,414310,0,0,28.37,93363.95,39.72,332251.78,b0
765289819,4,414356,0,0,28.67,93383.19,39.05,229031.53,b0
765281116,5,414402,0,0,29.38,93418.74,37.22,242539.08,b0
765280092,6,414448,0,0,29.35,93407.96,37.01,215715.19,b0
765271896,7,414494,0,0,29.45,93401.70,38.02,209879.08,b0
765285466,8,414540,0,0,29.21,93378.66,37.86,277206.28,b0
765274459,1,414587,0,0,27.93,93383.27,40.73,225998.67,b0
765272923,2,414633,0,0,28.09,93404.76,40.76,224512.17,b0
765271642,3,414679,0,0,28.37,93363.55,39.73,331284.38,b0
765289819,4,414725,0,0,28.68,93382.16,39.04,228418.47,b0
765281116,5,414771,0,0,29.38,93418.24,37.25,244100.13,b0
765280092,6,414817,0,0,29.37,93407.56,37.04,217225.28,b0
765271896,7,414863,0,0,29.47,93402.02,38.02,210526.31,b0
765285466,8,414909,0,0,29.22,93377.88,37.84,276756.75,b0
765274459,1,414956,0,0,27.93,93383.81,40.72,227353.47,b0
765272923,2,415002,0,0,28.09,93404.41,40.74,225104.42,b0
765271642,3,415048,0,0,28.37,93363.23,39.75,330963.16,b0
765289819,4,415094,0,0,28.69,93383.42,39.04,229339.31,b0
765281116,5,415140,0,0,29.39,93418.72,37.25,243751.48,b0
765280092,6,415186,0,0,29.36,93407.35,37.05,217640.81,b0
765271896,7,415232,0,0,29.48,93403.19,38.01,209879.08,b0
765285466,8,415279,0,0,29.23,93378.51,37.84,276085.19,b0
765274459,1,415325,0,0,27.93,93383.45,40.72,227051.00,b0
765272923,2,415371,0,0,28.09,93406.21,40.77,224659.94,b0
765271642,3,415417,0,0,28.37,93362.08,39.75,332899.88,b0
765289819,4,415463,0,0,28.67,93383.19,39.04,229339.31,b0
765281116,5,415509,0,0,29.38,93418.02,37.25,244800.38,b0
765280092,6,415556,0,0,29.37,93407.20,37.04,215851.61,b0
765271896,7,415602,0,0,29.46,93402.17,38.02,209364.14,b0
765285466,8,415648,0,0,29.23,93378.42,37.85,276532.53,b0
765274459,1,415694,0,0,27.92,93384.01,40.75,226749.33,b0
765272923,2,415740,0,0,28.07,93403.27,40.75,225401.72,b0
765271642,3,415786,0,0,28.38,93364.31,39.75,334203.66,b0
765289819,4,415833,0,0,28.67,93384.60,39.06,229031.53,b0
765281116,5,415879,0,0,29.36,93417.84,37.25,243577.55,b0
765280092,6,415925,0,0,29.37,93407.92,37.06,217225.28,b0
765271896,7,415971,0,0,29.45,93404.23,38.02,209235.80,b0
765285466,8,416017,0,0,29.21,93379.84,37.86,277206.28,b0
765274459,1,416063,0,0,27.92,93385.30,40.75,226749.33,b0
765272923,2,416109,0,0,28.07,93404.55,40.79,224807.91,b0
765271642,3,416156,0,0,28.37,93363.02,39.75,334203.66,b0
765289819,4,416202,0,0,28.67,93383.19,39.07,228724.59,b0
765281116,5,416248,0,0,29.36,93417.90,37.28,244800.38,b0
765280092,6,416294,0,0,29.37,93407.64,37.06,217502.13,b0
765271896,7,416340,0,0,29.44,93402.92,38.03,210266.94,b0
765285466,8,416386,0,0,29.18,93377.78,37.85,278791.19,b0
765274459,1,416433,0,0,27.92,93384.56,40.75,225699.80,b0
765272923,2,416479,0,0,28.07,93405.79,40.78,226298.34,b0
765271642,3,416525,0,0,28.38,93364.49,39.75,332251.78,b0
765289819,4,416571,0,0,28.67,93383.55,39.07,229493.50,b0
765281116,5,416617,0,0,29.37,93416.13,37.27,246035.56,b0
765280092,6,416663,0,0,29.38,93409.17,37.07,218197.31,b0
765271896,7,416709,0,0,29.44,93403.23,38.04,209879.08,b0
765285466,8,416755,0,0,29.18,93376.90,37.87,278109.72,b0
765274459,1,416802,0,0,27.91,93383.85,40.77,227202.13,b0
765272923,2,416848,0,0,28.06,93404.14,40.78,226298.34,b0
765271642,3,416894,0,0,28.38,93364.31,39.77,333224.88,b0
765289819,4,416940,0,0,28.67,93383.70,39.08,229957.33,b0
765281116,5,416986,0,0,29.36,93417.46,37.28,245152.02,b0
765280092,6,417032,0,0,29.37,93409.00,37.06,218336.89,b0
765271896,7,417078,0,0,29.42,93400.83,38.03,209750.11,b0
765285466,8,417124,0,0,29.18,93378.33,37.87,277883.31,b0
765274459,1,417171,0,0,27.90,93384.24,40.78,226749.33,b0
765272923,2,417217,0,0,28.05,93405.04,40.80,224807.91,b0
765271642,3,417263,0,0,28.37,93364.45,39.77,333550.50,b0
765289819,4,417309,0,0,28.67,93383.85,39.08,228571.42,b0
765281116,5,417355,0,0,29.36,93419.48,37.27,242884.25,b0
765280092,6,417401,0,0,29.35,93406.86,37.07,218057.92,b0
765271896,7,417448,0,0,29.43,93404.24,38.05,210266.94,b0
765285466,8,417494,0,0,29.17,93377.78,37.86,279247.34,b0
765274459,1,417540,0,0,27.89,93384.07,40.78,226448.47,b0
765272923,2,417586,0,0,28.05,93404.13,40.83,225104.42,b0
765271642,3,417632,0,0,28.36,93363.48,39.77,333550.50,b0
765289819,4,417678,0,0,28.67,93384.20,39.09,229339.31,b0
765281116,5,417725,0,0,29.36,93420.91,37.28,246213.03,b0
765280092,6,417771,0,0,29.35,93408.46,37.06,216949.16,b0
765271896,7,417817,0,0,29.42,93402.21,38.03,212360.02,b0
765285466,8,417863,0,0,29.16,93379.01,37.87,279247.34,b0
765274459,1,417909,0,0,27.91,93385.67,40.80,225550.66,b0
765272923,2,417955,0,0,28.06,93404.52,40.82,226298.34,b0
765271642,3,418001,0,0,28.37,93363.38,39.78,333876.75,b0
765289819,4,418048,0,0,28.67,93382.83,39.10,229802.52,b0
765281116,5,418094,0,0,29.35,93419.57,37.31,245681.38,b0
765280092,6,418140,0,0,29.34,93407.05,37.08,217225.28,b0
765271896,7,418186,0,0,29.42,93401.88,38.05,209750.11,b0
765285466,8,418232,0,0,29.16,93379.14,37.89,279705.00,b0
765274459,1,418278,0,0,27.92,93384.94,40.80,226749.33,b0
765272923,2,418325,0,0,28.07,93405.45,40.84,224956.06,b0
765271642,3,418371,0,0,28.38,93364.51,39.78,332575.50,b0
765289819,4,418417,0,0,28.67,93383.72,39.11,229493.50,b0
765281116,5,418463,0,0,29.34,93418.61,37.32,245504.67,b0
765280092,6,418509,0,0,29.34,93406.57,37.10,219037.44,b0
765271896,7,418555,0,0,29.41,93402.52,38.06,212096.11,b0
765285466,8,418601,0,0,29.16,93377.55,37.91,280394.31,b0
765274459,1,418648,0,0,27.92,93386.75,40.82,225550.66,b0
765272923,2,418694,0,0,28.08,93405.48,40.86,227353.47,b0
765271642,3,418740,0,0,28.37,93364.81,39.80,333550.50,b0
765289819,4,418786,0,0,28.67,93383.53,39.13,230423.05,b0
765281116,5,418832,0,0,29.34,93416.55,37.32,246213.03,b0
765280092,6,418878,0,0,29.35,93408.28,37.11,218896.97,b0
765271896,7,418924,0,0,29.41,93403.77,38.06,211439.19,b0
765285466,8,418970,0,0,29.18,93378.78,37.90,279019.06,b0
765274459,1,419017,0,0,27.91,93385.13,40.83,226749.33,b0
765272923,2,419063,0,0,28.08,93405.28,40.87,224512.17,b0
765271642,3,419109,0,0,28.37,93363.95,39.82,333550.50,b0
765289819,4,419155,0,0,28.67,93383.53,39.12,229802.52,b0
765281116,5,419201,0,0,29.35,93420.11,37.34,244274.81,b0
765280092,6,419247,0,0,29.35,93408.31,37.12,219318.91,b0
765271896,7,419293,0,0,29.42,93402.76,38.08,209879.08,b0
765285466,8,419340,0,0,29.19,93380.91,37.93,279019.06,b0
765274459,1,419386,0,0,27.92,93386.76,40.85,225998.67,b0
765272923,2,419432,0,0,28.07,93404.90,40.87,225699.80,b0
765271642,3,419478,0,0,28.37,93363.77,39.82,334203.66,b0
765289819,4,419524,0,0,28.66,93382.38,39.14,229493.50,b0
765281116,5,419570,0,0,29.35,93417.41,37.34,243751.48,b0
765280092,6,419617,0,0,29.36,93409.27,37.12,217918.70,b0
765271896,7,419663,0,0,29.43,93403.34,38.08,211439.19,b0
765285466,8,419709,0,0,29.20,93379.91,37.92,279019.06,b0
765274459,1,419755,0,0,27.91,93387.31,40.85,226749.33,b0
765272923,2,419801,0,0,28.05,93404.31,40.90,225104.42,b0
765271642,3,419847,0,0,28.37,93364.10,39.84,335517.69,b0
765289819,4,419894,0,0,28.66,93383.30,39.14,229185.31,b0
765281116,5,419940,0,0,29.36,93418.55,37.35,244449.75,b0
765280092,6,419986,0,0,29.36,93406.92,37.14,217225.28,b0
765271896,7,420032,0,0,29.43,93403.94,38.08,210008.20,b0
765285466,8,420078,0,0,29.21,93379.72,37.94,280164.16,b0
765274459,1,420124,0,0,27.90,93386.05,40.88,226598.81,b0
765272923,2,420170,0,0,28.04,93405.54,40.88,225252.97,b0
765271642,3,420217,0,0,28.38,93365.21,39.85,332251.78,b0
765289819,4,420263,0,0,28.66,93382.55,39.17,230112.36,b0
765281116,5,420309,0,0,29.36,93417.46,37.35,246213.03,b0
765280092,6,420355,0,0,29.36,93408.91,37.13,216811.34,b0
765271896,7,420401,0,0,29.44,93400.39,38.11,211046.98,b0
765285466,8,420447,0,0,29.22,93377.98,37.95,280164.16,b0
765274459,1,420494,0,0,27.90,93386.42,40.87,225699.80,b0
765272923,2,420540,0,0,28.04,93405.36,40.89,224217.20,b0
765271642,3,420586,0,0,28.38,93364.69,39.83,332899.88,b0
765289819,4,420632,0,0,28.67,93384.03,39.16,229647.91,b0
765281116,5,420678,0,0,29.37,93418.15,37.36,245504.67,b0
765280092,6,420724,0,0,29.37,93407.04,37.14,217640.81,b0
765271896,7,420770,0,0,29.46,93403.03,38.12,210656.25,b0
765285466,8,420816,0,0,29.23,93382.04,37.96,279475.97,b0
765274459,1,420863,0,0,27.91,93385.85,40.89,227051.00,b0
765272923,2,420909,0,0,28.05,93405.94,40.91,225849.14,b0
765271642,3,420955,0,0,28.39,93364.02,39.86,332251.78,b0
765289819,4,421001,0,0,28.68,93384.27,39.16,229339.31,b0
765281116,5,421047,0,0,29.39,93419.41,37.38,244976.08,b0
765280092,6,421093,0,0,29.38,93409.53,37.14,217363.61,b0
765271896,7,421139,0,0,29.48,93405.29,38.12,209750.11,b0
765285466,8,421185,0,0,29.24,93378.52,37.96,278791.19,b0
765274459,1,421232,0,0,27.92,93385.11,40.91,226148.41,b0
765272923,2,421278,0,0,28.07,93407.09,40.94,225849.14,b0
765271642,3,421324,0,0,28.40,93366.63,39.88,331284.38,b0
765289819,4,421370,0,0,28.70,93384.91,39.17,229647.91,b0
765281116,5,421416,0,0,29.40,93421.63,37.39,245328.22,b0
765280092,6,421462,0,0,29.39,93408.34,37.17,217640.81,b0
765271896,7,421509,0,0,29.46,93403.05,38.12,210137.50,b0
765285466,8,421555,0,0,29.24,93381.26,37.96,278563.66,b0
765274459,1,421601,0,0,27.93,93386.53,40.92,226448.47,b0
765272923,2,421647,0,0,28.08,93406.37,40.96,225252.97,b0
765271642,3,421693,0,0,28.41,93366.69,39.86,333550.50,b0
765289819,4,421739,0,0,28.70,93383.32,39.19,228418.47,b0
765281116,5,421785,0,0,29.39,93418.10,37.39,246213.03,b0
765280092,6,421832,0,0,29.39,93411.09,37.16,217363.61,b0
765271896,7,421878,0,0,29.46,93403.96,38.13,211177.56,b0
765285466,8,421924,0,0,29.23,93378.81,37.96,278563.66,b0
765274459,1,421970,0,0,27.92,93384.01,40.92,226749.33,b0
765272923,2,422016,0,0,28.07,93407.09,40.96,225699.80,b0
765271642,3,422062,0,0,28.39,93364.58,39.88,333224.88,b0
765289819,4,422109,0,0,28.68,93383.38,39.18,229185.31,b0
765281116,5,422155,0,0,29.36,93419.52,37.40,245328.22,b0
765280092,6,422201,0,0,29.37,93409.41,37.15,218197.31,b0
765271896,7,422247,0,0,29.44,93403.23,38.14,211570.25,b0
765285466,8,422293,0,0,29.22,93380.55,37.96,278563.66,b0
765274459,1,422339,0,0,27.92,93386.93,40.91,224364.59,b0
765272923,2,422386,0,0,28.07,93407.09,40.97,226448.47,b0
765271642,3,422432,0,0,28.38,93365.07,39.86,332899.88,b0
765289819,4,422478,0,0,28.67,93383.85,39.17,229031.53,b0
765281116,5,422524,0,0,29.34,93418.77,37.39,245858.34,b0
765280092,6,422570,0,0,29.36,93409.26,37.17,217640.81,b0
765271896,7,422616,0,0,29.42,93404.94,38.14,209621.30,b0
765285466,8,422662,0,0,29.22,93379.25,37.96,279019.06,b0
765274459,1,422709,0,0,27.92,93386.02,40.93,225550.66,b0
765272923,2,422755,0,0,28.05,93406.86,40.97,224956.06,b0
765271642,3,422801,0,0,28.39,93366.21,39.88,332251.78,b0
765289819,4,422847,0,0,28.65,93383.95,39.20,229031.53,b0
765281116,5,422893,0,0,29.32,93417.15,37.40,246213.03,b0
765280092,6,422939,0,0,29.35,93407.58,37.16,217225.28,b0
765271896,7,422985,0,0,29.42,93403.80,38.13,210916.58,b0
765285466,8,423031,0,0,29.22,93378.86,37.96,278791.19,b0
765274459,1,423078,0,0,27.92,93386.38,40.94,226298.34,b0
765272923,2,423124,0,0,28.04,93406.27,40.97,226598.81,b0
765271642,3,423170,0,0,28.38,93364.31,39.88,332251.78,b0
765289819,4,423216,0,0,28.64,93384.43,39.19,230267.59,b0
765281116,5,423262,0,0,29.34,93420.16,37.39,245681.38,b0
765280092,6,423308,0,0,29.35,93409.74,37.16,217918.70,b0
765271896,7,423354,0,0,29.43,93402.66,38.14,211177.56,b0
765285466,8,423401,0,0,29.22,93380.55,37.98,279475.97,b0
765274459,1,423447,0,0,27.92,93386.93,40.93,225104.42,b0
765272923,2,423493,0,0,28.04,93406.08,40.96,225998.67,b0
765271642,3,423539,0,0,28.38,93364.49,39.87,333224.88,b0
765289819,4,423585,0,0,28.64,93381.55,39.20,229031.53,b0
765281116,5,423631,0,0,29.34,93419.15,37.40,246213.03,b0
765280092,6,423678,0,0,29.36,93410.70,37.18,218336.89,b0
765271896,7,423724,0,0,29.45,93404.55,38.13,211701.47,b0
765285466,8,423770,0,0,29.23,93378.99,37.96,278563.66,b0
765274459,1,423816,0,0,27.92,93386.20,40.94,225849.14,b0
765272923,2,423862,0,0,28.04,93405.17,40.98,226298.34,b0
765271642,3,423908,0,0,28.38,93365.04,39.87,334859.38,b0
765289819,4,423955,0,0,28.65,93385.02,39.20,230578.70,b0
765281116,5,424001,0,0,29.36,93417.67,37.39,244976.08,b0
765280092,6,424047,0,0,29.36,93407.55,37.16,217918.70,b0
765271896,7,424093,0,0,29.47,93402.38,38.12,211832.84,b0
765285466,8,424139,0,0,29.24,93377.70,37.96,278563.66,b0
765274459,1,424185,0,0,27.91,93384.77,40.95,226148.41,b0
765272923,2,424231,0,0,28.04,93406.27,40.98,227505.00,b0
765271642,3,424278,0,0,28.37,93363.91,39.88,331606.22,b0
765289819,4,424324,0,0,28.63,93382.93,39.20,231203.44,b0
765281116,5,424370,0,0,29.37,93419.26,37.40,246390.77,b0
765280092,6,424416,0,0,29.37,93409.45,37.17,219318.91,b0
765271896,7,424462,0,0,29.48,93402.80,38.14,211832.84,b0
765285466,8,424508,0,0,29.24,93378.80,37.96,279705.00,b0
765274459,1,424555,0,0,27.91,93385.67,40.95,226448.47,b0
765272923,2,424601,0,0,28.03,93407.88,40.98,225998.67,b0
765271642,3,424647,0,0,28.36,93363.34,39.86,335188.22,b0
765289819,4,424693,0,0,28.62,93383.23,39.19,229802.52,b0
765281116,5,424739,0,0,29.37,93419.01,37.41,244976.08,b0
765280092,6,424785,0,0,29.37,93408.11,37.18,218896.97,b0
765271896,7,424831,0,0,29.49,93402.87,38.14,211439.19,b0
765285466,8,424877,0,0,29.25,93378.88,37.94,279019.06,b0
765274459,1,424924,0,0,27.90,93385.15,40.94,226148.41,b0
765272923,2,424970,0,0,28.01,93405.66,40.99,225998.67,b0
765271642,3,425016,0,0,28.36,93365.25,39.87,333550.50,b0
765289819,4,425062,0,0,28.61,93382.96,39.19,230112.36,b0
765281116,5,425108,0,0,29.37,93420.10,37.40,246746.98,b0
765280092,6,425154,0,0,29.38,93409.30,37.18,219037.44,b0
765271896,7,425200,0,0,29.49,93403.45,38.13,212757.11,b0
765285466,8,425246,0,0,29.26,93379.66,37.96,279247.34,b0
765274459,1,425293,0,0,27.90,93385.15,40.95,225104.42,b0
765272923,2,425339,0,0,28.02,93406.02,40.99,225699.80,b0
765271642,3,425385,0,0,28.34,93365.14,39.87,332899.88,b0
765289819,4,425431,0,0,28.61,93384.05,39.20,229802.52,b0
765281116,5,425477,0,0,29.38,93420.18,37.40,246925.48,b0
765280092,6,425523,0,0,29.38,93408.09,37.18,218756.67,b0
765271896,7,425570,0,0,29.51,93402.50,38.13,210266.94,b0
765285466,8,425616,0,0,29.27,93380.53,37.94,278563.66,b0
765274459,1,425662,0,0,27.90,93386.06,40.95,225401.72,b0
765272923,2,425708,0,0,28.03,93405.34,40.98,225998.67,b0
765271642,3,425754,0,0,28.35,93366.11,39.87,332251.78,b0
765289819,4,425800,0,0,28.62,93383.41,39.22,229802.52,b0
765281116,5,425846,0,0,29.38,93418.96,37.42,245681.38,b0
765280092,6,425893,0,0,29.39,93408.90,37.17,219459.92,b0
765271896,7,425939,0,0,29.51,93404.13,38.12,211308.30,b0
765285466,8,425985,0,0,29.28,93379.15,37.94,275416.91,b0
765274459,1,426031,0,0,27.89,93384.43,40.95,226598.81,b0
765272923,2,426077,0,0,28.04,93405.55,40.99,226298.34,b0
765271642,3,426123,0,0,28.35,93364.48,39.88,334531.19,b0
765289819,4,426170,0,0,28.63,93383.31,39.21,230112.36,b0
765281116,5,426216,0,0,29.40,93418.58,37.41,246390.77,b0
765280092,6,426262,0,0,29.39,93409.49,37.18,218336.89,b0
765271896,7,426308,0,0,29.53,93404.39,38.13,211308.30,b0
765285466,8,426354,0,0,29.28,93379.37,37.94,276756.75,b0
765274459,1,426400,0,0,27.90,93384.59,40.95,226749.33,b0
765272923,2,426447,0,0,28.05,93405.92,41.00,226598.81,b0
765271642,3,426493,0,0,28.36,93365.09,39.88,334203.66,b0
765289819,4,426539,0,0,28.65,93385.37,39.23,229493.50,b0
765281116,5,426585,0,0,29.41,93419.61,37.39,247104.25,b0
765280092,6,426631,0,0,29.40,93410.64,37.17,219178.08,b0
765271896,7,426677,0,0,29.53,93404.28,38.12,211308.30,b0
765285466,8,426723,0,0,29.30,93378.84,37.93,276756.75,b0
765274459,1,426770,0,0,27.90,93386.23,40.96,227353.47,b0
765272923,2,426816,0,0,28.04,93405.91,41.01,226448.47,b0
765271642,3,426862,0,0,28.36,93365.62,39.89,333876.75,b0
765289819,4,426908,0,0,28.65,93385.74,39.23,231046.94,b0
765281116,5,426954,0,0,29.42,93421.08,37.41,245504.67,b0
765280092,6,427000,0,0,29.40,93407.77,37.16,218336.89,b0
765271896,7,427046,0,0,29.53,93402.31,38.12,210656.25,b0
765285466,8,427092,0,0,29.31,93380.20,37.94,277431.59,b0
765274459,1,427139,0,0,27.89,93385.35,40.95,227353.47,b0
765272923,2,427185,0,0,28.03,93405.14,41.00,225998.67,b0
765271642,3,427231,0,0,28.36,93363.10,39.90,332899.88,b0
765289819,4,427277,0,0,28.65,93384.45,39.22,230578.70,b0
765281116,5,427323,0,0,29.41,93418.13,37.40,246746.98,b0
765280092,6,427369,0,0,29.41,93408.41,37.17,218476.64,b0
765271896,7,427415,0,0,29.54,93403.07,38.11,211177.56,b0
765285466,8,427462,0,0,29.31,93380.95,37.93,276981.34,b0
765274459,1,427508,0,0,27.89,93385.35,40.95,225998.67,b0
765272923,2,427554,0,0,28.03,93408.41,40.99,227202.13,b0
765271642,3,427600,0,0,28.36,93365.96,39.88,333224.88,b0
765289819,4,427646,0,0,28.63,93382.39,39.22,230578.70,b0
765281116,5,427692,0,0,29.42,93421.13,37.41,246746.98,b0
765280092,6,427738,0,0,29.41,93410.01,37.16,217640.81,b0
765271896,7,427785,0,0,29.56,93405.19,38.10,211308.30,b0
765285466,8,427831,0,0,29.32,93380.53,37.92,276532.53,b0
765274459,1,427877,0,0,27.89,93387.35,40.94,227202.13,b0
765272923,2,427923,0,0,28.02,93406.75,40.99,226598.81,b0
765271642,3,427969,0,0,28.34,93364.79,39.87,333550.50,b0
765289819,4,428015,0,0,28.63,93382.59,39.22,230267.59,b0
765281116,5,428062,0,0,29.42,93418.41,37.40,246213.03,b0
765280092,6,428108,0,0,29.41,93409.63,37.15,219178.08,b0
765271896,7,428154,0,0,29.56,93405.01,38.10,211701.47,b0
765285466,8,428200,0,0,29.33,93381.11,37.92,277206.28,b0
765274459,1,428246,0,0,27.89,93385.90,40.94,224956.06,b0
765272923,2,428292,0,0,28.02,93406.38,41.01,226448.47,b0
765271642,3,428339,0,0,28.34,93363.90,39.88,334859.38,b0
765289819,4,428385,0,0,28.64,93383.69,39.22,229647.91,b0
765281116,5,428431,0,0,29.42,93420.96,37.39,246568.75,b0
765280092,6,428477,0,0,29.41,93409.66,37.14,217918.70,b0
765271896,7,428523,0,0,29.57,93403.12,38.09,211439.19,b0
765285466,8,428569,0,0,29.33,93381.20,37.91,276532.53,b0
765274459,1,428616,0,0,27.89,93386.45,40.96,227505.00,b0
765272923,2,428662,0,0,28.01,93407.28,41.01,226749.33,b0
765271642,3,428708,0,0,28.36,93366.15,39.89,333876.75,b0
765289819,4,428754,0,0,28.63,93383.44,39.22,228571.42,b0
765281116,5,428800,0,0,29.44,93418.91,37.40,246390.77,b0
765280092,6,428846,0,0,29.41,93409.52,37.15,218197.31,b0
765271896,7,428892,0,0,29.59,93406.23,38.09,211439.19,b0
765285466,8,428938,0,0,29.34,93382.48,37.89,276532.53,b0
765274459,1,428985,0,0,27.88,93384.64,40.96,225849.14,b0
765272923,2,429031,0,0,28.00,93407.45,41.02,226148.41,b0
765271642,3,429077,0,0,28.34,93364.07,39.90,336178.59,b0
765289819,4,429123,0,0,28.61,93384.08,39.21,231360.14,b0
765281116,5,429169,0,0,29.43,93420.28,37.40,246925.48,b0
765280092,6,429215,0,0,29.40,93406.93,37.15,218616.56,b0
765271896,7,429261,0,0,29.59,93405.19,38.07,212757.11,b0
765285466,8,429307,0,0,29.34,93382.70,37.90,276308.69,b0
765274459,1,429354,0,0,27.87,93385.75,40.95,227051.00,b0
765272923,2,429400,0,0,27.99,93406.50,41.02,226298.34,b0
765271642,3,429446,0,0,28.34,93365.32,39.90,334203.66,b0
765289819,4,429492,0,0,28.60,93385.26,39.23,231360.14,b0
765281116,5,429538,0,0,29.41,93419.97,37.38,245858.34,b0
765280092,6,429584,0,0,29.41,93409.68,37.16,218197.31,b0
765271896,7,429631,0,0,29.59,93405.51,38.07,212227.98,b0
765285466,8,429677,0,0,29.34,93381.98,37.88,276532.53,b0
765274459,1,429723,0,0,27.86,93385.40,40.95,227202.13,b0
765272923,2,429769,0,0,27.98,93406.46,41.01,225104.42,b0
765271642,3,429815,0,0,28.34,93365.33,39.90,334203.66,b0
765289819,4,429861,0,0,28.59,93383.04,39.22,230734.56,b0
765281116,5,429907,0,0,29.42,93420.89,37.38,246390.77,b0
765280092,6,429954,0,0,29.42,93410.45,37.14,218756.67,b0
765271896,7,430000,0,0,29.58,93404.43,38.07,212227.98,b0
765285466,8,430046,0,0,29.35,93382.60,37.88,276532.53,b0
765274459,1,430092,0,0,27.88,93384.46,40.97,227202.13,b0
765272923,2,430138,0,0,28.00,93407.97,41.02,225104.42,b0
765271642,3,430184,0,0,28.35,93365.54,39.88,334859.38,b0
765289819,4,430231,0,0,28.60,93385.09,39.22,231360.14,b0
765281116,5,430277,0,0,29.43,93421.70,37.37,247462.55,b0
765280092,6,430323,0,0,29.42,93409.96,37.13,217640.81,b0
765271896,7,430369,0,0,29.59,93404.45,38.05,210916.58,b0
765285466,8,430415,0,0,29.35,93381.35,37.87,276308.69,b0
765274459,1,430461,0,0,27.88,93385.73,40.96,225699.80,b0
765272923,2,430507,0,0,28.00,93407.07,41.03,225849.14,b0
765271642,3,430554,0,0,28.34,93366.04,39.89,334203.66,b0
765289819,4,430600,0,0,28.62,93385.16,39.23,231046.94,b0
765281116,5,430646,0,0,29.43,93419.90,37.39,246568.75,b0
765280092,6,430692,0,0,29.41,93410.41,37.15,218896.97,b0
765271896,7,430738,0,0,29.60,93405.23,38.04,211308.30,b0
765285466,8,430784,0,0,29.35,93381.67,37.85,276756.75,b0
765274459,1,430831,0,0,27.89,93387.53,40.97,227202.13,b0
765272923,2,430877,0,0,28.01,93407.48,41.03,226749.33,b0
765271642,3,430923,0,0,28.34,93366.73,39.89,332251.78,b0
765289819,4,430969,0,0,28.62,93383.24,39.22,231831.56,b0
765281116,5,431015,0,0,29.44,93420.17,37.37,246568.75,b0
765280092,6,431061,0,0,29.41,93409.00,37.13,217502.13,b0
765271896,7,431107,0,0,29.60,93406.33,38.03,211046.98,b0
765285466,8,431153,0,0,29.35,93382.24,37.84,275862.06,b0
765274459,1,431200,0,0,27.89,93387.53,40.97,226749.33,b0
765272923,2,431246,0,0,28.02,93406.58,41.05,227353.47,b0
765271642,3,431292,0,0,28.34,93364.57,39.91,335188.22,b0
765289819,4,431338,0,0,28.63,93383.62,39.23,231674.20,b0
765281116,5,431384,0,0,29.44,93422.59,37.38,247642.08,b0
765280092,6,431430,0,0,29.42,93410.34,37.14,219459.92,b0
765271896,7,431476,0,0,29.61,93404.95,38.03,212227.98,b0
765285466,8,431522,0,0,29.35,93381.22,37.85,276308.69,b0
765274459,1,431569,0,0,27.91,93388.41,40.98,225849.14,b0
765272923,2,431615,0,0,28.03,93407.71,41.04,226749.33,b0
765271642,3,431661,0,0,28.35,93365.71,39.91,336510.03,b0
765289819,4,431707,0,0,28.63,93382.42,39.25,230890.64,b0
765281116,5,431753,0,0,29.45,93420.63,37.38,246568.75,b0
765280092,6,431799,0,0,29.42,93409.39,37.12,217502.13,b0
765271896,7,431846,0,0,29.60,93405.99,38.01,211832.84,b0
765285466,8,431892,0,0,29.35,93380.10,37.83,277883.31,b0
765274459,1,431938,0,0,27.91,93386.77,40.98,225849.14,b0
765272923,2,431984,0,0,28.03,93406.98,41.03,225699.80,b0
765271642,3,432030,0,0,28.35,93365.40,39.90,334859.38,b0
765289819,4,432076,0,0,28.65,93384.66,39.22,230267.59,b0
765281116,5,432122,0,0,29.45,93419.05,37.38,247821.88,b0
765280092,6,432169,0,0,29.43,93409.37,37.13,219459.92,b0
765271896,7,432215,0,0,29.61,93405.13,38.00,210656.25,b0
765285466,8,432261,0,0,29.36,93380.00,37.84,276532.53,b0
765274459,1,432307,0,0,27.92,93386.57,40.99,224956.06,b0
765272923,2,432353,0,0,28.05,93406.65,41.03,225252.97,b0
765271642,3,432399,0,0,28.37,93365.34,39.89,333876.75,b0
765289819,4,432446,0,0,28.67,93385.28,39.25,230267.59,b0
765281116,5,432492,0,0,29.46,93420.41,37.38,245681.38,b0
765280092,6,432538,0,0,29.44,93409.27,37.11,219884.05,b0
765271896,7,432584,0,0,29.62,93405.40,38.00,211308.30,b0
765285466,8,432630,0,0,29.36,93381.66,37.82,276308.69,b0
765274459,1,432676,0,0,27.92,93386.75,40.99,224807.91,b0
765272923,2,432723,0,0,28.05,93405.22,41.06,226448.47,b0
765271642,3,432769,0,0,28.38,93365.21,39.92,333876.75,b0
765289819,4,432815,0,0,28.68,93385.73,39.26,230112.36,b0
765281116,5,432861,0,0,29.47,93419.73,37.35,246925.48,b0
765280092,6,432907,0,0,29.44,93409.31,37.12,218616.56,b0
765271896,7,432953,0,0,29.62,93403.80,38.01,211308.30,b0
765285466,8,432999,0,0,29.37,93379.56,37.81,276085.19,b0
765274459,1,433046,0,0,27.93,93387.46,40.98,225550.66,b0
765272923,2,433092,0,0,28.07,93405.82,41.04,224807.91,b0
765271642,3,433138,0,0,28.39,93365.98,39.90,333550.50,b0
765289819,4,433184,0,0,28.68,93382.87,39.23,229647.91,b0
765281116,5,433230,0,0,29.47,93420.34,37.36,246035.56,b0
765280092,6,433276,0,0,29.45,93408.84,37.13,217502.13,b0
765271896,7,433322,0,0,29.64,93406.04,37.98,211701.47,b0
765285466,8,433368,0,0,29.38,93380.58,37.81,277206.28,b0
765274459,1,433415,0,0,27.93,93387.09,40.98,226448.47,b0
765272923,2,433461,0,0,28.09,93407.30,41.03,224659.94,b0
765271642,3,433507,0,0,28.39,93365.98,39.92,332899.88,b0
765289819,4,433553,0,0,28.69,93384.01,39.24,229031.53,b0
765281116,5,433599,0,0,29.49,93418.32,37.36,245681.38,b0
765280092,6,433645,0,0,29.46,93407.69,37.12,217779.67,b0
765271896,7,433691,0,0,29.65,93404.71,37.98,210396.55,b0
765285466,8,433738,0,0,29.38,93381.87,37.82,275639.31,b0
765274459,1,433784,0,0,27.93,93385.46,40.97,223923.03,b0
765272923,2,433830,0,0,28.09,93406.96,41.06,225252.97,b0
765271642,3,433876,0,0,28.39,93366.22,39.91,333876.75,b0
765289819,4,433922,0,0,28.69,93382.73,39.25,229339.31,b0
765281116,5,433968,0,0,29.49,93418.02,37.37,245681.38,b0
765280092,6,434015,0,0,29.47,93408.69,37.11,217779.67,b0
765271896,7,434061,0,0,29.65,93404.20,37.99,210008.20,b0
765285466,8,434107,0,0,29.39,93379.52,37.82,275862.06,b0
765274459,1,434153,0,0,27.94,93386.71,40.99,225849.14,b0
765272923,2,434199,0,0,28.09,93406.95,41.03,225104.42,b0
765271642,3,434245,0,0,28.38,93365.07,39.90,332575.50,b0
765289819,4,434291,0,0,28.69,93383.28,39.24,230423.05,b0
765281116,5,434338,0,0,29.51,93419.43,37.36,244449.75,b0
765280092,6,434384,0,0,29.47,93409.45,37.10,217502.13,b0
765271896,7,434430,0,0,29.67,93404.29,37.97,210786.33,b0
765285466,8,434476,0,0,29.40,93379.53,37.81,275416.91,b0
765274459,1,434522,0,0,27.94,93386.53,40.97,225998.67,b0
765272923,2,434568,0,0,28.09,93406.95,41.06,225401.72,b0
765271642,3,434615,0,0,28.39,93365.45,39.88,331928.69,b0
765289819,4,434661,0,0,28.69,93383.28,39.25,229031.53,b0
765281116,5,434707,0,0,29.51,93419.98,37.36,244800.38,b0
765280092,6,434753,0,0,29.47,93407.80,37.11,216949.16,b0
765271896,7,434799,0,0,29.67,93404.12,37.98,210008.20,b0
765285466,8,434845,0,0,29.41,93382.66,37.79,273870.03,b0
765274459,1,434892,0,0,27.93,93386.18,40.96,224364.59,b0
765272923,2,434938,0,0,28.08,93408.02,41.04,225104.42,b0
765271642,3,434984,0,0,28.40,93366.06,39.90,334203.66,b0
765289819,4,435030,0,0,28.69,93384.70,39.24,230423.05,b0
765281116,5,435076,0,0,29.51,93419.45,37.35,245152.02,b0
765280092,6,435122,0,0,29.47,93407.30,37.11,216536.27,b0
765271896,7,435168,0,0,29.68,93405.80,37.97,209621.30,b0
765285466,8,435214,0,0,29.41,93381.42,37.79,274751.81,b0
765274459,1,435261,0,0,27.92,93386.75,40.95,226148.41,b0
765272923,2,435307,0,0,28.06,93408.15,41.02,226598.81,b0
765271642,3,435353,0,0,28.39,93364.07,39.91,333550.50,b0
765289819,4,435399,0,0,28.67,93384.78,39.22,229647.91,b0
765281116,5,435445,0,0,29.52,93418.03,37.34,244100.13,b0
765280092,6,435491,0,0,29.47,93409.30,37.10,217087.13,b0
765271896,7,435537,0,0,29.68,93404.74,37.97,209621.30,b0
765285466,8,435583,0,0,29.42,93382.09,37.78,274530.84,b0
765274459,1,435630,0,0,27.90,93386.05,40.96,224512.17,b0
765272923,2,435676,0,0,28.04,93406.63,41.02,225401.72,b0
765271642,3,435722,0,0,28.37,93364.99,39.89,334203.66,b0
765289819,4,435768,0,0,28.65,93386.10,39.21,229647.91,b0
765281116,5,435814,0,0,29.53,93418.52,37.34,244624.94,b0
765280092,6,435860,0,0,29.48,93409.76,37.09,216811.34,b0
765271896,7,435907,0,0,29.69,93405.89,37.94,208851.72,b0
765285466,8,435953,0,0,29.42,93380.20,37.77,272775.72,b0
765274459,1,435999,0,0,27.88,93385.36,40.96,225849.14,b0
765272923,2,436045,0,0,28.03,93405.88,41.02,225401.72,b0
765271642,3,436091,0,0,28.35,93365.38,39.90,333876.75,b0
765289819,4,436137,0,0,28.64,93382.26,39.21,228418.47,b0
765281116,5,436183,0,0,29.54,93414.97,37.33,245504.67,b0
765280092,6,436230,0,0,29.49,93408.36,37.09,216949.16,b0
765271896,7,436276,0,0,29.70,93404.16,37.93,207203.56,b0
765285466,8,436322,0,0,29.44,93384.06,37.78,274089.94,b0
765274459,1,436368,0,0,27.88,93386.45,40.96,226148.41,b0
765272923,2,436414,0,0,28.04,93405.19,41.01,225550.66,b0
765271642,3,436460,0,0,28.35,93366.47,39.88,332575.50,b0
765289819,4,436507,0,0,28.65,93386.10,39.21,230267.59,b0
765281116,5,436553,0,0,29.54,93415.58,37.32,243751.48,b0
765280092,6,436599,0,0,29.50,93411.20,37.09,216261.88,b0
765271896,7,436645,0,0,29.70,93403.44,37.92,208214.72,b0
765285466,8,436691,0,0,29.44,93381.38,37.77,274310.22,b0
765274459,1,436737,0,0,27.89,93384.08,40.95,225699.80,b0
765272923,2,436784,0,0,28.05,93405.92,41.02,225699.80,b0
765271642,3,436830,0,0,28.36,93365.45,39.89,333224.88,b0
765289819,4,436876,0,0,28.66,93384.52,39.22,229647.91,b0
765281116,5,436922,0,0,29.56,93417.32,37.32,242884.25,b0
765280092,6,436968,0,0,29.50,93409.57,37.09,216398.98,b0
765271896,7,437014,0,0,29.71,93406.39,37.92,207455.42,b0
765285466,8,437060,0,0,29.44,93379.87,37.76,273650.47,b0
765274459,1,437107,0,0,27.89,93386.07,40.96,226749.33,b0
765272923,2,437153,0,0,28.05,93405.76,41.02,225998.67,b0
765271642,3,437199,0,0,28.37,93366.23,39.90,334203.66,b0
765289819,4,437245,0,0,28.67,93383.19,39.22,229957.33,b0
765281116,5,437291,0,0,29.57,93417.44,37.31,242366.86,b0
765280092,6,437337,0,0,29.50,93409.05,37.07,215306.98,b0
765271896,7,437383,0,0,29.72,93404.82,37.91,208341.81,b0
765285466,8,437429,0,0,29.46,93383.03,37.76,272993.88,b0
765274459,1,437476,0,0,27.91,93387.31,40.96,226148.41,b0
765272923,2,437522,0,0,28.07,93406.34,41.02,225849.14,b0
765271642,3,437568,0,0,28.37,93364.62,39.89,333550.50,b0
765289819,4,437614,0,0,28.68,93383.05,39.22,228265.72,b0
765281116,5,437660,0,0,29.57,93416.02,37.29,242023.16,b0
765280092,6,437706,0,0,29.50,93408.52,37.09,215171.25,b0
765271896,7,437752,0,0,29.72,93405.36,37.91,207834.38,b0
765285466,8,437799,0,0,29.46,93383.39,37.75,271690.09,b0
765274459,1,437845,0,0,27.91,93385.49,40.97,225252.97,b0
765272923,2,437891,0,0,28.09,93407.48,41.03,225104.42,b0
765271642,3,437937,0,0,28.38,93365.92,39.90,334531.19,b0
765289819,4,437983,0,0,28.70,93384.41,39.22,230267.59,b0
765281116,5,438029,0,0,29.58,93415.55,37.30,241680.44,b0
765280092,6,438076,0,0,29.51,93409.88,37.09,213689.48,b0
765271896,7,438122,0,0,29.74,93406.55,37.88,207077.86,b0
765285466,8,438168,0,0,29.46,93381.84,37.75,271690.09,b0
765274459,1,438214,0,0,27.92,93385.11,40.98,224956.06,b0
765272923,2,438260,0,0,28.11,93406.63,41.02,224659.94,b0
765271642,3,438306,0,0,28.39,93366.73,39.90,331606.22,b0
765289819,4,438352,0,0,28.71,93385.89,39.23,229647.91,b0
765281116,5,438399,0,0,29.59,93415.07,37.30,241338.67,b0
765280092,6,438445,0,0,29.52,93409.42,37.07,214630.06,b0
765271896,7,438491,0,0,29.73,93403.13,37.89,207707.91,b0
765285466,8,438537,0,0,29.46,93382.02,37.74,272993.88,b0
765274459,1,438583,0,0,27.93,93385.28,40.97,224956.06,b0
765272923,2,438629,0,0,28.12,93408.13,41.03,224364.59,b0
765271642,3,438676,0,0,28.39,93364.44,39.90,333876.75,b0
765289819,4,438722,0,0,28.71,93382.50,39.22,229802.52,b0
765281116,5,438768,0,0,29.59,93416.38,37.30,241680.44,b0
765280092,6,438814,0,0,29.52,93408.38,37.07,214765.09,b0
765271896,7,438860,0,0,29.73,93405.06,37.89,207455.42,b0
765285466,8,438906,0,0,29.47,93383.34,37.75,271474.03,b0
765274459,1,438953,0,0,27.94,93384.89,40.99,224512.17,b0
765272923,2,438999,0,0,28.13,93405.95,41.02,225104.42,b0
765271642,3,439045,0,0,28.41,93365.79,39.92,331606.22,b0
765289819,4,439091,0,0,28.73,93384.92,39.23,228724.59,b0
765281116,5,439137,0,0,29.59,93415.67,37.29,241680.44,b0
765280092,6,439183,0,0,29.51,93408.99,37.09,214765.09,b0
765271896,7,439229,0,0,29.72,93405.73,37.87,207834.38,b0
765285466,8,439275,0,0,29.48,93382.52,37.73,272775.72,b0
765274459,1,439322,0,0,27.95,93384.88,40.98,226148.41,b0
765272923,2,439368,0,0,28.14,93407.63,41.03,224956.06,b0
765271642,3,439414,0,0,28.42,93367.27,39.91,330963.16,b0
765289819,4,439460,0,0,28.73,93384.61,39.23,229031.53,b0
765281116,5,439506,0,0,29.59,93417.13,37.27,241680.44,b0
765280092,6,439552,0,0,29.52,93409.40,37.07,213823.34,b0
765271896,7,439598,0,0,29.71,93405.51,37.86,207455.42,b0
765285466,8,439644,0,0,29.47,93379.95,37.73,271258.28,b0
765274459,1,439691,0,0,27.96,93385.21,40.98,223190.94,b0
765272923,2,439737,0,0,28.14,93407.25,41.02,224659.94,b0
765271642,3,439783,0,0,28.42,93366.23,39.91,330322.59,b0
765289819,4,439829,0,0,28.73,93383.34,39.22,228877.97,b0
765281116,5,439875,0,0,29.59,93416.36,37.27,241338.67,b0
765280092,6,439921,0,0,29.52,93410.16,37.07,214630.06,b0
765271896,7,439968,0,0,29.72,93406.62,37.85,207455.42,b0
765285466,8,440014,0,0,29.46,93381.13,37.72,272993.88,b0
765274459,1,440060,0,0,27.96,93386.66,40.98,224364.59,b0
765272923,2,440106,0,0,28.14,93406.18,41.02,224512.17,b0
765271642,3,440152,0,0,28.42,93366.26,39.90,330963.16,b0
765289819,4,440198,0,0,28.72,93384.01,39.20,228418.47,b0
765281116,5,440244,0,0,29.60,93417.19,37.26,240488.50,b0
765280092,6,440291,0,0,29.52,93408.37,37.06,213022.67,b0
765271896,7,440337,0,0,29.71,93404.08,37.87,207961.00,b0
765285466,8,440383,0,0,29.46,93380.92,37.70,272557.91,b0
765274459,1,440429,0,0,27.97,93386.47,40.97,224956.06,b0
765272923,2,440475,0,0,28.13,93406.89,41.00,224659.94,b0
765271642,3,440521,0,0,28.42,93366.02,39.89,331284.38,b0
765289819,4,440568,0,0,28.71,93384.81,39.23,227960.81,b0
765281116,5,440614,0,0,29.57,93414.96,37.26,242884.25,b0
765280092,6,440660,0,0,29.51,93407.18,37.03,213689.48,b0
765271896,7,440706,0,0,29.71,93404.73,37.85,206202.17,b0
765285466,8,440752,0,0,29.45,93379.73,37.69,272775.72,b0
765274459,1,440798,0,0,27.95,93383.78,40.97,225998.67,b0
765272923,2,440845,0,0,28.11,93405.92,41.02,224807.91,b0
765271642,3,440891,0,0,28.39,93365.11,39.88,331284.38,b0
765289819,4,440937,0,0,28.69,93382.93,39.21,227202.13,b0
765281116,5,440983,0,0,29.56,93416.09,37.25,243751.48,b0
765280092,6,441029,0,0,29.50,93407.26,37.03,215035.70,b0
765271896,7,441075,0,0,29.69,93404.12,37.83,208724.02,b0
765285466,8,441121,0,0,29.44,93380.55,37.69,272557.91,b0
765274459,1,441168,0,0,27.93,93383.26,40.96,224659.94,b0
765272923,2,441214,0,0,28.10,93405.54,40.99,225104.42,b0
765271642,3,441260,0,0,28.38,93364.31,39.89,331284.38,b0
765289819,4,441306,0,0,28.69,93383.96,39.18,229185.31,b0
765281116,5,441352,0,0,29.55,93416.72,37.22,241168.16,b0
765280092,6,441398,0,0,29.49,93409.27,37.03,214765.09,b0
765271896,7,441444,0,0,29.68,93402.96,37.82,206576.56,b0
765285466,8,441490,0,0,29.44,93381.26,37.68,272993.88,b0
765274459,1,441537,0,0,27.92,93385.29,40.97,225104.42,b0
765272923,2,441583,0,0,28.10,93405.16,40.99,224807.91,b0
765271642,3,441629,0,0,28.37,93365.69,39.88,330642.56,b0
765289819,4,441675,0,0,28.68,93385.55,39.17,229802.52,b0
765281116,5,441721,0,0,29.53,93416.94,37.23,243577.55,b0
765280092,6,441767,0,0,29.48,93409.16,37.02,214765.09,b0
765271896,7,441813,0,0,29.67,93405.06,37.81,208851.72,b0
765285466,8,441860,0,0,29.43,93381.52,37.65,273212.38,b0
765274459,1,441906,0,0,27.90,93386.05,40.95,224659.94,b0
765272923,2,441952,0,0,28.07,93404.54,40.99,224956.06,b0
765271642,3,441998,0,0,28.36,93364.53,39.87,332575.50,b0
765289819,4,442044,0,0,28.66,93382.91,39.18,230423.05,b0
765281116,5,442090,0,0,29.52,93415.17,37.21,243057.20,b0
765280092,6,442137,0,0,29.47,93408.86,37.02,215035.70,b0
765271896,7,442183,0,0,29.65,93403.31,37.81,209364.14,b0
765285466,8,442229,0,0,29.41,93380.07,37.65,275194.84,b0
765274459,1,442275,0,0,27.89,93386.27,40.95,225699.80,b0
765272923,2,442321,0,0,28.07,93406.16,40.98,225401.72,b0
765271642,3,442367,0,0,28.35,93365.35,39.87,332251.78,b0
765289819,4,442414,0,0,28.64,93380.49,39.17,230112.36,b0
765281116,5,442460,0,0,29.52,93416.63,37.20,243403.84,b0
765280092,6,442506,0,0,29.47,93407.80,37.01,215171.25,b0
765271896,7,442552,0,0,29.66,93406.05,37.80,209235.80,b0
765285466,8,442598,0,0,29.40,93379.60,37.64,274751.81,b0
765274459,1,442644,0,0,27.86,93383.57,40.94,225401.72,b0
765272923,2,442690,0,0,28.05,93405.56,40.97,225252.97,b0
765271642,3,442737,0,0,28.33,93363.46,39.87,331928.69,b0
765289819,4,442783,0,0,28.64,93384.05,39.16,229339.31,b0
765281116,5,442829,0,0,29.52,93418.12,37.18,242366.86,b0
765280092,6,442875,0,0,29.46,93407.86,37.00,216811.34,b0
765271896,7,442921,0,0,29.65,93403.85,37.79,207455.42,b0
765285466,8,442967,0,0,29.40,93379.36,37.65,273431.25,b0
765274459,1,443014,0,0,27.86,93385.59,40.92,226749.33,b0
765272923,2,443060,0,0,28.05,93407.57,40.96,224659.94,b0
765271642,3,443106,0,0,28.33,93364.67,39.87,332575.50,b0
765289819,4,443152,0,0,28.64,93384.22,39.16,230267.59,b0
765281116,5,443198,0,0,29.53,93417.09,37.19,243230.41,b0
765280092,6,443244,0,0,29.46,93409.01,37.01,215442.88,b0
765271896,7,443290,0,0,29.67,93403.58,37.78,208469.06,b0
765285466,8,443336,0,0,29.41,93379.54,37.66,273870.03,b0
765274459,1,443383,0,0,27.86,93385.05,40.94,225998.67,b0
765272923,2,443429,0,0,28.06,93406.31,40.94,225401.72,b0
765271642,3,443475,0,0,28.33,93363.98,39.86,333550.50,b0
765289819,4,443521,0,0,28.66,93384.34,39.20,228724.59,b0
765281116,5,443567,0,0,29.54,93414.80,37.19,242539.08,b0
765280092,6,443613,0,0,29.47,93406.77,37.00,215578.95,b0
765271896,7,443659,0,0,29.67,93406.64,37.80,208341.81,b0
765285466,8,443705,0,0,29.42,93381.20,37.64,274530.84,b0
765274459,1,443752,0,0,27.88,93383.91,40.93,225401.72,b0
765272923,2,443798,0,0,28.07,93405.08,40.96,226598.81,b0
765271642,3,443844,0,0,28.35,93364.12,39.88,332899.88,b0
765289819,4,443890,0,0,28.67,93383.17,39.18,230267.59,b0
765281116,5,443936,0,0,29.55,93416.15,37.18,242539.08,b0
765280092,6,443982,0,0,29.48,93407.90,37.01,215715.19,b0
765271896,7,444029,0,0,29.68,93406.14,37.79,207077.86,b0
765285466,8,444075,0,0,29.42,93381.44,37.63,275194.84,b0
765274459,1,444121,0,0,27.89,93386.45,40.95,225849.14,b0
765272923,2,444167,0,0,28.09,93406.77,40.97,225401.72,b0
765271642,3,444213,0,0,28.36,93365.66,39.89,330963.16,b0
765289819,4,444259,0,0,28.70,93384.91,39.18,229647.91,b0
765281116,5,444305,0,0,29.56,93418.23,37.16,242711.55,b0
765280092,6,444352,0,0,29.48,93409.38,37.00,216673.72,b0
765271896,7,444398,0,0,29.68,93405.80,37.79,208851.72,b0
765285466,8,444444,0,0,29.42,93381.98,37.65,273431.25,b0
765274459,1,444490,0,0,27.89,93385.34,40.96,225849.14,b0
765272923,2,444536,0,0,28.09,93406.41,40.97,225699.80,b0
765271642,3,444582,0,0,28.37,93365.34,39.90,331606.22,b0
765289819,4,444629,0,0,28.70,93384.58,39.20,228724.59,b0
765281116,5,444675,0,0,29.56,93416.83,37.19,242194.89,b0
765280092,6,444721,0,0,29.50,93408.46,37.00,214495.19,b0
765271896,7,444767,0,0,29.69,93406.04,37.78,207581.59,b0
765285466,8,444813,0,0,29.43,93379.68,37.63,274973.16,b0
765274459,1,444859,0,0,27.89,93385.90,40.96,225401.72,b0
765272923,2,444906,0,0,28.09,93406.95,40.96,225699.80,b0
765271642,3,444952,0,0,28.36,93366.55,39.89,331928.69,b0
765289819,4,444998,0,0,28.69,93385.45,39.17,229031.53,b0
765281116,5,445044,0,0,29.57,93418.88,37.18,241680.44,b0
765280092,6,445090,0,0,29.50,93409.17,36.99,214900.31,b0
765271896,7,445136,0,0,29.69,93406.43,37.79,209107.61,b0
765285466,8,445182,0,0,29.43,93380.21,37.63,274751.81,b0
765274459,1,445229,0,0,27.87,93385.75,40.95,226598.81,b0
765272923,2,445275,0,0,28.08,93407.28,40.96,226900.06,b0
765271642,3,445321,0,0,28.35,93367.36,39.88,332251.78,b0
765289819,4,445367,0,0,28.69,93386.84,39.18,228418.47,b0
765281116,5,445413,0,0,29.58,93417.87,37.17,241509.44,b0
765280092,6,445459,0,0,29.50,93409.80,36.99,215851.61,b0
765271896,7,445505,0,0,29.70,93405.57,37.78,208469.06,b0
765285466,8,445551,0,0,29.43,93383.69,37.62,273212.38,b0
765274459,1,445598,0,0,27.86,93387.94,40.95,224956.06,b0
765272923,2,445644,0,0,28.07,93408.35,40.98,225104.42,b0
765271642,3,445690,0,0,28.35,93368.41,39.88,333550.50,b0
765289819,4,445736,0,0,28.68,93386.27,39.18,228265.72,b0
765281116,5,445782,0,0,29.57,93417.13,37.17,240997.88,b0
765280092,6,445828,0,0,29.50,93411.22,37.01,215035.70,b0
765271896,7,445874,0,0,29.70,93406.64,37.78,208724.02,b0
765285466,8,445921,0,0,29.44,93382.66,37.64,272557.91,b0
765274459,1,445967,0,0,27.86,93387.23,40.95,224807.91,b0
765272923,2,446013,0,0,28.07,93408.52,40.96,226298.34,b0
765271642,3,446059,0,0,28.35,93367.50,39.88,334203.66,b0
765289819,4,446105,0,0,28.69,93386.46,39.16,229031.53,b0
765281116,5,446151,0,0,29.58,93417.87,37.17,242539.08,b0
765280092,6,446198,0,0,29.50,93409.41,37.00,214360.48,b0
765271896,7,446244,0,0,29.70,93406.32,37.77,207581.59,b0
765285466,8,446290,0,0,29.44,93381.97,37.64,273870.03,b0
765274459,1,446336,0,0,27.87,93387.39,40.96,225550.66,b0
765272923,2,446382,0,0,28.08,93407.83,40.95,224956.06,b0
765271642,3,446428,0,0,28.35,93368.98,39.90,332575.50,b0
765289819,4,446475,0,0,28.69,93386.87,39.18,229493.50,b0
765281116,5,446521,0,0,29.58,93419.16,37.18,242023.16,b0
765280092,6,446567,0,0,29.50,93409.70,36.99,214900.31,b0
765271896,7,446613,0,0,29.71,93407.07,37.76,207961.00,b0
765285466,8,446659,0,0,29.45,93382.94,37.61,273650.47,b0
765274459,1,446705,0,0,27.86,93386.85,40.95,225699.80,b0
765272923,2,446751,0,0,28.08,93407.83,40.95,225849.14,b0
765271642,3,446798,0,0,28.34,93367.47,39.87,332575.50,b0
765289819,4,446844,0,0,28.69,93387.38,39.17,229802.52,b0
765281116,5,446890,0,0,29.58,93419.49,37.17,242539.08,b0
765280092,6,446936,0,0,29.50,93412.41,37.00,215171.25,b0
765271896,7,446982,0,0,29.72,93407.48,37.78,207961.00,b0
765285466,8,447028,0,0,29.46,93384.64,37.63,272340.44,b0
765274459,1,447075,0,0,27.87,93387.02,40.99,226749.33,b0
765272923,2,447121,0,0,28.07,93409.78,40.95,226448.47,b0
765271642,3,447167,0,0,28.35,93367.55,39.88,333876.75,b0
765289819,4,447213,0,0,28.68,93386.64,39.16,229802.52,b0
765281116,5,447259,0,0,29.57,93419.41,37.17,242023.16,b0
765280092,6,447305,0,0,29.49,93408.27,36.98,215851.61,b0
765271896,7,447351,0,0,29.72,93406.81,37.77,206451.61,b0
765285466,8,447397,0,0,29.45,93382.09,37.62,274530.84,b0
765274459,1,447444,0,0,27.89,93388.45,40.97,224512.17,b0
765272923,2,447490,0,0,28.09,93409.49,40.95,226448.47,b0
765271642,3,447536,0,0,28.35,93366.84,39.87,333550.50,b0
765289819,4,447582,0,0,28.69,93386.16,39.16,229185.31,b0
765281116,5,447628,0,0,29.57,93419.11,37.15,241680.44,b0
765280092,6,447674,0,0,29.50,93409.97,36.97,215442.88,b0
765271896,7,447720,0,0,29.73,93409.20,37.76,208087.78,b0
765285466,8,447766,0,0,29.47,93382.60,37.62,274530.84,b0
765274459,1,447813,0,0,27.90,93387.70,40.97,225699.80,b0
765272923,2,447859,0,0,28.10,93407.88,40.95,225849.14,b0
765271642,3,447905,0,0,28.37,93365.48,39.89,333224.88,b0
765289819,4,447951,0,0,28.71,93384.98,39.18,229493.50,b0
765281116,5,447997,0,0,29.57,93418.20,37.14,243057.20,b0
765280092,6,448043,0,0,29.50,93408.91,36.99,215578.95,b0
765271896,7,448090,0,0,29.73,93405.23,37.76,207834.38,b0
765285466,8,448136,0,0,29.47,93382.65,37.62,274089.94,b0
765274459,1,448182,0,0,27.90,93386.05,40.98,226148.41,b0
765272923,2,448228,0,0,28.11,93406.99,40.97,224807.91,b0
765271642,3,448274,0,0,28.36,93364.23,39.90,332899.88,b0
765289819,4,448320,0,0,28.71,93384.98,39.17,229493.50,b0
765281116,5,448367,0,0,29.57,93420.02,37.14,243751.48,b0
765280092,6,448413,0,0,29.51,93409.88,36.99,215988.19,b0
765271896,7,448459,0,0,29.73,93406.13,37.73,208341.81,b0
765285466,8,448505,0,0,29.48,93383.95,37.62,272775.72,b0
765274459,1,448551,0,0,27.91,93386.77,40.98,225998.67,b0
765272923,2,448597,0,0,28.09,93409.50,40.95,225252.97,b0
765271642,3,448643,0,0,28.38,93366.10,39.89,333876.75,b0
765289819,4,448690,0,0,28.68,93384.50,39.17,229802.52,b0
765281116,5,448736,0,0,29.57,93417.65,37.13,242023.16,b0
765280092,6,448782,0,0,29.51,93411.48,36.97,214900.31,b0
765271896,7,448828,0,0,29.72,93407.34,37.74,208979.59,b0
765285466,8,448874,0,0,29.46,93382.02,37.60,272993.88,b0
765274459,1,448920,0,0,27.90,93386.24,40.97,225849.14,b0
765272923,2,448967,0,0,28.06,93407.24,40.95,225849.14,b0
765271642,3,449013,0,0,28.37,93366.59,39.90,333876.75,b0
765289819,4,449059,0,0,28.67,93385.29,39.17,228265.72,b0
765281116,5,449105,0,0,29.55,93417.95,37.13,243230.41,b0
765280092,6,449151,0,0,29.49,93409.09,36.97,215171.25,b0
765271896,7,449197,0,0,29.68,93404.92,37.72,208596.45,b0
765285466,8,449243,0,0,29.42,93380.55,37.58,273431.25,b0
765274459,1,449290,0,0,27.89,93387.17,40.97,226448.47,b0
765272923,2,449336,0,0,28.04,93406.08,40.94,225252.97,b0
765271642,3,449382,0,0,28.35,93366.47,39.87,333876.75,b0
765289819,4,449428,0,0,28.65,93385.18,39.14,229957.33,b0
765281116,5,449474,0,0,29.49,93419.42,37.12,243057.20,b0
765280092,6,449520,0,0,29.46,93408.48,36.97,215442.88,b0
765271896,7,449566,0,0,29.65,93407.53,37.72,209621.30,b0
765285466,8,449612,0,0,29.40,93381.67,37.58,272340.44,b0
765274459,1,449659,0,0,27.87,93386.30,40.97,227353.47,b0
765272923,2,449705,0,0,28.03,93406.96,40.94,225849.14,b0
765271642,3,449751,0,0,28.34,93364.75,39.87,332575.50,b0
765289819,4,449797,0,0,28.63,93386.14,39.13,229957.33,b0
765281116,5,449843,0,0,29.47,93418.14,37.12,243230.41,b0
765280092,6,449889,0,0,29.45,93410.09,36.96,216124.95,b0
765271896,7,449935,0,0,29.63,93405.46,37.71,207581.59,b0
765285466,8,449982,0,0,29.39,93382.27,37.55,274751.81,b0
765274459,1,450028,0,0,27.87,93387.02,40.98,226298.34,b0
765272923,2,450074,0,0,28.02,93406.95,40.93,225998.67,b0
765271642,3,450120,0,0,28.34,93366.39,39.88,334531.19,b0
765289819,4,450166,0,0,28.63,93384.33,39.13,228724.59,b0
765281116,5,450212,0,0,29.46,93420.61,37.11,244624.94,b0
765280092,6,450259,0,0,29.45,93409.17,36.96,217225.28,b0
765271896,7,450305,0,0,29.62,93405.59,37.71,208087.78,b0
765285466,8,450351,0,0,29.39,93381.61,37.60,274530.84,b0
765274459,1,450397,0,0,27.89,93386.80,40.97,225699.80,b0
765272923,2,450443,0,0,28.03,93405.53,40.95,225699.80,b0
765271642,3,450489,0,0,28.35,93366.84,39.89,334203.66,b0
765289819,4,450536,0,0,28.64,93384.62,39.16,229339.31,b0
765281116,5,450582,0,0,29.48,93418.56,37.11,243577.55,b0
765280092,6,450628,0,0,29.46,93408.78,36.95,215306.98,b0
765271896,7,450674,0,0,29.62,93405.42,37.70,209364.14,b0
765285466,8,450720,0,0,29.40,93382.08,37.58,274310.22,b0
765274459,1,450766,0,0,27.91,93387.49,40.98,226598.81,b0
765272923,2,450812,0,0,28.06,93405.40,40.94,225998.67,b0
765271642,3,450859,0,0,28.36,93366.19,39.87,336842.09,b0
765289819,4,450905,0,0,28.65,93383.59,39.16,229802.52,b0
765281116,5,450951,0,0,29.49,93419.25,37.11,243577.55,b0
765280092,6,450997,0,0,29.47,93409.77,36.96,215715.19,b0
765271896,7,451043,0,0,29.64,93406.09,37.70,209750.11,b0
765285466,8,451089,0,0,29.40,93381.38,37.57,274973.16,b0
765274459,1,451136,0,0,27.91,93385.85,40.98,225550.66,b0
765272923,2,451182,0,0,28.06,93408.48,40.93,226448.47,b0
765271642,3,451228,0,0,28.35,93366.45,39.88,334531.19,b0
765289819,4,451274,0,0,28.63,93383.99,39.13,230112.36,b0
765281116,5,451320,0,0,29.50,93418.22,37.12,244624.94,b0
765280092,6,451366,0,0,29.47,93408.73,36.94,217640.81,b0
765271896,7,451412,0,0,29.64,93405.01,37.71,209621.30,b0
765285466,8,451458,0,0,29.40,93381.86,37.58,274751.81,b0
765274459,1,451505,0,0,27.88,93386.81,40.99,225401.72,b0
765272923,2,451551,0,0,28.05,93406.30,40.94,226298.34,b0
765271642,3,451597,0,0,28.31,93363.70,39.88,334859.38,b0
765289819,4,451643,0,0,28.62,93384.13,39.14,229647.91,b0
765281116,5,451689,0,0,29.49,93417.28,37.13,243925.67,b0
765280092,6,451735,0,0,29.47,93407.80,36.96,216949.16,b0
765271896,7,451781,0,0,29.65,93405.60,37.71,210656.25,b0
765285466,8,451827,0,0,29.40,93380.86,37.59,274530.84,b0
765274459,1,451874,0,0,27.86,93384.85,40.96,225104.42,b0
765272923,2,451920,0,0,28.03,93407.33,40.95,226298.34,b0
765271642,3,451966,0,0,28.31,93364.35,39.87,334859.38,b0
765289819,4,452012,0,0,28.61,93385.28,39.15,228113.17,b0
765281116,5,452058,0,0,29.50,93417.74,37.13,244100.13,b0
765280092,6,452104,0,0,29.47,93407.52,36.95,217087.13,b0
765271896,7,452151,0,0,29.67,93405.72,37.71,210656.25,b0
765285466,8,452197,0,0,29.42,93381.18,37.57,274973.16,b0
765274459,1,452243,0,0,27.84,93384.52,40.96,225401.72,b0
765272923,2,452289,0,0,28.02,93405.68,40.96,226900.06,b0
765271642,3,452335,0,0,28.30,93365.37,39.87,335517.69,b0
765289819,4,452381,0,0,28.61,93383.36,39.16,229957.33,b0
765281116,5,452428,0,0,29.52,93418.99,37.13,244624.94,b0
765280092,6,452474,0,0,29.48,93408.52,36.95,216261.88,b0
765271896,7,452520,0,0,29.68,93404.89,37.72,210137.50,b0
765285466,8,452566,0,0,29.44,93381.91,37.58,275194.84,b0
765274459,1,452612,0,0,27.85,93386.16,40.96,228571.42,b0
765272923,2,452658,0,0,28.04,93405.17,40.95,226598.81,b0
765271642,3,452704,0,0,28.31,93364.57,39.88,334203.66,b0
765289819,4,452751,0,0,28.63,93384.51,39.17,229339.31,b0
765281116,5,452797,0,0,29.53,93416.14,37.14,244100.13,b0
765280092,6,452843,0,0,29.49,93408.72,36.96,215442.88,b0
765271896,7,452889,0,0,29.69,93405.53,37.73,209235.80,b0
765285466,8,452935,0,0,29.44,93380.00,37.59,275639.31,b0
765274459,1,452981,0,0,27.86,93385.22,40.97,227051.00,b0
765272923,2,453028,0,0,28.05,93406.86,40.96,226298.34,b0
765271642,3,453074,0,0,28.32,93363.34,39.88,334203.66,b0
765289819,4,453120,0,0,28.64,93381.89,39.16,230890.64,b0
765281116,5,453166,0,0,29.54,93417.34,37.15,245504.67,b0
765280092,6,453212,0,0,29.49,93407.72,36.95,216398.98,b0
765271896,7,453258,0,0,29.69,93404.46,37.73,209492.64,b0
765285466,8,453304,0,0,29.45,93379.20,37.59,276085.19,b0
765274459,1,453351,0,0,27.88,93386.63,40.97,225998.67,b0
765272923,2,453397,0,0,28.07,93406.53,40.96,227202.13,b0
765271642,3,453443,0,0,28.33,93363.98,39.88,333224.88,b0
765289819,4,453489,0,0,28.66,93384.33,39.17,230734.56,b0
765281116,5,453535,0,0,29.54,93417.73,37.14,244274.81,b0
765280092,6,453581,0,0,29.50,93408.82,36.97,215171.25,b0
765271896,7,453627,0,0,29.70,93404.15,37.71,209492.64,b0
765285466,8,453673,0,0,29.45,93380.86,37.60,273870.03,b0
765274459,1,453720,0,0,27.90,93386.24,40.97,226148.41,b0
765272923,2,453766,0,0,28.07,93406.90,40.99,225998.67,b0
765271642,3,453812,0,0,28.35,93364.64,39.90,334203.66,b0
765289819,4,453858,0,0,28.67,93383.53,39.20,229802.52,b0
765281116,5,453904,0,0,29.55,93416.90,37.15,243403.84,b0
765280092,6,453950,0,0,29.51,93408.57,36.96,216949.16,b0
765271896,7,453996,0,0,29.71,93406.71,37.74,209879.08,b0
765285466,8,454043,0,0,29.47,93383.21,37.59,274751.81,b0
765274459,1,454089,0,0,27.91,93385.13,40.99,225104.42,b0
765272923,2,454135,0,0,28.08,93405.46,40.97,225550.66,b0
765271642,3,454181,0,0,28.37,93365.13,39.90,332899.88,b0
765289819,4,454227,0,0,28.68,93383.25,39.19,230734.56,b0
765281116,5,454273,0,0,29.55,93416.53,37.15,244800.38,b0
765280092,6,454320,0,0,29.51,93408.63,36.96,216124.95,b0
765271896,7,454366,0,0,29.71,93405.31,37.73,209750.11,b0
765285466,8,454412,0,0,29.47,93381.02,37.57,273870.03,b0
765274459,1,454458,0,0,27.91,93385.50,40.97,225998.67,b0
765272923,2,454504,0,0,28.08,93404.91,40.98,226598.81,b0
765271642,3,454550,0,0,28.37,93364.62,39.90,334531.19,b0
765289819,4,454596,0,0,28.69,93384.17,39.18,228877.97,b0
765281116,5,454643,0,0,29.56,93416.06,37.15,244449.75,b0
765280092,6,454689,0,0,29.51,93407.87,36.95,214900.31,b0
765271896,7,454735,0,0,29.71,93405.51,37.71,209621.30,b0
765285466,8,454781,0,0,29.46,93380.24,37.58,274751.81,b0
765274459,1,454827,0,0,27.91,93386.95,40.98,226448.47,b0
765272923,2,454873,0,0,28.07,93405.80,40.95,226148.41,b0
765271642,3,454920,0,0,28.37,93365.70,39.91,332575.50,b0
765289819,4,454966,0,0,28.67,93383.71,39.17,229802.52,b0
765281116,5,455012,0,0,29.55,93416.00,37.15,245504.67,b0
765280092,6,455058,0,0,29.50,93407.81,36.97,216949.16,b0
765271896,7,455104,0,0,29.72,93405.34,37.72,210137.50,b0
765285466,8,455150,0,0,29.47,93380.46,37.57,273870.03,b0
765274459,1,455197,0,0,27.89,93386.63,40.99,225998.67,b0
765272923,2,455243,0,0,28.05,93406.86,40.97,225401.72,b0
765271642,3,455289,0,0,28.35,93364.49,39.90,333876.75,b0
765289819,4,455335,0,0,28.66,93384.16,39.19,229185.31,b0
765281116,5,455381,0,0,29.55,93418.39,37.13,243751.48,b0
765280092,6,455427,0,0,29.49,93407.13,36.94,216811.34,b0
765271896,7,455473,0,0,29.71,93403.88,37.72,209364.14,b0
765285466,8,455519,0,0,29.46,93381.66,37.58,276308.69,b0
765274459,1,455566,0,0,27.89,93385.52,40.99,227051.00,b0
765272923,2,455612,0,0,28.03,93405.16,40.94,224807.91,b0
765271642,3,455658,0,0,28.35,93364.84,39.90,333550.50,b0
765289819,4,455704,0,0,28.65,93384.48,39.20,229031.53,b0
765281116,5,455750,0,0,29.54,93415.22,37.13,244800.38,b0
765280092,6,455796,0,0,29.49,93408.07,36.96,216811.34,b0
765271896,7,455842,0,0,29.71,93404.07,37.71,207707.91,b0
765285466,8,455888,0,0,29.46,93382.02,37.58,274751.81,b0
765274459,1,455935,0,0,27.87,93384.64,40.97,226148.41,b0
765272923,2,455981,0,0,28.02,93406.38,40.96,226749.33,b0
765271642,3,456027,0,0,28.35,93363.79,39.90,333550.50,b0
765289819,4,456073,0,0,28.65,93383.59,39.18,230112.36,b0
765281116,5,456119,0,0,29.55,93419.80,37.14,243751.48,b0
765280092,6,456165,0,0,29.49,93408.72,36.95,216673.72,b0
765271896,7,456211,0,0,29.71,93405.33,37.70,210266.94,b0
765285466,8,456258,0,0,29.47,93382.30,37.57,274310.22,b0
765274459,1,456304,0,0,27.87,93383.20,40.97,226749.33,b0
765272923,2,456350,0,0,28.03,93408.07,40.96,225401.72,b0
765271642,3,456396,0,0,28.35,93365.22,39.89,333550.50,b0
765289819,4,456442,0,0,28.65,93385.20,39.18,230734.56,b0
765281116,5,456488,0,0,29.55,93417.10,37.13,244449.75,b0
765280092,6,456535,0,0,29.50,93409.57,36.94,216261.88,b0
765271896,7,456581,0,0,29.73,93405.95,37.70,209235.80,b0
765285466,8,456627,0,0,29.47,93380.87,37.55,274751.81,b0
765274459,1,456673,0,0,27.87,93385.20,40.98,226749.33,b0
765272923,2,456719,0,0,28.04,93406.63,40.97,225699.80,b0
765271642,3,456765,0,0,28.36,93364.89,39.91,335188.22,b0
765289819,4,456812,0,0,28.66,93381.84,39.17,229493.50,b0
765281116,5,456858,0,0,29.56,93417.16,37.13,243751.48,b0
765280092,6,456904,0,0,29.50,93406.90,36.96,218057.92,b0
765271896,7,456950,0,0,29.73,93405.99,37.71,209492.64,b0
765285466,8,456996,0,0,29.47,93380.13,37.56,276308.69,b0
765274459,1,457042,0,0,27.88,93385.92,40.98,226448.47,b0
765272923,2,457088,0,0,28.05,93407.04,40.98,225998.67,b0
765271642,3,457135,0,0,28.36,93364.37,39.90,332899.88,b0
765289819,4,457181,0,0,28.67,93386.22,39.18,229493.50,b0
765281116,5,457227,0,0,29.57,93414.76,37.12,243751.48,b0
765280092,6,457273,0,0,29.50,93407.46,36.94,215171.25,b0
765271896,7,457319,0,0,29.74,93404.41,37.71,209364.14,b0
765285466,8,457365,0,0,29.48,93382.20,37.55,275862.06,b0
765274459,1,457412,0,0,27.89,93386.27,40.97,227353.47,b0
765272923,2,457458,0,0,28.07,93407.26,40.98,225401.72,b0
765271642,3,457504,0,0,28.37,93366.78,39.90,333876.75,b0
765289819,4,457550,0,0,28.68,93384.27,39.18,229339.31,b0
765281116,5,457596,0,0,29.57,93415.86,37.14,244449.75,b0
765280092,6,457642,0,0,29.51,93408.99,36.95,217363.61,b0
765271896,7,457688,0,0,29.74,93406.23,37.70,209235.80,b0
765285466,8,457734,0,0,29.48,93381.52,37.56,276308.69,b0
765274459,1,457781,0,0,27.90,93385.88,40.99,226298.34,b0
765272923,2,457827,0,0,28.07,93407.64,40.98,225550.66,b0
765271642,3,457873,0,0,28.37,93365.30,39.90,332899.88,b0
765289819,4,457919,0,0,28.69,93385.25,39.19,229339.31,b0
765281116,5,457965,0,0,29.58,93416.11,37.13,245152.02,b0
765280092,6,458011,0,0,29.51,93409.73,36.95,215306.98,b0
765271896,7,458057,0,0,29.75,93407.03,37.70,211046.98,b0
765285466,8,458103,0,0,29.49,93384.08,37.56,276308.69,b0
765274459,1,458150,0,0,27.90,93386.79,40.98,225998.67,b0
765272923,2,458196,0,0,28.08,93405.84,40.98,226598.81,b0
765271642,3,458242,0,0,28.36,93364.77,39.90,334203.66,b0
765289819,4,458288,0,0,28.69,93384.53,39.18,229031.53,b0
765281116,5,458334,0,0,29.58,93416.13,37.13,244274.81,b0
765280092,6,458380,0,0,29.52,93409.21,36.94,216124.95,b0
765271896,7,458427,0,0,29.75,93404.69,37.68,207834.38,b0
765285466,8,458473,0,0,29.49,93383.01,37.56,274530.84,b0
765274459,1,458519,0,0,27.90,93385.88,40.98,225849.14,b0
765272923,2,458565,0,0,28.08,93408.02,40.97,225550.66,b0
765271642,3,458611,0,0,28.36,93364.37,39.90,331606.22,b0
765289819,4,458657,0,0,28.69,93383.64,39.18,227808.67,b0
765281116,5,458704,0,0,29.59,93414.60,37.13,244100.13,b0
765280092,6,458750,0,0,29.51,93408.66,36.95,216124.95,b0
765271896,7,458796,0,0,29.76,93406.70,37.69,209107.61,b0
765285466,8,458842,0,0,29.50,93382.38,37.56,275194.84,b0
765274459,1,458888,0,0,27.90,93385.88,40.98,226298.34,b0
765272923,2,458934,0,0,28.09,93407.13,40.98,225998.67,b0
765271642,3,458980,0,0,28.37,93364.95,39.90,333876.75,b0
765289819,4,459027,0,0,28.70,93385.10,39.20,229647.91,b0
765281116,5,459073,0,0,29.60,93416.81,37.13,243751.48,b0
765280092,6,459119,0,0,29.52,93408.71,36.94,216673.72,b0
765271896,7,459165,0,0,29.77,93406.76,37.70,209235.80,b0
765285466,8,459211,0,0,29.50,93382.23,37.55,274089.94,b0
765274459,1,459257,0,0,27.89,93384.98,40.99,226448.47,b0
765272923,2,459304,0,0,28.08,93406.19,40.98,225550.66,b0
765271642,3,459350,0,0,28.36,93364.77,39.90,332899.88,b0
765289819,4,459396,0,0,28.70,93384.58,39.18,229647.91,b0
765281116,5,459442,0,0,29.59,93416.05,37.12,243925.67,b0
765280092,6,459488,0,0,29.52,93409.66,36.93,215988.19,b0
765271896,7,459534,0,0,29.76,93405.80,37.68,209107.61,b0
765285466,8,459580,0,0,29.50,93384.58,37.55,276308.69,b0
765274459,1,459627,0,0,27.90,93384.78,41.00,225401.72,b0
765272923,2,459673,0,0,28.08,93406.38,40.98,225699.80,b0
765271642,3,459719,0,0,28.37,93365.38,39.90,332899.88,b0
765289819,4,459765,0,0,28.70,93384.05,39.17,229802.52,b0
765281116,5,459811,0,0,29.59,93416.55,37.12,243925.67,b0
765280092,6,459857,0,0,29.52,93408.18,36.93,217502.13,b0
765271896,7,459903,0,0,29.75,93406.31,37.68,208979.59,b0
765285466,8,459949,0,0,29.49,93382.87,37.55,274089.94,b0
765274459,1,459996,0,0,27.91,93386.95,41.00,225104.42,b0
765272923,2,460042,0,0,28.08,93405.48,40.97,226148.41,b0
765271642,3,460088,0,0,28.38,93365.96,39.90,332899.88,b0
765289819,4,460134,0,0,28.70,93385.48,39.18,229802.52,b0
765281116,5,460180,0,0,29.60,93416.99,37.12,243751.48,b0
765280092,6,460226,0,0,29.53,93410.07,36.93,215988.19,b0
765271896,7,460272,0,0,29.74,93406.20,37.66,211046.98,b0
765285466,8,460319,0,0,29.48,93382.20,37.54,276085.19,b0
765274459,1,460365,0,0,27.91,93385.13,40.99,225104.42,b0
765272923,2,460411,0,0,28.09,93408.59,40.98,224512.17,b0
765271642,3,460457,0,0,28.39,93364.91,39.90,332251.78,b0
765289819,4,460503,0,0,28.70,93383.72,39.18,230423.05,b0
765281116,5,460549,0,0,29.59,93416.00,37.10,244800.38,b0
765280092,6,460596,0,0,29.52,93409.63,36.94,216398.98,b0
765271896,7,460642,0,0,29.71,93405.46,37.66,209621.30,b0
765285466,8,460688,0,0,29.46,93382.52,37.53,274751.81,b0
765274459,1,460734,0,0,27.94,93386.54,41.00,224659.94,b0
765272923,2,460780,0,0,28.10,93407.72,40.97,224217.20,b0
765271642,3,460826,0,0,28.40,93366.23,39.91,332251.78,b0
765289819,4,460872,0,0,28.70,93384.07,39.18,228418.47,b0
765281116,5,460919,0,0,29.58,93417.17,37.11,244100.13,b0
765280092,6,460965,0,0,29.51,93410.23,36.93,215171.25,b0
765271896,7,461011,0,0,29.68,93405.13,37.65,209879.08,b0
765285466,8,461057,0,0,29.45,93383.53,37.53,274310.22,b0
765274459,1,461103,0,0,27.94,93386.34,40.99,225849.14,b0
765272923,2,461149,0,0,28.11,93409.91,41.00,224512.17,b0
765271642,3,461196,0,0,28.40,93367.49,39.90,333224.88,b0
765289819,4,461242,0,0,28.70,93384.25,39.17,229339.31,b0
765281116,5,461288,0,0,29.56,93415.95,37.11,244274.81,b0
765280092,6,461334,0,0,29.50,93408.91,36.92,216673.72,b0
765271896,7,461380,0,0,29.67,93406.60,37.65,208341.81,b0
765285466,8,461426,0,0,29.44,93381.77,37.51,275194.84,b0
765274459,1,461473,0,0,27.95,93385.60,40.99,225998.67,b0
765272923,2,461519,0,0,28.11,93405.55,40.99,224807.91,b0
765271642,3,461565,0,0,28.40,93365.73,39.90,332251.78,b0
765289819,4,461611,0,0,28.71,93385.55,39.17,229647.91,b0
765281116,5,461657,0,0,29.55,93416.94,37.11,243925.67,b0
765280092,6,461703,0,0,29.50,93411.22,36.94,216811.34,b0
765271896,7,461749,0,0,29.66,93404.05,37.67,208851.72,b0
765285466,8,461795,0,0,29.44,93380.70,37.53,276308.69,b0
765274459,1,461842,0,0,27.96,93385.95,40.98,225104.42,b0
765272923,2,461888,0,0,28.12,93406.66,40.99,224956.06,b0
765271642,3,461934,0,0,28.41,93366.49,39.89,332251.78,b0
765289819,4,461980,0,0,28.71,93384.85,39.18,229339.31,b0
765281116,5,462026,0,0,29.55,93416.56,37.09,244624.94,b0
765280092,6,462072,0,0,29.50,93409.95,36.92,216124.95,b0
765271896,7,462118,0,0,29.66,93405.48,37.66,210526.31,b0
765285466,8,462164,0,0,29.43,93381.20,37.54,275416.91,b0
765274459,1,462211,0,0,27.96,93387.02,41.01,224956.06,b0
765272923,2,462257,0,0,28.13,93407.22,40.97,225401.72,b0
765271642,3,462303,0,0,28.41,93367.76,39.89,332251.78,b0
765289819,4,462349,0,0,28.71,93383.21,39.16,228877.97,b0
765281116,5,462395,0,0,29.55,93416.36,37.08,244624.94,b0
765280092,6,462441,0,0,29.50,93409.95,36.92,217087.13,b0
765271896,7,462488,0,0,29.66,93404.79,37.66,210916.58,b0
765285466,8,462534,0,0,29.44,93382.48,37.54,277657.28,b0
765274459,1,462580,0,0,27.97,93388.29,41.00,225104.42,b0
765272923,2,462626,0,0,28.13,93407.05,40.97,224956.06,b0
765271642,3,462672,0,0,28.42,93366.74,39.89,331928.69,b0
765289819,4,462718,0,0,28.72,93384.88,39.17,228418.47,b0
765281116,5,462765,0,0,29.56,93414.62,37.09,243925.67,b0
765280092,6,462811,0,0,29.51,93409.34,36.93,217087.13,b0
765271896,7,462857,0,0,29.67,93404.48,37.67,209492.64,b0
765285466,8,462903,0,0,29.44,93382.19,37.54,277431.59,b0
765274459,1,462949,0,0,27.97,93386.11,40.98,225252.97,b0
765272923,2,462995,0,0,28.13,93406.52,40.96,224512.17,b0
765271642,3,463041,0,0,28.41,93366.55,39.89,331928.69,b0
765289819,4,463088,0,0,28.72,93383.09,39.17,229031.53,b0
765281116,5,463134,0,0,29.57,93416.04,37.08,245681.38,b0
765280092,6,463180,0,0,29.52,93408.02,36.92,216949.16,b0
765271896,7,463226,0,0,29.69,93405.87,37.66,210526.31,b0
765285466,8,463272,0,0,29.46,93381.61,37.54,275862.06,b0
765274459,1,463318,0,0,27.98,93388.27,40.97,225998.67,b0
765272923,2,463365,0,0,28.14,93407.09,40.98,224217.20,b0
765271642,3,463411,0,0,28.42,93364.41,39.88,331606.22,b0
765289819,4,463457,0,0,28.73,93384.39,39.17,228113.17,b0
765281116,5,463503,0,0,29.58,93415.59,37.11,243925.67,b0
765280092,6,463549,0,0,29.54,93409.28,36.92,217225.28,b0
765271896,7,463595,0,0,29.70,93405.95,37.68,209879.08,b0
765285466,8,463641,0,0,29.46,93381.84,37.53,275416.91,b0
765274459,1,463688,0,0,27.97,93385.74,40.98,225104.42,b0
765272923,2,463734,0,0,28.14,93409.08,40.96,224217.20,b0
765271642,3,463780,0,0,28.42,93366.91,39.89,331606.22,b0
765289819,4,463826,0,0,28.72,93384.54,39.17,227656.73,b0
765281116,5,463872,0,0,29.60,93416.29,37.11,244100.13,b0
765280092,6,463918,0,0,29.54,93408.43,36.94,217502.13,b0
765271896,7,463964,0,0,29.72,93406.58,37.67,209235.80,b0
765285466,8,464010,0,0,29.48,93382.03,37.56,276308.69,b0
765274459,1,464057,0,0,27.98,93386.82,40.96,225550.66,b0
765272923,2,464103,0,0,28.14,93408.35,40.96,224512.17,b0
765271642,3,464149,0,0,28.41,93366.52,39.89,331928.69,b0
765289819,4,464195,0,0,28.73,93384.05,39.16,227202.13,b0
765281116,5,464241,0,0,29.61,93417.28,37.11,242711.55,b0
765280092,6,464287,0,0,29.55,93409.23,36.94,217087.13,b0
765271896,7,464333,0,0,29.72,93405.89,37.67,208979.59,b0
765285466,8,464380,0,0,29.49,93382.70,37.55,274973.16,b0
765274459,1,464426,0,0,27.97,93386.65,40.96,225104.42,b0
765272923,2,464472,0,0,28.14,93407.27,40.95,225849.14,b0
765271642,3,464518,0,0,28.41,93365.95,39.88,333550.50,b0
765289819,4,464564,0,0,28.73,93385.48,39.16,228571.42,b0
765281116,5,464610,0,0,29.61,93418.77,37.10,243403.84,b0
765280092,6,464657,0,0,29.55,93407.96,36.95,216673.72,b0
765271896,7,464703,0,0,29.74,93405.31,37.69,207203.56,b0
765285466,8,464749,0,0,29.49,93380.73,37.56,273650.47,b0
765274459,1,464795,0,0,27.98,93387.55,40.95,225104.42,b0
765272923,2,464841,0,0,28.14,93406.18,40.95,224217.20,b0
765271642,3,464887,0,0,28.42,93366.40,39.88,331284.38,b0
765289819,4,464934,0,0,28.74,93384.28,39.15,229185.31,b0
765281116,5,464980,0,0,29.62,93417.39,37.10,243751.48,b0
765280092,6,465026,0,0,29.56,93410.04,36.94,215851.61,b0
765271896,7,465072,0,0,29.74,93404.80,37.70,208341.81,b0
765285466,8,465118,0,0,29.50,93381.56,37.55,273870.03,b0
765274459,1,465164,0,0,27.97,93387.92,40.96,224807.91,b0
765272923,2,465211,0,0,28.15,93405.83,40.94,224807.91,b0
765271642,3,465257,0,0,28.44,93366.70,39.88,331928.69,b0
765289819,4,465303,0,0,28.75,93385.23,39.16,229031.53,b0
765281116,5,465349,0,0,29.63,93416.03,37.11,243403.84,b0
765280092,6,465395,0,0,29.57,93407.99,36.93,214091.58,b0
765271896,7,465441,0,0,29.75,93406.64,37.70,209235.80,b0
765285466,8,465487,0,0,29.51,93382.33,37.54,274751.81,b0
765274459,1,465534,0,0,27.98,93385.73,40.95,223483.19,b0
765272923,2,465580,0,0,28.16,93408.95,40.94,223483.19,b0
765271642,3,465626,0,0,28.43,93365.77,39.86,333224.88,b0
765289819,4,465672,0,0,28.75,93384.36,39.14,228265.72,b0
765281116,5,465718,0,0,29.64,93415.05,37.10,243057.20,b0
765280092,6,465764,0,0,29.57,93409.48,36.92,215988.19,b0
765271896,7,465810,0,0,29.76,93405.84,37.68,207203.56,b0
765285466,8,465856,0,0,29.52,93383.30,37.54,273431.25,b0
765274459,1,465903,0,0,27.97,93386.84,40.94,225401.72,b0
765272923,2,465949,0,0,28.16,93406.77,40.94,225550.66,b0
765271642,3,465995,0,0,28.44,93367.23,39.87,330963.16,b0
765289819,4,466041,0,0,28.75,93384.00,39.15,227051.00,b0
765281116,5,466087,0,0,29.64,93415.90,37.10,242366.86,b0
765280092,6,466133,0,0,29.57,93410.02,36.94,214900.31,b0
765271896,7,466179,0,0,29.77,93404.48,37.70,207203.56,b0
765285466,8,466226,0,0,29.52,93383.57,37.56,271474.03,b0
765274459,1,466272,0,0,27.97,93385.20,40.94,225849.14,b0
765272923,2,466318,0,0,28.15,93406.93,40.92,224807.91,b0
765271642,3,466364,0,0,28.43,93367.58,39.87,331284.38,b0
765289819,4,466410,0,0,28.75,93385.78,39.13,228877.97,b0
765281116,5,466456,0,0,29.64,93415.23,37.12,242366.86,b0
765280092,6,466503,0,0,29.58,93410.07,36.92,214225.94,b0
765271896,7,466549,0,0,29.77,93404.83,37.70,207455.42,b0
765285466,8,466595,0,0,29.52,93383.18,37.54,272993.88,b0
765274459,1,466641,0,0,27.96,93386.30,40.93,225252.97,b0
765272923,2,466687,0,0,28.14,93406.54,40.92,223776.22,b0
765271642,3,466733,0,0,28.42,93365.90,39.85,331606.22,b0
765289819,4,466780,0,0,28.74,93382.70,39.14,228265.72,b0
765281116,5,466826,0,0,29.64,93415.05,37.10,241851.67,b0
765280092,6,466872,0,0,29.57,93408.42,36.92,215442.88,b0
765271896,7,466918,0,0,29.78,93405.95,37.69,206576.56,b0
765285466,8,466964,0,0,29.52,93383.18,37.53,271690.09,b0
765274459,1,467010,0,0,27.97,93387.20,40.93,225252.97,b0
765272923,2,467056,0,0,28.14,93406.72,40.92,225104.42,b0
765271642,3,467103,0,0,28.43,93364.66,39.85,330963.16,b0
765289819,4,467149,0,0,28.74,93383.74,39.15,228724.59,b0
765281116,5,467195,0,0,29.64,93415.05,37.07,242711.55,b0
765280092,6,467241,0,0,29.58,93409.22,36.92,215171.25,b0
765271896,7,467287,0,0,29.77,93404.48,37.69,206701.66,b0
765285466,8,467333,0,0,29.52,93382.60,37.53,273212.38,b0
765274459,1,467380,0,0,27.96,93385.40,40.93,225699.80,b0
765272923,2,467426,0,0,28.13,93406.89,40.91,224512.17,b0
765271642,3,467472,0,0,28.42,93366.43,39.84,331606.22,b0
765289819,4,467518,0,0,28.73,93383.18,39.13,228724.59,b0
765281116,5,467564,0,0,29.63,93414.23,37.08,241509.44,b0
765280092,6,467610,0,0,29.57,93408.52,36.90,214900.31,b0
765271896,7,467656,0,0,29.76,93405.63,37.68,206576.56,b0
765285466,8,467702,0,0,29.50,93382.45,37.54,271906.53,b0
765274459,1,467749,0,0,27.95,93385.59,40.91,223776.22,b0
765272923,2,467795,0,0,28.13,93407.43,40.91,224512.17,b0
765271642,3,467841,0,0,28.41,93365.80,39.84,331606.22,b0
765289819,4,467887,0,0,28.74,93384.08,39.11,227808.67,b0
765281116,5,467933,0,0,29.63,93416.38,37.07,242194.89,b0
765280092,6,467979,0,0,29.55,93408.55,36.90,214765.09,b0
765271896,7,468025,0,0,29.76,93405.80,37.68,207329.42,b0
765285466,8,468071,0,0,29.50,93381.49,37.51,272557.91,b0
765274459,1,468118,0,0,27.94,93385.62,40.90,225104.42,b0
765272923,2,468164,0,0,28.12,93405.23,40.90,225550.66,b0
765271642,3,468210,0,0,28.41,93365.96,39.84,332575.50,b0
765289819,4,468256,0,0,28.73,93383.50,39.11,229957.33,b0
765281116,5,468302,0,0,29.61,93416.38,37.06,243057.20,b0
765280092,6,468348,0,0,29.54,93410.14,36.88,215442.88,b0
765271896,7,468395,0,0,29.75,93405.38,37.67,207707.91,b0
765285466,8,468441,0,0,29.48,93380.80,37.52,273212.38,b0
765274459,1,468487,0,0,27.93,93384.91,40.92,224659.94,b0
765272923,2,468533,0,0,28.11,93406.46,40.90,224217.20,b0
765271642,3,468579,0,0,28.40,93364.83,39.82,333550.50,b0
765289819,4,468625,0,0,28.72,93382.73,39.12,228113.17,b0
765281116,5,468671,0,0,29.59,93414.97,37.06,242884.25,b0
765280092,6,468718,0,0,29.53,93407.73,36.90,216261.88,b0
765271896,7,468764,0,0,29.75,93405.02,37.67,207834.38,b0
765285466,8,468810,0,0,29.49,93382.83,37.50,274089.94,b0
765274459,1,468856,0,0,27.91,93386.22,40.90,226448.47,b0
765272923,2,468902,0,0,28.09,93405.87,40.89,225104.42,b0
765271642,3,468948,0,0,28.37,93363.23,39.84,332899.88,b0
765289819,4,468995,0,0,28.69,93384.01,39.09,228724.59,b0
765281116,5,469041,0,0,29.57,93414.60,37.05,242884.25,b0
765280092,6,469087,0,0,29.52,93409.57,36.89,214630.06,b0
765271896,7,469133,0,0,29.73,93405.98,37.66,208341.81,b0
765285466,8,469179,0,0,29.47,93381.94,37.53,274530.84,b0
765274459,1,469225,0,0,27.90,93386.05,40.90,225699.80,b0
765272923,2,469272,0,0,28.07,93405.98,40.90,224956.06,b0
765271642,3,469318,0,0,28.36,93364.01,39.83,332575.50,b0
765289819,4,469364,0,0,28.66,93383.48,39.11,229647.91,b0
765281116,5,469410,0,0,29.56,93417.37,37.04,242539.08,b0
765280092,6,469456,0,0,29.50,93405.86,36.88,214900.31,b0
765271896,7,469502,0,0,29.72,93405.40,37.65,208596.45,b0
765285466,8,469548,0,0,29.47,93381.35,37.53,274973.16,b0
765274459,1,469595,0,0,27.90,93385.15,40.90,224956.06,b0
765272923,2,469641,0,0,28.06,93407.41,40.88,224512.17,b0
765271642,3,469687,0,0,28.36,93364.91,39.83,332575.50,b0
765289819,4,469733,0,0,28.66,93382.00,39.11,229031.53,b0
765281116,5,469779,0,0,29.55,93415.32,37.03,243751.48,b0
765280092,6,469825,0,0,29.51,93409.84,36.87,216398.98,b0
765271896,7,469871,0,0,29.72,93405.53,37.66,207834.38,b0
765285466,8,469917,0,0,29.47,93382.42,37.50,275416.91,b0
765274459,1,469964,0,0,27.88,93386.27,40.90,225104.42,b0
765272923,2,470010,0,0,28.04,93407.73,40.88,225104.42,b0
765271642,3,470056,0,0,28.36,93364.35,39.83,333550.50,b0
765289819,4,470102,0,0,28.65,93383.23,39.08,227808.67,b0
765281116,5,470148,0,0,29.55,93417.44,37.05,244274.81,b0
765280092,6,470194,0,0,29.49,93407.13,36.88,215035.70,b0
765271896,7,470240,0,0,29.71,93404.93,37.65,208724.02,b0
765285466,8,470287,0,0,29.46,93380.61,37.49,273870.03,b0
765274459,1,470333,0,0,27.89,93385.54,40.91,226298.34,b0
765272923,2,470379,0,0,28.04,93406.63,40.89,225252.97,b0
765271642,3,470425,0,0,28.35,93363.98,39.82,332251.78,b0
765289819,4,470471,0,0,28.66,93384.33,39.09,230112.36,b0
765281116,5,470517,0,0,29.54,93416.61,37.05,243577.55,b0
765280092,6,470564,0,0,29.49,93408.56,36.89,215171.25,b0
765271896,7,470610,0,0,29.72,93404.82,37.66,208724.02,b0
765285466,8,470656,0,0,29.46,93379.87,37.50,275194.84,b0
765274459,1,470702,0,0,27.87,93383.38,40.91,226148.41,b0
765272923,2,470748,0,0,28.03,93406.98,40.88,225998.67,b0
765271642,3,470794,0,0,28.35,93365.58,39.82,333224.88,b0
765289819,4,470841,0,0,28.66,93385.22,39.11,228418.47,b0
765281116,5,470887,0,0,29.53,93415.65,37.05,243403.84,b0
765280092,6,470933,0,0,29.49,93408.54,36.87,215988.19,b0
765271896,7,470979,0,0,29.73,93405.59,37.63,209364.14,b0
765285466,8,471025,0,0,29.46,93380.02,37.50,276532.53,b0
765274459,1,471071,0,0,27.87,93385.56,40.91,226298.34,b0
765272923,2,471117,0,0,28.04,93406.99,40.91,224807.91,b0
765271642,3,471164,0,0,28.35,93366.29,39.85,333224.88,b0
765289819,4,471210,0,0,28.67,93385.14,39.10,229339.31,b0
765281116,5,471256,0,0,29.54,93417.69,37.05,244624.94,b0
765280092,6,471302,0,0,29.49,93408.54,36.90,216949.16,b0
765271896,7,471348,0,0,29.73,93407.40,37.65,209107.61,b0
765285466,8,471394,0,0,29.47,93381.05,37.51,276756.75,b0
765274459,1,471441,0,0,27.87,93384.64,40.91,225550.66,b0
765272923,2,471487,0,0,28.04,93405.35,40.90,225252.97,b0
765271642,3,471533,0,0,28.36,93367.09,39.84,333876.75,b0
765289819,4,471579,0,0,28.67,93383.34,39.11,228724.59,b0
765281116,5,471625,0,0,29.55,93417.65,37.05,243751.48,b0
765280092,6,471671,0,0,29.50,93407.80,36.89,215715.19,b0
765271896,7,471717,0,0,29.74,93405.48,37.64,207455.42,b0
765285466,8,471763,0,0,29.47,93382.14,37.52,275416.91,b0
765274459,1,471810,0,0,27.88,93385.38,40.91,224659.94,b0
765272923,2,471856,0,0,28.04,93407.01,40.90,224364.59,b0
765271642,3,471902,0,0,28.36,93363.49,39.84,331284.38,b0
765289819,4,471948,0,0,28.68,93385.90,39.12,228724.59,b0
765281116,5,471994,0,0,29.55,93416.20,37.06,244274.81,b0
765280092,6,472040,0,0,29.50,93409.95,36.89,216811.34,b0
765271896,7,472086,0,0,29.74,93405.48,37.65,209879.08,b0
765285466,8,472132,0,0,29.48,93382.38,37.52,274530.84,b0
765274459,1,472179,0,0,27.88,93386.83,40.92,225252.97,b0
765272923,2,472225,0,0,28.03,93406.79,40.91,224807.91,b0
765271642,3,472271,0,0,28.36,93364.73,39.86,332899.88,b0
765289819,4,472317,0,0,28.67,93382.82,39.14,228877.97,b0
765281116,5,472363,0,0,29.57,93416.70,37.06,243751.48,b0
765280092,6,472409,0,0,29.50,93408.82,36.89,216949.16,b0
765271896,7,472456,0,0,29.74,93406.75,37.64,209107.61,b0
765285466,8,472502,0,0,29.48,93382.20,37.48,274751.81,b0
765274459,1,472548,0,0,27.87,93385.38,40.94,225550.66,b0
765272923,2,472594,0,0,28.03,93406.05,40.94,226148.41,b0
765271642,3,472640,0,0,28.37,93366.56,39.84,331928.69,b0
765289819,4,472686,0,0,28.65,93383.95,39.14,230578.70,b0
765281116,5,472733,0,0,29.57,93417.23,37.05,243925.67,b0
765280092,6,472779,0,0,29.50,93407.75,36.90,216124.95,b0
765271896,7,472825,0,0,29.75,93406.81,37.64,209364.14,b0
765285466,8,472871,0,0,29.48,93382.16,37.49,274310.22,b0
765274459,1,472917,0,0,27.87,93385.56,40.94,226148.41,b0
765272923,2,472963,0,0,28.03,93407.51,40.92,225104.42,b0
765271642,3,473009,0,0,28.35,93364.51,39.86,331928.69,b0
765289819,4,473056,0,0,28.63,93384.38,39.12,229185.31,b0
765281116,5,473102,0,0,29.56,93416.13,37.07,244976.08,b0
765280092,6,473148,0,0,29.50,93408.52,36.90,217363.61,b0
765271896,7,473194,0,0,29.75,93404.68,37.64,209235.80,b0
765285466,8,473240,0,0,29.47,93380.90,37.48,276308.69,b0
765274459,1,473286,0,0,27.85,93385.80,40.93,225550.66,b0
765272923,2,473333,0,0,28.02,93407.68,40.93,225849.14,b0
765271642,3,473379,0,0,28.35,93363.95,39.85,335847.81,b0
765289819,4,473425,0,0,28.65,93384.63,39.13,229339.31,b0
765281116,5,473471,0,0,29.56,93416.27,37.08,244800.38,b0
765280092,6,473517,0,0,29.50,93409.09,36.87,216398.98,b0
765271896,7,473563,0,0,29.75,93405.93,37.64,209107.61,b0
765285466,8,473609,0,0,29.47,93381.05,37.48,275194.84,b0
765274459,1,473656,0,0,27.85,93384.51,40.95,225252.97,b0
765272923,2,473702,0,0,28.02,93403.68,40.93,225998.67,b0
765271642,3,473748,0,0,28.35,93364.12,39.86,332899.88,b0
765289819,4,473794,0,0,28.65,93385.34,39.14,228418.47,b0
765281116,5,473840,0,0,29.57,93415.61,37.06,244449.75,b0
765280092,6,473886,0,0,29.51,93408.75,36.90,215988.19,b0
765271896,7,473932,0,0,29.75,93403.44,37.64,208596.45,b0
765285466,8,473978,0,0,29.48,93383.23,37.49,274530.84,b0
765274459,1,474025,0,0,27.86,93383.95,40.95,224807.91,b0
765272923,2,474071,0,0,28.03,93406.96,40.94,225104.42,b0
765271642,3,474117,0,0,28.35,93365.74,39.85,333550.50,b0
765289819,4,474163,0,0,28.65,93384.84,39.14,229185.31,b0
765281116,5,474209,0,0,29.57,93416.89,37.08,244449.75,b0
765280092,6,474255,0,0,29.51,93409.55,36.92,216811.34,b0
765271896,7,474301,0,0,29.76,93406.20,37.63,208596.45,b0
765285466,8,474348,0,0,29.48,93382.95,37.48,274751.81,b0
765274459,1,474394,0,0,27.86,93386.50,40.95,225401.72,b0
765272923,2,474440,0,0,28.03,93405.69,40.96,225252.97,b0
765271642,3,474486,0,0,28.35,93365.20,39.85,332899.88,b0
765289819,4,474532,0,0,28.65,93385.20,39.14,228571.42,b0
765281116,5,474578,0,0,29.56,93416.48,37.08,243751.48,b0
765280092,6,474625,0,0,29.51,93409.46,36.90,216673.72,b0
765271896,7,474671,0,0,29.76,93404.58,37.64,209492.64,b0
765285466,8,474717,0,0,29.47,93382.86,37.49,276756.75,b0
765274459,1,474763,0,0,27.85,93385.77,40.96,226298.34,b0
765272923,2,474809,0,0,28.00,93405.79,40.95,225104.42,b0
765271642,3,474855,0,0,28.35,93366.84,39.86,332899.88,b0
765289819,4,474902,0,0,28.63,93384.89,39.13,229647.91,b0
765281116,5,474948,0,0,29.53,93415.29,37.06,243751.48,b0
765280092,6,474994,0,0,29.50,93410.23,36.90,216949.16,b0
765271896,7,475040,0,0,29.74,93405.87,37.61,209364.14,b0
765285466,8,475086,0,0,29.46,93382.93,37.48,276532.53,b0
765274459,1,475132,0,0,27.85,93386.88,40.95,225998.67,b0
765272923,2,475178,0,0,27.99,93409.05,40.96,225849.14,b0
765271642,3,475225,0,0,28.35,93365.00,39.87,332575.50,b0
765289819,4,475271,0,0,28.63,93383.82,39.15,228877.97,b0
765281116,5,475317,0,0,29.51,93420.17,37.06,244800.38,b0
765280092,6,475363,0,0,29.48,93409.16,36.90,217087.13,b0
765271896,7,475409,0,0,29.72,93405.93,37.62,209879.08,b0
765285466,8,475455,0,0,29.46,93382.34,37.49,275862.06,b0
765274459,1,475502,0,0,27.85,93383.97,40.97,225550.66,b0
765272923,2,475548,0,0,27.99,93405.41,40.96,225849.14,b0
765271642,3,475594,0,0,28.34,93364.57,39.87,334203.66,b0
765289819,4,475640,0,0,28.63,93384.69,39.16,228265.72,b0
765281116,5,475686,0,0,29.50,93419.66,37.06,245681.38,b0
765280092,6,475732,0,0,29.48,93408.63,36.90,217363.61,b0
765271896,7,475778,0,0,29.70,93405.06,37.62,209235.80,b0
765285466,8,475824,0,0,29.46,93382.90,37.50,275862.06,b0
765274459,1,475871,0,0,27.84,93387.45,40.96,225998.67,b0
765272923,2,475917,0,0,27.98,93405.94,40.97,225699.80,b0
765271642,3,475963,0,0,28.33,93366.33,39.88,333224.88,b0
765289819,4,476009,0,0,28.61,93385.14,39.14,229493.50,b0
765281116,5,476055,0,0,29.48,93418.10,37.07,245681.38,b0
765280092,6,476101,0,0,29.48,93408.78,36.89,217363.61,b0
765271896,7,476147,0,0,29.69,93405.70,37.61,208469.06,b0
765285466,8,476193,0,0,29.45,93381.39,37.50,275639.31,b0
765274459,1,476240,0,0,27.82,93385.66,40.97,225550.66,b0
765272923,2,476286,0,0,27.97,93406.07,40.97,224956.06,b0
765271642,3,476332,0,0,28.32,93365.89,39.87,333876.75,b0
765289819,4,476378,0,0,28.59,93383.78,39.14,231360.14,b0
765281116,5,476424,0,0,29.47,93420.70,37.08,244624.94,b0
765280092,6,476470,0,0,29.45,93407.63,36.90,219884.05,b0
765271896,7,476517,0,0,29.68,93404.01,37.61,209621.30,b0
765285466,8,476563,0,0,29.45,93381.02,37.49,278336.50,b0
765274459,1,476609,0,0,27.81,93386.22,40.98,225699.80,b0
765272923,2,476655,0,0,27.95,93407.66,40.96,225401.72,b0
765271642,3,476701,0,0,28.30,93365.59,39.86,332899.88,b0
765289819,4,476747,0,0,28.59,93384.28,39.15,230734.56,b0
765281116,5,476794,0,0,29.49,93421.00,37.07,245681.38,b0
765280092,6,476840,0,0,29.44,93408.02,36.91,217363.61,b0
765271896,7,476886,0,0,29.67,93404.84,37.62,210526.31,b0
765285466,8,476932,0,0,29.44,93381.44,37.48,276308.69,b0
765274459,1,476978,0,0,27.79,93386.43,40.96,225849.14,b0
765272923,2,477024,0,0,27.93,93408.14,41.00,226148.41,b0
765271642,3,477070,0,0,28.29,93366.60,39.85,334531.19,b0
765289819,4,477117,0,0,28.57,93385.97,39.14,230578.70,b0
765281116,5,477163,0,0,29.47,93418.18,37.08,243403.84,b0
765280092,6,477209,0,0,29.44,93409.96,36.91,218336.89,b0
765271896,7,477255,0,0,29.68,93406.14,37.64,210008.20,b0
765285466,8,477301,0,0,29.44,93382.02,37.50,276981.34,b0
765274459,1,477347,0,0,27.78,93384.27,40.97,226298.34,b0
765272923,2,477394,0,0,27.92,93409.03,40.97,225401.72,b0
765271642,3,477440,0,0,28.28,93365.95,39.86,333550.50,b0
765289819,4,477486,0,0,28.55,93383.37,39.16,230578.70,b0
765281116,5,477532,0,0,29.47,93420.32,37.08,246035.56,b0
765280092,6,477578,0,0,29.42,93409.45,36.90,217502.13,b0
765271896,7,477624,0,0,29.67,93404.52,37.61,210137.50,b0
765285466,8,477670,0,0,29.44,93381.77,37.49,277657.28,b0
765274459,1,477717,0,0,27.78,93386.09,40.97,226448.47,b0
765272923,2,477763,0,0,27.89,93408.41,40.99,226298.34,b0
765271642,3,477809,0,0,28.27,93365.53,39.89,334859.38,b0
765289819,4,477855,0,0,28.54,93384.21,39.17,229493.50,b0
765281116,5,477901,0,0,29.46,93418.80,37.09,246746.98,b0
765280092,6,477947,0,0,29.42,93409.27,36.91,217363.61,b0
765271896,7,477993,0,0,29.68,93405.98,37.63,211308.30,b0
765285466,8,478039,0,0,29.43,93380.06,37.49,278563.66,b0
765274459,1,478086,0,0,27.76,93385.59,40.98,225849.14,b0
765272923,2,478132,0,0,27.89,93407.30,41.00,226448.47,b0
765271642,3,478178,0,0,28.27,93364.96,39.89,334859.38,b0
765289819,4,478224,0,0,28.53,93383.22,39.19,228418.47,b0
765281116,5,478270,0,0,29.46,93418.26,37.11,245504.67,b0
765280092,6,478316,0,0,29.43,93409.84,36.92,218476.64,b0
765271896,7,478362,0,0,29.68,93404.06,37.64,210916.58,b0
765285466,8,478409,0,0,29.43,93381.54,37.50,276981.34,b0
765274459,1,478455,0,0,27.74,93385.98,41.01,225849.14,b0
765272923,2,478501,0,0,27.88,93407.09,40.99,226598.81,b0
765271642,3,478547,0,0,28.25,93363.58,39.89,332899.88,b0
765289819,4,478593,0,0,28.51,93383.63,39.18,230112.36,b0
765281116,5,478639,0,0,29.46,93420.24,37.13,244800.38,b0
765280092,6,478686,0,0,29.42,93408.01,36.92,219884.05,b0
765271896,7,478732,0,0,29.69,93405.51,37.62,211832.84,b0
765285466,8,478778,0,0,29.43,93380.75,37.49,277206.28,b0
765274459,1,478824,0,0,27.72,93385.28,40.99,226598.81,b0
765272923,2,478870,0,0,27.86,93408.87,41.01,225998.67,b0
765271642,3,478916,0,0,28.24,93364.04,39.90,334859.38,b0
765289819,4,478963,0,0,28.50,93384.65,39.20,231046.94,b0
765281116,5,479009,0,0,29.46,93419.34,37.11,246213.03,b0
765280092,6,479055,0,0,29.42,93407.84,36.91,218336.89,b0
765271896,7,479101,0,0,29.69,93406.06,37.64,212096.11,b0
765285466,8,479147,0,0,29.43,93382.36,37.49,277883.31,b0
765274459,1,479193,0,0,27.72,93386.75,41.01,225849.14,b0
765272923,2,479239,0,0,27.87,93407.79,41.03,226598.81,b0
765271642,3,479286,0,0,28.24,93365.11,39.90,334859.38,b0
765289819,4,479332,0,0,28.50,93382.70,39.20,231831.56,b0
765281116,5,479378,0,0,29.47,93419.80,37.11,245858.34,b0
765280092,6,479424,0,0,29.42,93407.50,36.94,219318.91,b0
765271896,7,479470,0,0,29.70,93405.74,37.64,212096.11,b0
765285466,8,479516,0,0,29.42,93381.35,37.51,279247.34,b0
765274459,1,479563,0,0,27.72,93387.10,41.02,226749.33,b0
765272923,2,479609,0,0,27.86,93406.15,41.04,226900.06,b0
765271642,3,479655,0,0,28.24,93365.65,39.91,335847.81,b0
765289819,4,479701,0,0,28.51,93383.45,39.23,231989.13,b0
765281116,5,479747,0,0,29.48,93417.73,37.13,246213.03,b0
765280092,6,479793,0,0,29.42,93408.19,36.92,218616.56,b0
765271896,7,479839,0,0,29.70,93406.81,37.64,210786.33,b0
765285466,8,479885,0,0,29.41,93380.88,37.49,277883.31,b0
765274459,1,479932,0,0,27.72,93387.65,41.05,226298.34,b0
765272923,2,479978,0,0,27.86,93405.60,41.06,225401.72,b0
765271642,3,480024,0,0,28.24,93364.22,39.94,334203.66,b0
765289819,4,480070,0,0,28.51,93386.16,39.23,231517.06,b0
765281116,5,480116,0,0,29.48,93420.44,37.13,246568.75,b0
765280092,6,480162,0,0,29.42,93407.97,36.94,219037.44,b0
765271896,7,480208,0,0,29.69,93405.53,37.65,211308.30,b0
765285466,8,480254,0,0,29.41,93381.60,37.50,277883.31,b0
765274459,1,480301,0,0,27.71,93384.21,41.06,226448.47,b0
765272923,2,480347,0,0,27.85,93406.29,41.08,226598.81,b0
765271642,3,480393,0,0,28.24,93366.36,39.92,335847.81,b0
765289819,4,480439,0,0,28.50,93383.78,39.24,231517.06,b0
765281116,5,480485,0,0,29.48,93420.01,37.13,245858.34,b0
765280092,6,480531,0,0,29.43,93408.42,36.94,219459.92,b0
765271896,7,480578,0,0,29.69,93404.07,37.63,211701.47,b0
765285466,8,480624,0,0,29.41,93380.43,37.51,277657.28,b0
765274459,1,480670,0,0,27.71,93385.85,41.07,226749.33,b0
765272923,2,480716,0,0,27.85,93405.57,41.08,225104.42,b0
765271642,3,480762,0,0,28.23,93363.10,39.94,336178.59,b0
765289819,4,480808,0,0,28.49,93380.69,39.24,231046.94,b0
765281116,5,480855,0,0,29.47,93418.86,37.14,245858.34,b0
765280092,6,480901,0,0,29.43,93408.42,36.97,219037.44,b0
765271896,7,480947,0,0,29.69,93404.30,37.63,212360.02,b0
765285466,8,480993,0,0,29.42,93381.91,37.51,278563.66,b0
765274459,1,481039,0,0,27.71,93386.40,41.08,226598.81,b0
765272923,2,481085,0,0,27.85,93405.20,41.10,227202.13,b0
765271642,3,481131,0,0,28.23,93363.61,39.95,335188.22,b0
765289819,4,481178,0,0,28.50,93384.67,39.27,230112.36,b0
765281116,5,481224,0,0,29.48,93419.85,37.14,246925.48,b0
765280092,6,481270,0,0,29.43,93407.95,36.94,218756.67,b0
765271896,7,481316,0,0,29.70,93403.84,37.66,209750.11,b0
765285466,8,481362,0,0,29.42,93380.09,37.51,278563.66,b0
765274459,1,481408,0,0,27.71,93384.40,41.07,225998.67,b0
765272923,2,481455,0,0,27.85,93405.76,41.10,226598.81,b0
765271642,3,481501,0,0,28.22,93363.73,39.96,334531.19,b0
765289819,4,481547,0,0,28.51,93384.55,39.29,231831.56,b0
765281116,5,481593,0,0,29.48,93417.87,37.13,246746.98,b0
765280092,6,481639,0,0,29.43,93409.03,36.96,219178.08,b0
765271896,7,481685,0,0,29.72,93406.42,37.63,211832.84,b0
765285466,8,481731,0,0,29.43,93381.64,37.51,279019.06,b0
765274459,1,481778,0,0,27.73,93384.91,41.10,226298.34,b0
765272923,2,481824,0,0,27.86,93406.14,41.11,225401.72,b0
765271642,3,481870,0,0,28.23,93364.32,39.98,334203.66,b0
765289819,4,481916,0,0,28.52,93381.55,39.28,230112.36,b0
765281116,5,481962,0,0,29.48,93417.90,37.14,246746.98,b0
765280092,6,482008,0,0,29.43,93408.69,36.97,219037.44,b0
765271896,7,482054,0,0,29.72,93404.27,37.64,211964.39,b0
765285466,8,482100,0,0,29.44,93381.03,37.52,279475.97,b0
765274459,1,482147,0,0,27.73,93387.46,41.11,226448.47,b0
765272923,2,482193,0,0,27.87,93405.98,41.12,226148.41,b0
765271642,3,482239,0,0,28.23,93363.48,39.97,334203.66,b0
765289819,4,482285,0,0,28.54,93383.30,39.30,229802.52,b0
765281116,5,482331,0,0,29.49,93418.73,37.15,244800.38,b0
765280092,6,482377,0,0,29.45,93406.32,36.97,217918.70,b0
765271896,7,482423,0,0,29.73,93405.59,37.66,211046.98,b0
765285466,8,482470,0,0,29.44,93379.81,37.54,278109.72,b0
765274459,1,482516,0,0,27.74,93386.34,41.12,226598.81,b0
765272923,2,482562,0,0,27.89,93408.40,41.16,227353.47,b0
765271642,3,482608,0,0,28.25,93365.01,39.99,335847.81,b0
765289819,4,482654,0,0,28.55,93383.56,39.29,230267.59,b0
765281116,5,482700,0,0,29.50,93416.99,37.16,246035.56,b0
765280092,6,482747,0,0,29.45,93407.30,36.97,218756.67,b0
765271896,7,482793,0,0,29.73,93405.95,37.65,211308.30,b0
765285466,8,482839,0,0,29.44,93381.08,37.53,276756.75,b0
765274459,1,482885,0,0,27.75,93386.87,41.14,226298.34,b0
765272923,2,482931,0,0,27.90,93406.27,41.16,225849.14,b0
765271642,3,482977,0,0,28.26,93362.93,39.98,334859.38,b0
765289819,4,483024,0,0,28.57,93381.48,39.31,231989.13,b0
765281116,5,483070,0,0,29.52,93416.04,37.16,246035.56,b0
765280092,6,483116,0,0,29.45,93406.71,36.99,218616.56,b0
765271896,7,483162,0,0,29.72,93402.70,37.63,211177.56,b0
765285466,8,483208,0,0,29.44,93380.70,37.53,276532.53,b0
765274459,1,483254,0,0,27.76,93385.59,41.15,225252.97,b0
765272923,2,483300,0,0,27.92,93406.49,41.18,225849.14,b0
765271642,3,483347,0,0,28.27,93364.13,39.99,332251.78,b0
765289819,4,483393,0,0,28.59,93382.33,39.31,230267.59,b0
765281116,5,483439,0,0,29.53,93416.87,37.17,245328.22,b0
765280092,6,483485,0,0,29.47,93408.17,36.98,217640.81,b0
765271896,7,483531,0,0,29.73,93404.73,37.65,210266.94,b0
765285466,8,483577,0,0,29.45,93379.70,37.51,276308.69,b0
765274459,1,483624,0,0,27.78,93385.19,41.15,225550.66,b0
765272923,2,483670,0,0,27.92,93404.14,41.18,225401.72,b0
765271642,3,483716,0,0,28.28,93362.94,40.01,332899.88,b0
765289819,4,483762,0,0,28.60,93383.11,39.31,230112.36,b0
765281116,5,483808,0,0,29.53,93414.92,37.16,245152.02,b0
765280092,6,483854,0,0,29.48,93408.63,36.97,217640.81,b0
765271896,7,483900,0,0,29.73,93404.57,37.65,211570.25,b0
765285466,8,483946,0,0,29.45,93382.28,37.53,275416.91,b0
765274459,1,483993,0,0,27.79,93384.07,41.15,225401.72,b0
765272923,2,484039,0,0,27.95,93405.48,41.20,225104.42,b0
765271642,3,484085,0,0,28.29,93363.73,40.03,332251.78,b0
765289819,4,484131,0,0,28.61,93381.91,39.33,229957.33,b0
765281116,5,484177,0,0,29.55,93415.23,37.16,244976.08,b0
765280092,6,484223,0,0,29.49,93408.60,36.98,216949.16,b0
765271896,7,484269,0,0,29.74,93404.45,37.65,210786.33,b0
765285466,8,484315,0,0,29.46,93382.55,37.53,276981.34,b0
765274459,1,484362,0,0,27.81,93385.32,41.16,224956.06,b0
765272923,2,484408,0,0,27.96,93405.13,41.18,224807.91,b0
765271642,3,484454,0,0,28.31,93365.60,40.02,331606.22,b0
765289819,4,484500,0,0,28.62,93382.85,39.33,228724.59,b0
765281116,5,484546,0,0,29.56,93416.65,37.17,244100.13,b0
765280092,6,484592,0,0,29.50,93410.60,36.98,217225.28,b0
765271896,7,484639,0,0,29.74,93404.99,37.65,209879.08,b0
765285466,8,484685,0,0,29.47,93381.18,37.53,276308.69,b0
765274459,1,484731,0,0,27.82,93384.03,41.17,223923.03,b0
765272923,2,484777,0,0,27.96,93406.97,41.20,225401.72,b0
765271642,3,484823,0,0,28.31,93362.04,40.01,329048.84,b0
765289819,4,484869,0,0,28.62,93383.41,39.32,228877.97,b0
765281116,5,484916,0,0,29.57,93416.55,37.17,243577.55,b0
765280092,6,484962,0,0,29.49,93408.03,36.98,215851.61,b0
765271896,7,485008,0,0,29.76,93405.29,37.64,209492.64,b0
765285466,8,485054,0,0,29.46,93379.18,37.52,275862.06,b0
765274459,1,485100,0,0,27.83,93384.53,41.16,222608.70,b0
765272923,2,485146,0,0,27.97,93404.82,41.21,223923.03,b0
765271642,3,485192,0,0,28.32,93365.00,40.03,330642.56,b0
765289819,4,485239,0,0,28.63,93382.39,39.32,228113.17,b0
765281116,5,485285,0,0,29.58,93412.99,37.17,242884.25,b0
765280092,6,485331,0,0,29.50,93406.55,36.99,215306.98,b0
765271896,7,485377,0,0,29.76,93405.84,37.65,209621.30,b0
765285466,8,485423,0,0,29.48,93382.05,37.52,273650.47,b0
765274459,1,485469,0,0,27.84,93383.78,41.18,223190.94,b0
765272923,2,485516,0,0,27.99,93405.59,41.21,223629.61,b0
765271642,3,485562,0,0,28.33,93364.53,40.02,329366.34,b0
765289819,4,485608,0,0,28.64,93383.52,39.34,227808.67,b0
765281116,5,485654,0,0,29.59,93413.09,37.16,244100.13,b0
765280092,6,485700,0,0,29.50,93407.81,36.99,215306.98,b0
765271896,7,485746,0,0,29.75,93405.57,37.63,209879.08,b0
765285466,8,485792,0,0,29.47,93379.59,37.53,274310.22,b0
765274459,1,485839,0,0,27.85,93383.05,41.19,222463.61,b0
765272923,2,485885,0,0,27.99,93404.50,41.22,222318.72,b0
765271642,3,485931,0,0,28.33,93363.28,40.02,328415.66,b0
765289819,4,485977,0,0,28.63,93379.52,39.32,226148.41,b0
765281116,5,486023,0,0,29.57,93413.80,37.15,242711.55,b0
765280092,6,486069,0,0,29.48,93407.06,36.98,215442.88,b0
765271896,7,486115,0,0,29.70,93404.71,37.62,208469.06,b0
765285466,8,486161,0,0,29.45,93380.60,37.53,274973.16,b0
765274459,1,486208,0,0,27.85,93385.42,41.17,222029.48,b0
765272923,2,486254,0,0,27.99,93404.69,41.22,223045.09,b0
765271642,3,486300,0,0,28.32,93365.13,40.03,328415.66,b0
765289819,4,486346,0,0,28.62,93383.38,39.33,226148.41,b0
765281116,5,486392,0,0,29.55,93414.75,37.15,241509.44,b0
765280092,6,486438,0,0,29.46,93407.73,36.98,216398.98,b0
765271896,7,486484,0,0,29.66,93404.98,37.62,209235.80,b0
765285466,8,486531,0,0,29.42,93379.30,37.51,273650.47,b0
765274459,1,486577,0,0,27.85,93384.69,41.17,222029.48,b0
765272923,2,486623,0,0,28.00,93406.16,41.21,223190.94,b0
765271642,3,486669,0,0,28.31,93364.95,40.02,328099.97,b0
765289819,4,486715,0,0,28.61,93381.76,39.32,227051.00,b0
765281116,5,486761,0,0,29.54,93415.74,37.17,242366.86,b0
765280092,6,486808,0,0,29.45,93406.73,36.99,214360.48,b0
765271896,7,486854,0,0,29.66,93404.05,37.63,207077.86,b0
765285466,8,486900,0,0,29.43,93379.50,37.53,273212.38,b0
765274459,1,486946,0,0,27.85,93382.31,41.18,223190.94,b0
765272923,2,486992,0,0,28.00,93404.72,41.22,222174.00,b0
765271642,3,487038,0,0,28.32,93363.91,40.02,326843.28,b0
765289819,4,487084,0,0,28.61,93383.02,39.32,227353.47,b0
765281116,5,487131,0,0,29.53,93416.90,37.17,241851.67,b0
765280092,6,487177,0,0,29.44,93408.38,36.99,215715.19,b0
765271896,7,487223,0,0,29.65,93404.18,37.66,207961.00,b0
765285466,8,487269,0,0,29.43,93380.75,37.54,274089.94,b0
765274459,1,487315,0,0,27.87,93386.30,41.18,220880.06,b0
765272923,2,487361,0,0,28.02,93406.21,41.22,222174.00,b0
765271642,3,487408,0,0,28.32,93364.27,40.05,325285.91,b0
765289819,4,487454,0,0,28.62,93384.10,39.35,226298.34,b0
765281116,5,487500,0,0,29.53,93414.36,37.17,242194.89,b0
765280092,6,487546,0,0,29.44,93409.24,37.01,214900.31,b0
765271896,7,487592,0,0,29.64,93404.12,37.68,208724.02,b0
765285466,8,487638,0,0,29.42,93379.62,37.57,272123.31,b0
765274459,1,487685,0,0,27.87,93384.28,41.20,221741.02,b0
765272923,2,487731,0,0,28.02,93406.38,41.23,221023.09,b0
765271642,3,487777,0,0,28.31,93362.62,40.06,326843.28,b0
765289819,4,487823,0,0,28.61,93381.55,39.38,225998.67,b0
765281116,5,487869,0,0,29.54,93415.20,37.19,240997.88,b0
765280092,6,487915,0,0,29.44,93406.80,37.02,215306.98,b0
765271896,7,487961,0,0,29.64,93402.72,37.70,207455.42,b0
765285466,8,488007,0,0,29.42,93379.94,37.59,271906.53,b0
765274459,1,488054,0,0,27.87,93383.55,41.22,220594.58,b0
765272923,2,488100,0,0,28.02,93404.39,41.25,220594.58,b0
765271642,3,488146,0,0,28.33,93365.24,40.09,325907.06,b0
765289819,4,488192,0,0,28.62,93381.95,39.38,224807.91,b0
765281116,5,488238,0,0,29.54,93414.32,37.22,239644.28,b0
765280092,6,488284,0,0,29.45,93406.77,37.06,213555.78,b0
765271896,7,488330,0,0,29.65,93404.35,37.71,206826.91,b0
765285466,8,488376,0,0,29.42,93379.39,37.60,271474.03,b0
765274459,1,488423,0,0,27.89,93384.07,41.23,220025.78,b0
765272923,2,488469,0,0,28.03,93405.14,41.26,220025.78,b0
765271642,3,488515,0,0,28.33,93363.27,40.09,324976.19,b0
765289819,4,488561,0,0,28.62,93382.16,39.40,224512.17,b0
765281116,5,488607,0,0,29.54,93414.13,37.24,239812.64,b0
765280092,6,488653,0,0,29.46,93404.53,37.06,213823.34,b0
765271896,7,488700,0,0,29.65,93404.18,37.75,207203.56,b0
765285466,8,488746,0,0,29.41,93380.77,37.63,270398.72,b0
765274459,1,488792,0,0,27.90,93384.97,41.25,220309.81,b0
765272923,2,488838,0,0,28.04,93406.27,41.29,220594.58,b0
765271642,3,488884,0,0,28.34,93363.89,40.13,324050.63,b0
765289819,4,488930,0,0,28.62,93381.98,39.44,223045.09,b0
765281116,5,488976,0,0,29.55,93414.58,37.24,239981.25,b0
765280092,6,489023,0,0,29.46,93406.16,37.11,212757.11,b0
765271896,7,489069,0,0,29.66,93403.15,37.80,207455.42,b0
765285466,8,489115,0,0,29.41,93380.25,37.67,271474.03,b0
765274459,1,489161,0,0,27.91,93386.22,41.27,218616.56,b0
765272923,2,489207,0,0,28.04,93404.46,41.33,219318.91,b0
765271642,3,489253,0,0,28.34,93365.30,40.15,324050.63,b0
765289819,4,489300,0,0,28.62,93381.45,39.46,223776.22,b0
765281116,5,489346,0,0,29.54,93415.74,37.26,238139.53,b0
765280092,6,489392,0,0,29.46,93406.66,37.13,211832.84,b0
765271896,7,489438,0,0,29.65,93403.64,37.84,204718.11,b0
765285466,8,489484,0,0,29.40,93380.86,37.69,269757.63,b0
765274459,1,489530,0,0,27.90,93385.34,41.29,219178.08,b0
765272923,2,489576,0,0,28.03,93405.52,41.36,218896.97,b0
765271642,3,489623,0,0,28.34,93365.12,40.20,320400.50,b0
765289819,4,489669,0,0,28.62,93381.63,39.49,222899.44,b0
765281116,5,489715,0,0,29.53,93415.06,37.30,238973.16,b0
765280092,6,489761,0,0,29.46,93408.63,37.15,211832.84,b0
765271896,7,489807,0,0,29.64,93404.50,37.85,206952.30,b0
765285466,8,489853,0,0,29.40,93379.96,37.71,270613.09,b0
765274459,1,489900,0,0,27.90,93385.16,41.31,219318.91,b0
765272923,2,489946,0,0,28.02,93404.95,41.38,218756.67,b0
765271642,3,489992,0,0,28.33,93363.66,40.22,322824.72,b0
765289819,4,490038,0,0,28.61,93382.80,39.51,222463.61,b0
765281116,5,490084,0,0,29.53,93415.27,37.33,239644.28,b0
765280092,6,490130,0,0,29.46,93408.27,37.18,211701.47,b0
765271896,7,490176,0,0,29.64,93404.12,37.89,206576.56,b0
765285466,8,490222,0,0,29.40,93381.55,37.76,269757.63,b0
765274459,1,490269,0,0,27.88,93384.81,41.32,218616.56,b0
765272923,2,490315,0,0,28.00,93408.16,41.36,219601.11,b0
765271642,3,490361,0,0,28.32,93363.73,40.22,323743.28,b0
765289819,4,490407,0,0,28.59,93381.09,39.52,221597.06,b0
765281116,5,490453,0,0,29.52,93417.21,37.34,239644.28,b0
765280092,6,490499,0,0,29.46,93408.48,37.19,212360.02,b0
765271896,7,490545,0,0,29.64,93403.07,37.91,206077.69,b0
765285466,8,490591,0,0,29.41,93379.48,37.77,270398.72,b0
765274459,1,490638,0,0,27.87,93384.84,41.34,218896.97,b0
765272923,2,490684,0,0,27.99,93405.77,41.41,219884.05,b0
765271642,3,490730,0,0,28.31,93362.57,40.24,324667.09,b0
765289819,4,490776,0,0,28.59,93382.51,39.53,223190.94,b0
765281116,5,490822,0,0,29.52,93416.95,37.36,239140.59,b0
765280092,6,490868,0,0,29.47,93406.91,37.21,211177.56,b0
765271896,7,490915,0,0,29.64,93403.60,37.92,205953.34,b0
765285466,8,490961,0,0,29.41,93379.27,37.79,271690.09,b0
765274459,1,491007,0,0,27.87,93386.11,41.34,220025.78,b0
765272923,2,491053,0,0,27.99,93405.59,41.39,219178.08,b0
765271642,3,491099,0,0,28.31,93363.88,40.26,324358.56,b0
765289819,4,491145,0,0,28.60,93383.11,39.55,223045.09,b0
765281116,5,491192,0,0,29.52,93413.95,37.36,239812.64,b0
765280092,6,491238,0,0,29.47,93407.70,37.22,212096.11,b0
765271896,7,491284,0,0,29.65,93403.13,37.93,205581.20,b0
765285466,8,491330,0,0,29.41,93379.52,37.80,271690.09,b0
765274459,1,491376,0,0,27.89,93385.91,41.36,219318.91,b0
765272923,2,491422,0,0,28.01,93403.84,41.38,219601.11,b0
765271642,3,491468,0,0,28.33,93363.06,40.24,322519.69,b0
765289819,4,491515,0,0,28.61,93383.00,39.53,222029.48,b0
765281116,5,491561,0,0,29.54,93416.12,37.37,238805.97,b0
765280092,6,491607,0,0,29.48,93409.41,37.23,212227.98,b0
765271896,7,491653,0,0,29.65,93404.03,37.95,206326.81,b0
765285466,8,491699,0,0,29.41,93381.32,37.81,270184.69,b0
765274459,1,491745,0,0,27.89,93383.89,41.35,220167.70,b0
765272923,2,491792,0,0,28.02,93406.77,41.39,220452.09,b0
765271642,3,491838,0,0,28.33,93363.42,40.25,324050.63,b0
765289819,4,491884,0,0,28.61,93381.73,39.54,223336.97,b0
765281116,5,491930,0,0,29.53,93415.80,37.37,239812.64,b0
765280092,6,491976,0,0,29.48,93408.99,37.21,211832.84,b0
765271896,7,492022,0,0,29.65,93404.20,37.94,206326.81,b0
765285466,8,492068,0,0,29.41,93380.97,37.80,269971.00,b0
765274459,1,492115,0,0,27.88,93383.72,41.35,220309.81,b0
765272923,2,492161,0,0,28.00,93405.61,41.40,219601.11,b0
765271642,3,492207,0,0,28.32,93364.80,40.23,324050.63,b0
765289819,4,492253,0,0,28.60,93382.55,39.52,223776.22,b0
765281116,5,492299,0,0,29.51,93415.82,37.38,238305.80,b0
765280092,6,492345,0,0,29.46,93408.09,37.21,212096.11,b0
765271896,7,492391,0,0,29.64,93403.56,37.94,206952.30,b0
765285466,8,492437,0,0,29.41,93381.84,37.81,271042.88,b0
765274459,1,492484,0,0,27.87,93384.29,41.32,221166.31,b0
765272923,2,492530,0,0,27.99,93406.85,41.37,220309.81,b0
765271642,3,492576,0,0,28.31,93362.98,40.22,322824.72,b0
765289819,4,492622,0,0,28.58,93382.45,39.53,224512.17,b0
765281116,5,492668,0,0,29.48,93418.10,37.34,238639.02,b0
765280092,6,492714,0,0,29.46,93406.47,37.22,213022.67,b0
765271896,7,492760,0,0,29.63,93404.55,37.93,207329.42,b0
765285466,8,492807,0,0,29.40,93380.10,37.81,271258.28,b0
765274459,1,492853,0,0,27.84,93384.89,41.31,219742.48,b0
765272923,2,492899,0,0,27.96,93408.23,41.34,220309.81,b0
765271642,3,492945,0,0,28.30,93365.89,40.21,325907.06,b0
765289819,4,492991,0,0,28.55,93381.73,39.50,223045.09,b0
765281116,5,493037,0,0,29.45,93419.92,37.34,239981.25,b0
765280092,6,493084,0,0,29.44,93407.83,37.21,212757.11,b0
765271896,7,493130,0,0,29.61,93404.06,37.93,206451.61,b0
765285466,8,493176,0,0,29.39,93380.13,37.79,271258.28,b0
765274459,1,493222,0,0,27.82,93384.92,41.29,221885.16,b0
765272923,2,493268,0,0,27.93,93406.16,41.34,220880.06,b0
765271642,3,493314,0,0,28.27,93365.02,40.22,324667.09,b0
765289819,4,493361,0,0,28.52,93384.27,39.50,225550.66,b0
765281116,5,493407,0,0,29.42,93419.32,37.33,240150.09,b0
765280092,6,493453,0,0,29.42,93410.50,37.18,212624.58,b0
765271896,7,493499,0,0,29.61,93403.70,37.92,208087.78,b0
765285466,8,493545,0,0,29.37,93381.42,37.80,271042.88,b0
765274459,1,493591,0,0,27.81,93382.58,41.29,220025.78,b0
765272923,2,493637,0,0,27.92,93407.05,41.33,221023.09,b0
765271642,3,493684,0,0,28.26,93363.86,40.18,324667.09,b0
765289819,4,493730,0,0,28.51,93382.42,39.48,224512.17,b0
765281116,5,493776,0,0,29.42,93417.48,37.33,240319.17,b0
765280092,6,493822,0,0,29.41,93410.51,37.19,212360.02,b0
765271896,7,493868,0,0,29.61,93405.34,37.92,207707.91,b0
765285466,8,493914,0,0,29.37,93381.20,37.78,272123.31,b0
765274459,1,493961,0,0,27.81,93387.31,41.28,220452.09,b0
765272923,2,494007,0,0,27.92,93405.57,41.32,219884.05,b0
765271642,3,494053,0,0,28.26,93362.94,40.18,326530.63,b0
765289819,4,494099,0,0,28.50,93383.42,39.48,223483.19,b0
765281116,5,494145,0,0,29.42,93420.93,37.33,240658.05,b0
765280092,6,494191,0,0,29.39,93408.78,37.17,212624.58,b0
765271896,7,494237,0,0,29.61,93403.75,37.93,208214.72,b0
765285466,8,494283,0,0,29.37,93380.84,37.77,272557.91,b0
765274459,1,494330,0,0,27.79,93384.79,41.28,221885.16,b0
765272923,2,494376,0,0,27.90,93407.71,41.32,221166.31,b0
765271642,3,494422,0,0,28.25,93362.50,40.17,325596.19,b0
765289819,4,494468,0,0,28.50,93382.73,39.47,225104.42,b0
765281116,5,494514,0,0,29.42,93418.55,37.33,238973.16,b0
765280092,6,494560,0,0,29.39,93409.63,37.18,214091.58,b0
765271896,7,494606,0,0,29.62,93404.69,37.91,207203.56,b0
765285466,8,494652,0,0,29.38,93381.47,37.77,272775.72,b0
765274459,1,494699,0,0,27.80,93385.70,41.27,221453.28,b0
765272923,2,494745,0,0,27.91,93407.01,41.32,221023.09,b0
765271642,3,494791,0,0,28.26,93365.97,40.17,325596.19,b0
765289819,4,494837,0,0,28.51,93382.40,39.50,225849.14,b0
765281116,5,494883,0,0,29.43,93419.90,37.33,240658.05,b0
765280092,6,494929,0,0,29.40,93409.75,37.19,213823.34,b0
765271896,7,494976,0,0,29.63,93404.76,37.89,206326.81,b0
765285466,8,495022,0,0,29.38,93380.09,37.77,273212.38,b0
765274459,1,495068,0,0,27.80,93386.05,41.26,220880.06,b0
765272923,2,495114,0,0,27.92,93406.67,41.32,222753.97,b0
765271642,3,495160,0,0,28.26,93363.47,40.18,326530.63,b0
765289819,4,495206,0,0,28.52,93382.45,39.47,225550.66,b0
765281116,5,495253,0,0,29.44,93418.37,37.33,240997.88,b0
765280092,6,495299,0,0,29.40,93409.05,37.18,214765.09,b0
765271896,7,495345,0,0,29.64,93405.72,37.90,208087.78,b0
765285466,8,495391,0,0,29.39,93380.90,37.76,273212.38,b0
765274459,1,495437,0,0,27.81,93385.86,41.25,221166.31,b0
765272923,2,495483,0,0,27.94,93407.81,41.32,221741.02,b0
765271642,3,495529,0,0,28.26,93363.14,40.13,326530.63,b0
765289819,4,495576,0,0,28.54,93381.84,39.48,224070.02,b0
765281116,5,495622,0,0,29.44,93419.85,37.32,240997.88,b0
765280092,6,495668,0,0,29.40,93407.09,37.17,213689.48,b0
765271896,7,495714,0,0,29.63,93406.73,37.90,207707.91,b0
765285466,8,495760,0,0,29.37,93380.82,37.76,274089.94,b0
765274459,1,495806,0,0,27.81,93385.13,41.26,221885.16,b0
765272923,2,495853,0,0,27.95,93406.73,41.32,221597.06,b0
765271642,3,495899,0,0,28.27,93364.63,40.16,326530.63,b0
765289819,4,495945,0,0,28.55,93382.48,39.47,224512.17,b0
765281116,5,495991,0,0,29.42,93419.52,37.31,241168.16,b0
765280092,6,496037,0,0,29.38,93410.73,37.14,213823.34,b0
765271896,7,496083,0,0,29.59,93403.26,37.89,208851.72,b0
765285466,8,496129,0,0,29.33,93380.23,37.75,273870.03,b0
765274459,1,496176,0,0,27.82,93384.74,41.24,222463.61,b0
765272923,2,496222,0,0,27.96,93407.68,41.30,221597.06,b0
765271642,3,496268,0,0,28.28,93365.23,40.14,326843.28,b0
765289819,4,496314,0,0,28.56,93381.63,39.47,226598.81,b0
765281116,5,496360,0,0,29.42,93421.98,37.33,240488.50,b0
765280092,6,496406,0,0,29.36,93409.27,37.15,215035.70,b0
765271896,7,496452,0,0,29.58,93405.80,37.89,208596.45,b0
765285466,8,496498,0,0,29.29,93379.81,37.72,275416.91,b0
765274459,1,496545,0,0,27.83,93386.55,41.26,222608.70,b0
765272923,2,496591,0,0,27.96,93404.60,41.30,222174.00,b0
765271642,3,496637,0,0,28.27,93364.45,40.16,326530.63,b0
765289819,4,496683,0,0,28.57,93383.67,39.47,225998.67,b0
765281116,5,496729,0,0,29.39,93421.40,37.31,241509.44,b0
765280092,6,496775,0,0,29.37,93411.12,37.14,213823.34,b0
765271896,7,496821,0,0,29.54,93403.95,37.88,208087.78,b0
765285466,8,496868,0,0,29.26,93382.32,37.73,273650.47,b0
765274459,1,496914,0,0,27.82,93385.13,41.23,221741.02,b0
765272923,2,496960,0,0,27.95,93408.75,41.29,222608.70,b0
765271642,3,497006,0,0,28.27,93364.61,40.13,327470.41,b0
765289819,4,497052,0,0,28.56,93384.64,39.47,227353.47,b0
765281116,5,497098,0,0,29.36,93419.31,37.30,242023.16,b0
765280092,6,497145,0,0,29.35,93409.85,37.15,215171.25,b0
765271896,7,497191,0,0,29.51,93404.99,37.85,208979.59,b0
765285466,8,497237,0,0,29.22,93381.80,37.72,274751.81,b0
765274459,1,497283,0,0,27.81,93385.14,41.24,221023.09,b0
765272923,2,497329,0,0,27.94,93408.17,41.29,222174.00,b0
765271642,3,497375,0,0,28.25,93365.73,40.13,327784.91,b0
765289819,4,497422,0,0,28.53,93382.68,39.46,225550.66,b0
765281116,5,497468,0,0,29.35,93420.14,37.32,240658.05,b0
765280092,6,497514,0,0,29.35,93409.20,37.13,215035.70,b0
765271896,7,497560,0,0,29.49,93404.13,37.86,208596.45,b0
765285466,8,497606,0,0,29.22,93380.91,37.73,274089.94,b0
765274459,1,497652,0,0,27.80,93384.80,41.24,221741.02,b0
765272923,2,497698,0,0,27.93,93407.25,41.28,222463.61,b0
765271642,3,497745,0,0,28.25,93365.91,40.13,327156.56,b0
765289819,4,497791,0,0,28.53,93382.34,39.45,226598.81,b0
765281116,5,497837,0,0,29.36,93420.17,37.32,242194.89,b0
765280092,6,497883,0,0,29.37,93410.42,37.15,215171.25,b0
765271896,7,497929,0,0,29.48,93402.83,37.86,208469.06,b0
765285466,8,497975,0,0,29.23,93377.89,37.73,275194.84,b0
765274459,1,498022,0,0,27.80,93385.51,41.23,222174.00,b0
765272923,2,498068,0,0,27.93,93409.05,41.28,223045.09,b0
765271642,3,498114,0,0,28.25,93366.46,40.12,327784.91,b0
765289819,4,498160,0,0,28.52,93382.83,39.44,225849.14,b0
765281116,5,498206,0,0,29.34,93419.84,37.31,242539.08,b0
765280092,6,498252,0,0,29.36,93410.56,37.14,216811.34,b0
765271896,7,498298,0,0,29.47,93404.38,37.87,207834.38,b0
765285466,8,498344,0,0,29.24,93381.07,37.73,275416.91,b0
765274459,1,498391,0,0,27.79,93384.98,41.20,223190.94,b0
765272923,2,498437,0,0,27.93,93407.05,41.26,223190.94,b0
765271642,3,498483,0,0,28.24,93364.06,40.11,328415.66,b0
765289819,4,498529,0,0,28.52,93382.45,39.45,225252.97,b0
765281116,5,498575,0,0,29.34,93419.65,37.34,240488.50,b0
765280092,6,498621,0,0,29.36,93409.13,37.14,214900.31,b0
765271896,7,498667,0,0,29.47,93403.67,37.87,209492.64,b0
765285466,8,498713,0,0,29.25,93380.61,37.74,275862.06,b0
765274459,1,498760,0,0,27.78,93386.28,41.21,222899.44,b0
765272923,2,498806,0,0,27.91,93408.82,41.27,222753.97,b0
765271642,3,498852,0,0,28.23,93365.98,40.11,328415.66,b0
765289819,4,498898,0,0,28.50,93384.49,39.42,225550.66,b0
765281116,5,498944,0,0,29.33,93418.85,37.32,241338.67,b0
765280092,6,498990,0,0,29.36,93408.96,37.15,214900.31,b0
765271896,7,499037,0,0,29.47,93405.28,37.87,208979.59,b0
765285466,8,499083,0,0,29.25,93381.38,37.74,276532.53,b0
765274459,1,499129,0,0,27.77,93384.66,41.21,222753.97,b0
765272923,2,499175,0,0,27.90,93409.15,41.27,223629.61,b0
765271642,3,499221,0,0,28.24,93366.36,40.11,329366.34,b0
765289819,4,499267,0,0,28.50,93383.60,39.44,226598.81,b0
765281116,5,499314,0,0,29.35,93419.91,37.32,242539.08,b0
765280092,6,499360,0,0,29.37,93409.69,37.15,215578.95,b0
765271896,7,499406,0,0,29.46,93405.37,37.88,209879.08,b0
765285466,8,499452,0,0,29.23,93381.18,37.75,276308.69,b0
765274459,1,499498,0,0,27.77,93385.20,41.21,222608.70,b0
765272923,2,499544,0,0,27.90,93408.23,41.27,222608.70,b0
765271642,3,499590,0,0,28.24,93367.30,40.11,329366.34,b0
765289819,4,499637,0,0,28.50,93383.27,39.42,225104.42,b0
765281116,5,499683,0,0,29.34,93418.90,37.33,242884.25,b0
765280092,6,499729,0,0,29.35,93410.41,37.15,215306.98,b0
765271896,7,499775,0,0,29.44,93403.63,37.88,208724.02,b0
765285466,8,499821,0,0,29.21,93381.30,37.75,276308.69,b0
765274459,1,499867,0,0,27.78,93386.09,41.21,223336.97,b0
765272923,2,499914,0,0,27.90,93408.79,41.25,222753.97,b0
765271642,3,499960,0,0,28.23,93365.61,40.11,329684.47,b0
765289819,4,500006,0,0,28.48,93384.55,39.45,226448.47,b0
765281116,5,500052,0,0,29.31,93420.29,37.34,242711.55,b0
765280092,6,500098,0,0,29.33,93412.00,37.14,216124.95,b0
765271896,7,500144,0,0,29.42,93405.28,37.90,208979.59,b0
765285466,8,500190,0,0,29.18,93380.81,37.75,276532.53,b0
765274459,1,500237,0,0,27.76,93386.30,41.20,223923.03,b0
765272923,2,500283,0,0,27.88,93408.19,41.25,221741.02,b0
765271642,3,500329,0,0,28.21,93365.63,40.10,329048.84,b0
765289819,4,500375,0,0,28.46,93385.85,39.44,228418.47,b0
765281116,5,500421,0,0,29.29,93420.05,37.34,242884.25,b0
765280092,6,500467,0,0,29.31,93410.67,37.14,215442.88,b0
765271896,7,500513,0,0,29.41,93405.34,37.90,208979.59,b0
765285466,8,500559,0,0,29.18,93381.30,37.75,277206.28,b0
765274459,1,500606,0,0,27.75,93386.87,41.19,224217.20,b0
765272923,2,500652,0,0,27.87,93406.35,41.27,223483.19,b0
765271642,3,500698,0,0,28.20,93365.55,40.12,328099.97,b0
765289819,4,500744,0,0,28.45,93384.74,39.43,226448.47,b0
765281116,5,500790,0,0,29.29,93419.52,37.35,242539.08,b0
765280092,6,500836,0,0,29.32,93409.71,37.14,213957.38,b0
765271896,7,500882,0,0,29.41,93406.45,37.91,209492.64,b0
765285466,8,500929,0,0,29.18,93380.21,37.76,276981.34,b0
765274459,1,500975,0,0,27.76,93386.14,41.21,223629.61,b0
765272923,2,501021,0,0,27.88,93408.38,41.28,223629.61,b0
765271642,3,501067,0,0,28.21,93366.34,40.11,330322.59,b0
765289819,4,501113,0,0,28.45,93384.39,39.44,228265.72,b0
765281116,5,501159,0,0,29.29,93420.44,37.34,242539.08,b0
765280092,6,501206,0,0,29.32,93410.24,37.15,215988.19,b0
765271896,7,501252,0,0,29.41,93405.05,37.93,210266.94,b0
765285466,8,501298,0,0,29.18,93381.36,37.77,277657.28,b0
765274459,1,501344,0,0,27.76,93386.68,41.20,224659.94,b0
765272923,2,501390,0,0,27.89,93409.12,41.27,222174.00,b0
765271642,3,501436,0,0,28.22,93367.11,40.11,329048.84,b0
765289819,4,501482,0,0,28.45,93383.50,39.44,228571.42,b0
765281116,5,501529,0,0,29.29,93419.40,37.37,243577.55,b0
765280092,6,501575,0,0,29.32,93408.49,37.16,215306.98,b0
765271896,7,501621,0,0,29.42,93403.99,37.94,209107.61,b0
765285466,8,501667,0,0,29.20,93381.31,37.79,275639.31,b0
765274459,1,501713,0,0,27.75,93385.06,41.22,223483.19,b0
765272923,2,501759,0,0,27.88,93407.64,41.28,224217.20,b0
765271642,3,501806,0,0,28.21,93366.73,40.11,329684.47,b0
765289819,4,501852,0,0,28.46,93385.31,39.45,229339.31,b0
765281116,5,501898,0,0,29.30,93418.75,37.37,244624.94,b0
765280092,6,501944,0,0,29.33,93410.88,37.16,216398.98,b0
765271896,7,501990,0,0,29.43,93403.38,37.93,209107.61,b0
765285466,8,502036,0,0,29.21,93381.33,37.80,278563.66,b0
765274459,1,502083,0,0,27.74,93386.52,41.20,222608.70,b0
765272923,2,502129,0,0,27.87,93408.70,41.27,225699.80,b0
765271642,3,502175,0,0,28.20,93364.84,40.12,327784.91,b0
765289819,4,502221,0,0,28.47,93384.11,39.46,226598.81,b0
765281116,5,502267,0,0,29.30,93419.80,37.37,243403.84,b0
765280092,6,502313,0,0,29.33,93409.26,37.16,217225.28,b0
765271896,7,502359,0,0,29.44,93404.51,37.96,210656.25,b0
765285466,8,502405,0,0,29.21,93384.34,37.82,277206.28,b0
765274459,1,502452,0,0,27.73,93387.81,41.21,223776.22,b0
765272923,2,502498,0,0,27.86,93407.95,41.25,222463.61,b0
765271642,3,502544,0,0,28.20,93367.17,40.12,328415.66,b0
765289819,4,502590,0,0,28.46,93384.27,39.47,227505.00,b0
765281116,5,502636,0,0,29.29,93420.64,37.36,242711.55,b0
765280092,6,502682,0,0,29.30,93411.66,37.16,216124.95,b0
765271896,7,502728,0,0,29.43,93405.00,37.97,210656.25,b0
765285466,8,502774,0,0,29.20,93381.95,37.81,276756.75,b0
765274459,1,502821,0,0,27.72,93385.65,41.20,224956.06,b0
765272923,2,502867,0,0,27.85,93408.28,41.28,222463.61,b0
765271642,3,502913,0,0,28.19,93366.92,40.14,329684.47,b0
765289819,4,502959,0,0,28.46,93385.14,39.47,228571.42,b0
765281116,5,503005,0,0,29.28,93420.34,37.38,244449.75,b0
765280092,6,503051,0,0,29.28,93411.45,37.16,217225.28,b0
765271896,7,503097,0,0,29.42,93404.20,37.97,209879.08,b0
765285466,8,503144,0,0,29.20,93382.77,37.83,278563.66,b0
765274459,1,503190,0,0,27.71,93386.77,41.22,223923.03,b0
765272923,2,503236,0,0,27.84,93408.25,41.26,223629.61,b0
765271642,3,503282,0,0,28.17,93364.79,40.12,331928.69,b0
765289819,4,503328,0,0,28.45,93384.54,39.47,226148.41,b0
765281116,5,503374,0,0,29.28,93420.89,37.40,242711.55,b0
765280092,6,503421,0,0,29.27,93407.98,37.16,217363.61,b0
765271896,7,503467,0,0,29.43,93403.54,37.99,209364.14,b0
765285466,8,503513,0,0,29.21,93381.78,37.81,277206.28,b0
765274459,1,503559,0,0,27.69,93384.98,41.23,222899.44,b0
765272923,2,503605,0,0,27.83,93408.43,41.27,224512.17,b0
765271642,3,503651,0,0,28.17,93364.43,40.14,328415.66,b0
765289819,4,503698,0,0,28.45,93382.06,39.48,226749.33,b0
765281116,5,503744,0,0,29.29,93418.82,37.42,244449.75,b0
765280092,6,503790,0,0,29.28,93409.86,37.17,216536.27,b0
765271896,7,503836,0,0,29.44,93402.90,38.00,210137.50,b0
765285466,8,503882,0,0,29.22,93380.65,37.83,276308.69,b0
765274459,1,503928,0,0,27.69,93387.89,41.22,224956.06,b0
765272923,2,503974,0,0,27.85,93408.30,41.28,224659.94,b0
765271642,3,504021,0,0,28.17,93365.73,40.13,330963.16,b0
765289819,4,504067,0,0,28.46,93384.76,39.48,227960.81,b0
765281116,5,504113,0,0,29.31,93419.88,37.41,244100.13,b0
765280092,6,504159,0,0,29.30,93410.23,37.18,215988.19,b0
765271896,7,504205,0,0,29.46,93404.97,38.02,210656.25,b0
765285466,8,504251,0,0,29.23,93381.11,37.85,276308.69,b0
765274459,1,504298,0,0,27.70,93388.23,41.24,224364.59,b0
765272923,2,504344,0,0,27.87,93407.25,41.29,222753.97,b0
765271642,3,504390,0,0,28.18,93365.80,40.16,329048.84,b0
765289819,4,504436,0,0,28.46,93382.66,39.48,226598.81,b0
765281116,5,504482,0,0,29.32,93420.58,37.44,242194.89,b0
765280092,6,504528,0,0,29.32,93410.04,37.20,216949.16,b0
765271896,7,504574,0,0,29.46,93404.48,38.03,209235.80,b0
765285466,8,504620,0,0,29.23,93380.23,37.86,276085.19,b0
765274459,1,504667,0,0,27.70,93387.14,41.24,224659.94,b0
765272923,2,504713,0,0,27.86,93407.96,41.32,222608.70,b0
765271642,3,504759,0,0,28.19,93364.81,40.16,328099.97,b0
765289819,4,504805,0,0,28.47,93382.38,39.49,227353.47,b0
765281116,5,504851,0,0,29.33,93417.73,37.46,243057.20,b0
765280092,6,504897,0,0,29.33,93410.91,37.20,215715.19,b0
765271896,7,504943,0,0,29.47,93404.92,38.05,209879.08,b0
765285466,8,504989,0,0,29.24,93380.88,37.89,276085.19,b0
765274459,1,505036,0,0,27.69,93384.80,41.25,224807.91,b0
765272923,2,505082,0,0,27.86,93408.69,41.33,223629.61,b0
765271642,3,505128,0,0,28.19,93362.62,40.17,328415.66,b0
765289819,4,505174,0,0,28.48,93381.90,39.50,226749.33,b0
765281116,5,505220,0,0,29.33,93419.78,37.46,242023.16,b0
765280092,6,505266,0,0,29.32,93409.41,37.23,216398.98,b0
765271896,7,505313,0,0,29.48,93405.53,38.07,209750.11,b0
765285466,8,505359,0,0,29.25,93381.34,37.91,277206.28,b0
765274459,1,505405,0,0,27.69,93386.07,41.25,223336.97,b0
765272923,2,505451,0,0,27.85,93406.85,41.33,223483.19,b0
765271642,3,505497,0,0,28.18,93363.64,40.18,330003.22,b0
765289819,4,505543,0,0,28.48,93384.73,39.52,228265.72,b0
765281116,5,505590,0,0,29.34,93420.34,37.48,241338.67,b0
765280092,6,505636,0,0,29.31,93408.05,37.25,216398.98,b0
765271896,7,505682,0,0,29.49,93403.08,38.08,207961.00,b0
765285466,8,505728,0,0,29.25,93379.79,37.89,275416.91,b0
765274459,1,505774,0,0,27.68,93383.34,41.26,224364.59,b0
765272923,2,505820,0,0,27.86,93406.69,41.34,222753.97,b0
765271642,3,505866,0,0,28.18,93363.11,40.17,329048.84,b0
765289819,4,505913,0,0,28.47,93382.01,39.52,226749.33,b0
765281116,5,505959,0,0,29.34,93417.71,37.49,242711.55,b0
765280092,6,506005,0,0,29.32,93410.46,37.25,215851.61,b0
765271896,7,506051,0,0,29.50,93403.85,38.10,209107.61,b0
765285466,8,506097,0,0,29.26,93380.74,37.92,274310.22,b0
765274459,1,506143,0,0,27.69,93386.44,41.27,223629.61,b0
765272923,2,506190,0,0,27.87,93407.80,41.35,223336.97,b0
765271642,3,506236,0,0,28.19,93366.02,40.20,330003.22,b0
765289819,4,506282,0,0,28.49,93384.61,39.53,226749.33,b0
765281116,5,506328,0,0,29.36,93420.42,37.50,242366.86,b0
765280092,6,506374,0,0,29.34,93410.82,37.24,214900.31,b0
765271896,7,506420,0,0,29.51,93403.91,38.12,206451.61,b0
765285466,8,506466,0,0,29.26,93380.79,37.94,274973.16,b0
765274459,1,506513,0,0,27.69,93385.71,41.28,222174.00,b0
765272923,2,506559,0,0,27.87,93407.98,41.36,222174.00,b0
765271642,3,506605,0,0,28.20,93366.29,40.21,328099.97,b0
765289819,4,506651,0,0,28.50,93382.91,39.53,227656.73,b0
765281116,5,506697,0,0,29.37,93418.48,37.53,240319.17,b0
765280092,6,506743,0,0,29.34,93409.59,37.27,215171.25,b0
765271896,7,506789,0,0,29.49,93403.79,38.13,206826.91,b0
765285466,8,506835,0,0,29.27,93381.18,37.95,273431.25,b0
765274459,1,506882,0,0,27.71,93387.30,41.30,222899.44,b0
765272923,2,506928,0,0,27.88,93407.09,41.37,222174.00,b0
765271642,3,506974,0,0,28.20,93363.07,40.19,329684.47,b0
765289819,4,507020,0,0,28.51,93384.02,39.55,226900.06,b0
765281116,5,507066,0,0,29.37,93420.08,37.54,240488.50,b0
765280092,6,507112,0,0,29.34,93410.10,37.30,214495.19,b0
765271896,7,507158,0,0,29.49,93403.07,38.18,207077.86,b0
765285466,8,507205,0,0,29.26,93379.52,37.99,271258.28,b0
765274459,1,507251,0,0,27.72,93384.38,41.34,223629.61,b0
765272923,2,507297,0,0,27.89,93408.59,41.39,222608.70,b0
765271642,3,507343,0,0,28.21,93364.38,40.25,326218.53,b0
765289819,4,507389,0,0,28.51,93384.20,39.57,227202.13,b0
765281116,5,507435,0,0,29.36,93420.75,37.56,238973.16,b0
765280092,6,507481,0,0,29.33,93408.25,37.33,214091.58,b0
765271896,7,507528,0,0,29.49,93404.15,38.21,205457.47,b0
765285466,8,507574,0,0,29.25,93381.03,38.04,273431.25,b0
765274459,1,507620,0,0,27.73,93385.82,41.34,221023.09,b0
765272923,2,507666,0,0,27.89,93407.15,41.41,222029.48,b0
765271642,3,507712,0,0,28.22,93363.91,40.26,326843.28,b0
765289819,4,507758,0,0,28.51,93383.66,39.59,225699.80,b0
765281116,5,507805,0,0,29.36,93420.06,37.61,238973.16,b0
765280092,6,507851,0,0,29.34,93409.76,37.36,214225.94,b0
765271896,7,507897,0,0,29.49,93402.00,38.25,204472.84,b0
765285466,8,507943,0,0,29.26,93381.30,38.06,271690.09,b0
765274459,1,507989,0,0,27.73,93386.17,41.37,221166.31,b0
765272923,2,508035,0,0,27.91,93409.53,41.44,222463.61,b0
765271642,3,508082,0,0,28.23,93366.65,40.28,328099.97,b0
765289819,4,508128,0,0,28.52,93384.25,39.59,225699.80,b0
765281116,5,508174,0,0,29.37,93420.08,37.63,239812.64,b0
765280092,6,508220,0,0,29.35,93410.74,37.39,211964.39,b0
765271896,7,508266,0,0,29.50,93403.13,38.29,204228.16,b0
765285466,8,508312,0,0,29.27,93382.25,38.10,271690.09,b0
765274459,1,508359,0,0,27.75,93387.41,41.38,221597.06,b0
765272923,2,508405,0,0,27.91,93408.83,41.46,222174.00,b0
765271642,3,508451,0,0,28.22,93367.67,40.31,327784.91,b0
765289819,4,508497,0,0,28.51,93383.66,39.62,224956.06,b0
765281116,5,508543,0,0,29.37,93417.58,37.67,238472.28,b0
765280092,6,508589,0,0,29.35,93409.70,37.42,213422.27,b0
765271896,7,508635,0,0,29.51,93404.13,38.33,205705.11,b0
765285466,8,508681,0,0,29.27,93381.00,38.14,271474.03,b0
765274459,1,508728,0,0,27.74,93387.24,41.41,222753.97,b0
765272923,2,508774,0,0,27.91,93409.55,41.46,221309.70,b0
765271642,3,508820,0,0,28.20,93364.86,40.32,327470.41,b0
765289819,4,508866,0,0,28.51,93383.29,39.63,224956.06,b0
765281116,5,508912,0,0,29.39,93420.52,37.69,237311.70,b0
765280092,6,508958,0,0,29.35,93410.63,37.45,212227.98,b0
765271896,7,509004,0,0,29.53,93404.28,38.35,205829.14,b0
765285466,8,509050,0,0,29.28,93382.02,38.15,271906.53,b0
765274459,1,509097,0,0,27.75,93387.97,41.42,221741.02,b0
765272923,2,509143,0,0,27.92,93408.47,41.46,221453.28,b0
765271642,3,509189,0,0,28.21,93366.55,40.31,326843.28,b0
765289819,4,509235,0,0,28.52,93386.20,39.65,225550.66,b0
765281116,5,509281,0,0,29.40,93421.11,37.71,237807.70,b0
765280092,6,509327,0,0,29.36,93411.59,37.45,212492.22,b0
765271896,7,509373,0,0,29.55,93406.68,38.37,205705.11,b0
765285466,8,509420,0,0,29.29,93381.03,38.17,270827.81,b0
765274459,1,509466,0,0,27.74,93385.63,41.43,221309.70,b0
765272923,2,509512,0,0,27.91,93409.91,41.48,220880.06,b0
765271642,3,509558,0,0,28.20,93364.32,40.33,327156.56,b0
765289819,4,509604,0,0,28.52,93384.08,39.65,223776.22,b0
765281116,5,509650,0,0,29.41,93421.05,37.72,238973.16,b0
765280092,6,509697,0,0,29.37,93410.96,37.45,211964.39,b0
765271896,7,509743,0,0,29.56,93404.96,38.36,204963.97,b0
765285466,8,509789,0,0,29.30,93381.86,38.16,270613.09,b0
765274459,1,509835,0,0,27.74,93387.45,41.44,221741.02,b0
765272923,2,509881,0,0,27.91,93408.82,41.49,222174.00,b0
765271642,3,509927,0,0,28.21,93365.08,40.33,327156.56,b0
765289819,4,509974,0,0,28.53,93383.77,39.64,223923.03,b0
765281116,5,510020,0,0,29.41,93421.41,37.72,237311.70,b0
765280092,6,510066,0,0,29.37,93410.42,37.47,212757.11,b0
765271896,7,510112,0,0,29.57,93406.14,38.37,204840.97,b0
765285466,8,510158,0,0,29.30,93381.38,38.16,270398.72,b0
765274459,1,510204,0,0,27.74,93388.34,41.44,222753.97,b0
765272923,2,510250,0,0,27.91,93409.55,41.48,220167.70,b0
765271642,3,510297,0,0,28.21,93366.15,40.35,325285.91,b0
765289819,4,510343,0,0,28.52,93384.97,39.63,225699.80,b0
765281116,5,510389,0,0,29.42,93421.81,37.70,239476.14,b0
765280092,6,510435,0,0,29.37,93413.30,37.46,212096.11,b0
765271896,7,510481,0,0,29.58,93406.91,38.37,205705.11,b0
765285466,8,510527,0,0,29.30,93380.79,38.18,269971.00,b0
765274459,1,510574,0,0,27.74,93386.34,41.44,221885.16,b0
765272923,2,510620,0,0,27.91,93408.63,41.49,221885.16,b0
765271642,3,510666,0,0,28.22,93366.41,40.34,327470.41,b0
765289819,4,510712,0,0,28.51,93384.16,39.64,226598.81,b0
765281116,5,510758,0,0,29.42,93421.66,37.70,238973.16,b0
765280092,6,510804,0,0,29.37,93409.87,37.45,211570.25,b0
765271896,7,510850,0,0,29.58,93405.67,38.35,205210.42,b0
765285466,8,510896,0,0,29.30,93380.45,38.17,270613.09,b0
765274459,1,510943,0,0,27.75,93386.32,41.43,221166.31,b0
765272923,2,510989,0,0,27.90,93409.16,41.49,221023.09,b0
765271642,3,511035,0,0,28.21,93366.37,40.32,327470.41,b0
765289819,4,511081,0,0,28.51,93383.63,39.64,226900.06,b0
765281116,5,511127,0,0,29.43,93421.73,37.69,238472.28,b0
765280092,6,511173,0,0,29.37,93408.45,37.47,212889.81,b0
765271896,7,511219,0,0,29.59,93406.10,38.35,206077.69,b0
765285466,8,511265,0,0,29.31,93383.76,38.15,272123.31,b0
765274459,1,511312,0,0,27.75,93385.96,41.43,222318.72,b0
765272923,2,511358,0,0,27.90,93407.52,41.47,221597.06,b0
765271642,3,511404,0,0,28.22,93366.41,40.33,327156.56,b0
765289819,4,511450,0,0,28.51,93385.82,39.62,225104.42,b0
765281116,5,511496,0,0,29.43,93420.82,37.66,239644.28,b0
765280092,6,511542,0,0,29.36,93410.20,37.44,213689.48,b0
765271896,7,511589,0,0,29.59,93405.75,38.34,203740.55,b0
765285466,8,511635,0,0,29.32,93382.06,38.15,270398.72,b0
765274459,1,511681,0,0,27.76,93388.31,41.42,221885.16,b0
765272923,2,511727,0,0,27.91,93408.80,41.46,221597.06,b0
765271642,3,511773,0,0,28.22,93367.85,40.31,328099.97,b0
765289819,4,511819,0,0,28.52,93385.66,39.62,226298.34,b0
765281116,5,511866,0,0,29.43,93421.17,37.66,237807.70,b0
765280092,6,511912,0,0,29.37,93411.30,37.43,213823.34,b0
765271896,7,511958,0,0,29.60,93405.59,38.32,204718.11,b0
765285466,8,512004,0,0,29.32,93383.58,38.12,269971.00,b0
765274459,1,512050,0,0,27.76,93388.32,41.42,222899.44,b0
765272923,2,512096,0,0,27.90,93408.80,41.46,221597.06,b0
765271642,3,512142,0,0,28.21,93365.49,40.32,325285.91,b0
765289819,4,512189,0,0,28.50,93384.85,39.61,225401.72,b0
765281116,5,512235,0,0,29.43,93423.74,37.65,239812.64,b0
765280092,6,512281,0,0,29.36,93410.56,37.44,213555.78,b0
765271896,7,512327,0,0,29.60,93407.05,38.31,205581.20,b0
765285466,8,512373,0,0,29.33,93383.07,38.13,271474.03,b0
765274459,1,512419,0,0,27.75,93387.79,41.43,222753.97,b0
765272923,2,512466,0,0,27.90,93408.45,41.45,221885.16,b0
765271642,3,512512,0,0,28.22,93368.05,40.31,325596.19,b0
765289819,4,512558,0,0,28.51,93385.77,39.61,224807.91,b0
765281116,5,512604,0,0,29.42,93419.88,37.63,238639.02,b0
765280092,6,512650,0,0,29.36,93412.16,37.41,214495.19,b0
765271896,7,512696,0,0,29.60,93407.41,38.27,205333.88,b0
765285466,8,512742,0,0,29.33,93381.84,38.10,270613.09,b0
765274459,1,512789,0,0,27.75,93387.96,41.42,221741.02,b0
765272923,2,512835,0,0,27.89,93408.23,41.44,223776.22,b0
765271642,3,512881,0,0,28.21,93367.46,40.29,327470.41,b0
765289819,4,512927,0,0,28.50,93385.20,39.61,225401.72,b0
765281116,5,512973,0,0,29.43,93420.98,37.63,239812.64,b0
765280092,6,513019,0,0,29.36,93411.75,37.39,213823.34,b0
765271896,7,513065,0,0,29.61,93406.37,38.25,206701.66,b0
765285466,8,513111,0,0,29.31,93381.84,38.08,271906.53,b0
765274459,1,513158,0,0,27.75,93387.24,41.41,221885.16,b0
765272923,2,513204,0,0,27.89,93411.31,41.42,222318.72,b0
765271642,3,513250,0,0,28.21,93366.70,40.31,327470.41,b0
765289819,4,513296,0,0,28.49,93387.65,39.60,226448.47,b0
765281116,5,513342,0,0,29.41,93420.70,37.58,238973.16,b0
765280092,6,513388,0,0,29.36,93411.23,37.39,213957.38,b0
765271896,7,513434,0,0,29.60,93405.98,38.22,204963.97,b0
765285466,8,513481,0,0,29.32,93382.81,38.08,271690.09,b0
765274459,1,513527,0,0,27.75,93388.32,41.38,222899.44,b0
765272923,2,513573,0,0,27.88,93407.30,41.44,221023.09,b0
765271642,3,513619,0,0,28.21,93366.37,40.28,326843.28,b0
765289819,4,513665,0,0,28.49,93385.11,39.59,226900.06,b0
765281116,5,513711,0,0,29.39,93420.16,37.58,240658.05,b0
765280092,6,513758,0,0,29.36,93411.63,37.37,214360.48,b0
765271896,7,513804,0,0,29.59,93406.79,38.21,206826.91,b0
765285466,8,513850,0,0,29.31,93381.13,38.03,272123.31,b0
765274459,1,513896,0,0,27.75,93386.87,41.40,223336.97,b0
765272923,2,513942,0,0,27.88,93409.45,41.42,222463.61,b0
765271642,3,513988,0,0,28.20,93367.74,40.29,326843.28,b0
765289819,4,514035,0,0,28.47,93384.28,39.59,226298.34,b0
765281116,5,514081,0,0,29.39,93423.70,37.57,240319.17,b0
765280092,6,514127,0,0,29.36,93412.79,37.35,214765.09,b0
765271896,7,514173,0,0,29.57,93406.31,38.19,206202.17,b0
765285466,8,514219,0,0,29.32,93383.02,38.04,272775.72,b0
765274459,1,514265,0,0,27.74,93386.52,41.37,222608.70,b0
765272923,2,514311,0,0,27.88,93409.45,41.43,222753.97,b0
765271642,3,514358,0,0,28.19,93365.86,40.27,328415.66,b0
765289819,4,514404,0,0,28.46,93385.68,39.59,226900.06,b0
765281116,5,514450,0,0,29.36,93420.96,37.57,238639.02,b0
765280092,6,514496,0,0,29.36,93414.04,37.36,213823.34,b0
765271896,7,514542,0,0,29.57,93406.66,38.17,205333.88,b0
765285466,8,514588,0,0,29.32,93384.77,38.02,273870.03,b0
765274459,1,514635,0,0,27.75,93387.42,41.40,222608.70,b0
765272923,2,514681,0,0,27.87,93406.91,41.41,222753.97,b0
765271642,3,514727,0,0,28.19,93366.22,40.26,326843.28,b0
765289819,4,514773,0,0,28.46,93385.13,39.58,226148.41,b0
765281116,5,514819,0,0,29.36,93421.70,37.54,240827.84,b0
765280092,6,514865,0,0,29.36,93411.19,37.35,213422.27,b0
765271896,7,514911,0,0,29.57,93406.66,38.15,207707.91,b0
765285466,8,514957,0,0,29.32,93383.38,38.01,272123.31,b0
765274459,1,515004,0,0,27.75,93387.61,41.40,222899.44,b0
765272923,2,515050,0,0,27.88,93410.18,41.42,221597.06,b0
765271642,3,515096,0,0,28.19,93367.81,40.29,328731.94,b0
765289819,4,515142,0,0,28.45,93384.39,39.57,227051.00,b0
765281116,5,515188,0,0,29.37,93420.98,37.55,239981.25,b0
765280092,6,515234,0,0,29.36,93412.70,37.33,215715.19,b0
765271896,7,515280,0,0,29.59,93408.36,38.15,206576.56,b0
765285466,8,515326,0,0,29.33,93383.63,37.98,272557.91,b0
765274459,1,515373,0,0,27.75,93387.77,41.37,222608.70,b0
765272923,2,515419,0,0,27.88,93410.93,41.42,222463.61,b0
765271642,3,515465,0,0,28.19,93366.79,40.26,328099.97,b0
765289819,4,515511,0,0,28.46,93383.89,39.56,225849.14,b0
765281116,5,515557,0,0,29.39,93422.81,37.53,240150.09,b0
765280092,6,515603,0,0,29.37,93412.00,37.33,214091.58,b0
765271896,7,515650,0,0,29.60,93408.79,38.12,207834.38,b0
765285466,8,515696,0,0,29.34,93384.45,37.96,272557.91,b0
765274459,1,515742,0,0,27.77,93389.40,41.37,222899.44,b0
765272923,2,515788,0,0,27.89,93409.12,41.41,223045.09,b0
765271642,3,515834,0,0,28.20,93366.50,40.27,329048.84,b0
765289819,4,515880,0,0,28.48,93386.34,39.58,225998.67,b0
765281116,5,515927,0,0,29.40,93422.21,37.52,241338.67,b0
765280092,6,515973,0,0,29.39,93411.89,37.33,215171.25,b0
765271896,7,516019,0,0,29.61,93405.48,38.12,207329.42,b0
765285466,8,516065,0,0,29.34,93383.26,37.97,272775.72,b0
765274459,1,516111,0,0,27.78,93387.55,41.36,222899.44,b0
765272923,2,516157,0,0,27.90,93410.05,41.40,222174.00,b0
765271642,3,516203,0,0,28.22,93367.16,40.27,329684.47,b0
765289819,4,516250,0,0,28.50,93386.28,39.58,225252.97,b0
765281116,5,516296,0,0,29.42,93422.56,37.52,238805.97,b0
765280092,6,516342,0,0,29.39,93411.59,37.32,214630.06,b0
765271896,7,516388,0,0,29.61,93408.00,38.11,207707.91,b0
765285466,8,516434,0,0,29.34,93382.63,37.94,274310.22,b0
765274459,1,516480,0,0,27.80,93388.44,41.36,223629.61,b0
765272923,2,516527,0,0,27.93,93409.59,41.42,222318.72,b0
765271642,3,516573,0,0,28.23,93366.16,40.26,329048.84,b0
765289819,4,516619,0,0,28.52,93385.30,39.57,227051.00,b0
765281116,5,516665,0,0,29.44,93422.52,37.52,241338.67,b0
765280092,6,516711,0,0,29.39,93410.31,37.32,214630.06,b0
765271896,7,516757,0,0,29.61,93407.12,38.09,207077.86,b0
765285466,8,516803,0,0,29.34,93383.59,37.94,272557.91,b0
765274459,1,516850,0,0,27.82,93388.40,41.36,222174.00,b0
765272923,2,516896,0,0,27.94,93408.19,41.42,222174.00,b0
765271642,3,516942,0,0,28.24,93368.55,40.27,327784.91,b0
765289819,4,516988,0,0,28.53,93386.45,39.59,225252.97,b0
765281116,5,517034,0,0,29.44,93423.13,37.52,240997.88,b0
765280092,6,517080,0,0,29.39,93411.39,37.32,212757.11,b0
765271896,7,517126,0,0,29.60,93404.93,38.09,206701.66,b0
765285466,8,517172,0,0,29.34,93383.20,37.94,272340.44,b0
765274459,1,517219,0,0,27.81,93387.67,41.37,221597.06,b0
765272923,2,517265,0,0,27.96,93410.23,41.43,221885.16,b0
765271642,3,517311,0,0,28.25,93367.52,40.27,328099.97,b0
765289819,4,517357,0,0,28.53,93384.48,39.60,225252.97,b0
765281116,5,517403,0,0,29.45,93425.01,37.52,240150.09,b0
765280092,6,517449,0,0,29.39,93410.02,37.30,213823.34,b0
765271896,7,517495,0,0,29.62,93409.51,38.10,205953.34,b0
765285466,8,517542,0,0,29.34,93383.05,37.93,271906.53,b0
765274459,1,517588,0,0,27.82,93387.47,41.37,221023.09,b0
765272923,2,517634,0,0,27.97,93409.70,41.43,221023.09,b0
765271642,3,517680,0,0,28.26,93367.81,40.26,327156.56,b0
765289819,4,517726,0,0,28.55,93386.02,39.57,224217.20,b0
765281116,5,517772,0,0,29.46,93422.35,37.54,239308.25,b0
765280092,6,517819,0,0,29.40,93410.76,37.33,213022.67,b0
765271896,7,517865,0,0,29.63,93407.77,38.08,206826.91,b0
765285466,8,517911,0,0,29.35,93381.73,37.94,272775.72,b0
765274459,1,517957,0,0,27.83,93388.54,41.38,222029.48,b0
765272923,2,518003,0,0,27.98,93408.45,41.42,220880.06,b0
765271642,3,518049,0,0,28.27,93368.40,40.29,326530.63,b0
765289819,4,518095,0,0,28.55,93385.51,39.60,225104.42,b0
765281116,5,518142,0,0,29.46,93422.03,37.54,238973.16,b0
765280092,6,518188,0,0,29.41,93411.59,37.33,212624.58,b0
765271896,7,518234,0,0,29.64,93409.13,38.10,206701.66,b0
765285466,8,518280,0,0,29.36,93381.80,37.95,271474.03,b0
765274459,1,518326,0,0,27.85,93391.05,41.38,222463.61,b0
765272923,2,518372,0,0,27.99,93408.68,41.44,220737.23,b0
765271642,3,518419,0,0,28.28,93367.56,40.31,327156.56,b0
765289819,4,518465,0,0,28.57,93386.16,39.63,224512.17,b0
765281116,5,518511,0,0,29.48,93422.35,37.52,239812.64,b0
765280092,6,518557,0,0,29.42,93413.13,37.34,212360.02,b0
765271896,7,518603,0,0,29.65,93407.35,38.09,205087.13,b0
765285466,8,518649,0,0,29.36,93383.65,37.95,270398.72,b0
765274459,1,518696,0,0,27.87,93388.30,41.38,221023.09,b0
765272923,2,518742,0,0,28.01,93408.73,41.45,220737.23,b0
765271642,3,518788,0,0,28.29,93368.02,40.31,327156.56,b0
765289819,4,518834,0,0,28.58,93385.84,39.61,224364.59,b0
765281116,5,518880,0,0,29.49,93424.25,37.54,238805.97,b0
765280092,6,518926,0,0,29.43,93410.20,37.34,212096.11,b0
765271896,7,518972,0,0,29.67,93408.56,38.09,205581.20,b0
765285466,8,519018,0,0,29.38,93384.58,37.95,269757.63,b0
765274459,1,519065,0,0,27.88,93386.65,41.39,221023.09,b0
765272923,2,519111,0,0,28.02,93409.66,41.46,220025.78,b0
765271642,3,519157,0,0,28.30,93367.01,40.31,324667.09,b0
765289819,4,519203,0,0,28.59,93383.78,39.62,224070.02,b0
765281116,5,519249,0,0,29.51,93424.44,37.55,238305.80,b0
765280092,6,519295,0,0,29.43,93410.43,37.34,211046.98,b0
765271896,7,519341,0,0,29.68,93409.70,38.10,204106.05,b0
765285466,8,519387,0,0,29.39,93382.27,37.96,270613.09,b0
765274459,1,519434,0,0,27.89,93388.62,41.41,220167.70,b0
765272923,2,519480,0,0,28.04,93408.08,41.46,220309.81,b0
765271642,3,519526,0,0,28.32,93367.28,40.32,324667.09,b0
765289819,4,519572,0,0,28.61,93385.51,39.64,223045.09,b0
765281116,5,519618,0,0,29.51,93421.63,37.54,237476.81,b0
765280092,6,519664,0,0,29.44,93409.31,37.34,211177.56,b0
765271896,7,519711,0,0,29.68,93408.16,38.11,203740.55,b0
765285466,8,519757,0,0,29.40,93384.22,37.96,268273.50,b0
765274459,1,519803,0,0,27.91,93389.68,41.40,220594.58,b0
765272923,2,519849,0,0,28.05,93407.20,41.46,219884.05,b0
765271642,3,519895,0,0,28.33,93368.07,40.34,324050.63,b0
765289819,4,519941,0,0,28.62,93385.16,39.65,223483.19,b0
765281116,5,519987,0,0,29.52,93419.73,37.55,236653.58,b0
765280092,6,520034,0,0,29.45,93410.13,37.34,211701.47,b0
765271896,7,520080,0,0,29.69,93408.01,38.12,203984.06,b0
765285466,8,520126,0,0,29.40,93384.06,37.99,267223.38,b0
765274459,1,520172,0,0,27.92,93387.84,41.42,219037.44,b0
765272923,2,520218,0,0,28.07,93410.16,41.46,218336.89,b0
765271642,3,520264,0,0,28.32,93365.37,40.34,322215.22,b0
765289819,4,520311,0,0,28.62,93384.67,39.66,223336.97,b0
765281116,5,520357,0,0,29.53,93421.45,37.53,236325.88,b0
765280092,6,520403,0,0,29.47,93410.82,37.34,211177.56,b0
765271896,7,520449,0,0,29.69,93406.75,38.12,203134.30,b0
765285466,8,520495,0,0,29.42,93384.05,37.97,267642.44,b0
765274459,1,520541,0,0,27.93,93389.27,41.39,218616.56,b0
765272923,2,520588,0,0,28.08,93407.47,41.46,218197.31,b0
765271642,3,520634,0,0,28.33,93367.77,40.32,322215.22,b0
765289819,4,520680,0,0,28.63,93384.54,39.65,222753.97,b0
765281116,5,520726,0,0,29.55,93419.97,37.54,235999.08,b0
765280092,6,520772,0,0,29.47,93409.57,37.35,209492.64,b0
765271896,7,520818,0,0,29.70,93407.17,38.12,201932.56,b0
765285466,8,520864,0,0,29.42,93382.62,37.99,266805.63,b0
765274459,1,520911,0,0,27.93,93387.63,41.40,219037.44,b0
765272923,2,520957,0,0,28.09,93408.96,41.45,219037.44,b0
765271642,3,521003,0,0,28.35,93368.77,40.32,321608.03,b0
765289819,4,521049,0,0,28.65,93386.45,39.66,221309.70,b0
765281116,5,521095,0,0,29.56,93417.68,37.56,234539.63,b0
765280092,6,521141,0,0,29.48,93412.96,37.33,208979.59,b0
765271896,7,521187,0,0,29.70,93407.03,38.17,201932.56,b0
765285466,8,521233,0,0,29.43,93385.29,38.01,267432.75,b0
765274459,1,521280,0,0,27.95,93388.50,41.40,219178.08,b0
765272923,2,521326,0,0,28.11,93408.64,41.44,218197.31,b0
765271642,3,521372,0,0,28.35,93369.32,40.33,320400.50,b0
765289819,4,521418,0,0,28.65,93385.91,39.64,220594.58,b0
765281116,5,521464,0,0,29.56,93419.36,37.56,233736.59,b0
765280092,6,521510,0,0,29.49,93412.11,37.36,209107.61,b0
765271896,7,521556,0,0,29.68,93406.02,38.17,201574.80,b0
765285466,8,521603,0,0,29.44,93383.55,38.03,264736.31,b0
765274459,1,521649,0,0,27.96,93389.58,41.40,218616.56,b0
765272923,2,521695,0,0,28.12,93409.93,41.44,218336.89,b0
765271642,3,521741,0,0,28.35,93367.53,40.32,321003.13,b0
765289819,4,521787,0,0,28.66,93386.30,39.63,221597.06,b0
765281116,5,521833,0,0,29.56,93420.05,37.56,234378.58,b0
765280092,6,521880,0,0,29.49,93410.91,37.36,207834.38,b0
765271896,7,521926,0,0,29.67,93408.03,38.18,202052.09,b0
765285466,8,521972,0,0,29.44,93384.95,38.07,264531.13,b0
765274459,1,522018,0,0,27.97,93390.48,41.38,218057.92,b0
765272923,2,522064,0,0,28.13,93411.04,41.44,217225.28,b0
765271642,3,522110,0,0,28.36,93368.13,40.33,319500.78,b0
765289819,4,522156,0,0,28.67,93387.63,39.64,220167.70,b0
765281116,5,522203,0,0,29.55,93422.32,37.54,234539.63,b0
765280092,6,522249,0,0,29.49,93411.63,37.35,208341.81,b0
765271896,7,522295,0,0,29.64,93408.02,38.19,202052.09,b0
765285466,8,522341,0,0,29.42,93385.02,38.08,264941.78,b0
765274459,1,522387,0,0,27.99,93389.71,41.38,218197.31,b0
765272923,2,522433,0,0,28.14,93408.88,41.43,215988.19,b0
765271642,3,522480,0,0,28.37,93370.20,40.32,321003.13,b0
765289819,4,522526,0,0,28.67,93387.10,39.63,221453.28,b0
765281116,5,522572,0,0,29.53,93421.99,37.54,233098.11,b0
765280092,6,522618,0,0,29.48,93412.05,37.36,208469.06,b0
765271896,7,522664,0,0,29.61,93408.73,38.21,201693.91,b0
765285466,8,522710,0,0,29.41,93384.31,38.09,265147.59,b0
765274459,1,522757,0,0,27.98,93390.27,41.38,219178.08,b0
765272923,2,522803,0,0,28.13,93409.97,41.42,216536.27,b0
765271642,3,522849,0,0,28.37,93368.38,40.32,318903.78,b0
765289819,4,522895,0,0,28.66,93388.84,39.62,220452.09,b0
765281116,5,522941,0,0,29.52,93424.40,37.54,234862.39,b0
765280092,6,522987,0,0,29.47,93413.14,37.36,208851.72,b0
765271896,7,523033,0,0,29.60,93409.51,38.19,203134.30,b0
765285466,8,523079,0,0,29.40,93383.51,38.08,265560.16,b0
765274459,1,523126,0,0,27.99,93390.98,41.35,218616.56,b0
765272923,2,523172,0,0,28.13,93409.42,41.41,217502.13,b0
765271642,3,523218,0,0,28.37,93369.29,40.31,321003.13,b0
765289819,4,523264,0,0,28.66,93386.48,39.61,221597.06,b0
765281116,5,523310,0,0,29.51,93425.18,37.54,233576.64,b0
765280092,6,523356,0,0,29.46,93410.40,37.35,207961.00,b0
765271896,7,523402,0,0,29.59,93407.15,38.19,201813.17,b0
765285466,8,523448,0,0,29.40,93384.56,38.07,265560.16,b0
765274459,1,523495,0,0,27.99,93389.89,41.35,217225.28,b0
765272923,2,523541,0,0,28.14,93408.52,41.39,217640.81,b0
765271642,3,523587,0,0,28.37,93367.66,40.30,320400.50,b0
765289819,4,523633,0,0,28.66,93386.30,39.60,220452.09,b0
765281116,5,523679,0,0,29.51,93423.40,37.53,235836.02,b0
765280092,6,523725,0,0,29.46,93412.33,37.34,208851.72,b0
765271896,7,523772,0,0,29.60,93408.79,38.19,203255.27,b0
765285466,8,523818,0,0,29.39,93383.77,38.07,265974.03,b0
765274459,1,523864,0,0,28.00,93388.59,41.34,217640.81,b0
765272923,2,523910,0,0,28.15,93411.64,41.39,218057.92,b0
765271642,3,523956,0,0,28.37,93367.09,40.31,319800.13,b0
765289819,4,524002,0,0,28.66,93387.58,39.61,220880.06,b0
765281116,5,524049,0,0,29.50,93423.13,37.53,235024.09,b0
765280092,6,524095,0,0,29.45,93410.31,37.35,209235.80,b0
765271896,7,524141,0,0,29.60,93407.95,38.20,201693.91,b0
765285466,8,524187,0,0,29.39,93383.75,38.08,267642.44,b0
765274459,1,524233,0,0,28.01,93389.31,41.33,217779.67,b0
765272923,2,524279,0,0,28.14,93409.80,41.37,217640.81,b0
765271642,3,524325,0,0,28.38,93368.78,40.29,319500.78,b0
765289819,4,524372,0,0,28.67,93387.24,39.60,221309.70,b0
765281116,5,524418,0,0,29.51,93421.98,37.54,235836.02,b0
765280092,6,524464,0,0,29.46,93410.52,37.32,208979.59,b0
765271896,7,524510,0,0,29.60,93406.16,38.18,203497.61,b0
765285466,8,524556,0,0,29.38,93383.12,38.06,265766.94,b0
765274459,1,524602,0,0,28.02,93390.74,41.31,216811.34,b0
765272923,2,524649,0,0,28.15,93409.83,41.35,217918.70,b0
765271642,3,524695,0,0,28.39,93367.80,40.29,319500.78,b0
765289819,4,524741,0,0,28.68,93388.38,39.60,221597.06,b0
765281116,5,524787,0,0,29.52,93421.52,37.53,235673.19,b0
765280092,6,524833,0,0,29.47,93411.90,37.34,208596.45,b0
765271896,7,524879,0,0,29.61,93406.96,38.20,201693.91,b0
765285466,8,524925,0,0,29.40,93385.95,38.06,265974.03,b0
765274459,1,524972,0,0,28.02,93389.84,41.30,218336.89,b0
765272923,2,525018,0,0,28.17,93410.05,41.35,217225.28,b0
765271642,3,525064,0,0,28.39,93368.55,40.26,318903.78,b0
765289819,4,525110,0,0,28.68,93389.14,39.59,220737.23,b0
765281116,5,525156,0,0,29.53,93421.59,37.52,236982.19,b0
765280092,6,525202,0,0,29.48,93412.34,37.34,209235.80,b0
765271896,7,525248,0,0,29.62,93408.59,38.19,200981.36,b0
765285466,8,525294,0,0,29.40,93380.46,38.06,265974.03,b0
765274459,1,525341,0,0,28.04,93390.36,41.30,218197.31,b0
765272923,2,525387,0,0,28.17,93409.70,41.35,217640.81,b0
765271642,3,525433,0,0,28.40,93368.77,40.27,321003.13,b0
765289819,4,525479,0,0,28.69,93387.89,39.58,221023.09,b0
765281116,5,525525,0,0,29.54,93419.51,37.53,234057.14,b0
765280092,6,525571,0,0,29.48,93412.22,37.33,207707.91,b0
765271896,7,525617,0,0,29.62,93407.38,38.18,201813.17,b0
765285466,8,525664,0,0,29.41,93383.44,38.06,265766.94,b0
765274459,1,525710,0,0,28.04,93390.90,41.29,217502.13,b0
765272923,2,525756,0,0,28.17,93409.16,41.34,217087.13,b0
765271642,3,525802,0,0,28.41,93368.81,40.26,319202.00,b0
765289819,4,525848,0,0,28.70,93386.70,39.58,220880.06,b0
765281116,5,525894,0,0,29.55,93418.73,37.50,235348.20,b0
765280092,6,525941,0,0,29.49,93412.16,37.34,208214.72,b0
765271896,7,525987,0,0,29.61,93404.82,38.18,201813.17,b0
765285466,8,526033,0,0,29.41,93381.80,38.03,265353.72,b0
765274459,1,526079,0,0,28.05,93390.52,41.28,217225.28,b0
765272923,2,526125,0,0,28.18,93408.83,41.31,216811.34,b0
765271642,3,526171,0,0,28.42,93368.54,40.26,318308.97,b0
765289819,4,526218,0,0,28.72,93387.55,39.58,220167.70,b0
765281116,5,526264,0,0,29.56,93420.44,37.52,234378.58,b0
765280092,6,526310,0,0,29.50,93411.72,37.33,207455.42,b0
765271896,7,526356,0,0,29.61,93407.49,38.18,202411.55,b0
765285466,8,526402,0,0,29.41,93382.93,38.03,264736.31,b0
765274459,1,526448,0,0,28.05,93389.95,41.26,217087.13,b0
765272923,2,526494,0,0,28.19,93408.31,41.31,216673.72,b0
765271642,3,526541,0,0,28.44,93368.48,40.26,319202.00,b0
765289819,4,526587,0,0,28.73,93387.63,39.56,220737.23,b0
765281116,5,526633,0,0,29.56,93419.20,37.51,234862.39,b0
765280092,6,526679,0,0,29.50,93409.41,37.32,209235.80,b0
765271896,7,526725,0,0,29.62,93407.16,38.17,202052.09,b0
765285466,8,526771,0,0,29.42,93382.69,38.02,265147.59,b0
765274459,1,526818,0,0,28.06,93392.30,41.26,216261.88,b0
765272923,2,526864,0,0,28.21,93409.27,41.30,216536.27,b0
765271642,3,526910,0,0,28.45,93369.28,40.27,319500.78,b0
765289819,4,526956,0,0,28.74,93387.52,39.58,219884.05,b0
765281116,5,527002,0,0,29.58,93419.70,37.51,235024.09,b0
765280092,6,527048,0,0,29.51,93410.98,37.32,208087.78,b0
765271896,7,527094,0,0,29.62,93409.30,38.15,201932.56,b0
765285466,8,527140,0,0,29.42,93383.00,38.01,265147.59,b0
765274459,1,527187,0,0,28.08,93391.38,41.25,217640.81,b0
765272923,2,527233,0,0,28.22,93410.20,41.29,215988.19,b0
765271642,3,527279,0,0,28.46,93370.98,40.24,319202.00,b0
765289819,4,527325,0,0,28.75,93386.13,39.58,220594.58,b0
765281116,5,527371,0,0,29.57,93417.48,37.50,234862.39,b0
765280092,6,527417,0,0,29.52,93410.85,37.31,207707.91,b0
765271896,7,527463,0,0,29.60,93406.16,38.17,200863.08,b0
765285466,8,527510,0,0,29.42,93384.08,38.02,265974.03,b0
765274459,1,527556,0,0,28.08,93389.91,41.22,218057.92,b0
765272923,2,527602,0,0,28.22,93407.84,41.28,215851.61,b0
765271642,3,527648,0,0,28.46,93369.88,40.24,318903.78,b0
765289819,4,527694,0,0,28.76,93385.66,39.54,220167.70,b0
765281116,5,527740,0,0,29.57,93420.55,37.48,233576.64,b0
765280092,6,527786,0,0,29.52,93411.58,37.32,207203.56,b0
765271896,7,527833,0,0,29.60,93406.84,38.18,202171.77,b0
765285466,8,527879,0,0,29.43,93384.86,38.01,265560.16,b0
765274459,1,527925,0,0,28.08,93390.45,41.22,217225.28,b0
765272923,2,527971,0,0,28.22,93407.85,41.28,217225.28,b0
765271642,3,528017,0,0,28.46,93368.13,40.20,318903.78,b0
765289819,4,528063,0,0,28.77,93386.23,39.53,218476.64,b0
765281116,5,528110,0,0,29.58,93419.34,37.50,234378.58,b0
765280092,6,528156,0,0,29.53,93411.90,37.32,207581.59,b0
765271896,7,528202,0,0,29.59,93407.88,38.19,202892.81,b0
765285466,8,528248,0,0,29.42,93384.30,38.01,264121.75,b0
765274459,1,528294,0,0,28.09,93390.44,41.21,217640.81,b0
765272923,2,528340,0,0,28.23,93407.87,41.25,216673.72,b0
765271642,3,528386,0,0,28.46,93367.77,40.20,319202.00,b0
765289819,4,528433,0,0,28.77,93386.42,39.52,219884.05,b0
765281116,5,528479,0,0,29.58,93419.74,37.48,235024.09,b0
765280092,6,528525,0,0,29.53,93411.00,37.32,206952.30,b0
765271896,7,528571,0,0,29.59,93408.24,38.16,203376.36,b0
765285466,8,528617,0,0,29.43,93384.32,37.99,266389.19,b0
765274459,1,528663,0,0,28.09,93391.53,41.19,216949.16,b0
765272923,2,528710,0,0,28.24,93409.70,41.22,215035.70,b0
765271642,3,528756,0,0,28.48,93367.88,40.21,319202.00,b0
765289819,4,528802,0,0,28.78,93387.19,39.53,219601.11,b0
765281116,5,528848,0,0,29.58,93418.44,37.47,234700.89,b0
765280092,6,528894,0,0,29.53,93411.55,37.29,207707.91,b0
765271896,7,528940,0,0,29.59,93405.91,38.16,201337.00,b0
765285466,8,528986,0,0,29.42,93383.31,37.99,265353.72,b0
765274459,1,529033,0,0,28.10,93389.14,41.20,216949.16,b0
765272923,2,529079,0,0,28.26,93409.93,41.22,215851.61,b0
765271642,3,529125,0,0,28.48,93368.09,40.18,318012.44,b0
765289819,4,529171,0,0,28.79,93386.72,39.53,219459.92,b0
765281116,5,529217,0,0,29.58,93419.00,37.47,235836.02,b0
765280092,6,529263,0,0,29.54,93409.61,37.30,207961.00,b0
765271896,7,529309,0,0,29.60,93406.70,38.15,202052.09,b0
765285466,8,529355,0,0,29.42,93382.24,37.98,265560.16,b0
765274459,1,529402,0,0,28.11,93388.38,41.14,216398.98,b0
765272923,2,529448,0,0,28.27,93410.89,41.21,215171.25,b0
765271642,3,529494,0,0,28.50,93369.09,40.16,318606.09,b0
765289819,4,529540,0,0,28.80,93386.07,39.49,218896.97,b0
765281116,5,529586,0,0,29.59,93417.26,37.47,234700.89,b0
765280092,6,529632,0,0,29.55,93412.27,37.31,205581.20,b0
765271896,7,529678,0,0,29.62,93409.66,38.16,202171.77,b0
765285466,8,529725,0,0,29.42,93383.23,37.98,264121.75,b0
765274459,1,529771,0,0,28.12,93389.65,41.13,216536.27,b0
765272923,2,529817,0,0,28.28,93411.09,41.21,215851.61,b0
765271642,3,529863,0,0,28.50,93369.30,40.15,318012.44,b0
765289819,4,529909,0,0,28.80,93385.91,39.49,218476.64,b0
765281116,5,529955,0,0,29.60,93420.43,37.47,234217.75,b0
765280092,6,530001,0,0,29.55,93411.55,37.30,206202.17,b0
765271896,7,530048,0,0,29.62,93407.02,38.16,201932.56,b0
765285466,8,530094,0,0,29.42,93383.23,37.96,263713.63,b0
765274459,1,530140,0,0,28.11,93389.48,41.13,216811.34,b0
765272923,2,530186,0,0,28.28,93410.16,41.18,216124.95,b0
765271642,3,530232,0,0,28.49,93369.38,40.15,317126.03,b0
765289819,4,530278,0,0,28.79,93386.88,39.47,219742.48,b0
765281116,5,530325,0,0,29.59,93418.20,37.45,233736.59,b0
765280092,6,530371,0,0,29.53,93411.32,37.28,206576.56,b0
765271896,7,530417,0,0,29.63,93408.84,38.15,201099.77,b0
765285466,8,530463,0,0,29.42,93381.73,37.96,265353.72,b0
765274459,1,530509,0,0,28.09,93390.06,41.11,217918.70,b0
765272923,2,530555,0,0,28.25,93410.09,41.17,217087.13,b0
765271642,3,530602,0,0,28.47,93369.77,40.10,318606.09,b0
765289819,4,530648,0,0,28.77,93388.56,39.45,218476.64,b0
765281116,5,530694,0,0,29.57,93420.15,37.44,233736.59,b0
765280092,6,530740,0,0,29.51,93411.34,37.27,207455.42,b0
765271896,7,530786,0,0,29.63,93408.46,38.15,202772.28,b0
765285466,8,530832,0,0,29.40,93383.71,37.96,265353.72,b0
765274459,1,530879,0,0,28.07,93390.10,41.09,217087.13,b0
765272923,2,530925,0,0,28.22,93411.13,41.11,216124.95,b0
765271642,3,530971,0,0,28.44,93369.41,40.11,319500.78,b0
765289819,4,531017,0,0,28.75,93386.69,39.43,219601.11,b0
765281116,5,531063,0,0,29.54,93419.19,37.43,235510.58,b0
765280092,6,531109,0,0,29.50,93409.04,37.24,207455.42,b0
765271896,7,531155,0,0,29.61,93406.55,38.14,202531.64,b0
765285466,8,531201,0,0,29.40,93382.80,37.95,265560.16,b0
765274459,1,531248,0,0,28.04,93389.43,41.05,217918.70,b0
765272923,2,531294,0,0,28.20,93408.70,41.11,217640.81,b0
765271642,3,531340,0,0,28.43,93368.12,40.08,320100.03,b0
765289819,4,531386,0,0,28.74,93385.71,39.41,220309.81,b0
765281116,5,531432,0,0,29.53,93421.22,37.41,234862.39,b0
765280092,6,531478,0,0,29.49,93412.16,37.24,207834.38,b0
765271896,7,531524,0,0,29.60,93408.09,38.13,203619.02,b0
765285466,8,531570,0,0,29.40,93383.64,37.94,265974.03,b0
765274459,1,531617,0,0,28.05,93392.16,41.03,218336.89,b0
765272923,2,531663,0,0,28.20,93411.07,41.10,216811.34,b0
765271642,3,531709,0,0,28.44,93367.80,40.08,320100.03,b0
765289819,4,531755,0,0,28.75,93384.70,39.39,221023.09,b0
765281116,5,531801,0,0,29.51,93422.70,37.40,235999.08,b0
765280092,6,531847,0,0,29.49,93412.30,37.24,208469.06,b0
765271896,7,531894,0,0,29.59,93410.35,38.12,202291.58,b0
765285466,8,531940,0,0,29.39,93384.77,37.92,267014.34,b0
765274459,1,531986,0,0,28.04,93389.25,41.05,219178.08,b0
765272923,2,532032,0,0,28.22,93408.92,41.06,216811.34,b0
765271642,3,532078,0,0,28.45,93369.27,40.07,320100.03,b0
765289819,4,532124,0,0,28.76,93385.66,39.37,218896.97,b0
765281116,5,532170,0,0,29.51,93419.38,37.38,235024.09,b0
765280092,6,532217,0,0,29.49,93412.16,37.21,208979.59,b0
765271896,7,532263,0,0,29.58,93407.77,38.12,203984.06,b0
765285466,8,532309,0,0,29.36,93385.41,37.89,265560.16,b0
765274459,1,532355,0,0,28.06,93391.22,41.01,218616.56,b0
765272923,2,532401,0,0,28.23,93410.41,41.05,217918.70,b0
765271642,3,532447,0,0,28.46,93370.46,40.04,322519.69,b0
765289819,4,532494,0,0,28.78,93387.55,39.37,222608.70,b0
765281116,5,532540,0,0,29.50,93423.09,37.36,235348.20,b0
765280092,6,532586,0,0,29.47,93412.61,37.20,208341.81,b0
765271896,7,532632,0,0,29.54,93406.83,38.10,202772.28,b0
765285466,8,532678,0,0,29.32,93383.91,37.88,266805.63,b0
765274459,1,532724,0,0,28.07,93390.47,41.02,218197.31,b0
765272923,2,532771,0,0,28.25,93411.19,41.04,217363.61,b0
765271642,3,532817,0,0,28.47,93368.40,40.03,320701.53,b0
765289819,4,532863,0,0,28.79,93386.16,39.36,220594.58,b0
765281116,5,532909,0,0,29.47,93421.23,37.37,236817.77,b0
765280092,6,532955,0,0,29.44,93411.98,37.20,209621.30,b0
765271896,7,533001,0,0,29.53,93405.28,38.08,203740.55,b0
765285466,8,533047,0,0,29.28,93381.90,37.87,267642.44,b0
765274459,1,533094,0,0,28.08,93390.63,41.00,218896.97,b0
765272923,2,533140,0,0,28.26,93409.76,41.05,217918.70,b0
765271642,3,533186,0,0,28.48,93369.16,40.03,322824.72,b0
765289819,4,533232,0,0,28.79,93385.83,39.34,220594.58,b0
765281116,5,533278,0,0,29.46,93423.30,37.35,236817.77,b0
765280092,6,533324,0,0,29.43,93410.91,37.19,209107.61,b0
765271896,7,533370,0,0,29.52,93407.55,38.06,203862.23,b0
765285466,8,533416,0,0,29.27,93382.09,37.87,267642.44,b0
765274459,1,533463,0,0,28.09,93390.61,40.97,218896.97,b0
765272923,2,533509,0,0,28.26,93409.22,41.03,218057.92,b0
765271642,3,533555,0,0,28.49,93368.84,40.01,320701.53,b0
765289819,4,533601,0,0,28.80,93385.85,39.32,220880.06,b0
765281116,5,533647,0,0,29.46,93422.21,37.34,235024.09,b0
765280092,6,533693,0,0,29.44,93411.43,37.17,209621.30,b0
765271896,7,533739,0,0,29.51,93407.66,38.07,204106.05,b0
765285466,8,533786,0,0,29.26,93383.98,37.85,267852.47,b0
765274459,1,533832,0,0,28.10,93390.41,40.99,218896.97,b0
765272923,2,533878,0,0,28.27,93410.34,40.99,217640.81,b0
765271642,3,533924,0,0,28.49,93369.77,39.99,321003.13,b0
765289819,4,533970,0,0,28.80,93387.28,39.30,221023.09,b0
765281116,5,534016,0,0,29.47,93419.73,37.34,235836.02,b0
765280092,6,534063,0,0,29.45,93412.08,37.16,209492.64,b0
765271896,7,534109,0,0,29.49,93406.63,38.05,203984.06,b0
765285466,8,534155,0,0,29.26,93382.73,37.87,267432.75,b0
765274459,1,534201,0,0,28.10,93390.97,40.96,218336.89,b0
765272923,2,534247,0,0,28.26,93411.76,41.00,217640.81,b0
765271642,3,534293,0,0,28.47,93366.41,39.97,323436.50,b0
765289819,4,534340,0,0,28.77,93385.33,39.29,220880.06,b0
765281116,5,534386,0,0,29.45,93422.99,37.32,235999.08,b0
765280092,6,534432,0,0,29.43,93410.61,37.15,209492.64,b0
765271896,7,534478,0,0,29.47,93406.52,38.05,202651.89,b0
765285466,8,534524,0,0,29.25,93384.20,37.86,268484.53,b0
765274459,1,534570,0,0,28.08,93389.72,40.92,219178.08,b0
765272923,2,534616,0,0,28.25,93410.65,40.98,217087.13,b0
765271642,3,534663,0,0,28.46,93368.45,39.95,323743.28,b0
765289819,4,534709,0,0,28.76,93386.20,39.29,220025.78,b0
765281116,5,534755,0,0,29.42,93422.02,37.33,235024.09,b0
765280092,6,534801,0,0,29.43,93412.18,37.15,210008.20,b0
765271896,7,534847,0,0,29.47,93406.13,38.06,204718.11,b0
765285466,8,534893,0,0,29.26,93382.50,37.87,268062.81,b0
765274459,1,534940,0,0,28.06,93389.22,40.93,219742.48,b0
765272923,2,534986,0,0,28.23,93410.04,40.96,218616.56,b0
765271642,3,535032,0,0,28.45,93368.56,39.96,321305.31,b0
765289819,4,535078,0,0,28.76,93387.94,39.27,220025.78,b0
765281116,5,535124,0,0,29.42,93423.26,37.34,235999.08,b0
765280092,6,535170,0,0,29.42,93412.23,37.14,210396.55,b0
765271896,7,535216,0,0,29.47,93408.08,38.05,205210.42,b0
765285466,8,535262,0,0,29.26,93382.20,37.87,267642.44,b0
765274459,1,535309,0,0,28.05,93389.98,40.93,220167.70,b0
765272923,2,535355,0,0,28.21,93409.44,40.94,218057.92,b0
765271642,3,535401,0,0,28.43,93368.48,39.93,321003.13,b0
765289819,4,535447,0,0,28.73,93387.82,39.27,221023.09,b0
765281116,5,535493,0,0,29.40,93421.67,37.32,236817.77,b0
765280092,6,535539,0,0,29.41,93411.08,37.15,210008.20,b0
765271896,7,535585,0,0,29.46,93408.04,38.06,204472.84,b0
765285466,8,535631,0,0,29.24,93381.83,37.85,268484.53,b0
765274459,1,535678,0,0,28.03,93389.28,40.91,218896.97,b0
765272923,2,535724,0,0,28.19,93408.84,40.92,218197.31,b0
765271642,3,535770,0,0,28.41,93368.16,39.93,321003.13,b0
765289819,4,535816,0,0,28.71,93385.93,39.24,221309.70,b0
765281116,5,535862,0,0,29.40,93422.94,37.32,237311.70,b0
765280092,6,535908,0,0,29.41,93411.23,37.14,210008.20,b0
765271896,7,535955,0,0,29.45,93403.88,38.06,205829.14,b0
765285466,8,536001,0,0,29.23,93381.69,37.86,269757.63,b0
765274459,1,536047,0,0,28.02,93388.02,40.91,219459.92,b0
765272923,2,536093,0,0,28.18,93407.91,40.92,218336.89,b0
765271642,3,536139,0,0,28.42,93368.01,39.93,322519.69,b0
765289819,4,536185,0,0,28.70,93387.65,39.22,220309.81,b0
765281116,5,536232,0,0,29.40,93421.63,37.33,236982.19,b0
765280092,6,536278,0,0,29.41,93411.82,37.14,210008.20,b0
765271896,7,536324,0,0,29.46,93403.91,38.06,204963.97,b0
765285466,8,536370,0,0,29.24,93381.26,37.85,268273.50,b0
765274459,1,536416,0,0,28.00,93388.41,40.90,220452.09,b0
765272923,2,536462,0,0,28.16,93407.33,40.90,218616.56,b0
765271642,3,536508,0,0,28.41,93366.88,39.91,321911.34,b0
765289819,4,536555,0,0,28.69,93386.34,39.22,221453.28,b0
765281116,5,536601,0,0,29.40,93421.27,37.34,236489.61,b0
765280092,6,536647,0,0,29.41,93411.59,37.15,210526.31,b0
765271896,7,536693,0,0,29.46,93405.73,38.06,205087.13,b0
765285466,8,536739,0,0,29.24,93380.71,37.86,269757.63,b0
765274459,1,536785,0,0,27.99,93387.88,40.89,220880.06,b0
765272923,2,536832,0,0,28.14,93409.45,40.88,218896.97,b0
765271642,3,536878,0,0,28.40,93366.43,39.90,321608.03,b0
765289819,4,536924,0,0,28.67,93385.51,39.21,220737.23,b0
765281116,5,536970,0,0,29.38,93420.40,37.32,234057.14,b0
765280092,6,537016,0,0,29.40,93411.55,37.13,209750.11,b0
765271896,7,537062,0,0,29.46,93403.75,38.05,203862.23,b0
765285466,8,537108,0,0,29.24,93383.43,37.86,270184.69,b0
765274459,1,537155,0,0,27.97,93387.02,40.87,219884.05,b0
765272923,2,537201,0,0,28.13,93408.67,40.88,219601.11,b0
765271642,3,537247,0,0,28.38,93365.41,39.91,323436.50,b0
765289819,4,537293,0,0,28.67,93386.19,39.20,221885.16,b0
765281116,5,537339,0,0,29.39,93420.88,37.33,237476.81,b0
765280092,6,537385,0,0,29.39,93411.23,37.13,210266.94,b0
765271896,7,537431,0,0,29.48,93404.59,38.07,205210.42,b0
765285466,8,537477,0,0,29.24,93381.47,37.86,269971.00,b0
765274459,1,537524,0,0,27.97,93387.74,40.88,220167.70,b0
765272923,2,537570,0,0,28.12,93408.48,40.88,219884.05,b0
765271642,3,537616,0,0,28.39,93366.76,39.90,323743.28,b0
765289819,4,537662,0,0,28.67,93386.76,39.20,221309.70,b0
765281116,5,537708,0,0,29.40,93423.15,37.34,235836.02,b0
765280092,6,537754,0,0,29.40,93412.21,37.13,211046.98,b0
765271896,7,537800,0,0,29.49,93406.45,38.08,204106.05,b0
765285466,8,537847,0,0,29.26,93383.11,37.87,269971.00,b0
765274459,1,537893,0,0,27.97,93388.28,40.88,220167.70,b0
765272923,2,537939,0,0,28.11,93410.65,40.86,219884.05,b0
765271642,3,537985,0,0,28.41,93367.03,39.90,324667.09,b0
765289819,4,538031,0,0,28.68,93385.90,39.18,222899.44,b0
765281116,5,538077,0,0,29.42,93421.48,37.34,237642.14,b0
765280092,6,538123,0,0,29.40,93410.94,37.12,211701.47,b0
765271896,7,538170,0,0,29.49,93402.91,38.09,205953.34,b0
765285466,8,538216,0,0,29.26,93382.91,37.88,269971.00,b0
765274459,1,538262,0,0,27.97,93387.20,40.87,220309.81,b0
765272923,2,538308,0,0,28.09,93408.41,40.86,219601.11,b0
765271642,3,538354,0,0,28.39,93367.47,39.89,324050.63,b0
765289819,4,538400,0,0,28.67,93386.19,39.19,222029.48,b0
765281116,5,538447,0,0,29.42,93419.52,37.33,236817.77,b0
765280092,6,538493,0,0,29.40,93408.62,37.13,211439.19,b0
765271896,7,538539,0,0,29.48,93405.85,38.07,205333.88,b0
765285466,8,538585,0,0,29.24,93379.41,37.87,270827.81,b0
765274459,1,538631,0,0,27.95,93387.96,40.86,218896.97,b0
765272923,2,538677,0,0,28.07,93408.36,40.86,220167.70,b0
765271642,3,538724,0,0,28.39,93366.53,39.90,323743.28,b0
765289819,4,538770,0,0,28.67,93386.71,39.18,222608.70,b0
765281116,5,538816,0,0,29.42,93418.39,37.33,237146.83,b0
765280092,6,538862,0,0,29.40,93410.59,37.14,211570.25,b0
765271896,7,538908,0,0,29.47,93404.74,38.08,205829.14,b0
765285466,8,538954,0,0,29.23,93379.73,37.87,271258.28,b0
765274459,1,539001,0,0,27.94,93387.26,40.85,220594.58,b0
765272923,2,539047,0,0,28.07,93405.98,40.87,219178.08,b0
765271642,3,539093,0,0,28.38,93364.54,39.89,324050.63,b0
765289819,4,539139,0,0,28.67,93384.76,39.20,222899.44,b0
765281116,5,539185,0,0,29.41,93422.65,37.35,237476.81,b0
765280092,6,539231,0,0,29.39,93410.20,37.13,212227.98,b0
765271896,7,539277,0,0,29.48,93405.12,38.08,206202.17,b0
765285466,8,539323,0,0,29.23,93380.28,37.87,271906.53,b0
765274459,1,539370,0,0,27.94,93385.62,40.86,222029.48,b0
765272923,2,539416,0,0,28.09,93407.14,40.87,220167.70,b0
765271642,3,539462,0,0,28.39,93366.21,39.88,323436.50,b0
765289819,4,539508,0,0,28.67,93385.69,39.18,223629.61,b0
765281116,5,539554,0,0,29.38,93421.48,37.34,238305.80,b0
765280092,6,539600,0,0,29.38,93411.47,37.11,211832.84,b0
765271896,7,539646,0,0,29.46,93403.37,38.07,204840.97,b0
765285466,8,539692,0,0,29.23,93381.64,37.86,270613.09,b0
765274459,1,539739,0,0,27.95,93388.88,40.87,221023.09,b0
765272923,2,539785,0,0,28.09,93408.23,40.87,219742.48,b0
765271642,3,539831,0,0,28.40,93367.49,39.91,323436.50,b0
765289819,4,539877,0,0,28.67,93384.05,39.19,222753.97,b0
765281116,5,539923,0,0,29.37,93419.77,37.35,238639.02,b0
765280092,6,539969,0,0,29.37,93409.22,37.12,213022.67,b0
765271896,7,540015,0,0,29.46,93404.48,38.07,205333.88,b0
765285466,8,540062,0,0,29.23,93380.56,37.87,271690.09,b0
765274459,1,540108,0,0,27.95,93386.51,40.88,221166.31,b0
765272923,2,540154,0,0,28.11,93407.37,40.88,219742.48,b0
765271642,3,540200,0,0,28.40,93366.96,39.89,322519.69,b0
765289819,4,540246,0,0,28.67,93383.17,39.20,222753.97,b0
765281116,5,540292,0,0,29.39,93419.93,37.36,238973.16,b0
765280092,6,540339,0,0,29.38,93408.11,37.12,212492.22,b0
765271896,7,540385,0,0,29.49,93405.37,38.05,207455.42,b0
765285466,8,540431,0,0,29.25,93381.86,37.88,271906.53,b0
765274459,1,540477,0,0,27.95,93385.79,40.87,221453.28,b0
765272923,2,540523,0,0,28.11,93406.45,40.90,221166.31,b0
765271642,3,540569,0,0,28.40,93365.90,39.88,324667.09,b0
765289819,4,540616,0,0,28.68,93383.94,39.22,223045.09,b0
765281116,5,540662,0,0,29.41,93421.02,37.34,239476.14,b0
765280092,6,540708,0,0,29.40,93408.80,37.13,212096.11,b0
765271896,7,540754,0,0,29.50,93405.48,38.07,204840.97,b0
765285466,8,540800,0,0,29.26,93380.77,37.87,272123.31,b0
765274459,1,540846,0,0,27.94,93386.52,40.86,220452.09,b0
765272923,2,540892,0,0,28.10,93406.43,40.90,221023.09,b0
765271642,3,540939,0,0,28.40,93367.55,39.88,325907.06,b0
765289819,4,540985,0,0,28.68,93384.84,39.20,221885.16,b0
765281116,5,541031,0,0,29.43,93420.98,37.36,238973.16,b0
765280092,6,541077,0,0,29.41,93410.01,37.12,212227.98,b0
765271896,7,541123,0,0,29.53,93404.75,38.09,206701.66,b0
765285466,8,541169,0,0,29.29,93381.81,37.88,270184.69,b0
765274459,1,541216,0,0,27.95,93386.32,40.88,221309.70,b0
765272923,2,541262,0,0,28.11,93405.91,40.91,220594.58,b0
765271642,3,541308,0,0,28.41,93366.70,39.89,324050.63,b0
765289819,4,541354,0,0,28.69,93386.48,39.22,223190.94,b0
765281116,5,541400,0,0,29.44,93420.57,37.36,239812.64,b0
765280092,6,541446,0,0,29.43,93410.02,37.12,211177.56,b0
765271896,7,541492,0,0,29.54,93404.30,38.09,204595.41,b0
765285466,8,541538,0,0,29.30,93380.97,37.90,270827.81,b0
765274459,1,541585,0,0,27.96,93386.48,40.86,221597.06,b0
765272923,2,541631,0,0,28.12,93407.58,40.91,220880.06,b0
765271642,3,541677,0,0,28.42,93368.02,39.89,324667.09,b0
765289819,4,541723,0,0,28.70,93383.52,39.21,223629.61,b0
765281116,5,541769,0,0,29.46,93421.31,37.37,240150.09,b0
765280092,6,541815,0,0,29.43,93409.14,37.15,213155.70,b0
765271896,7,541861,0,0,29.56,93404.60,38.09,204595.41,b0
765285466,8,541907,0,0,29.32,93382.25,37.91,270398.72,b0
765274459,1,541954,0,0,27.97,93388.29,40.89,220452.09,b0
765272923,2,542000,0,0,28.14,93408.17,40.90,219037.44,b0
765271642,3,542046,0,0,28.42,93366.76,39.89,324050.63,b0
765289819,4,542092,0,0,28.71,93383.38,39.21,222608.70,b0
765281116,5,542138,0,0,29.47,93418.14,37.35,238139.53,b0
765280092,6,542184,0,0,29.44,93409.49,37.14,210656.25,b0
765271896,7,542231,0,0,29.57,93406.12,38.09,205581.20,b0
765285466,8,542277,0,0,29.32,93382.50,37.90,270398.72,b0
765274459,1,542323,0,0,27.98,93387.73,40.89,220880.06,b0
765272923,2,542369,0,0,28.15,93406.91,40.92,220594.58,b0
765271642,3,542415,0,0,28.42,93368.58,39.89,324050.63,b0
765289819,4,542461,0,0,28.72,93385.40,39.23,223483.19,b0
765281116,5,542508,0,0,29.48,93421.48,37.37,237973.50,b0
765280092,6,542554,0,0,29.44,93407.16,37.13,212096.11,b0
765271896,7,542600,0,0,29.57,93406.80,38.09,204718.11,b0
765285466,8,542646,0,0,29.33,93382.23,37.89,268695.88,b0
765274459,1,542692,0,0,27.98,93386.82,40.89,221309.70,b0
765272923,2,542738,0,0,28.16,93406.95,40.93,219037.44,b0
765271642,3,542784,0,0,28.43,93367.52,39.88,324976.19,b0
765289819,4,542831,0,0,28.73,93384.96,39.23,222029.48,b0
765281116,5,542877,0,0,29.48,93420.98,37.37,236325.88,b0
765280092,6,542923,0,0,29.45,93408.84,37.14,210786.33,b0
765271896,7,542969,0,0,29.58,93406.38,38.11,204718.11,b0
765285466,8,543015,0,0,29.34,93382.34,37.92,268695.88,b0
765274459,1,543061,0,0,28.00,93388.59,40.91,221023.09,b0
765272923,2,543108,0,0,28.16,93407.51,40.94,220452.09,b0
765271642,3,543154,0,0,28.43,93366.28,39.90,323743.28,b0
765289819,4,543200,0,0,28.73,93383.54,39.22,223045.09,b0
765281116,5,543246,0,0,29.50,93419.66,37.40,236817.77,b0
765280092,6,543292,0,0,29.46,93409.81,37.15,210786.33,b0
765271896,7,543338,0,0,29.60,93406.48,38.11,202531.64,b0
765285466,8,543384,0,0,29.35,93381.14,37.91,269119.59,b0
765274459,1,543431,0,0,27.99,93387.34,40.91,220737.23,b0
765272923,2,543477,0,0,28.17,93407.53,40.96,218476.64,b0
765271642,3,543523,0,0,28.44,93367.77,39.91,323130.31,b0
765289819,4,543569,0,0,28.74,93386.63,39.23,222318.72,b0
765281116,5,543615,0,0,29.49,93418.55,37.39,236162.36,b0
765280092,6,543661,0,0,29.45,93409.60,37.15,210526.31,b0
765271896,7,543707,0,0,29.61,93405.84,38.11,203740.55,b0
765285466,8,543753,0,0,29.35,93380.97,37.91,267642.44,b0
765274459,1,543800,0,0,27.99,93387.34,40.92,219601.11,b0
765272923,2,543846,0,0,28.18,93408.83,40.96,219459.92,b0
765271642,3,543892,0,0,28.44,93368.15,39.91,322824.72,b0
765289819,4,543938,0,0,28.75,93386.15,39.24,220880.06,b0
765281116,5,543984,0,0,29.51,93419.79,37.39,234862.39,b0
765280092,6,544030,0,0,29.46,93408.09,37.16,209107.61,b0
765271896,7,544076,0,0,29.61,93406.77,38.12,202531.64,b0
765285466,8,544123,0,0,29.36,93382.37,37.91,268484.53,b0
765274459,1,544169,0,0,28.01,93387.67,40.93,219459.92,b0
765272923,2,544215,0,0,28.19,93407.94,40.97,219459.92,b0
765271642,3,544261,0,0,28.44,93367.63,39.91,322215.22,b0
765289819,4,544307,0,0,28.76,93385.28,39.25,220737.23,b0
765281116,5,544353,0,0,29.53,93418.13,37.40,236162.36,b0
765280092,6,544400,0,0,29.47,93408.94,37.16,208851.72,b0
765271896,7,544446,0,0,29.62,93404.33,38.14,203740.55,b0
765285466,8,544492,0,0,29.37,93381.71,37.92,268695.88,b0
765274459,1,544538,0,0,28.00,93386.59,40.96,219459.92,b0
765272923,2,544584,0,0,28.19,93407.94,40.98,217363.61,b0
765271642,3,544630,0,0,28.45,93367.52,39.92,321911.34,b0
765289819,4,544676,0,0,28.76,93383.67,39.27,221309.70,b0
765281116,5,544723,0,0,29.53,93419.80,37.41,235999.08,b0
765280092,6,544769,0,0,29.48,93411.30,37.18,208469.06,b0
765271896,7,544815,0,0,29.63,93406.00,38.14,202892.81,b0
765285466,8,544861,0,0,29.37,93382.49,37.94,266805.63,b0
765274459,1,544907,0,0,28.01,93388.03,40.97,218896.97,b0
765272923,2,544953,0,0,28.20,93408.70,41.00,218197.31,b0
765271642,3,545000,0,0,28.46,93367.55,39.94,322824.72,b0
765289819,4,545046,0,0,28.77,93385.18,39.27,221166.31,b0
765281116,5,545092,0,0,29.54,93417.87,37.41,234700.89,b0
765280092,6,545138,0,0,29.48,93409.05,37.18,209364.14,b0
765271896,7,545184,0,0,29.64,93407.34,38.16,201813.17,b0
765285466,8,545230,0,0,29.38,93381.52,37.96,265974.03,b0
765274459,1,545277,0,0,28.02,93389.10,40.98,218616.56,b0
765272923,2,545323,0,0,28.22,93408.38,41.01,217918.70,b0
765271642,3,545369,0,0,28.46,93366.87,39.96,321305.31,b0
765289819,4,545415,0,0,28.78,93384.15,39.28,220737.23,b0
765281116,5,545461,0,0,29.55,93417.66,37.42,235348.20,b0
765280092,6,545507,0,0,29.49,93409.84,37.17,208851.72,b0
765271896,7,545553,0,0,29.65,93405.63,38.15,201932.56,b0
765285466,8,545599,0,0,29.39,93383.53,37.93,264736.31,b0
765274459,1,545646,0,0,28.04,93389.07,41.00,220594.58,b0
765272923,2,545692,0,0,28.23,93407.14,41.03,217225.28,b0
765271642,3,545738,0,0,28.47,93367.47,39.97,321911.34,b0
765289819,4,545784,0,0,28.80,93385.68,39.26,220452.09,b0
765281116,5,545830,0,0,29.56,93419.54,37.42,235024.09,b0
765280092,6,545876,0,0,29.50,93409.92,37.20,207329.42,b0
765271896,7,545922,0,0,29.66,93407.45,38.15,200626.95,b0
765285466,8,545968,0,0,29.39,93381.63,37.96,265147.59,b0
765274459,1,546015,0,0,28.04,93389.43,40.99,219601.11,b0
765272923,2,546061,0,0,28.24,93408.81,41.01,216673.72,b0
765271642,3,546107,0,0,28.47,93369.11,39.97,322519.69,b0
765289819,4,546153,0,0,28.80,93384.95,39.29,220737.23,b0
765281116,5,546199,0,0,29.56,93416.31,37.43,232463.11,b0
765280092,6,546245,0,0,29.51,93411.48,37.19,209492.64,b0
765271896,7,546292,0,0,29.67,93405.89,38.14,201099.77,b0
765285466,8,546338,0,0,29.40,93383.13,37.96,264736.31,b0
765274459,1,546384,0,0,28.05,93389.96,40.99,218756.67,b0
765272923,2,546430,0,0,28.24,93408.81,41.01,218616.56,b0
765271642,3,546476,0,0,28.48,93366.30,39.96,322215.22,b0
765289819,4,546522,0,0,28.81,93387.35,39.30,220594.58,b0
765281116,5,546568,0,0,29.57,93418.03,37.43,233736.59,b0
765280092,6,546615,0,0,29.50,93411.05,37.20,208214.72,b0
765271896,7,546661,0,0,29.68,93406.66,38.16,200626.95,b0
765285466,8,546707,0,0,29.40,93380.27,37.94,265147.59,b0
765274459,1,546753,0,0,28.06,93388.66,40.99,218197.31,b0
765272923,2,546799,0,0,28.23,93409.34,41.03,217640.81,b0
765271642,3,546845,0,0,28.48,93368.47,39.97,320701.53,b0
765289819,4,546892,0,0,28.80,93386.61,39.29,220309.81,b0
765281116,5,546938,0,0,29.58,93417.50,37.44,233416.91,b0
765280092,6,546984,0,0,29.51,93409.66,37.19,208469.06,b0
765271896,7,547030,0,0,29.68,93406.19,38.16,201455.83,b0
765285466,8,547076,0,0,29.41,93381.66,37.94,265974.03,b0
765274459,1,547122,0,0,28.05,93387.77,41.00,219178.08,b0
765272923,2,547169,0,0,28.23,93408.24,41.02,218476.64,b0
765271642,3,547215,0,0,28.48,93367.73,39.96,321305.31,b0
765289819,4,547261,0,0,28.81,93385.56,39.30,221023.09,b0
765281116,5,547307,0,0,29.58,93417.74,37.43,233576.64,b0
765280092,6,547353,0,0,29.51,93410.09,37.18,208724.02,b0
765271896,7,547399,0,0,29.68,93406.91,38.14,200156.38,b0
765285466,8,547445,0,0,29.42,93382.78,37.94,265974.03,b0
765274459,1,547492,0,0,28.07,93388.84,41.00,218616.56,b0
765272923,2,547538,0,0,28.25,93408.46,41.01,218197.31,b0
765271642,3,547584,0,0,28.49,93368.34,39.96,320100.03,b0
765289819,4,547630,0,0,28.81,93385.06,39.30,220167.70,b0
765281116,5,547676,0,0,29.59,93418.55,37.43,233416.91,b0
765280092,6,547722,0,0,29.51,93408.28,37.18,206826.91,b0
765271896,7,547768,0,0,29.69,93407.80,38.15,200273.81,b0
765285466,8,547814,0,0,29.42,93380.64,37.95,263713.63,b0
765274459,1,547861,0,0,28.08,93389.73,41.00,219742.48,b0
765272923,2,547907,0,0,28.26,93409.59,41.02,217640.81,b0
765271642,3,547953,0,0,28.50,93369.80,39.96,322519.69,b0
765289819,4,547999,0,0,28.82,93384.57,39.27,220167.70,b0
765281116,5,548045,0,0,29.60,93417.73,37.42,232780.17,b0
765280092,6,548091,0,0,29.52,93409.63,37.16,207961.00,b0
765271896,7,548137,0,0,29.69,93404.63,38.15,201455.83,b0
765285466,8,548184,0,0,29.43,93384.19,37.95,263306.75,b0
765274459,1,548230,0,0,28.08,93389.35,41.00,219178.08,b0
765272923,2,548276,0,0,28.28,93410.37,41.01,217087.13,b0
765271642,3,548322,0,0,28.50,93368.96,39.95,321003.13,b0
765289819,4,548368,0,0,28.83,93385.16,39.29,221309.70,b0
765281116,5,548414,0,0,29.61,93416.91,37.43,232780.17,b0
765280092,6,548460,0,0,29.54,93410.53,37.20,207203.56,b0
765271896,7,548507,0,0,29.70,93406.13,38.15,200509.11,b0
765285466,8,548553,0,0,29.44,93381.97,37.96,263917.53,b0
765274459,1,548599,0,0,28.09,93389.35,40.99,219601.11,b0
765272923,2,548645,0,0,28.28,93410.55,41.00,217225.28,b0
765271642,3,548691,0,0,28.50,93368.23,39.94,321911.34,b0
765289819,4,548737,0,0,28.84,93386.28,39.27,220880.06,b0
765281116,5,548784,0,0,29.61,93419.63,37.42,231989.13,b0
765280092,6,548830,0,0,29.54,93411.98,37.20,206826.91,b0
765271896,7,548876,0,0,29.71,93408.17,38.14,198757.77,b0
765285466,8,548922,0,0,29.44,93382.15,37.97,264531.13,b0
765274459,1,548968,0,0,28.08,93388.80,40.98,218756.67,b0
765272923,2,549014,0,0,28.28,93409.81,41.00,218057.92,b0
765271642,3,549061,0,0,28.51,93368.82,39.95,320701.53,b0
765289819,4,549107,0,0,28.84,93385.97,39.25,220309.81,b0
765281116,5,549153,0,0,29.62,93415.95,37.42,232939.03,b0
765280092,6,549199,0,0,29.55,93411.52,37.19,206576.56,b0
765271896,7,549245,0,0,29.72,93406.23,38.16,198873.56,b0
765285466,8,549291,0,0,29.46,93382.85,37.96,262093.67,b0
765274459,1,549338,0,0,28.09,93388.24,40.99,217779.67,b0
765272923,2,549384,0,0,28.29,93409.65,40.98,216949.16,b0
765271642,3,549430,0,0,28.52,93368.71,39.94,323436.50,b0
765289819,4,549476,0,0,28.85,93387.05,39.28,220025.78,b0
765281116,5,549522,0,0,29.62,93416.15,37.43,231989.13,b0
765280092,6,549568,0,0,29.56,93408.95,37.17,206826.91,b0
765271896,7,549614,0,0,29.73,93407.58,38.15,197264.50,b0
765285466,8,549660,0,0,29.46,93383.27,37.94,261691.80,b0
765274459,1,549707,0,0,28.09,93388.78,40.96,219601.11,b0
765272923,2,549753,0,0,28.29,93409.46,40.99,216398.98,b0
765271642,3,549799,0,0,28.51,93368.67,39.93,322824.72,b0
765289819,4,549845,0,0,28.85,93384.01,39.26,220167.70,b0
765281116,5,549891,0,0,29.63,93418.41,37.40,230734.56,b0
765280092,6,549937,0,0,29.55,93412.47,37.18,207581.59,b0
765271896,7,549983,0,0,29.73,93405.78,38.14,198873.56,b0
765285466,8,550029,0,0,29.47,93383.53,37.93,260891.72,b0
765274459,1,550076,0,0,28.08,93388.08,40.95,220025.78,b0
765272923,2,550122,0,0,28.29,93410.38,40.99,217502.13,b0
765271642,3,550168,0,0,28.51,93369.69,39.91,321911.34,b0
765289819,4,550214,0,0,28.84,93386.47,39.25,220167.70,b0
765281116,5,550260,0,0,29.63,93417.48,37.40,232146.91,b0
765280092,6,550306,0,0,29.55,93409.96,37.17,206952.30,b0
765271896,7,550353,0,0,29.74,93406.23,38.14,198180.77,b0
765285466,8,550399,0,0,29.48,93382.78,37.96,260692.47,b0
765274459,1,550445,0,0,28.07,93389.55,40.96,218896.97,b0
765272923,2,550491,0,0,28.26,93409.39,40.97,217363.61,b0
765271642,3,550537,0,0,28.49,93368.49,39.91,322215.22,b0
765289819,4,550583,0,0,28.83,93385.70,39.23,220452.09,b0
765281116,5,550629,0,0,29.65,93420.70,37.40,230734.56,b0
765280092,6,550676,0,0,29.56,93411.99,37.18,206576.56,b0
765271896,7,550722,0,0,29.75,93406.10,38.13,198873.56,b0
765285466,8,550768,0,0,29.49,93384.30,37.95,261291.14,b0
765274459,1,550814,0,0,28.06,93390.14,40.93,220167.70,b0
765272923,2,550860,0,0,28.25,93408.82,40.96,218336.89,b0
765271642,3,550906,0,0,28.48,93368.11,39.89,322215.22,b0
765289819,4,550953,0,0,28.82,93385.28,39.23,221309.70,b0
765281116,5,550999,0,0,29.64,93415.90,37.38,232146.91,b0
765280092,6,551045,0,0,29.56,93408.27,37.16,205333.88,b0
765271896,7,551091,0,0,29.75,93407.03,38.14,197607.09,b0
765285466,8,551137,0,0,29.50,93383.28,37.97,260692.47,b0
765274459,1,551183,0,0,28.04,93389.07,40.93,219318.91,b0
765272923,2,551230,0,0,28.23,93408.41,40.93,218756.67,b0
765271642,3,551276,0,0,28.47,93369.23,39.88,322215.22,b0
765289819,4,551322,0,0,28.82,93385.44,39.20,220167.70,b0
765281116,5,551368,0,0,29.65,93416.40,37.36,231989.13,b0
765280092,6,551414,0,0,29.58,93412.43,37.18,205581.20,b0
765271896,7,551460,0,0,29.76,93406.91,38.15,196582.84,b0
765285466,8,551506,0,0,29.51,93385.42,37.97,258129.56,b0
765274459,1,551553,0,0,28.04,93390.34,40.91,220309.81,b0
765272923,2,551599,0,0,28.24,93409.52,40.91,217502.13,b0
765271642,3,551645,0,0,28.46,93368.31,39.87,322824.72,b0
765289819,4,551691,0,0,28.82,93386.01,39.19,220880.06,b0
765281116,5,551737,0,0,29.65,93415.48,37.36,231674.20,b0
765280092,6,551783,0,0,29.58,93412.73,37.16,206451.61,b0
765271896,7,551829,0,0,29.77,93406.60,38.16,196469.69,b0
765285466,8,551875,0,0,29.51,93384.47,38.00,258129.56,b0
765274459,1,551922,0,0,28.05,93388.86,40.92,219037.44,b0
765272923,2,551968,0,0,28.24,93410.27,40.94,216949.16,b0
765271642,3,552014,0,0,28.47,93368.02,39.89,322215.22,b0
765289819,4,552060,0,0,28.83,93386.21,39.19,220452.09,b0
765281116,5,552106,0,0,29.66,93417.21,37.37,231203.44,b0
765280092,6,552152,0,0,29.58,93409.77,37.19,204718.11,b0
765271896,7,552198,0,0,29.78,93408.46,38.16,196469.69,b0
765285466,8,552245,0,0,29.51,93384.17,37.99,260493.52,b0
765274459,1,552291,0,0,28.06,93388.86,40.95,218896.97,b0
765272923,2,552337,0,0,28.26,93411.03,40.94,217087.13,b0
765271642,3,552383,0,0,28.48,93367.88,39.90,321003.13,b0
765289819,4,552429,0,0,28.83,93385.70,39.19,220737.23,b0
765281116,5,552475,0,0,29.67,93416.72,37.38,229802.52,b0
765280092,6,552521,0,0,29.59,93411.08,37.20,205457.47,b0
765271896,7,552568,0,0,29.78,93408.64,38.16,196696.13,b0
765285466,8,552614,0,0,29.51,93385.06,38.02,259306.16,b0
765274459,1,552660,0,0,28.06,93389.40,40.95,219037.44,b0
765272923,2,552706,0,0,28.27,93409.23,40.91,215851.61,b0
765271642,3,552752,0,0,28.49,93369.77,39.91,320701.53,b0
765289819,4,552798,0,0,28.85,93387.59,39.19,219601.11,b0
765281116,5,552844,0,0,29.67,93418.57,37.40,230734.56,b0
765280092,6,552891,0,0,29.60,93412.23,37.21,205333.88,b0
765271896,7,552937,0,0,29.77,93408.91,38.16,196809.53,b0
765285466,8,552983,0,0,29.51,93384.53,38.03,259898.48,b0
765274459,1,553029,0,0,28.07,93390.46,40.94,218756.67,b0
765272923,2,553075,0,0,28.28,93410.34,40.96,216536.27,b0
765271642,3,553121,0,0,28.51,93368.26,39.93,320400.50,b0
765289819,4,553168,0,0,28.86,93386.76,39.22,220025.78,b0
765281116,5,553214,0,0,29.66,93418.48,37.41,231046.94,b0
765280092,6,553260,0,0,29.60,93411.01,37.21,205457.47,b0
765271896,7,553306,0,0,29.76,93406.70,38.18,195905.88,b0
765285466,8,553352,0,0,29.51,93385.39,38.04,258324.92,b0
765274459,1,553398,0,0,28.08,93390.08,40.97,219178.08,b0
765272923,2,553445,0,0,28.29,93411.29,40.95,216261.88,b0
765271642,3,553491,0,0,28.51,93368.48,39.93,320100.03,b0
765289819,4,553537,0,0,28.87,93387.16,39.24,220025.78,b0
765281116,5,553583,0,0,29.66,93418.63,37.42,230112.36,b0
765280092,6,553629,0,0,29.60,93412.05,37.24,205457.47,b0
765271896,7,553675,0,0,29.75,93407.51,38.18,196923.08,b0
765285466,8,553721,0,0,29.50,93384.42,38.04,259306.16,b0
765274459,1,553768,0,0,28.08,93389.54,40.97,218057.92,b0
765272923,2,553814,0,0,28.28,93411.44,40.96,215578.95,b0
765271642,3,553860,0,0,28.51,93369.56,39.95,320400.50,b0
765289819,4,553906,0,0,28.86,93384.59,39.23,219742.48,b0
765281116,5,553952,0,0,29.66,93418.98,37.42,231046.94,b0
765280092,6,553998,0,0,29.60,93411.24,37.23,203862.23,b0
765271896,7,554044,0,0,29.75,93407.18,38.18,197036.75,b0
765285466,8,554090,0,0,29.51,93386.25,38.03,259306.16,b0
765274459,1,554137,0,0,28.07,93390.46,40.98,218336.89,b0
765272923,2,554183,0,0,28.25,93410.47,40.96,216673.72,b0
765271642,3,554229,0,0,28.52,93370.30,39.94,320400.50,b0
765289819,4,554275,0,0,28.85,93389.55,39.23,220167.70,b0
765281116,5,554321,0,0,29.65,93418.03,37.42,231046.94,b0
765280092,6,554367,0,0,29.60,93412.23,37.27,206077.69,b0
765271896,7,554413,0,0,29.75,93407.39,38.16,198295.89,b0
765285466,8,554460,0,0,29.51,93384.27,38.03,260891.72,b0
765274459,1,554506,0,0,28.06,93390.49,40.95,218896.97,b0
765272923,2,554552,0,0,28.23,93408.43,40.95,217087.13,b0
765271642,3,554598,0,0,28.50,93370.34,39.92,321608.03,b0
765289819,4,554644,0,0,28.82,93386.38,39.21,220167.70,b0
765281116,5,554690,0,0,29.65,93417.81,37.44,230890.64,b0
765280092,6,554737,0,0,29.58,93409.75,37.25,206326.81,b0
765271896,7,554783,0,0,29.76,93409.53,38.17,197607.09,b0
765285466,8,554829,0,0,29.51,93384.47,38.03,261892.58,b0
765274459,1,554875,0,0,28.06,93391.59,40.96,219601.11,b0
765272923,2,554921,0,0,28.21,93409.64,40.96,218616.56,b0
765271642,3,554967,0,0,28.49,93370.46,39.94,321608.03,b0
765289819,4,555013,0,0,28.80,93385.89,39.21,221309.70,b0
765281116,5,555060,0,0,29.64,93419.90,37.41,232621.53,b0
765280092,6,555106,0,0,29.57,93410.86,37.23,206701.66,b0
765271896,7,555152,0,0,29.75,93407.92,38.15,198642.09,b0
765285466,8,555198,0,0,29.51,93386.85,38.03,261291.14,b0
765274459,1,555244,0,0,28.03,93390.91,40.95,219884.05,b0
765272923,2,555290,0,0,28.20,93409.43,40.94,218476.64,b0
765271642,3,555337,0,0,28.47,93370.19,39.91,322215.22,b0
765289819,4,555383,0,0,28.79,93384.55,39.19,221309.70,b0
765281116,5,555429,0,0,29.63,93416.74,37.39,232146.91,b0
765280092,6,555475,0,0,29.56,93411.62,37.23,206952.30,b0
765271896,7,555521,0,0,29.75,93408.27,38.12,198642.09,b0
765285466,8,555567,0,0,29.51,93384.09,38.00,262496.78,b0
765274459,1,555614,0,0,28.03,93391.46,40.95,220594.58,b0
765272923,2,555660,0,0,28.21,93410.90,40.94,218057.92,b0
765271642,3,555706,0,0,28.47,93370.16,39.92,323743.28,b0
765289819,4,555752,0,0,28.80,93386.92,39.18,222608.70,b0
765281116,5,555798,0,0,29.63,93418.95,37.38,232463.11,b0
765280092,6,555844,0,0,29.56,93411.98,37.21,206202.17,b0
765271896,7,555890,0,0,29.76,93406.53,38.12,198642.09,b0
765285466,8,555936,0,0,29.51,93384.12,37.99,261091.28,b0
765274459,1,555983,0,0,28.02,93389.84,40.95,220167.70,b0
765272923,2,556029,0,0,28.21,93409.46,40.92,218476.64,b0
765271642,3,556075,0,0,28.46,93368.48,39.91,323130.31,b0
765289819,4,556121,0,0,28.80,93387.50,39.17,220167.70,b0
765281116,5,556167,0,0,29.64,93418.45,37.37,231674.20,b0
765280092,6,556213,0,0,29.57,93412.10,37.20,205581.20,b0
765271896,7,556259,0,0,29.77,93409.27,38.12,198526.56,b0
765285466,8,556305,0,0,29.52,93386.02,37.97,262093.67,b0
765274459,1,556352,0,0,28.01,93390.58,40.95,218197.31,b0
765272923,2,556398,0,0,28.20,93410.14,40.92,219037.44,b0
765271642,3,556444,0,0,28.46,93369.21,39.91,324050.63,b0
765289819,4,556490,0,0,28.80,93387.30,39.18,220594.58,b0
765281116,5,556536,0,0,29.64,93419.40,37.36,232146.91,b0
765280092,6,556582,0,0,29.57,93412.30,37.19,206952.30,b0
765271896,7,556628,0,0,29.77,93409.45,38.07,199105.58,b0
765285466,8,556675,0,0,29.51,93385.57,37.94,263917.53,b0
765274459,1,556721,0,0,28.00,93388.41,40.95,219318.91,b0
765272923,2,556767,0,0,28.19,93409.92,40.92,218476.64,b0
765271642,3,556813,0,0,28.46,93369.34,39.89,322519.69,b0
765289819,4,556859,0,0,28.78,93387.90,39.17,222174.00,b0
765281116,5,556905,0,0,29.62,93419.40,37.34,232939.03,b0
765280092,6,556952,0,0,29.57,93411.19,37.18,207077.86,b0
765271896,7,556998,0,0,29.77,93409.25,38.06,198989.50,b0
765285466,8,557044,0,0,29.51,93384.53,37.93,263103.81,b0
765274459,1,557090,0,0,27.99,93388.98,40.93,220594.58,b0
765272923,2,557136,0,0,28.16,93409.31,40.92,220025.78,b0
765271642,3,557182,0,0,28.45,93371.28,39.90,321911.34,b0
765289819,4,557229,0,0,28.76,93387.09,39.16,220737.23,b0
765281116,5,557275,0,0,29.62,93420.97,37.34,232463.11,b0
765280092,6,557321,0,0,29.56,93413.41,37.18,208341.81,b0
765271896,7,557367,0,0,29.76,93408.66,38.04,198065.77,b0
765285466,8,557413,0,0,29.50,93385.83,37.90,264531.13,b0
765274459,1,557459,0,0,27.99,93388.62,40.93,220737.23,b0
765272923,2,557505,0,0,28.15,93409.29,40.91,219459.92,b0
765271642,3,557552,0,0,28.44,93369.92,39.89,324050.63,b0
765289819,4,557598,0,0,28.75,93385.76,39.16,221453.28,b0
765281116,5,557644,0,0,29.59,93418.02,37.33,232463.11,b0
765280092,6,557690,0,0,29.54,93411.59,37.15,206576.56,b0
765271896,7,557736,0,0,29.75,93407.71,38.01,201337.00,b0
765285466,8,557782,0,0,29.50,93386.51,37.88,263103.81,b0
765274459,1,557829,0,0,27.97,93388.84,40.92,220737.23,b0
765272923,2,557875,0,0,28.15,93407.66,40.91,219318.91,b0
765271642,3,557921,0,0,28.43,93370.75,39.87,323436.50,b0
765289819,4,557967,0,0,28.74,93387.34,39.15,222463.61,b0
765281116,5,558013,0,0,29.60,93419.91,37.30,233736.59,b0
765280092,6,558059,0,0,29.55,93411.87,37.13,207581.59,b0
765271896,7,558105,0,0,29.76,93409.20,38.01,200509.11,b0
765285466,8,558151,0,0,29.50,93386.00,37.86,264121.75,b0
765274459,1,558198,0,0,27.96,93390.67,40.91,220880.06,b0
765272923,2,558244,0,0,28.15,93409.30,40.92,219318.91,b0
765271642,3,558290,0,0,28.42,93369.09,39.87,324358.56,b0
765289819,4,558336,0,0,28.75,93386.86,39.13,222899.44,b0
765281116,5,558382,0,0,29.62,93419.89,37.31,234862.39,b0
765280092,6,558428,0,0,29.56,93411.98,37.12,207455.42,b0
765271896,7,558474,0,0,29.77,93408.74,37.99,200863.08,b0
765285466,8,558520,0,0,29.51,93385.95,37.84,263917.53,b0
765274459,1,558567,0,0,27.94,93388.34,40.91,220452.09,b0
765272923,2,558613,0,0,28.16,93410.04,40.91,219601.11,b0
765271642,3,558659,0,0,28.42,93368.58,39.88,323743.28,b0
765289819,4,558705,0,0,28.76,93386.73,39.15,222899.44,b0
765281116,5,558751,0,0,29.63,93418.01,37.28,234378.58,b0
765280092,6,558797,0,0,29.57,93410.91,37.13,208214.72,b0
765271896,7,558844,0,0,29.78,93409.70,37.98,200626.95,b0
765285466,8,558890,0,0,29.52,93383.90,37.84,265560.16,b0
765274459,1,558936,0,0,27.96,93390.31,40.92,220452.09,b0
765272923,2,558982,0,0,28.17,93410.44,40.89,219884.05,b0
765271642,3,559028,0,0,28.43,93369.13,39.86,324976.19,b0
765289819,4,559074,0,0,28.77,93387.83,39.14,223336.97,b0
765281116,5,559121,0,0,29.64,93418.43,37.27,234057.14,b0
765280092,6,559167,0,0,29.58,93412.55,37.11,209492.64,b0
765271896,7,559213,0,0,29.79,93409.21,37.95,202291.58,b0
765285466,8,559259,0,0,29.53,93386.45,37.81,263917.53,b0
765274459,1,559305,0,0,27.95,93388.32,40.91,221166.31,b0
765272923,2,559351,0,0,28.16,93410.23,40.91,220452.09,b0
765271642,3,559397,0,0,28.43,93369.17,39.88,326218.53,b0
765289819,4,559444,0,0,28.76,93386.38,39.12,222029.48,b0
765281116,5,559490,0,0,29.63,93420.71,37.25,234862.39,b0
765280092,6,559536,0,0,29.57,93412.10,37.10,209621.30,b0
765271896,7,559582,0,0,29.79,93409.39,37.93,201693.91,b0
765285466,8,559628,0,0,29.53,93387.23,37.78,266597.25,b0
765274459,1,559674,0,0,27.95,93387.78,40.90,221023.09,b0
765272923,2,559721,0,0,28.17,93410.23,40.91,220167.70,b0
765271642,3,559767,0,0,28.43,93369.37,39.86,325285.91,b0
765289819,4,559813,0,0,28.76,93387.63,39.12,223336.97,b0
765281116,5,559859,0,0,29.62,93420.82,37.24,234057.14,b0
765280092,6,559905,0,0,29.56,93410.27,37.09,209750.11,b0
765271896,7,559951,0,0,29.78,93408.63,37.94,201932.56,b0
765285466,8,559997,0,0,29.52,93386.05,37.78,266597.25,b0
765274459,1,560044,0,0,27.94,93388.89,40.91,222029.48,b0
765272923,2,560090,0,0,28.13,93411.59,40.89,220025.78,b0
765271642,3,560136,0,0,28.42,93369.09,39.86,325285.91,b0
765289819,4,560182,0,0,28.73,93386.73,39.14,222899.44,b0
765281116,5,560228,0,0,29.60,93421.17,37.23,235999.08,b0
765280092,6,560274,0,0,29.54,93412.19,37.06,208724.02,b0
765271896,7,560320,0,0,29.78,93408.77,37.90,201455.83,b0
765285466,8,560366,0,0,29.52,93386.16,37.77,266389.19,b0
765274459,1,560413,0,0,27.92,93389.30,40.89,221741.02,b0
765272923,2,560459,0,0,28.11,93409.72,40.87,220025.78,b0
765271642,3,560505,0,0,28.40,93369.13,39.87,328099.97,b0
765289819,4,560551,0,0,28.71,93387.70,39.11,222899.44,b0
765281116,5,560597,0,0,29.60,93419.50,37.23,235673.19,b0
765280092,6,560643,0,0,29.54,93412.84,37.06,211832.84,b0
765271896,7,560689,0,0,29.78,93409.70,37.88,201932.56,b0
765285466,8,560736,0,0,29.51,93384.50,37.75,267642.44,b0
765274459,1,560782,0,0,27.93,93389.47,40.90,222318.72,b0
765272923,2,560828,0,0,28.10,93410.80,40.90,220025.78,b0
765271642,3,560874,0,0,28.40,93368.58,39.86,326843.28,b0
765289819,4,560920,0,0,28.72,93387.36,39.11,224512.17,b0
765281116,5,560966,0,0,29.60,93420.24,37.21,236325.88,b0
765280092,6,561013,0,0,29.54,93413.23,37.04,209879.08,b0
765271896,7,561059,0,0,29.79,93410.50,37.87,203497.61,b0
765285466,8,561105,0,0,29.51,93386.28,37.73,268273.50,b0
765274459,1,561151,0,0,27.92,93390.21,40.91,221885.16,b0
765272923,2,561197,0,0,28.10,93409.88,40.86,220167.70,b0
765271642,3,561243,0,0,28.40,93368.24,39.84,327784.91,b0
765289819,4,561289,0,0,28.71,93386.64,39.12,224364.59,b0
765281116,5,561336,0,0,29.60,93418.67,37.20,236982.19,b0
765280092,6,561382,0,0,29.55,93412.45,37.03,209364.14,b0
765271896,7,561428,0,0,29.79,93409.04,37.86,202411.55,b0
765285466,8,561474,0,0,29.51,93384.89,37.72,266181.44,b0
765274459,1,561520,0,0,27.91,93390.59,40.90,221741.02,b0
765272923,2,561566,0,0,28.11,93411.00,40.90,220880.06,b0
765271642,3,561613,0,0,28.41,93369.95,39.84,327156.56,b0
765289819,4,561659,0,0,28.73,93387.24,39.11,224364.59,b0
765281116,5,561705,0,0,29.60,93419.18,37.19,236325.88,b0
765280092,6,561751,0,0,29.55,93410.30,37.01,211046.98,b0
765271896,7,561797,0,0,29.79,93411.34,37.86,203013.48,b0
765285466,8,561843,0,0,29.52,93386.52,37.71,269331.94,b0
765274459,1,561890,0,0,27.93,93390.73,40.91,221885.16,b0
765272923,2,561936,0,0,28.11,93410.09,40.88,220594.58,b0
765271642,3,561982,0,0,28.42,93368.18,39.84,325285.91,b0
765289819,4,562028,0,0,28.73,93387.25,39.12,222463.61,b0
765281116,5,562074,0,0,29.59,93419.45,37.17,236489.61,b0
765280092,6,562120,0,0,29.54,93412.90,37.02,210786.33,b0
765271896,7,562166,0,0,29.77,93408.72,37.84,203862.23,b0
765285466,8,562212,0,0,29.50,93384.40,37.70,267642.44,b0
765274459,1,562259,0,0,27.92,93388.93,40.92,222753.97,b0
765272923,2,562305,0,0,28.10,93409.69,40.89,220594.58,b0
765271642,3,562351,0,0,28.41,93367.44,39.86,328099.97,b0
765289819,4,562397,0,0,28.70,93386.40,39.11,223776.22,b0
765281116,5,562443,0,0,29.57,93422.48,37.16,236162.36,b0
765280092,6,562489,0,0,29.52,93410.91,37.01,211832.84,b0
765271896,7,562535,0,0,29.76,93409.36,37.82,203376.36,b0
765285466,8,562581,0,0,29.49,93386.27,37.68,268695.88,b0
765274459,1,562628,0,0,27.91,93389.68,40.92,223483.19,b0
765272923,2,562674,0,0,28.08,93409.82,40.88,222899.44,b0
765271642,3,562720,0,0,28.40,93368.57,39.87,327784.91,b0
765289819,4,562766,0,0,28.70,93387.98,39.13,223923.03,b0
765281116,5,562812,0,0,29.55,93422.13,37.18,237146.83,b0
765280092,6,562858,0,0,29.53,93412.79,36.99,211701.47,b0
765271896,7,562905,0,0,29.74,93409.94,37.79,203255.27,b0
765285466,8,562951,0,0,29.49,93386.64,37.66,269757.63,b0
765274459,1,562997,0,0,27.90,93390.42,40.93,222753.97,b0
765272923,2,563043,0,0,28.09,93409.85,40.89,221023.09,b0
765271642,3,563089,0,0,28.40,93368.21,39.86,325596.19,b0
765289819,4,563135,0,0,28.70,93387.29,39.12,222899.44,b0
765281116,5,563181,0,0,29.55,93421.59,37.17,237311.70,b0
765280092,6,563228,0,0,29.53,93413.50,37.00,211046.98,b0
765271896,7,563274,0,0,29.73,93409.38,37.79,203862.23,b0
765285466,8,563320,0,0,29.49,93386.04,37.65,270398.72,b0
765274459,1,563366,0,0,27.92,93390.02,40.93,223190.94,b0
765272923,2,563412,0,0,28.10,93409.52,40.90,221309.70,b0
765271642,3,563458,0,0,28.40,93368.77,39.84,326843.28,b0
765289819,4,563505,0,0,28.71,93388.23,39.14,223336.97,b0
765281116,5,563551,0,0,29.56,93420.08,37.18,236489.61,b0
765280092,6,563597,0,0,29.54,93413.52,37.01,211308.30,b0
765271896,7,563643,0,0,29.74,93408.87,37.80,203255.27,b0
765285466,8,563689,0,0,29.50,93385.45,37.67,268062.81,b0
765274459,1,563735,0,0,27.92,93389.66,40.92,222174.00,b0
765272923,2,563782,0,0,28.10,93411.70,40.89,221023.09,b0
765271642,3,563828,0,0,28.41,93368.28,39.87,326843.28,b0
765289819,4,563874,0,0,28.72,93388.09,39.15,224956.06,b0
765281116,5,563920,0,0,29.58,93422.20,37.20,237146.83,b0
765280092,6,563966,0,0,29.54,93411.45,37.03,211177.56,b0
765271896,7,564012,0,0,29.74,93409.06,37.79,205333.88,b0
765285466,8,564058,0,0,29.50,93387.10,37.68,267852.47,b0
765274459,1,564105,0,0,27.93,93390.91,40.94,222318.72,b0
765272923,2,564151,0,0,28.10,93410.44,40.93,222029.48,b0
765271642,3,564197,0,0,28.41,93368.66,39.88,327156.56,b0
765289819,4,564243,0,0,28.72,93388.98,39.15,224364.59,b0
765281116,5,564289,0,0,29.58,93421.70,37.22,236982.19,b0
765280092,6,564335,0,0,29.54,93412.98,37.02,211570.25,b0
765271896,7,564381,0,0,29.74,93410.52,37.80,204228.16,b0
765285466,8,564427,0,0,29.51,93386.05,37.67,269331.94,b0
765274459,1,564474,0,0,27.91,93388.03,40.94,222463.61,b0
765272923,2,564520,0,0,28.10,93410.24,40.94,222029.48,b0
765271642,3,564566,0,0,28.40,93369.87,39.88,327784.91,b0
765289819,4,564612,0,0,28.70,93388.52,39.15,223629.61,b0
765281116,5,564658,0,0,29.57,93419.06,37.23,237476.81,b0
765280092,6,564704,0,0,29.54,93413.25,37.04,209621.30,b0
765271896,7,564750,0,0,29.75,93410.77,37.80,204595.41,b0
765285466,8,564797,0,0,29.52,93387.24,37.68,268695.88,b0
765274459,1,564843,0,0,27.92,93389.84,40.95,222463.61,b0
765272923,2,564889,0,0,28.10,93412.41,40.93,221597.06,b0
765271642,3,564935,0,0,28.41,93370.43,39.89,326843.28,b0
765289819,4,564981,0,0,28.72,93388.44,39.17,224807.91,b0
765281116,5,565027,0,0,29.58,93421.15,37.22,236653.58,b0
765280092,6,565074,0,0,29.55,93412.45,37.05,212360.02,b0
765271896,7,565120,0,0,29.76,93409.22,37.80,203984.06,b0
765285466,8,565166,0,0,29.52,93387.12,37.68,269331.94,b0
765274459,1,565212,0,0,27.93,93391.27,40.98,222608.70,b0
765272923,2,565258,0,0,28.11,93410.81,40.94,220737.23,b0
765271642,3,565304,0,0,28.41,93368.87,39.91,326530.63,b0
765289819,4,565350,0,0,28.72,93386.48,39.17,223776.22,b0
765281116,5,565397,0,0,29.59,93420.56,37.22,237311.70,b0
765280092,6,565443,0,0,29.56,93412.17,37.06,211046.98,b0
765271896,7,565489,0,0,29.77,93409.28,37.81,204228.16,b0
765285466,8,565535,0,0,29.52,93385.51,37.68,267852.47,b0
765274459,1,565581,0,0,27.93,93388.53,40.98,221885.16,b0
765272923,2,565627,0,0,28.11,93410.28,40.97,220309.81,b0
765271642,3,565674,0,0,28.41,93369.58,39.91,326218.53,b0
765289819,4,565720,0,0,28.73,93386.36,39.19,223923.03,b0
765281116,5,565766,0,0,29.60,93419.76,37.23,236982.19,b0
765280092,6,565812,0,0,29.57,93411.37,37.05,211308.30,b0
765271896,7,565858,0,0,29.78,93408.80,37.83,204963.97,b0
765285466,8,565904,0,0,29.54,93387.86,37.69,268695.88,b0
765274459,1,565951,0,0,27.95,93390.16,40.99,221309.70,b0
765272923,2,565997,0,0,28.13,93411.60,40.98,220880.06,b0
765271642,3,566043,0,0,28.42,93368.01,39.93,326530.63,b0
765289819,4,566089,0,0,28.73,93386.58,39.21,223923.03,b0
765281116,5,566135,0,0,29.61,93419.81,37.25,238305.80,b0
765280092,6,566181,0,0,29.57,93412.97,37.05,212889.81,b0
765271896,7,566227,0,0,29.79,93409.02,37.81,202052.09,b0
765285466,8,566273,0,0,29.54,93387.33,37.69,268062.81,b0
765274459,1,566320,0,0,27.94,93389.98,41.01,221741.02,b0
765272923,2,566366,0,0,28.13,93410.33,41.00,220167.70,b0
765271642,3,566412,0,0,28.41,93369.95,39.93,325907.06,b0
765289819,4,566458,0,0,28.74,93387.33,39.21,223776.22,b0
765281116,5,566504,0,0,29.62,93419.73,37.26,237311.70,b0
765280092,6,566550,0,0,29.57,93412.84,37.06,210786.33,b0
765271896,7,566596,0,0,29.80,93409.63,37.81,203862.23,b0
765285466,8,566642,0,0,29.55,93386.54,37.71,267014.34,b0
765274459,1,566689,0,0,27.95,93389.97,41.01,221453.28,b0
765272923,2,566735,0,0,28.14,93411.08,41.03,220025.78,b0
765271642,3,566781,0,0,28.42,93369.05,39.93,325907.06,b0
765289819,4,566827,0,0,28.74,93387.70,39.22,222899.44,b0
765281116,5,566873,0,0,29.63,93420.17,37.24,237146.83,b0
765280092,6,566919,0,0,29.57,93411.63,37.05,211701.47,b0
765271896,7,566966,0,0,29.81,93408.45,37.82,204106.05,b0
765285466,8,567012,0,0,29.56,93387.33,37.70,266181.44,b0
765274459,1,567058,0,0,27.96,93391.22,41.03,221166.31,b0
765272923,2,567104,0,0,28.13,93409.05,41.03,219459.92,b0
765271642,3,567150,0,0,28.43,93369.69,39.94,325596.19,b0
765289819,4,567196,0,0,28.75,93386.66,39.24,223190.94,b0
765281116,5,567242,0,0,29.64,93419.51,37.24,237146.83,b0
765280092,6,567289,0,0,29.58,93411.00,37.06,211570.25,b0
765271896,7,567335,0,0,29.82,93410.48,37.82,203497.61,b0
765285466,8,567381,0,0,29.56,93385.54,37.70,266597.25,b0
765274459,1,567427,0,0,27.97,93389.57,41.01,221309.70,b0
765272923,2,567473,0,0,28.13,93409.23,41.04,220025.78,b0
765271642,3,567519,0,0,28.44,93369.20,39.94,325907.06,b0
765289819,4,567566,0,0,28.77,93387.29,39.23,222899.44,b0
765281116,5,567612,0,0,29.64,93420.28,37.26,236653.58,b0
765280092,6,567658,0,0,29.59,93414.66,37.06,210786.33,b0
765271896,7,567704,0,0,29.82,93409.45,37.82,202651.89,b0
765285466,8,567750,0,0,29.57,93386.54,37.70,268062.81,b0
765274459,1,567796,0,0,27.97,93389.93,41.02,221166.31,b0
765272923,2,567843,0,0,28.14,93409.45,41.03,221309.70,b0
765271642,3,567889,0,0,28.45,93369.09,39.96,325285.91,b0
765289819,4,567935,0,0,28.77,93387.67,39.23,223190.94,b0
765281116,5,567981,0,0,29.65,93419.47,37.24,235348.20,b0
765280092,6,568027,0,0,29.59,93412.55,37.05,210266.94,b0
765271896,7,568073,0,0,29.83,93410.54,37.82,202531.64,b0
765285466,8,568119,0,0,29.57,93384.94,37.70,266389.19,b0
765274459,1,568166,0,0,27.98,93390.64,41.03,220167.70,b0
765272923,2,568212,0,0,28.14,93410.17,41.03,219318.91,b0
765271642,3,568258,0,0,28.45,93370.41,39.93,324667.09,b0
765289819,4,568304,0,0,28.77,93387.70,39.23,223923.03,b0
765281116,5,568350,0,0,29.65,93420.53,37.25,237311.70,b0
765280092,6,568396,0,0,29.60,93412.77,37.04,209364.14,b0
765271896,7,568442,0,0,29.82,93409.61,37.82,202052.09,b0
765285466,8,568488,0,0,29.57,93385.51,37.70,265147.59,b0
765274459,1,568535,0,0,27.99,93390.80,41.03,221597.06,b0
765272923,2,568581,0,0,28.15,93409.09,41.06,220452.09,b0
765271642,3,568627,0,0,28.47,93371.91,39.93,325907.06,b0
765289819,4,568673,0,0,28.77,93386.97,39.22,222463.61,b0
765281116,5,568719,0,0,29.65,93419.63,37.24,234862.39,b0
765280092,6,568765,0,0,29.60,93415.10,37.03,210008.20,b0
765271896,7,568811,0,0,29.82,93409.80,37.81,202171.77,b0
765285466,8,568858,0,0,29.57,93385.09,37.70,265560.16,b0
765274459,1,568904,0,0,27.99,93390.44,41.03,220880.06,b0
765272923,2,568950,0,0,28.15,93410.75,41.04,219884.05,b0
765271642,3,568996,0,0,28.46,93370.24,39.93,324358.56,b0
765289819,4,569042,0,0,28.78,93387.18,39.21,223776.22,b0
765281116,5,569088,0,0,29.65,93419.45,37.24,235999.08,b0
765280092,6,569134,0,0,29.59,93413.03,37.04,210266.94,b0
765271896,7,569181,0,0,29.82,93408.34,37.82,203984.06,b0
765285466,8,569227,0,0,29.56,93386.31,37.69,265974.03,b0
765274459,1,569273,0,0,28.00,93390.96,41.05,220594.58,b0
765272923,2,569319,0,0,28.17,93411.34,41.04,220167.70,b0
765271642,3,569365,0,0,28.46,93369.57,39.94,324976.19,b0
765289819,4,569411,0,0,28.78,93388.10,39.22,223045.09,b0
765281116,5,569458,0,0,29.65,93420.70,37.23,235999.08,b0
765280092,6,569504,0,0,29.58,93412.95,37.05,209492.64,b0
765271896,7,569550,0,0,29.81,93410.24,37.82,202531.64,b0
765285466,8,569596,0,0,29.56,93386.82,37.71,266597.25,b0
765274459,1,569642,0,0,28.01,93390.22,41.05,220025.78,b0
765272923,2,569688,0,0,28.17,93411.53,41.05,218336.89,b0
765271642,3,569735,0,0,28.47,93369.63,39.94,324358.56,b0
765289819,4,569781,0,0,28.78,93387.01,39.24,222608.70,b0
765281116,5,569827,0,0,29.65,93419.67,37.23,235024.09,b0
765280092,6,569873,0,0,29.59,93412.49,37.04,210008.20,b0
765271896,7,569919,0,0,29.82,93407.99,37.82,201932.56,b0
765285466,8,569965,0,0,29.57,93387.42,37.69,264326.28,b0
765274459,1,570012,0,0,28.01,93391.48,41.04,220594.58,b0
765272923,2,570058,0,0,28.17,93411.52,41.04,218197.31,b0
765271642,3,570104,0,0,28.47,93371.95,39.94,323130.31,b0
765289819,4,570150,0,0,28.78,93387.74,39.22,223045.09,b0
765281116,5,570196,0,0,29.66,93418.82,37.24,235673.19,b0
765280092,6,570242,0,0,29.59,93411.82,37.03,209879.08,b0
765271896,7,570288,0,0,29.83,93410.73,37.80,203376.36,b0
765285466,8,570334,0,0,29.57,93387.23,37.69,266805.63,b0
765274459,1,570381,0,0,28.01,93390.40,41.04,220309.81,b0
765272923,2,570427,0,0,28.16,93410.23,41.06,218476.64,b0
765271642,3,570473,0,0,28.47,93370.91,39.94,323436.50,b0
765289819,4,570519,0,0,28.78,93387.03,39.22,222463.61,b0
765281116,5,570565,0,0,29.67,93420.33,37.22,235836.02,b0
765280092,6,570611,0,0,29.60,93412.59,37.04,209750.11,b0
765271896,7,570657,0,0,29.84,93410.07,37.83,203619.02,b0
765285466,8,570703,0,0,29.57,93386.95,37.71,265147.59,b0
765274459,1,570750,0,0,28.01,93390.95,41.03,220167.70,b0
765272923,2,570796,0,0,28.16,93411.12,41.05,218197.31,b0
765271642,3,570842,0,0,28.48,93372.19,39.93,324358.56,b0
765289819,4,570888,0,0,28.78,93388.46,39.22,222753.97,b0
765281116,5,570934,0,0,29.67,93420.04,37.21,235999.08,b0
765280092,6,570980,0,0,29.60,93414.27,37.04,209492.64,b0
765271896,7,571027,0,0,29.83,93409.32,37.80,202651.89,b0
765285466,8,571073,0,0,29.58,93386.11,37.69,265766.94,b0
765274459,1,571119,0,0,28.01,93392.58,41.04,220452.09,b0
765272923,2,571165,0,0,28.15,93410.02,41.05,219178.08,b0
765271642,3,571211,0,0,28.47,93370.91,39.92,324976.19,b0
765289819,4,571257,0,0,28.78,93387.73,39.22,222608.70,b0
765281116,5,571304,0,0,29.66,93418.87,37.20,235836.02,b0
765280092,6,571350,0,0,29.60,93415.26,37.03,210008.20,b0
765271896,7,571396,0,0,29.83,93410.59,37.81,201693.91,b0
765285466,8,571442,0,0,29.57,93385.70,37.69,264326.28,b0
765274459,1,571488,0,0,28.01,93392.77,41.02,220880.06,b0
765272923,2,571534,0,0,28.15,93411.84,41.03,219601.11,b0
765271642,3,571580,0,0,28.46,93369.91,39.92,324667.09,b0
765289819,4,571627,0,0,28.78,93388.79,39.23,223045.09,b0
765281116,5,571673,0,0,29.66,93418.98,37.19,235999.08,b0
765280092,6,571719,0,0,29.61,93413.40,37.00,208724.02,b0
765271896,7,571765,0,0,29.84,93412.25,37.77,202052.09,b0
765285466,8,571811,0,0,29.57,93387.65,37.67,265974.03,b0
765274459,1,571857,0,0,28.00,93389.33,41.02,219884.05,b0
765272923,2,571904,0,0,28.15,93410.94,41.04,219884.05,b0
765271642,3,571950,0,0,28.46,93370.06,39.91,323743.28,b0
765289819,4,571996,0,0,28.78,93388.25,39.20,222899.44,b0
765281116,5,572042,0,0,29.66,93420.85,37.21,237642.14,b0
765280092,6,572088,0,0,29.60,93413.73,37.01,209750.11,b0
765271896,7,572134,0,0,29.84,93409.55,37.77,202052.09,b0
765285466,8,572180,0,0,29.58,93385.57,37.66,265766.94,b0
765274459,1,572227,0,0,28.00,93391.88,41.00,221597.06,b0
765272923,2,572273,0,0,28.16,93411.31,41.03,219601.11,b0
765271642,3,572319,0,0,28.46,93370.09,39.90,324358.56,b0
765289819,4,572365,0,0,28.78,93387.90,39.18,222899.44,b0
765281116,5,572411,0,0,29.68,93418.98,37.18,236653.58,b0
765280092,6,572457,0,0,29.61,93412.91,37.02,208851.72,b0
765271896,7,572503,0,0,29.86,93411.31,37.75,202531.64,b0
765285466,8,572549,0,0,29.59,93387.34,37.66,263510.03,b0
765274459,1,572596,0,0,28.00,93390.42,41.02,220880.06,b0
765272923,2,572642,0,0,28.18,93410.99,41.02,220452.09,b0
765271642,3,572688,0,0,28.47,93371.38,39.90,324050.63,b0
765289819,4,572734,0,0,28.79,93388.14,39.17,223045.09,b0
765281116,5,572780,0,0,29.69,93420.36,37.17,235673.19,b0
765280092,6,572826,0,0,29.63,93415.29,37.01,209235.80,b0
765271896,7,572872,0,0,29.87,93410.63,37.75,202052.09,b0
765285466,8,572919,0,0,29.60,93387.25,37.65,264121.75,b0
765274459,1,572965,0,0,28.01,93392.76,40.99,220452.09,b0
765272923,2,573011,0,0,28.19,93411.40,41.03,220167.70,b0
765271642,3,573057,0,0,28.48,93373.11,39.90,324976.19,b0
765289819,4,573103,0,0,28.80,93388.03,39.18,223190.94,b0
765281116,5,573149,0,0,29.69,93417.70,37.17,236162.36,b0
765280092,6,573196,0,0,29.64,93415.35,37.00,211308.30,b0
765271896,7,573242,0,0,29.87,93410.34,37.75,202171.77,b0
765285466,8,573288,0,0,29.61,93387.36,37.63,265560.16,b0
765274459,1,573334,0,0,28.04,93393.98,41.00,220452.09,b0
765272923,2,573380,0,0,28.20,93412.33,41.02,218476.64,b0
765271642,3,573426,0,0,28.50,93372.86,39.88,324667.09,b0
765289819,4,573473,0,0,28.82,93390.29,39.17,222608.70,b0
765281116,5,573519,0,0,29.70,93419.77,37.16,235510.58,b0
765280092,6,573565,0,0,29.65,93414.43,37.00,209750.11,b0
765271896,7,573611,0,0,29.88,93410.17,37.74,203013.48,b0
765285466,8,573657,0,0,29.61,93387.02,37.61,263917.53,b0
765274459,1,573703,0,0,28.05,93392.51,40.97,220309.81,b0
765272923,2,573749,0,0,28.22,93412.01,40.99,218476.64,b0
765271642,3,573796,0,0,28.51,93372.41,39.87,324667.09,b0
765289819,4,573842,0,0,28.83,93389.27,39.18,222753.97,b0
765281116,5,573888,0,0,29.72,93419.76,37.15,235510.58,b0
765280092,6,573934,0,0,29.65,93412.85,36.98,209492.64,b0
765271896,7,573980,0,0,29.88,93408.25,37.75,201455.83,b0
765285466,8,574026,0,0,29.62,93387.80,37.61,263917.53,b0
765274459,1,574073,0,0,28.06,93393.21,40.98,219601.11,b0
765272923,2,574119,0,0,28.22,93411.84,41.01,219459.92,b0
765271642,3,574165,0,0,28.52,93371.59,39.87,324667.09,b0
765289819,4,574211,0,0,28.84,93387.91,39.16,222753.97,b0
765281116,5,574257,0,0,29.73,93419.45,37.16,235836.02,b0
765280092,6,574303,0,0,29.66,93415.12,36.97,208087.78,b0
765271896,7,574349,0,0,29.88,93410.74,37.74,199454.61,b0
765285466,8,574395,0,0,29.62,93389.81,37.63,264326.28,b0
765274459,1,574442,0,0,28.07,93392.46,40.98,220452.09,b0
765272923,2,574488,0,0,28.24,93412.45,41.01,220167.70,b0
765271642,3,574534,0,0,28.53,93371.47,39.89,323743.28,b0
765289819,4,574580,0,0,28.85,93389.02,39.15,221741.02,b0
765281116,5,574626,0,0,29.74,93419.91,37.16,234862.39,b0
765280092,6,574672,0,0,29.67,93413.94,36.97,208341.81,b0
765271896,7,574718,0,0,29.89,93409.38,37.76,199687.98,b0
765285466,8,574764,0,0,29.63,93387.56,37.63,263306.75,b0
765274459,1,574811,0,0,28.09,93392.08,40.99,219884.05,b0
765272923,2,574857,0,0,28.25,93411.02,41.00,219459.92,b0
765271642,3,574903,0,0,28.54,93372.45,39.85,323130.31,b0
765289819,4,574949,0,0,28.85,93388.15,39.15,222463.61,b0
765281116,5,574995,0,0,29.73,93418.25,37.15,234057.14,b0
765280092,6,575041,0,0,29.67,93413.76,36.99,209364.14,b0
765271896,7,575088,0,0,29.90,93411.23,37.76,198989.50,b0
765285466,8,575134,0,0,29.63,93387.24,37.66,262093.67,b0
765274459,1,575180,0,0,28.10,93390.77,40.97,220025.78,b0
765272923,2,575226,0,0,28.25,93411.55,40.98,219037.44,b0
765271642,3,575272,0,0,28.55,93373.21,39.87,322215.22,b0
765289819,4,575318,0,0,28.86,93388.71,39.15,221453.28,b0
765281116,5,575364,0,0,29.75,93418.91,37.15,235510.58,b0
765280092,6,575411,0,0,29.66,93411.20,36.99,208469.06,b0
765271896,7,575457,0,0,29.90,93410.54,37.78,200744.95,b0
765285466,8,575503,0,0,29.64,93388.15,37.67,262093.67,b0
765274459,1,575549,0,0,28.11,93390.75,40.96,219742.48,b0
765272923,2,575595,0,0,28.27,93411.96,40.97,216673.72,b0
765271642,3,575641,0,0,28.56,93373.09,39.87,323130.31,b0
765289819,4,575688,0,0,28.86,93386.05,39.14,220309.81,b0
765281116,5,575734,0,0,29.74,93418.89,37.16,232939.03,b0
765280092,6,575780,0,0,29.67,93412.65,36.98,206326.81,b0
765271896,7,575826,0,0,29.90,93410.35,37.82,199921.91,b0
765285466,8,575872,0,0,29.64,93385.48,37.69,261091.28,b0
765274459,1,575918,0,0,28.13,93390.53,40.97,219178.08,b0
765272923,2,575965,0,0,28.28,93410.53,40.96,217087.13,b0
765271642,3,576011,0,0,28.56,93371.88,39.88,319202.00,b0
765289819,4,576057,0,0,28.86,93385.88,39.15,220737.23,b0
765281116,5,576103,0,0,29.74,93417.23,37.16,232621.53,b0
765280092,6,576149,0,0,29.66,93412.42,36.98,207077.86,b0
765271896,7,576195,0,0,29.91,93410.19,37.83,198642.09,b0
765285466,8,576241,0,0,29.64,93385.69,37.72,260096.52,b0
765274459,1,576288,0,0,28.14,93390.52,41.00,216398.98,b0
765272923,2,576334,0,0,28.29,93412.02,40.99,216398.98,b0
765271642,3,576380,0,0,28.57,93372.98,39.91,317716.41,b0
765289819,4,576426,0,0,28.87,93387.36,39.18,218896.97,b0
765281116,5,576472,0,0,29.75,93419.13,37.18,232621.53,b0
765280092,6,576518,0,0,29.67,93413.78,36.99,204718.11,b0
765271896,7,576564,0,0,29.90,93409.27,37.90,196582.84,b0
765285466,8,576610,0,0,29.64,93387.49,37.78,260294.86,b0
765274459,1,576657,0,0,28.16,93392.84,41.02,215851.61,b0
765272923,2,576703,0,0,28.30,93412.58,41.04,215715.19,b0
765271642,3,576749,0,0,28.56,93371.52,39.91,316831.69,b0
765289819,4,576795,0,0,28.87,93388.79,39.22,218896.97,b0
765281116,5,576841,0,0,29.76,93418.45,37.21,230423.05,b0
765280092,6,576887,0,0,29.67,93413.41,37.03,204595.41,b0
765271896,7,576933,0,0,29.90,93410.70,37.93,195457.14,b0
765285466,8,576980,0,0,29.64,93385.17,37.82,259503.30,b0
765274459,1,577026,0,0,28.16,93392.29,41.06,215306.98,b0
765272923,2,577072,0,0,28.30,93411.87,41.07,215715.19,b0
765271642,3,577118,0,0,28.56,93370.26,39.96,316244.59,b0
765289819,4,577164,0,0,28.87,93387.36,39.25,218057.92,b0
765281116,5,577210,0,0,29.75,93418.80,37.23,229031.53,b0
765280092,6,577257,0,0,29.68,93413.66,37.06,203862.23,b0
765271896,7,577303,0,0,29.90,93409.61,37.97,195793.50,b0
765285466,8,577349,0,0,29.65,93387.20,37.86,258324.92,b0
765274459,1,577395,0,0,28.16,93390.84,41.09,214765.09,b0
765272923,2,577441,0,0,28.31,93411.70,41.12,213957.38,b0
765271642,3,577487,0,0,28.58,93371.10,40.00,315368.03,b0
765289819,4,577534,0,0,28.87,93386.48,39.29,216261.88,b0
765281116,5,577580,0,0,29.77,93419.09,37.26,228571.42,b0
765280092,6,577626,0,0,29.68,93412.80,37.09,202651.89,b0
765271896,7,577672,0,0,29.90,93410.34,38.02,195457.14,b0
765285466,8,577718,0,0,29.65,93386.83,37.90,258716.53,b0
765274459,1,577764,0,0,28.18,93388.43,41.13,213022.67,b0
765272923,2,577810,0,0,28.32,93411.73,41.14,212889.81,b0
765271642,3,577857,0,0,28.58,93372.20,40.06,313341.50,b0
765289819,4,577903,0,0,28.89,93388.52,39.31,216673.72,b0
765281116,5,577949,0,0,29.77,93419.09,37.32,228418.47,b0
765280092,6,577995,0,0,29.69,93414.13,37.12,202291.58,b0
765271896,7,578041,0,0,29.90,93409.81,38.05,195010.47,b0
765285466,8,578087,0,0,29.65,93387.80,37.94,257934.52,b0
765274459,1,578134,0,0,28.20,93390.95,41.18,212757.11,b0
765272923,2,578180,0,0,28.33,93412.30,41.20,212889.81,b0
765271642,3,578226,0,0,28.59,93371.38,40.11,313054.13,b0
765289819,4,578272,0,0,28.89,93387.09,39.36,215715.19,b0
765281116,5,578318,0,0,29.77,93418.91,37.36,227202.13,b0
765280092,6,578364,0,0,29.69,93414.29,37.16,203013.48,b0
765271896,7,578410,0,0,29.91,93410.19,38.08,195233.56,b0
765285466,8,578456,0,0,29.65,93387.80,37.97,257351.09,b0
765274459,1,578503,0,0,28.21,93388.38,41.18,212624.58,b0
765272923,2,578549,0,0,28.34,93411.23,41.22,213155.70,b0
765271642,3,578595,0,0,28.60,93371.62,40.12,312480.94,b0
765289819,4,578641,0,0,28.90,93388.23,39.41,215715.19,b0
765281116,5,578687,0,0,29.77,93419.13,37.37,227202.13,b0
765280092,6,578733,0,0,29.69,93414.29,37.20,202052.09,b0
765271896,7,578779,0,0,29.91,93409.30,38.11,196018.38,b0
765285466,8,578825,0,0,29.65,93386.83,37.99,257934.52,b0
765274459,1,578872,0,0,28.21,93388.19,41.20,213823.34,b0
765272923,2,578918,0,0,28.35,93413.43,41.26,212492.22,b0
765271642,3,578964,0,0,28.61,93371.84,40.16,312480.94,b0
765289819,4,579010,0,0,28.91,93387.59,39.43,214765.09,b0
765281116,5,579056,0,0,29.78,93420.29,37.40,227505.00,b0
765280092,6,579102,0,0,29.69,93413.77,37.22,201455.83,b0
765271896,7,579149,0,0,29.90,93409.98,38.13,195233.56,b0
765285466,8,579195,0,0,29.65,93385.58,38.01,257157.20,b0
765274459,1,579241,0,0,28.23,93392.16,41.23,211439.19,b0
765272923,2,579287,0,0,28.36,93413.09,41.27,211832.84,b0
765271642,3,579333,0,0,28.62,93372.25,40.17,311625.06,b0
765289819,4,579379,0,0,28.92,93388.73,39.45,214900.31,b0
765281116,5,579426,0,0,29.78,93419.95,37.42,226900.06,b0
765280092,6,579472,0,0,29.70,93412.80,37.24,201455.83,b0
765271896,7,579518,0,0,29.91,93411.44,38.15,194676.81,b0
765285466,8,579564,0,0,29.65,93387.06,38.02,255616.58,b0
765274459,1,579610,0,0,28.23,93389.62,41.26,212096.11,b0
765272923,2,579656,0,0,28.37,93413.30,41.28,212360.02,b0
765271642,3,579702,0,0,28.62,93371.72,40.20,311625.06,b0
765289819,4,579749,0,0,28.93,93387.15,39.48,215578.95,b0
765281116,5,579795,0,0,29.79,93419.45,37.43,227960.81,b0
765280092,6,579841,0,0,29.70,93414.43,37.27,201693.91,b0
765271896,7,579887,0,0,29.91,93409.85,38.14,194676.81,b0
765285466,8,579933,0,0,29.65,93384.59,38.03,256963.61,b0
765274459,1,579979,0,0,28.23,93389.07,41.25,211177.56,b0
765272923,2,580026,0,0,28.37,93413.31,41.30,211964.39,b0
765271642,3,580072,0,0,28.63,93372.55,40.21,309927.38,b0
765289819,4,580118,0,0,28.93,93387.87,39.49,212889.81,b0
765281116,5,580164,0,0,29.79,93419.87,37.44,226598.81,b0
765280092,6,580210,0,0,29.70,93413.56,37.27,202291.58,b0
765271896,7,580256,0,0,29.91,93408.98,38.15,195010.47,b0
765285466,8,580302,0,0,29.65,93386.19,38.02,256577.30,b0
765274459,1,580349,0,0,28.25,93389.77,41.27,211964.39,b0
765272923,2,580395,0,0,28.38,93413.89,41.31,211570.25,b0
765271642,3,580441,0,0,28.64,93371.90,40.21,310209.03,b0
765289819,4,580487,0,0,28.95,93388.31,39.50,213422.27,b0
765281116,5,580533,0,0,29.79,93419.35,37.43,226598.81,b0
765280092,6,580579,0,0,29.71,93414.01,37.27,202052.09,b0
765271896,7,580625,0,0,29.91,93411.08,38.15,195121.95,b0
765285466,8,580671,0,0,29.65,93386.34,38.02,256192.14,b0
765274459,1,580718,0,0,28.25,93391.40,41.27,211046.98,b0
765272923,2,580764,0,0,28.38,93411.89,41.29,211177.56,b0
765271642,3,580810,0,0,28.65,93373.75,40.21,310491.22,b0
765289819,4,580856,0,0,28.95,93388.02,39.51,215442.88,b0
765281116,5,580902,0,0,29.80,93420.81,37.45,225699.80,b0
765280092,6,580948,0,0,29.71,93414.37,37.29,201574.80,b0
765271896,7,580994,0,0,29.91,93411.27,38.15,195345.28,b0
765285466,8,581041,0,0,29.66,93387.83,38.01,256384.58,b0
765274459,1,581087,0,0,28.26,93389.75,41.25,212492.22,b0
765272923,2,581133,0,0,28.38,93412.98,41.29,210786.33,b0
765271642,3,581179,0,0,28.66,93372.70,40.21,310491.22,b0
765289819,4,581225,0,0,28.96,93388.58,39.49,213555.78,b0
765281116,5,581271,0,0,29.80,93420.11,37.44,226298.34,b0
765280092,6,581318,0,0,29.71,93414.23,37.30,200744.95,b0
765271896,7,581364,0,0,29.91,93410.56,38.14,194676.81,b0
765285466,8,581410,0,0,29.65,93387.23,38.00,257545.27,b0
765274459,1,581456,0,0,28.25,93388.12,41.24,212889.81,b0
765272923,2,581502,0,0,28.37,93411.30,41.27,211701.47,b0
765271642,3,581548,0,0,28.66,93370.58,40.18,310491.22,b0
765289819,4,581595,0,0,28.96,93387.33,39.49,213555.78,b0
765281116,5,581641,0,0,29.80,93418.47,37.44,226598.81,b0
765280092,6,581687,0,0,29.71,93414.71,37.27,201099.77,b0
765271896,7,581733,0,0,29.91,93410.19,38.12,193792.58,b0
765285466,8,581779,0,0,29.65,93387.20,38.00,256770.31,b0
765274459,1,581825,0,0,28.25,93390.13,41.19,213022.67,b0
765272923,2,581871,0,0,28.36,93412.20,41.26,211439.19,b0
765271642,3,581918,0,0,28.65,93372.15,40.19,312195.13,b0
765289819,4,581964,0,0,28.95,93388.36,39.45,213422.27,b0
765281116,5,582010,0,0,29.78,93418.67,37.43,226448.47,b0
765280092,6,582056,0,0,29.70,93412.63,37.26,202052.09,b0
765271896,7,582102,0,0,29.89,93410.46,38.12,194455.00,b0
765285466,8,582148,0,0,29.64,93385.19,37.98,255808.14,b0
765274459,1,582195,0,0,28.25,93389.95,41.17,212624.58,b0
765272923,2,582241,0,0,28.37,93411.48,41.23,210786.33,b0
765271642,3,582287,0,0,28.64,93371.89,40.15,310491.22,b0
765289819,4,582333,0,0,28.95,93389.40,39.45,213155.70,b0
765281116,5,582379,0,0,29.77,93419.50,37.40,225998.67,b0
765280092,6,582425,0,0,29.70,93415.02,37.25,201693.91,b0
765271896,7,582471,0,0,29.88,93408.23,38.07,195233.56,b0
765285466,8,582517,0,0,29.64,93384.41,37.97,257351.09,b0
765274459,1,582564,0,0,28.26,93389.93,41.15,213288.89,b0
765272923,2,582610,0,0,28.38,93412.05,41.20,210396.55,b0
765271642,3,582656,0,0,28.64,93371.69,40.13,311057.09,b0
765289819,4,582702,0,0,28.95,93389.08,39.44,213689.48,b0
765281116,5,582748,0,0,29.76,93417.96,37.38,226900.06,b0
765280092,6,582794,0,0,29.69,93413.07,37.23,202291.58,b0
765271896,7,582840,0,0,29.87,93408.91,38.05,195121.95,b0
765285466,8,582886,0,0,29.63,93385.42,37.93,256770.31,b0
765274459,1,582933,0,0,28.26,93389.55,41.13,211832.84,b0
765272923,2,582979,0,0,28.37,93411.49,41.18,211701.47,b0
765271642,3,583025,0,0,28.65,93370.16,40.11,310209.03,b0
765289819,4,583071,0,0,28.95,93387.29,39.40,213422.27,b0
765281116,5,583117,0,0,29.77,93418.55,37.36,226448.47,b0
765280092,6,583163,0,0,29.69,93412.18,37.22,201932.56,b0
765271896,7,583210,0,0,29.88,93409.83,38.06,196018.38,b0
765285466,8,583256,0,0,29.63,93387.00,37.90,258129.56,b0
765274459,1,583302,0,0,28.27,93388.27,41.10,212624.58,b0
765272923,2,583348,0,0,28.37,93410.22,41.16,211308.30,b0
765271642,3,583394,0,0,28.66,93372.40,40.08,311340.84,b0
765289819,4,583440,0,0,28.96,93388.41,39.37,213555.78,b0
765281116,5,583487,0,0,29.77,93419.32,37.35,227808.67,b0
765280092,6,583533,0,0,29.69,93413.77,37.21,202411.55,b0
765271896,7,583579,0,0,29.88,93409.64,38.02,195793.50,b0
765285466,8,583625,0,0,29.62,93386.20,37.88,258324.92,b0
765274459,1,583671,0,0,28.26,93389.00,41.09,212757.11,b0
765272923,2,583717,0,0,28.37,93410.59,41.14,211832.84,b0
765271642,3,583763,0,0,28.67,93370.09,40.05,310773.91,b0
765289819,4,583810,0,0,28.97,93388.45,39.37,213689.48,b0
765281116,5,583856,0,0,29.78,93418.10,37.33,227202.13,b0
765280092,6,583902,0,0,29.69,93413.96,37.19,203984.06,b0
765271896,7,583948,0,0,29.88,93409.66,37.99,195457.14,b0
765285466,8,583994,0,0,29.62,93385.48,37.87,258324.92,b0
765274459,1,584040,0,0,28.26,93388.45,41.06,212360.02,b0
765272923,2,584087,0,0,28.37,93412.40,41.11,211570.25,b0
765271642,3,584133,0,0,28.67,93368.66,40.04,312480.94,b0
765289819,4,584179,0,0,28.97,93387.04,39.32,213288.89,b0
765281116,5,584225,0,0,29.78,93418.30,37.32,226148.41,b0
765280092,6,584271,0,0,29.69,93414.49,37.17,202052.09,b0
765271896,7,584317,0,0,29.88,93407.72,37.96,195793.50,b0
765285466,8,584363,0,0,29.62,93386.38,37.85,258520.58,b0
765274459,1,584410,0,0,28.26,93389.55,41.01,212624.58,b0
765272923,2,584456,0,0,28.37,93412.75,41.08,211701.47,b0
765271642,3,584502,0,0,28.67,93371.01,40.02,310209.03,b0
765289819,4,584548,0,0,28.98,93388.51,39.31,214360.48,b0
765281116,5,584594,0,0,29.78,93417.77,37.28,226900.06,b0
765280092,6,584640,0,0,29.69,93413.42,37.13,202531.64,b0
765271896,7,584686,0,0,29.89,93409.73,37.95,197036.75,b0
765285466,8,584732,0,0,29.61,93386.28,37.83,259306.16,b0
765274459,1,584779,0,0,28.26,93387.54,41.01,212757.11,b0
765272923,2,584825,0,0,28.36,93411.30,41.05,211439.19,b0
765271642,3,584871,0,0,28.68,93370.69,40.01,312767.25,b0
765289819,4,584917,0,0,28.98,93386.90,39.29,215442.88,b0
765281116,5,584963,0,0,29.78,93417.74,37.28,226749.33,b0
765280092,6,585009,0,0,29.69,93414.01,37.14,202651.89,b0
765271896,7,585055,0,0,29.89,93408.82,37.93,195233.56,b0
765285466,8,585102,0,0,29.61,93385.68,37.79,257157.20,b0
765274459,1,585148,0,0,28.27,93389.36,40.98,213022.67,b0
765272923,2,585194,0,0,28.36,93411.11,41.03,211701.47,b0
765271642,3,585240,0,0,28.68,93371.77,39.97,311625.06,b0
765289819,4,585286,0,0,28.98,93388.15,39.27,213957.38,b0
765281116,5,585332,0,0,29.78,93419.75,37.25,227202.13,b0
765280092,6,585379,0,0,29.69,93412.88,37.11,202531.64,b0
765271896,7,585425,0,0,29.89,93409.55,37.91,196696.13,b0
765285466,8,585471,0,0,29.61,93386.13,37.78,257934.52,b0
765274459,1,585517,0,0,28.27,93387.54,40.98,212227.98,b0
765272923,2,585563,0,0,28.37,93412.05,41.02,212757.11,b0
765271642,3,585609,0,0,28.68,93370.73,39.96,311625.06,b0
765289819,4,585656,0,0,28.98,93387.63,39.25,215306.98,b0
765281116,5,585702,0,0,29.78,93419.05,37.24,228877.97,b0
765280092,6,585748,0,0,29.69,93412.93,37.09,204350.42,b0
765271896,7,585794,0,0,29.89,93409.91,37.91,195793.50,b0
765285466,8,585840,0,0,29.62,93386.74,37.77,258716.53,b0
765274459,1,585886,0,0,28.27,93388.27,40.95,213555.78,b0
765272923,2,585932,0,0,28.38,93412.23,41.00,212492.22,b0
765271642,3,585979,0,0,28.69,93371.30,39.94,312195.13,b0
765289819,4,586025,0,0,28.98,93386.94,39.24,214765.09,b0
765281116,5,586071,0,0,29.78,93418.34,37.22,228113.17,b0
765280092,6,586117,0,0,29.70,93413.70,37.09,203134.30,b0
765271896,7,586163,0,0,29.89,93408.83,37.88,197378.56,b0
765285466,8,586209,0,0,29.62,93386.05,37.74,259898.48,b0
765274459,1,586256,0,0,28.27,93388.62,40.92,212624.58,b0
765272923,2,586302,0,0,28.38,93411.51,40.98,212096.11,b0
765271642,3,586348,0,0,28.70,93373.16,39.90,312195.13,b0
765289819,4,586394,0,0,28.99,93386.98,39.20,214495.19,b0
765281116,5,586440,0,0,29.80,93418.47,37.20,227353.47,b0
765280092,6,586486,0,0,29.69,93413.13,37.08,203255.27,b0
765271896,7,586532,0,0,29.89,93409.73,37.87,196809.53,b0
765285466,8,586578,0,0,29.63,93387.75,37.74,258129.56,b0
765274459,1,586625,0,0,28.26,93390.45,40.91,214495.19,b0
765272923,2,586671,0,0,28.38,93411.89,40.96,212227.98,b0
765271642,3,586717,0,0,28.69,93371.17,39.90,311909.84,b0
765289819,4,586763,0,0,28.99,93387.89,39.20,213422.27,b0
765281116,5,586809,0,0,29.79,93419.30,37.21,227353.47,b0
765280092,6,586855,0,0,29.69,93413.84,37.05,203619.02,b0
765271896,7,586901,0,0,29.89,93409.73,37.84,196923.08,b0
765285466,8,586947,0,0,29.62,93386.23,37.73,259306.16,b0
765274459,1,586994,0,0,28.26,93389.18,40.90,212889.81,b0
765272923,2,587040,0,0,28.38,93410.97,40.94,211177.56,b0
765271642,3,587086,0,0,28.69,93370.96,39.88,311057.09,b0
765289819,4,587132,0,0,28.99,93388.75,39.17,212227.98,b0
765281116,5,587178,0,0,29.79,93420.72,37.18,229031.53,b0
765280092,6,587224,0,0,29.69,93413.30,37.04,203376.36,b0
765271896,7,587271,0,0,29.90,93410.16,37.83,196809.53,b0
765285466,8,587317,0,0,29.64,93388.18,37.71,259306.16,b0
765274459,1,587363,0,0,28.28,93389.34,40.87,212227.98,b0
765272923,2,587409,0,0,28.38,93412.79,40.94,211439.19,b0
765271642,3,587455,0,0,28.69,93371.48,39.87,312480.94,b0
765289819,4,587501,0,0,29.00,93389.34,39.14,214225.94,b0
765281116,5,587548,0,0,29.79,93420.36,37.17,227505.00,b0
765280092,6,587594,0,0,29.70,93414.07,37.03,202892.81,b0
765271896,7,587640,0,0,29.91,93409.69,37.82,196131.02,b0
765285466,8,587686,0,0,29.64,93386.59,37.69,259109.31,b0
765274459,1,587732,0,0,28.27,93388.08,40.86,212227.98,b0
765272923,2,587778,0,0,28.37,93412.59,40.93,212227.98,b0
765271642,3,587824,0,0,28.69,93371.36,39.85,311909.84,b0
765289819,4,587871,0,0,29.00,93388.84,39.14,213689.48,b0
765281116,5,587917,0,0,29.79,93418.55,37.15,226900.06,b0
765280092,6,587963,0,0,29.70,93413.21,37.02,203255.27,b0
765271896,7,588009,0,0,29.91,93409.89,37.80,197264.50,b0
765285466,8,588055,0,0,29.64,93385.55,37.68,258324.92,b0
765274459,1,588101,0,0,28.27,93389.36,40.83,213155.70,b0
765272923,2,588148,0,0,28.36,93413.64,40.89,210786.33,b0
765271642,3,588194,0,0,28.70,93371.92,39.83,310209.03,b0
765289819,4,588240,0,0,28.99,93387.34,39.12,213422.27,b0
765281116,5,588286,0,0,29.79,93421.16,37.14,226749.33,b0
765280092,6,588332,0,0,29.71,93412.58,37.01,203376.36,b0
765271896,7,588378,0,0,29.92,93410.84,37.77,195793.50,b0
765285466,8,588424,0,0,29.65,93387.45,37.66,258912.77,b0
765274459,1,588471,0,0,28.26,93388.82,40.82,211570.25,b0
765272923,2,588517,0,0,28.36,93412.54,40.88,211964.39,b0
765271642,3,588563,0,0,28.70,93372.45,39.81,311340.84,b0
765289819,4,588609,0,0,28.99,93387.13,39.11,213288.89,b0
765281116,5,588655,0,0,29.79,93418.20,37.13,229185.31,b0
765280092,6,588701,0,0,29.71,93413.52,37.00,203619.02,b0
765271896,7,588747,0,0,29.93,93409.96,37.77,196356.66,b0
765285466,8,588793,0,0,29.65,93384.23,37.66,259503.30,b0
765274459,1,588840,0,0,28.26,93388.65,40.80,212096.11,b0
765272923,2,588886,0,0,28.35,93410.52,40.86,211308.30,b0
765271642,3,588932,0,0,28.70,93372.09,39.78,311909.84,b0
765289819,4,588978,0,0,28.98,93387.65,39.08,212757.11,b0
765281116,5,589024,0,0,29.78,93416.54,37.11,228265.72,b0
765280092,6,589070,0,0,29.72,93414.07,37.00,202651.89,b0
765271896,7,589116,0,0,29.93,93409.27,37.76,196696.13,b0
765285466,8,589163,0,0,29.66,93386.99,37.64,259109.31,b0
765274459,1,589209,0,0,28.25,93389.56,40.79,213288.89,b0
765272923,2,589255,0,0,28.35,93409.60,40.87,211439.19,b0
765271642,3,589301,0,0,28.69,93372.59,39.77,312195.13,b0
765289819,4,589347,0,0,28.98,93388.51,39.07,213288.89,b0
765281116,5,589393,0,0,29.78,93418.83,37.11,227051.00,b0
765280092,6,589439,0,0,29.72,93414.79,36.97,202531.64,b0
765271896,7,589486,0,0,29.92,93411.02,37.74,196696.13,b0
765285466,8,589532,0,0,29.66,93387.31,37.64,259503.30,b0
765274459,1,589578,0,0,28.25,93388.12,40.78,212757.11,b0
765272923,2,589624,0,0,28.36,93413.46,40.84,211177.56,b0
765271642,3,589670,0,0,28.69,93370.63,39.76,311625.06,b0
765289819,4,589716,0,0,28.98,93387.45,39.05,213957.38,b0
765281116,5,589763,0,0,29.78,93418.10,37.11,227808.67,b0
765280092,6,589809,0,0,29.70,93413.06,36.97,203740.55,b0
765271896,7,589855,0,0,29.92,93412.27,37.73,196582.84,b0
765285466,8,589901,0,0,29.65,93388.25,37.63,258716.53,b0
765274459,1,589947,0,0,28.26,93390.47,40.76,211964.39,b0
765272923,2,589993,0,0,28.35,93409.25,40.84,212227.98,b0
765271642,3,590040,0,0,28.70,93371.37,39.75,311057.09,b0
765289819,4,590086,0,0,28.99,93386.80,39.06,214091.58,b0
765281116,5,590132,0,0,29.79,93417.66,37.09,227202.13,b0
765280092,6,590178,0,0,29.71,93414.15,36.97,203862.23,b0
765271896,7,590224,0,0,29.92,93410.80,37.71,196131.02,b0
765285466,8,590270,0,0,29.64,93386.23,37.59,258912.77,b0
765274459,1,590317,0,0,28.26,93389.20,40.75,212889.81,b0
765272923,2,590363,0,0,28.35,93410.18,40.83,211570.25,b0
765271642,3,590409,0,0,28.69,93368.12,39.74,311909.84,b0
765289819,4,590455,0,0,28.99,93388.42,39.02,212889.81,b0
765281116,5,590501,0,0,29.79,93418.01,37.04,228724.59,b0
765280092,6,590547,0,0,29.71,93413.08,36.94,203134.30,b0
765271896,7,590593,0,0,29.92,93410.97,37.70,198295.89,b0
765285466,8,590639,0,0,29.64,93386.93,37.59,258324.92,b0
765274459,1,590686,0,0,28.25,93387.76,40.75,213422.27,b0
765272923,2,590732,0,0,28.35,93413.24,40.81,211177.56,b0
765271642,3,590778,0,0,28.70,93370.31,39.72,311340.84,b0
765289819,4,590824,0,0,29.00,93388.80,39.00,213422.27,b0
765281116,5,590870,0,0,29.78,93417.98,37.05,228418.47,b0
765280092,6,590916,0,0,29.70,93413.77,36.93,203376.36,b0
765271896,7,590962,0,0,29.91,93409.31,37.70,197150.56,b0
765285466,8,591008,0,0,29.63,93386.34,37.58,259306.16,b0
765274459,1,591055,0,0,28.26,93388.28,40.72,212889.81,b0
765272923,2,591101,0,0,28.35,93411.63,40.80,212227.98,b0
765271642,3,591147,0,0,28.71,93371.84,39.71,311340.84,b0
765289819,4,591193,0,0,29.00,93389.73,38.99,213422.27,b0
765281116,5,591239,0,0,29.79,93418.73,37.04,228724.59,b0
765280092,6,591285,0,0,29.70,93413.77,36.92,203619.02,b0
765271896,7,591332,0,0,29.92,93409.55,37.68,197150.56,b0
765285466,8,591378,0,0,29.64,93385.17,37.56,259700.73,b0
765274459,1,591424,0,0,28.25,93389.40,40.68,213155.70,b0
765272923,2,591470,0,0,28.33,93412.12,40.78,211701.47,b0
765271642,3,591516,0,0,28.72,93372.98,39.70,311057.09,b0
765289819,4,591562,0,0,28.99,93388.59,38.99,214360.48,b0
765281116,5,591608,0,0,29.79,93419.69,37.04,227505.00,b0
765280092,6,591655,0,0,29.72,93415.36,36.92,202651.89,b0
765271896,7,591701,0,0,29.92,93410.83,37.67,197607.09,b0
765285466,8,591747,0,0,29.65,93386.48,37.56,260692.47,b0
765274459,1,591793,0,0,28.25,93389.05,40.70,212624.58,b0
765272923,2,591839,0,0,28.32,93412.27,40.79,212096.11,b0
765271642,3,591885,0,0,28.71,93371.27,39.67,311057.09,b0
765289819,4,591932,0,0,28.98,93386.56,38.97,213689.48,b0
765281116,5,591978,0,0,29.78,93419.41,37.04,228265.72,b0
765280092,6,592024,0,0,29.72,93414.53,36.90,204106.05,b0
765271896,7,592070,0,0,29.93,93410.16,37.66,198526.56,b0
765285466,8,592116,0,0,29.65,93385.66,37.55,259700.73,b0
765274459,1,592162,0,0,28.25,93389.95,40.68,213689.48,b0
765272923,2,592209,0,0,28.32,93411.73,40.77,213555.78,b0
765271642,3,592255,0,0,28.72,93372.94,39.67,311057.09,b0
765289819,4,592301,0,0,28.97,93386.86,38.97,212889.81,b0
765281116,5,592347,0,0,29.78,93417.05,37.01,228877.97,b0
765280092,6,592393,0,0,29.72,93413.82,36.90,202772.28,b0
765271896,7,592439,0,0,29.93,93412.34,37.64,198065.77,b0
765285466,8,592485,0,0,29.66,93384.84,37.52,260294.86,b0
765274459,1,592532,0,0,28.24,93389.59,40.66,214225.94,b0
765272923,2,592578,0,0,28.32,93413.36,40.76,211701.47,b0
765271642,3,592624,0,0,28.71,93371.80,39.66,310773.91,b0
765289819,4,592670,0,0,28.98,93387.98,38.94,213555.78,b0
765281116,5,592716,0,0,29.79,93420.72,37.00,227808.67,b0
765280092,6,592762,0,0,29.73,93414.55,36.89,203984.06,b0
765271896,7,592808,0,0,29.93,93410.54,37.64,196923.08,b0
765285466,8,592854,0,0,29.66,93386.84,37.51,260294.86,b0
765274459,1,592901,0,0,28.25,93390.67,40.66,214495.19,b0
765272923,2,592947,0,0,28.33,93411.93,40.76,212360.02,b0
765271642,3,592993,0,0,28.71,93371.80,39.65,311909.84,b0
765289819,4,593039,0,0,28.98,93389.24,38.94,213957.38,b0
765281116,5,593085,0,0,29.78,93418.33,37.01,226598.81,b0
765280092,6,593131,0,0,29.71,93413.85,36.88,204106.05,b0
765271896,7,593177,0,0,29.92,93411.38,37.62,197492.77,b0
765285466,8,593224,0,0,29.64,93387.51,37.50,258912.77,b0
765274459,1,593270,0,0,28.25,93389.95,40.66,213555.78,b0
765272923,2,593316,0,0,28.33,93411.38,40.75,212227.98,b0
765271642,3,593362,0,0,28.72,93373.84,39.62,312195.13,b0
765289819,4,593408,0,0,28.99,93389.65,38.94,213957.38,b0
765281116,5,593454,0,0,29.78,93419.24,36.98,228571.42,b0
765280092,6,593501,0,0,29.71,93414.15,36.86,204228.16,b0
765271896,7,593547,0,0,29.91,93411.65,37.61,198526.56,b0
765285466,8,593593,0,0,29.63,93385.78,37.49,259700.73,b0
765274459,1,593639,0,0,28.25,93390.31,40.63,213155.70,b0
765272923,2,593685,0,0,28.32,93412.45,40.74,211832.84,b0
765271642,3,593731,0,0,28.71,93374.00,39.61,313054.13,b0
765289819,4,593777,0,0,28.99,93387.86,38.93,213957.38,b0
765281116,5,593824,0,0,29.79,93420.07,36.97,229031.53,b0
765280092,6,593870,0,0,29.71,93414.33,36.86,203376.36,b0
765271896,7,593916,0,0,29.91,93411.13,37.58,196696.13,b0
765285466,8,593962,0,0,29.63,93387.90,37.48,259898.48,b0
765274459,1,594008,0,0,28.24,93389.41,40.63,213422.27,b0
765272923,2,594054,0,0,28.32,93414.27,40.73,211177.56,b0
765271642,3,594101,0,0,28.72,93371.69,39.60,312480.94,b0
765289819,4,594147,0,0,28.99,93388.21,38.92,215988.19,b0
765281116,5,594193,0,0,29.80,93418.83,36.97,228418.47,b0
765280092,6,594239,0,0,29.71,93414.33,36.84,204350.42,b0
765271896,7,594285,0,0,29.92,93411.72,37.59,198757.77,b0
765285466,8,594331,0,0,29.63,93387.39,37.47,260692.47,b0
765274459,1,594378,0,0,28.25,93389.23,40.64,213823.34,b0
765272923,2,594424,0,0,28.32,93412.09,40.72,212492.22,b0
765271642,3,594470,0,0,28.72,93374.02,39.59,311909.84,b0
765289819,4,594516,0,0,28.99,93387.32,38.89,214765.09,b0
765281116,5,594562,0,0,29.79,93419.87,36.95,226900.06,b0
765280092,6,594608,0,0,29.70,93415.34,36.84,204228.16,b0
765271896,7,594654,0,0,29.92,93412.23,37.57,198295.89,b0
765285466,8,594700,0,0,29.62,93387.48,37.48,261892.58,b0
765274459,1,594747,0,0,28.24,93390.67,40.62,213155.70,b0
765272923,2,594793,0,0,28.32,93413.36,40.73,212624.58,b0
765271642,3,594839,0,0,28.70,93373.34,39.58,311625.06,b0
765289819,4,594885,0,0,28.98,93387.63,38.88,214091.58,b0
765281116,5,594931,0,0,29.78,93421.03,36.96,229802.52,b0
765280092,6,594977,0,0,29.70,93417.08,36.81,204595.41,b0
765271896,7,595023,0,0,29.90,93411.05,37.57,197836.17,b0
765285466,8,595069,0,0,29.61,93386.43,37.46,261291.14,b0
765274459,1,595116,0,0,28.24,93389.96,40.61,213689.48,b0
765272923,2,595162,0,0,28.32,93412.27,40.73,212492.22,b0
765271642,3,595208,0,0,28.68,93371.82,39.57,311625.06,b0
765289819,4,595254,0,0,28.98,93388.16,38.87,214225.94,b0
765281116,5,595300,0,0,29.78,93419.02,36.94,228571.42,b0
765280092,6,595346,0,0,29.69,93414.49,36.81,204963.97,b0
765271896,7,595392,0,0,29.91,93410.37,37.54,196923.08,b0
765285466,8,595439,0,0,29.62,93387.84,37.45,261291.14,b0
765274459,1,595485,0,0,28.23,93390.89,40.59,212492.22,b0
765272923,2,595531,0,0,28.31,93412.05,40.70,213022.67,b0
765271642,3,595577,0,0,28.68,93373.38,39.55,312480.94,b0
765289819,4,595623,0,0,28.97,93389.18,38.87,214225.94,b0
765281116,5,595669,0,0,29.77,93419.45,36.93,226900.06,b0
765280092,6,595716,0,0,29.68,93414.45,36.82,204472.84,b0
765271896,7,595762,0,0,29.89,93409.56,37.55,198411.16,b0
765285466,8,595808,0,0,29.62,93389.81,37.43,260891.72,b0
765274459,1,595854,0,0,28.22,93390.55,40.61,213957.38,b0
765272923,2,595900,0,0,28.30,93413.30,40.69,213422.27,b0
765271642,3,595946,0,0,28.67,93371.73,39.57,313054.13,b0
765289819,4,595993,0,0,28.95,93388.72,38.85,214495.19,b0
765281116,5,596039,0,0,29.75,93420.22,36.92,228113.17,b0
765280092,6,596085,0,0,29.69,93415.01,36.79,204718.11,b0
765271896,7,596131,0,0,29.90,93410.48,37.55,197721.56,b0
765285466,8,596177,0,0,29.62,93385.83,37.43,261291.14,b0
765274459,1,596223,0,0,28.21,93389.29,40.59,213957.38,b0
765272923,2,596269,0,0,28.29,93411.45,40.69,212624.58,b0
765271642,3,596316,0,0,28.67,93372.80,39.53,313054.13,b0
765289819,4,596362,0,0,28.95,93389.77,38.85,213689.48,b0
765281116,5,596408,0,0,29.74,93418.89,36.92,228113.17,b0
765280092,6,596454,0,0,29.68,93414.57,36.79,203740.55,b0
765271896,7,596500,0,0,29.89,93412.05,37.53,198642.09,b0
765285466,8,596546,0,0,29.63,93388.22,37.42,262295.09,b0
765274459,1,596593,0,0,28.22,93389.45,40.58,213957.38,b0
765272923,2,596639,0,0,28.29,93412.55,40.69,212096.11,b0
765271642,3,596685,0,0,28.67,93372.47,39.53,311909.84,b0
765289819,4,596731,0,0,28.94,93387.96,38.86,213422.27,b0
765281116,5,596777,0,0,29.74,93419.79,36.91,228724.59,b0
765280092,6,596823,0,0,29.69,93414.20,36.78,204228.16,b0
765271896,7,596869,0,0,29.90,93411.19,37.51,197721.56,b0
765285466,8,596915,0,0,29.63,93387.42,37.42,261691.80,b0
765274459,1,596962,0,0,28.21,93389.66,40.59,213823.34,b0
765272923,2,597008,0,0,28.27,93412.70,40.70,211308.30,b0
765271642,3,597054,0,0,28.67,93372.97,39.52,312767.25,b0
765289819,4,597100,0,0,28.94,93387.93,38.83,213555.78,b0
765281116,5,597146,0,0,29.75,93420.20,36.92,229185.31,b0
765280092,6,597192,0,0,29.69,93414.01,36.78,204106.05,b0
765271896,7,597238,0,0,29.89,93410.28,37.53,198295.89,b0
765285466,8,597284,0,0,29.62,93387.48,37.42,261291.14,b0
765274459,1,597331,0,0,28.20,93387.85,40.57,213155.70,b0
765272923,2,597377,0,0,28.27,93411.78,40.68,212624.58,b0
765271642,3,597423,0,0,28.65,93372.50,39.52,310491.22,b0
765289819,4,597469,0,0,28.93,93387.87,38.83,214225.94,b0
765281116,5,597515,0,0,29.73,93419.30,36.91,227960.81,b0
765280092,6,597561,0,0,29.69,93415.36,36.78,203134.30,b0
765271896,7,597608,0,0,29.87,93409.03,37.52,199571.23,b0
765285466,8,597654,0,0,29.62,93388.69,37.42,261892.58,b0
765274459,1,597700,0,0,28.19,93390.78,40.55,213022.67,b0
765272923,2,597746,0,0,28.27,93413.42,40.68,212624.58,b0
765271642,3,597792,0,0,28.66,93372.20,39.53,313341.50,b0
765289819,4,597838,0,0,28.93,93390.02,38.84,213689.48,b0
765281116,5,597885,0,0,29.74,93422.06,36.89,229031.53,b0
765280092,6,597931,0,0,29.69,93414.73,36.78,203619.02,b0
765271896,7,597977,0,0,29.86,93410.58,37.52,199921.91,b0
765285466,8,598023,0,0,29.60,93386.48,37.41,260891.72,b0
765274459,1,598069,0,0,28.21,93392.56,40.55,213155.70,b0
765272923,2,598115,0,0,28.27,93411.60,40.69,211832.84,b0
765271642,3,598161,0,0,28.67,93372.80,39.52,311909.84,b0
765289819,4,598208,0,0,28.93,93388.41,38.80,213823.34,b0
765281116,5,598254,0,0,29.75,93421.28,36.90,228418.47,b0
765280092,6,598300,0,0,29.71,93416.88,36.78,204228.16,b0
765271896,7,598346,0,0,29.86,93410.40,37.50,198526.56,b0
765285466,8,598392,0,0,29.59,93387.98,37.40,261091.28,b0
765274459,1,598438,0,0,28.21,93388.91,40.56,212757.11,b0
765272923,2,598485,0,0,28.29,93411.64,40.68,212757.11,b0
765271642,3,598531,0,0,28.68,93372.51,39.51,311909.84,b0
765289819,4,598577,0,0,28.94,93389.38,38.82,213555.78,b0
765281116,5,598623,0,0,29.76,93420.30,36.90,227353.47,b0
765280092,6,598669,0,0,29.71,93414.02,36.77,203740.55,b0
765271896,7,598715,0,0,29.85,93408.20,37.49,200039.06,b0
765285466,8,598761,0,0,29.58,93386.82,37.39,261091.28,b0
765274459,1,598808,0,0,28.22,93393.09,40.57,212360.02,b0
765272923,2,598854,0,0,28.29,93412.37,40.68,212227.98,b0
765271642,3,598900,0,0,28.68,93373.42,39.51,311625.06,b0
765289819,4,598946,0,0,28.94,93387.56,38.82,212889.81,b0
765281116,5,598992,0,0,29.76,93419.55,36.90,228418.47,b0
765280092,6,599038,0,0,29.71,93414.74,36.78,203134.30,b0
765271896,7,599084,0,0,29.86,93410.63,37.49,198065.77,b0
765285466,8,599130,0,0,29.59,93387.98,37.38,262093.67,b0
765274459,1,599177,0,0,28.21,93389.65,40.55,212624.58,b0
765272923,2,599223,0,0,28.28,93411.09,40.68,212492.22,b0
765271642,3,599269,0,0,28.68,93373.42,39.50,311057.09,b0
765289819,4,599315,0,0,28.94,93389.35,38.83,215035.70,b0
765281116,5,599361,0,0,29.77,93422.70,36.89,227505.00,b0
765280092,6,599407,0,0,29.72,93415.89,36.75,204595.41,b0
765271896,7,599453,0,0,29.87,93411.74,37.49,198642.09,b0
765285466,8,599500,0,0,29.60,93385.99,37.39,262295.09,b0
765274459,1,599546,0,0,28.21,93388.56,40.57,211964.39,b0
765272923,2,599592,0,0,28.27,93412.69,40.69,211832.84,b0
765271642,3,599638,0,0,28.67,93372.65,39.50,309646.22,b0
765289819,4,599684,0,0,28.93,93388.41,38.83,213022.67,b0
765281116,5,599730,0,0,29.75,93421.14,36.88,227656.73,b0
765280092,6,599776,0,0,29.72,93415.53,36.76,202892.81,b0
765271896,7,599823,0,0,29.87,93411.05,37.50,197950.91,b0
765285466,8,599869,0,0,29.61,93386.25,37.39,262295.09,b0
765274459,1,599915,0,0,28.21,93391.29,40.54,211832.84,b0
765272923,2,599961,0,0,28.27,93411.96,40.68,211439.19,b0
765271642,3,600007,0,0,28.66,93371.85,39.51,310773.91,b0
765289819,4,600053,0,0,28.91,93387.95,38.82,212889.81,b0
765281116,5,600100,0,0,29.75,93420.77,36.90,227960.81,b0
765280092,6,600146,0,0,29.71,93413.83,36.74,202772.28,b0
765271896,7,600192,0,0,29.87,93409.94,37.50,197264.50,b0
765285466,8,600238,0,0,29.60,93387.09,37.39,261091.28,b0
765274459,1,600284,0,0,28.21,93388.55,40.54,211046.98,b0
765272923,2,600330,0,0,28.29,93411.64,40.68,210137.50,b0
765271642,3,600377,0,0,28.67,93373.85,39.51,308805.78,b0
765289819,4,600423,0,0,28.92,93390.16,38.81,211570.25,b0
765281116,5,600469,0,0,29.76,93421.19,36.89,228265.72,b0
765280092,6,600515,0,0,29.70,93415.02,36.75,203013.48,b0
765271896,7,600561,0,0,29.87,93410.12,37.49,197378.56,b0
765285466,8,600607,0,0,29.60,93385.84,37.40,261892.58,b0
765274459,1,600654,0,0,28.21,93391.10,40.56,211570.25,b0
765272923,2,600700,0,0,28.30,93413.13,40.69,210916.58,b0
765271642,3,600746,0,0,28.66,93371.86,39.51,307969.94,b0
765289819,4,600792,0,0,28.94,93389.36,38.81,211832.84,b0
765281116,5,600838,0,0,29.75,93419.88,36.87,226598.81,b0
765280092,6,600884,0,0,29.70,93413.96,36.74,203376.36,b0
765271896,7,600930,0,0,29.87,93410.99,37.49,197950.91,b0
765285466,8,600976,0,0,29.60,93384.77,37.39,261491.31,b0
765274459,1,601023,0,0,28.22,93390.55,40.55,210916.58,b0
765272923,2,601069,0,0,28.31,93412.41,40.68,209107.61,b0
765271642,3,601115,0,0,28.67,93372.08,39.50,309085.41,b0
765289819,4,601161,0,0,28.93,93388.05,38.81,211439.19,b0
765281116,5,601207,0,0,29.76,93420.63,36.87,228265.72,b0
765280092,6,601253,0,0,29.71,93415.47,36.74,202531.64,b0
765271896,7,601299,0,0,29.87,93410.28,37.49,197264.50,b0
765285466,8,601345,0,0,29.62,93387.80,37.38,261091.28,b0
765274459,1,601392,0,0,28.23,93390.51,40.54,210396.55,b0
765272923,2,601438,0,0,28.31,93411.89,40.69,209750.11,b0
765271642,3,601484,0,0,28.68,93372.15,39.50,307138.56,b0
765289819,4,601530,0,0,28.94,93388.64,38.81,211439.19,b0
765281116,5,601576,0,0,29.76,93419.18,36.87,225252.97,b0
765280092,6,601622,0,0,29.72,93416.03,36.74,202052.09,b0
765271896,7,601669,0,0,29.85,93409.27,37.48,196582.84,b0
765285466,8,601715,0,0,29.62,93386.68,37.39,259700.73,b0
765274459,1,601761,0,0,28.25,93390.49,40.55,210137.50,b0
765272923,2,601807,0,0,28.33,93413.20,40.69,209235.80,b0
765271642,3,601853,0,0,28.69,93373.51,39.50,307138.56,b0
765289819,4,601899,0,0,28.94,93390.11,38.82,211570.25,b0
765281116,5,601945,0,0,29.74,93419.98,36.86,227051.00,b0
765280092,6,601992,0,0,29.72,93414.83,36.73,200981.36,b0
765271896,7,602038,0,0,29.85,93410.34,37.48,197150.56,b0
765285466,8,602084,0,0,29.62,93387.80,37.38,259700.73,b0
765274459,1,602130,0,0,28.26,93389.74,40.56,210137.50,b0
765272923,2,602176,0,0,28.35,93412.70,40.67,208596.45,b0
765271642,3,602222,0,0,28.69,93372.25,39.48,306862.44,b0
765289819,4,602269,0,0,28.95,93389.79,38.83,211308.30,b0
765281116,5,602315,0,0,29.74,93419.56,36.87,225849.14,b0
765280092,6,602361,0,0,29.72,93415.06,36.73,202171.77,b0
765271896,7,602407,0,0,29.85,93410.14,37.47,196696.13,b0
765285466,8,602453,0,0,29.62,93387.62,37.39,258716.53,b0
765274459,1,602499,0,0,28.27,93388.44,40.55,208724.02,b0
765272923,2,602545,0,0,28.35,93412.36,40.68,207581.59,b0
765271642,3,602592,0,0,28.69,93369.38,39.47,307692.31,b0
765289819,4,602638,0,0,28.95,93389.42,38.82,211570.25,b0
765281116,5,602684,0,0,29.75,93419.45,36.86,225998.67,b0
765280092,6,602730,0,0,29.72,93413.79,36.72,201932.56,b0
765271896,7,602776,0,0,29.86,93410.56,37.49,197721.56,b0
765285466,8,602822,0,0,29.63,93386.86,37.38,259898.48,b0
765274459,1,602869,0,0,28.28,93390.06,40.52,209621.30,b0
765272923,2,602915,0,0,28.36,93412.92,40.67,208596.45,b0
765271642,3,602961,0,0,28.71,93373.64,39.48,308248.03,b0
765289819,4,603007,0,0,28.95,93388.90,38.82,212492.22,b0
765281116,5,603053,0,0,29.77,93418.73,36.87,226298.34,b0
765280092,6,603099,0,0,29.73,93413.52,36.73,202052.09,b0
765271896,7,603145,0,0,29.87,93410.09,37.49,196018.38,b0
765285466,8,603191,0,0,29.63,93386.52,37.38,258129.56,b0
765274459,1,603238,0,0,28.29,93388.96,40.53,209492.64,b0
765272923,2,603284,0,0,28.37,93412.23,40.66,207834.38,b0
765271642,3,603330,0,0,28.72,93372.95,39.47,305489.25,b0
765289819,4,603376,0,0,28.97,93387.92,38.82,210266.94,b0
765281116,5,603422,0,0,29.78,93420.66,36.87,224956.06,b0
765280092,6,603468,0,0,29.74,93415.63,36.71,200039.06,b0
765271896,7,603514,0,0,29.87,93409.62,37.47,197150.56,b0
765285466,8,603560,0,0,29.64,93385.86,37.37,259306.16,b0
765274459,1,603607,0,0,28.31,93391.10,40.52,208469.06,b0
765272923,2,603653,0,0,28.39,93411.35,40.68,207961.00,b0
765271642,3,603699,0,0,28.73,93372.87,39.47,305216.09,b0
765289819,4,603745,0,0,28.98,93388.37,38.81,210137.50,b0
765281116,5,603791,0,0,29.79,93419.87,36.86,224659.94,b0
765280092,6,603837,0,0,29.75,93415.02,36.71,201218.31,b0
765271896,7,603884,0,0,29.88,93409.63,37.49,196243.77,b0
765285466,8,603930,0,0,29.65,93386.28,37.38,258520.58,b0
765274459,1,603976,0,0,28.31,93388.73,40.53,208724.02,b0
765272923,2,604022,0,0,28.41,93415.03,40.67,207329.42,b0
765271642,3,604068,0,0,28.74,93372.89,39.46,306037.06,b0
765289819,4,604114,0,0,28.99,93389.14,38.80,208851.72,b0
765281116,5,604161,0,0,29.80,93417.57,36.86,224956.06,b0
765280092,6,604207,0,0,29.75,93415.73,36.72,200863.08,b0
765271896,7,604253,0,0,29.87,93411.58,37.48,196923.08,b0
765285466,8,604299,0,0,29.65,93383.80,37.38,257934.52,b0
765274459,1,604345,0,0,28.32,93390.34,40.53,208087.78,b0
765272923,2,604391,0,0,28.41,93413.59,40.65,207961.00,b0
765271642,3,604437,0,0,28.74,93371.85,39.49,304943.41,b0
765289819,4,604484,0,0,29.00,93388.30,38.80,209621.30,b0
765281116,5,604530,0,0,29.80,93418.70,36.86,225104.42,b0
765280092,6,604576,0,0,29.75,93413.59,36.68,200981.36,b0
765271896,7,604622,0,0,29.89,93411.84,37.47,195345.28,b0
765285466,8,604668,0,0,29.65,93386.51,37.36,257739.75,b0
765274459,1,604714,0,0,28.33,93388.15,40.52,207077.86,b0
765272923,2,604761,0,0,28.43,93412.36,40.66,207329.42,b0
765271642,3,604807,0,0,28.75,93372.80,39.46,301975.81,b0
765289819,4,604853,0,0,29.02,93388.73,38.81,208979.59,b0
765281116,5,604899,0,0,29.81,93419.81,36.86,226298.34,b0
765280092,6,604945,0,0,29.76,93414.22,36.70,199687.98,b0
765271896,7,604991,0,0,29.87,93409.44,37.48,196809.53,b0
765285466,8,605037,0,0,29.65,93385.06,37.37,259503.30,b0
765274459,1,605084,0,0,28.33,93388.13,40.51,207329.42,b0
765272923,2,605130,0,0,28.44,93411.30,40.65,206701.66,b0
765271642,3,605176,0,0,28.75,93371.77,39.46,301975.81,b0
765289819,4,605222,0,0,29.02,93389.09,38.80,207961.00,b0
765281116,5,605268,0,0,29.81,93419.33,36.83,224956.06,b0
765280092,6,605314,0,0,29.76,93414.16,36.69,201455.83,b0
765271896,7,605360,0,0,29.87,93410.31,37.48,197378.56,b0
765285466,8,605406,0,0,29.65,93384.94,37.36,258716.53,b0
765274459,1,605453,0,0,28.34,93389.03,40.51,205705.11,b0
765272923,2,605499,0,0,28.45,93413.69,40.64,206077.69,b0
765271642,3,605545,0,0,28.76,93370.35,39.45,302779.41,b0
765289819,4,605591,0,0,29.02,93388.95,38.79,207707.91,b0
765281116,5,605637,0,0,29.81,93420.42,36.86,224512.17,b0
765280092,6,605683,0,0,29.76,93414.39,36.68,200626.95,b0
765271896,7,605729,0,0,29.86,93408.48,37.48,195233.56,b0
765285466,8,605776,0,0,29.66,93385.15,37.36,258716.53,b0
765274459,1,605822,0,0,28.35,93387.37,40.49,206952.30,b0
765272923,2,605868,0,0,28.45,93410.42,40.63,205829.14,b0
765271642,3,605914,0,0,28.77,93373.86,39.44,301708.91,b0
765289819,4,605960,0,0,29.02,93387.71,38.81,207834.38,b0
765281116,5,606006,0,0,29.82,93418.67,36.84,226298.34,b0
765280092,6,606053,0,0,29.77,93414.67,36.68,201337.00,b0
765271896,7,606099,0,0,29.87,93410.28,37.48,196923.08,b0
765285466,8,606145,0,0,29.66,93387.14,37.36,259898.48,b0
765274459,1,606191,0,0,28.36,93389.35,40.48,207077.86,b0
765272923,2,606237,0,0,28.46,93412.63,40.62,205581.20,b0
765271642,3,606283,0,0,28.78,93372.45,39.44,300645.91,b0
765289819,4,606330,0,0,29.04,93389.55,38.78,206952.30,b0
765281116,5,606376,0,0,29.82,93421.55,36.83,224956.06,b0
765280092,6,606422,0,0,29.77,93415.42,36.67,200863.08,b0
765271896,7,606468,0,0,29.86,93408.42,37.46,195905.88,b0
765285466,8,606514,0,0,29.66,93386.81,37.35,258716.53,b0
765274459,1,606560,0,0,28.37,93390.43,40.48,207203.56,b0
765272923,2,606606,0,0,28.48,93413.40,40.60,205087.13,b0
765271642,3,606653,0,0,28.78,93371.38,39.44,301176.47,b0
765289819,4,606699,0,0,29.04,93386.91,38.78,207203.56,b0
765281116,5,606745,0,0,29.82,93419.58,36.83,225401.72,b0
765280092,6,606791,0,0,29.79,93418.12,36.67,200863.08,b0
765271896,7,606837,0,0,29.85,93410.02,37.47,197036.75,b0
765285466,8,606883,0,0,29.66,93386.27,37.33,259898.48,b0
765274459,1,606930,0,0,28.37,93388.05,40.48,205829.14,b0
765272923,2,606976,0,0,28.49,93412.88,40.60,205581.20,b0
765271642,3,607022,0,0,28.78,93372.68,39.43,300910.97,b0
765289819,4,607068,0,0,29.05,93388.20,38.77,207329.42,b0
765281116,5,607114,0,0,29.82,93419.27,36.82,225849.14,b0
765280092,6,607160,0,0,29.79,93416.49,36.68,201099.77,b0
765271896,7,607206,0,0,29.86,93410.21,37.47,197264.50,b0
765285466,8,607252,0,0,29.66,93387.52,37.33,259503.30,b0
765274459,1,607299,0,0,28.38,93388.22,40.49,205953.34,b0
765272923,2,607345,0,0,28.50,93413.83,40.59,204840.97,b0
765271642,3,607391,0,0,28.78,93371.43,39.42,301442.44,b0
765289819,4,607437,0,0,29.06,93388.06,38.77,207961.00,b0
765281116,5,607483,0,0,29.83,93417.86,36.81,225104.42,b0
765280092,6,607529,0,0,29.79,93415.09,36.67,202052.09,b0
765271896,7,607575,0,0,29.87,93409.94,37.46,196131.02,b0
765285466,8,607621,0,0,29.67,93386.70,37.32,259898.48,b0
765274459,1,607668,0,0,28.38,93387.67,40.44,206202.17,b0
765272923,2,607714,0,0,28.51,93411.12,40.56,204350.42,b0
765271642,3,607760,0,0,28.80,93374.96,39.39,301708.91,b0
765289819,4,607806,0,0,29.06,93387.90,38.77,207455.42,b0
765281116,5,607852,0,0,29.82,93419.45,36.81,225252.97,b0
765280092,6,607898,0,0,29.80,93415.65,36.65,201218.31,b0
765271896,7,607945,0,0,29.87,93409.76,37.47,196696.13,b0
765285466,8,607991,0,0,29.66,93386.04,37.32,260294.86,b0
765274459,1,608037,0,0,28.39,93389.84,40.43,206701.66,b0
765272923,2,608083,0,0,28.51,93414.04,40.56,205087.13,b0
765271642,3,608129,0,0,28.79,93371.30,39.39,298803.63,b0
765289819,4,608175,0,0,29.06,93388.63,38.76,208851.72,b0
765281116,5,608222,0,0,29.81,93418.97,36.80,224956.06,b0
765280092,6,608268,0,0,29.78,93414.99,36.65,202171.77,b0
765271896,7,608314,0,0,29.87,93410.09,37.46,197492.77,b0
765285466,8,608360,0,0,29.65,93387.38,37.31,258716.53,b0
765274459,1,608406,0,0,28.38,93388.40,40.41,205705.11,b0
765272923,2,608452,0,0,28.50,93413.09,40.54,205333.88,b0
765271642,3,608498,0,0,28.79,93370.73,39.40,302779.41,b0
765289819,4,608545,0,0,29.05,93390.18,38.76,208724.02,b0
765281116,5,608591,0,0,29.80,93420.34,36.81,225401.72,b0
765280092,6,608637,0,0,29.76,93414.23,36.63,202171.77,b0
765271896,7,608683,0,0,29.86,93409.14,37.47,196809.53,b0
765285466,8,608729,0,0,29.64,93386.01,37.31,259898.48,b0
765274459,1,608775,0,0,28.37,93389.70,40.41,206952.30,b0
765272923,2,608822,0,0,28.49,93413.42,40.54,205581.20,b0
765271642,3,608868,0,0,28.78,93374.46,39.37,302511.09,b0
765289819,4,608914,0,0,29.04,93390.30,38.75,207961.00,b0
765281116,5,608960,0,0,29.79,93420.02,36.78,226148.41,b0
765280092,6,609006,0,0,29.76,93415.63,36.61,201813.17,b0
765271896,7,609052,0,0,29.86,93410.25,37.46,198873.56,b0
765285466,8,609098,0,0,29.64,93387.29,37.31,258716.53,b0
765274459,1,609145,0,0,28.36,93388.45,40.38,207203.56,b0
765272923,2,609191,0,0,28.47,93414.09,40.52,206326.81,b0
765271642,3,609237,0,0,28.76,93372.16,39.37,301442.44,b0
765289819,4,609283,0,0,29.01,93387.24,38.72,207707.91,b0
765281116,5,609329,0,0,29.77,93418.98,36.79,226448.47,b0
765280092,6,609375,0,0,29.75,93416.07,36.61,202171.77,b0
765271896,7,609421,0,0,29.85,93408.42,37.48,196923.08,b0
765285466,8,609467,0,0,29.64,93386.61,37.32,259109.31,b0
765274459,1,609514,0,0,28.34,93388.85,40.38,207329.42,b0
765272923,2,609560,0,0,28.44,93412.94,40.50,205333.88,b0
765271642,3,609606,0,0,28.75,93374.06,39.37,304671.22,b0
765289819,4,609652,0,0,28.99,93389.09,38.72,208979.59,b0
765281116,5,609698,0,0,29.78,93420.85,36.78,227505.00,b0
765280092,6,609744,0,0,29.76,93415.28,36.62,200863.08,b0
765271896,7,609790,0,0,29.88,93409.98,37.47,198526.56,b0
765285466,8,609837,0,0,29.65,93384.69,37.30,260692.47,b0
765274459,1,609883,0,0,28.33,93390.70,40.38,206826.91,b0
765272923,2,609929,0,0,28.44,93412.58,40.49,206202.17,b0
765271642,3,609975,0,0,28.73,93372.29,39.35,304399.53,b0
765289819,4,610021,0,0,28.97,93387.76,38.71,208596.45,b0
765281116,5,610067,0,0,29.80,93419.75,36.79,227202.13,b0
765280092,6,610114,0,0,29.78,93415.98,36.62,202411.55,b0
765271896,7,610160,0,0,29.89,93409.91,37.45,197607.09,b0
765285466,8,610206,0,0,29.66,93384.99,37.30,260294.86,b0
765274459,1,610252,0,0,28.31,93388.19,40.35,207581.59,b0
765272923,2,610298,0,0,28.43,93413.45,40.47,207203.56,b0
765271642,3,610344,0,0,28.73,93373.19,39.35,304128.31,b0
765289819,4,610390,0,0,28.98,93389.41,38.70,209879.08,b0
765281116,5,610437,0,0,29.82,93419.73,36.77,226598.81,b0
765280092,6,610483,0,0,29.78,93415.66,36.63,201099.77,b0
765271896,7,610529,0,0,29.91,93408.96,37.45,197607.09,b0
765285466,8,610575,0,0,29.67,93384.21,37.31,260294.86,b0
765274459,1,610621,0,0,28.31,93388.91,40.36,208341.81,b0
765272923,2,610667,0,0,28.42,93412.16,40.46,207455.42,b0
765271642,3,610714,0,0,28.74,93372.95,39.35,303048.25,b0
765289819,4,610760,0,0,28.99,93389.09,38.70,209235.80,b0
765281116,5,610806,0,0,29.83,93419.47,36.79,225104.42,b0
765280092,6,610852,0,0,29.81,93416.12,36.62,202052.09,b0
765271896,7,610898,0,0,29.92,93411.02,37.46,197950.91,b0
765285466,8,610944,0,0,29.68,93385.95,37.28,259898.48,b0
765274459,1,610991,0,0,28.31,93387.82,40.35,209235.80,b0
765272923,2,611037,0,0,28.43,93413.09,40.47,207077.86,b0
765271642,3,611083,0,0,28.76,93373.45,39.35,304128.31,b0
765289819,4,611129,0,0,29.01,93388.53,38.70,208724.02,b0
765281116,5,611175,0,0,29.84,93419.37,36.78,227202.13,b0
765280092,6,611221,0,0,29.81,93417.60,36.60,202411.55,b0
765271896,7,611267,0,0,29.92,93409.40,37.46,196923.08,b0
765285466,8,611313,0,0,29.69,93384.75,37.30,259700.73,b0
765274459,1,611360,0,0,28.33,93387.95,40.37,208851.72,b0
765272923,2,611406,0,0,28.45,93412.80,40.44,207581.59,b0
765271642,3,611452,0,0,28.78,93371.20,39.34,304128.31,b0
765289819,4,611498,0,0,29.03,93387.76,38.69,209364.14,b0
765281116,5,611544,0,0,29.84,93420.11,36.77,225252.97,b0
765280092,6,611590,0,0,29.81,93415.82,36.60,200273.81,b0
765271896,7,611636,0,0,29.93,93409.64,37.45,197264.50,b0
765285466,8,611682,0,0,29.70,93387.38,37.30,259898.48,b0
765274459,1,611729,0,0,28.35,93389.38,40.35,208724.02,b0
765272923,2,611775,0,0,28.47,93412.66,40.46,207581.59,b0
765271642,3,611821,0,0,28.79,93372.74,39.34,303587.31,b0
765289819,4,611867,0,0,29.05,93388.74,38.69,209364.14,b0
765281116,5,611913,0,0,29.84,93419.96,36.78,226448.47,b0
765280092,6,611959,0,0,29.82,93415.59,36.62,200744.95,b0
765271896,7,612005,0,0,29.94,93410.80,37.47,196243.77,b0
765285466,8,612052,0,0,29.69,93385.52,37.30,258324.92,b0
765274459,1,612098,0,0,28.35,93388.27,40.34,208087.78,b0
765272923,2,612144,0,0,28.49,93413.98,40.45,207077.86,b0
765271642,3,612190,0,0,28.80,93372.80,39.35,305489.25,b0
765289819,4,612236,0,0,29.06,93388.99,38.70,209364.14,b0
765281116,5,612282,0,0,29.85,93419.90,36.77,225699.80,b0
765280092,6,612329,0,0,29.83,93414.05,36.61,200981.36,b0
765271896,7,612375,0,0,29.94,93409.73,37.44,196469.69,b0
765285466,8,612421,0,0,29.70,93385.09,37.30,259306.16,b0
765274459,1,612467,0,0,28.36,93388.61,40.33,208469.06,b0
765272923,2,612513,0,0,28.50,93413.45,40.44,207707.91,b0
765271642,3,612559,0,0,28.80,93373.89,39.34,305762.91,b0
765289819,4,612606,0,0,29.07,93389.04,38.69,209235.80,b0
765281116,5,612652,0,0,29.88,93419.55,36.79,225104.42,b0
765280092,6,612698,0,0,29.84,93415.45,36.59,200863.08,b0
765271896,7,612744,0,0,29.95,93409.26,37.48,197036.75,b0
765285466,8,612790,0,0,29.71,93386.09,37.31,259700.73,b0
765274459,1,612836,0,0,28.36,93388.08,40.32,209235.80,b0
765272923,2,612882,0,0,28.51,93411.30,40.44,208087.78,b0
765271642,3,612929,0,0,28.80,93370.80,39.33,305216.09,b0
765289819,4,612975,0,0,29.07,93390.50,38.71,209492.64,b0
765281116,5,613021,0,0,29.88,93419.41,36.77,224956.06,b0
765280092,6,613067,0,0,29.85,93416.37,36.60,201099.77,b0
765271896,7,613113,0,0,29.96,93410.42,37.46,195905.88,b0
765285466,8,613159,0,0,29.71,93385.20,37.29,259700.73,b0
765274459,1,613206,0,0,28.36,93387.71,40.34,210008.20,b0
765272923,2,613252,0,0,28.50,93412.36,40.44,207961.00,b0
765271642,3,613298,0,0,28.79,93371.66,39.34,305762.91,b0
765289819,4,613344,0,0,29.07,93388.52,38.70,208469.06,b0
765281116,5,613390,0,0,29.88,93420.87,36.77,225550.66,b0
765280092,6,613436,0,0,29.84,93416.52,36.58,201218.31,b0
765271896,7,613482,0,0,29.96,93408.64,37.45,194899.13,b0
765285466,8,613528,0,0,29.72,93385.41,37.30,259109.31,b0
765274459,1,613575,0,0,28.36,93388.98,40.32,210008.20,b0
765272923,2,613621,0,0,28.50,93412.37,40.44,208341.81,b0
765271642,3,613667,0,0,28.80,93371.20,39.32,306037.06,b0
765289819,4,613713,0,0,29.08,93388.53,38.71,210396.55,b0
765281116,5,613759,0,0,29.88,93418.70,36.77,225104.42,b0
765280092,6,613805,0,0,29.84,93415.08,36.59,200273.81,b0
765271896,7,613851,0,0,29.97,93409.72,37.44,194787.91,b0
765285466,8,613897,0,0,29.72,93385.12,37.28,258912.77,b0
765274459,1,613944,0,0,28.37,93385.32,40.34,209235.80,b0
765272923,2,613990,0,0,28.51,93411.30,40.43,208087.78,b0
765271642,3,614036,0,0,28.80,93370.30,39.31,304943.41,b0
765289819,4,614082,0,0,29.07,93386.37,38.70,211177.56,b0
765281116,5,614128,0,0,29.89,93419.65,36.78,225849.14,b0
765280092,6,614174,0,0,29.85,93415.84,36.59,201099.77,b0
765271896,7,614221,0,0,29.97,93407.44,37.45,195793.50,b0
765285466,8,614267,0,0,29.73,93383.06,37.29,258520.58,b0
765274459,1,614313,0,0,28.38,93387.48,40.33,209107.61,b0
765272923,2,614359,0,0,28.51,93411.30,40.44,208596.45,b0
765271642,3,614405,0,0,28.80,93372.27,39.33,307138.56,b0
765289819,4,614451,0,0,29.07,93387.77,38.69,209621.30,b0
765281116,5,614497,0,0,29.90,93419.56,36.78,224070.02,b0
765280092,6,614544,0,0,29.85,93414.63,36.59,201813.17,b0
765271896,7,614590,0,0,29.98,93409.25,37.45,195681.25,b0
765285466,8,614636,0,0,29.72,93383.30,37.28,258520.58,b0
765274459,1,614682,0,0,28.38,93387.13,40.33,208724.02,b0
765272923,2,614728,0,0,28.51,93412.56,40.42,208596.45,b0
765271642,3,614774,0,0,28.79,93369.90,39.31,306862.44,b0
765289819,4,614821,0,0,29.07,93388.32,38.69,210266.94,b0
765281116,5,614867,0,0,29.89,93419.86,36.77,225849.14,b0
765280092,6,614913,0,0,29.86,93416.48,36.58,200156.38,b0
765271896,7,614959,0,0,29.97,93410.64,37.44,195793.50,b0
765285466,8,615005,0,0,29.72,93384.91,37.27,258716.53,b0
765274459,1,615051,0,0,28.38,93388.95,40.32,210008.20,b0
765272923,2,615098,0,0,28.50,93411.83,40.41,208851.72,b0
765271642,3,615144,0,0,28.80,93371.91,39.30,305489.25,b0
765289819,4,615190,0,0,29.08,93387.99,38.67,209750.11,b0
765281116,5,615236,0,0,29.89,93420.16,36.75,224364.59,b0
765280092,6,615282,0,0,29.84,93413.68,36.56,200626.95,b0
765271896,7,615328,0,0,29.97,93409.91,37.42,196018.38,b0
765285466,8,615374,0,0,29.72,93384.70,37.27,258129.56,b0
765274459,1,615421,0,0,28.38,93388.05,40.31,210916.58,b0
765272923,2,615467,0,0,28.50,93411.82,40.39,208851.72,b0
765271642,3,615513,0,0,28.81,93371.59,39.32,306586.81,b0
765289819,4,615559,0,0,29.08,93387.84,38.66,211701.47,b0
765281116,5,615605,0,0,29.88,93419.96,36.76,224364.59,b0
765280092,6,615651,0,0,29.84,93415.98,36.57,200626.95,b0
765271896,7,615697,0,0,29.97,93409.72,37.42,195793.50,b0
765285466,8,615743,0,0,29.72,93385.95,37.28,259306.16,b0
765274459,1,615790,0,0,28.37,93388.42,40.29,211046.98,b0
765272923,2,615836,0,0,28.51,93413.30,40.41,207961.00,b0
765271642,3,615882,0,0,28.81,93371.05,39.31,307415.19,b0
765289819,4,615928,0,0,29.09,93386.99,38.66,209364.14,b0
765281116,5,615974,0,0,29.89,93420.19,36.77,224364.59,b0
765280092,6,616020,0,0,29.84,93414.36,36.56,201813.17,b0
765271896,7,616066,0,0,29.97,93409.19,37.42,196469.69,b0
765285466,8,616113,0,0,29.72,93384.76,37.28,259700.73,b0
765274459,1,616159,0,0,28.37,93387.86,40.31,212624.58,b0
765272923,2,616205,0,0,28.50,93411.28,40.41,208851.72,b0
765271642,3,616251,0,0,28.81,93370.57,39.31,307969.94,b0
765289819,4,616297,0,0,29.09,93390.25,38.67,211439.19,b0
765281116,5,616343,0,0,29.89,93420.01,36.75,225699.80,b0
765280092,6,616390,0,0,29.85,93414.59,36.58,201813.17,b0
765271896,7,616436,0,0,29.97,93410.31,37.42,195793.50,b0
765285466,8,616482,0,0,29.72,93386.05,37.28,259306.16,b0
765274459,1,616528,0,0,28.37,93388.97,40.29,211832.84,b0
765272923,2,616574,0,0,28.51,93411.49,40.40,209879.08,b0
765271642,3,616620,0,0,28.82,93371.49,39.31,307692.31,b0
765289819,4,616667,0,0,29.09,93387.57,38.68,210137.50,b0
765281116,5,616713,0,0,29.90,93420.33,36.77,224807.91,b0
765280092,6,616759,0,0,29.85,93415.35,36.56,200863.08,b0
765271896,7,616805,0,0,29.97,93409.40,37.42,195905.88,b0
765285466,8,616851,0,0,29.73,93383.78,37.29,257934.52,b0
765274459,1,616897,0,0,28.37,93388.78,40.29,210656.25,b0
765272923,2,616943,0,0,28.52,93413.32,40.40,210137.50,b0
765271642,3,616990,0,0,28.82,93370.59,39.31,309085.41,b0
765289819,4,617036,0,0,29.09,93386.68,38.65,211046.98,b0
765281116,5,617082,0,0,29.91,93420.58,36.77,223923.03,b0
765280092,6,617128,0,0,29.86,93415.62,36.58,200863.08,b0
765271896,7,617174,0,0,29.98,93409.95,37.44,196243.77,b0
765285466,8,617220,0,0,29.73,93381.96,37.28,258129.56,b0
765274459,1,617267,0,0,28.38,93388.94,40.29,211964.39,b0
765272923,2,617313,0,0,28.52,93411.88,40.40,210137.50,b0
765271642,3,617359,0,0,28.82,93372.77,39.32,309085.41,b0
765289819,4,617405,0,0,29.10,93387.77,38.65,210656.25,b0
765281116,5,617451,0,0,29.92,93420.09,36.76,225401.72,b0
765280092,6,617497,0,0,29.87,93414.28,36.58,199687.98,b0
765271896,7,617543,0,0,29.98,93410.32,37.44,195457.14,b0
765285466,8,617589,0,0,29.74,93385.13,37.29,258912.77,b0
765274459,1,617636,0,0,28.39,93387.84,40.30,212227.98,b0
765272923,2,617682,0,0,28.54,93411.91,40.39,210266.94,b0
765271642,3,617728,0,0,28.82,93371.17,39.29,308526.66,b0
765289819,4,617774,0,0,29.11,93387.64,38.65,211177.56,b0
765281116,5,617820,0,0,29.92,93419.56,36.77,224217.20,b0
765280092,6,617866,0,0,29.87,93414.84,36.58,200273.81,b0
765271896,7,617912,0,0,29.99,93410.76,37.44,195233.56,b0
765285466,8,617958,0,0,29.74,93384.63,37.31,258324.92,b0
765274459,1,618005,0,0,28.39,93387.48,40.29,211046.98,b0
765272923,2,618051,0,0,28.55,93410.84,40.38,210008.20,b0
765271642,3,618097,0,0,28.83,93374.29,39.31,307969.94,b0
765289819,4,618143,0,0,29.11,93386.75,38.64,210786.33,b0
765281116,5,618189,0,0,29.92,93419.02,36.77,224956.06,b0
765280092,6,618235,0,0,29.87,93414.64,36.59,200391.39,b0
765271896,7,618282,0,0,29.98,93409.66,37.45,194455.00,b0
765285466,8,618328,0,0,29.74,93384.47,37.28,258324.92,b0
765274459,1,618374,0,0,28.39,93388.00,40.28,212360.02,b0
765272923,2,618420,0,0,28.55,93411.77,40.38,210137.50,b0
765271642,3,618466,0,0,28.82,93371.13,39.29,308805.78,b0
765289819,4,618512,0,0,29.11,93387.45,38.64,211439.19,b0
765281116,5,618558,0,0,29.92,93419.90,36.77,225401.72,b0
765280092,6,618605,0,0,29.86,93414.58,36.59,201813.17,b0
765271896,7,618651,0,0,29.99,93410.21,37.45,196582.84,b0
765285466,8,618697,0,0,29.73,93384.00,37.30,258520.58,b0
765274459,1,618743,0,0,28.38,93388.96,40.29,211964.39,b0
765272923,2,618789,0,0,28.55,93412.86,40.38,210396.55,b0
765271642,3,618835,0,0,28.81,93370.16,39.30,308526.66,b0
765289819,4,618882,0,0,29.10,93387.80,38.64,211701.47,b0
765281116,5,618928,0,0,29.90,93419.37,36.76,226749.33,b0
765280092,6,618974,0,0,29.84,93415.09,36.56,201099.77,b0
765271896,7,619020,0,0,29.97,93409.40,37.44,196809.53,b0
765285466,8,619066,0,0,29.73,93384.67,37.30,258912.77,b0
765274459,1,619112,0,0,28.37,93387.70,40.27,213422.27,b0
765272923,2,619159,0,0,28.53,93411.90,40.37,210396.55,b0
765271642,3,619205,0,0,28.81,93373.02,39.28,310773.91,b0
765289819,4,619251,0,0,29.09,93388.24,38.64,211439.19,b0
765281116,5,619297,0,0,29.87,93418.80,36.76,224364.59,b0
765280092,6,619343,0,0,29.83,93415.85,36.56,203013.48,b0
765271896,7,619389,0,0,29.96,93410.20,37.46,197721.56,b0
765285466,8,619435,0,0,29.72,93384.57,37.28,259306.16,b0
765274459,1,619482,0,0,28.37,93389.70,40.27,213689.48,b0
765272923,2,619528,0,0,28.52,93412.78,40.37,210656.25,b0
765271642,3,619574,0,0,28.79,93370.26,39.28,311340.84,b0
765289819,4,619620,0,0,29.07,93388.71,38.62,211832.84,b0
765281116,5,619666,0,0,29.85,93418.05,36.75,226448.47,b0
765280092,6,619712,0,0,29.82,93417.20,36.57,201337.00,b0
765271896,7,619758,0,0,29.94,93409.40,37.46,196018.38,b0
765285466,8,619804,0,0,29.71,93383.60,37.28,260294.86,b0
765274459,1,619851,0,0,28.36,93388.08,40.26,214091.58,b0
765272923,2,619897,0,0,28.49,93411.25,40.35,211832.84,b0
765271642,3,619943,0,0,28.79,93372.70,39.27,309646.22,b0
765289819,4,619989,0,0,29.06,93387.56,38.63,213555.78,b0
765281116,5,620035,0,0,29.84,93419.02,36.73,226598.81,b0
765280092,6,620081,0,0,29.81,93414.58,36.58,202651.89,b0
765271896,7,620127,0,0,29.94,93409.88,37.44,197036.75,b0
765285466,8,620174,0,0,29.72,93385.24,37.26,261091.28,b0
765274459,1,620220,0,0,28.35,93388.64,40.26,214360.48,b0
765272923,2,620266,0,0,28.47,93412.10,40.35,212360.02,b0
765271642,3,620312,0,0,28.78,93370.88,39.26,311625.06,b0
765289819,4,620358,0,0,29.05,93388.54,38.61,212624.58,b0
765281116,5,620404,0,0,29.83,93420.61,36.72,227960.81,b0
765280092,6,620451,0,0,29.82,93417.68,36.57,203255.27,b0
765271896,7,620497,0,0,29.94,93410.59,37.43,197378.56,b0
765285466,8,620543,0,0,29.72,93386.00,37.27,260891.72,b0
765274459,1,620589,0,0,28.34,93388.12,40.25,213555.78,b0
765272923,2,620635,0,0,28.45,93409.16,40.32,212889.81,b0
765271642,3,620681,0,0,28.78,93372.65,39.27,312480.94,b0
765289819,4,620728,0,0,29.04,93388.50,38.61,213022.67,b0
765281116,5,620774,0,0,29.83,93417.86,36.72,228571.42,b0
765280092,6,620820,0,0,29.81,93418.33,36.55,203376.36,b0
765271896,7,620866,0,0,29.94,93410.98,37.41,197950.91,b0
765285466,8,620912,0,0,29.72,93385.24,37.28,260692.47,b0
765274459,1,620958,0,0,28.33,93390.70,40.25,214360.48,b0
765272923,2,621004,0,0,28.45,93413.67,40.32,212227.98,b0
765271642,3,621051,0,0,28.76,93371.99,39.24,313341.50,b0
765289819,4,621097,0,0,29.03,93388.99,38.59,212757.11,b0
765281116,5,621143,0,0,29.84,93419.55,36.72,227051.00,b0
765280092,6,621189,0,0,29.82,93413.77,36.54,204228.16,b0
765271896,7,621235,0,0,29.95,93410.37,37.42,197950.91,b0
765285466,8,621281,0,0,29.73,93384.99,37.25,261691.80,b0
765274459,1,621328,0,0,28.32,93389.98,40.24,213555.78,b0
765272923,2,621374,0,0,28.45,93414.26,40.32,213155.70,b0
765271642,3,621420,0,0,28.75,93371.59,39.24,314786.34,b0
765289819,4,621466,0,0,29.03,93387.23,38.59,214495.19,b0
765281116,5,621512,0,0,29.84,93419.06,36.71,228877.97,b0
765280092,6,621558,0,0,29.83,93415.29,36.53,203255.27,b0
765271896,7,621604,0,0,29.97,93408.84,37.41,198873.56,b0
765285466,8,621650,0,0,29.73,93384.84,37.25,260692.47,b0
765274459,1,621697,0,0,28.31,93388.19,40.24,215715.19,b0
765272923,2,621743,0,0,28.47,93414.09,40.32,213555.78,b0
765271642,3,621789,0,0,28.76,93373.09,39.26,313629.41,b0
765289819,4,621835,0,0,29.05,93388.74,38.58,214495.19,b0
765281116,5,621881,0,0,29.85,93419.13,36.71,229031.53,b0
765280092,6,621927,0,0,29.84,93416.30,36.55,203862.23,b0
765271896,7,621973,0,0,29.98,93409.95,37.41,197721.56,b0
765285466,8,622019,0,0,29.74,93384.95,37.26,261691.80,b0
765274459,1,622066,0,0,28.32,93388.52,40.25,215851.61,b0
765272923,2,622112,0,0,28.49,93413.60,40.31,213288.89,b0
765271642,3,622158,0,0,28.78,93372.45,39.24,313629.41,b0
765289819,4,622204,0,0,29.07,93388.13,38.58,213689.48,b0
765281116,5,622250,0,0,29.88,93422.09,36.71,228724.59,b0
765280092,6,622296,0,0,29.85,93416.99,36.52,203376.36,b0
765271896,7,622343,0,0,29.99,93410.27,37.38,197836.17,b0
765285466,8,622389,0,0,29.74,93384.82,37.24,259898.48,b0
765274459,1,622435,0,0,28.33,93388.49,40.23,215578.95,b0
765272923,2,622481,0,0,28.50,93411.65,40.32,212889.81,b0
765271642,3,622527,0,0,28.79,93372.52,39.23,314496.31,b0
765289819,4,622573,0,0,29.08,93388.02,38.58,214765.09,b0
765281116,5,622619,0,0,29.89,93422.54,36.72,227656.73,b0
765280092,6,622666,0,0,29.86,93417.09,36.52,203619.02,b0
765271896,7,622712,0,0,29.99,93410.97,37.40,197607.09,b0
765285466,8,622758,0,0,29.75,93385.08,37.24,260891.72,b0
765274459,1,622804,0,0,28.35,93391.56,40.24,215171.25,b0
765272923,2,622850,0,0,28.52,93415.32,40.31,213823.34,b0
765271642,3,622896,0,0,28.80,93373.89,39.24,313341.50,b0
765289819,4,622943,0,0,29.09,93388.60,38.58,214630.06,b0
765281116,5,622989,0,0,29.90,93421.21,36.71,227505.00,b0
765280092,6,623035,0,0,29.87,93417.51,36.51,204350.42,b0
765271896,7,623081,0,0,29.99,93410.45,37.39,197492.77,b0
765285466,8,623127,0,0,29.75,93384.01,37.22,260891.72,b0
765274459,1,623173,0,0,28.35,93391.55,40.23,214765.09,b0
765272923,2,623220,0,0,28.53,93413.52,40.31,213422.27,b0
765271642,3,623266,0,0,28.80,93373.71,39.22,312767.25,b0
765289819,4,623312,0,0,29.10,93387.59,38.58,216124.95,b0
765281116,5,623358,0,0,29.91,93421.63,36.71,227353.47,b0
765280092,6,623404,0,0,29.87,93416.99,36.51,203376.36,b0
765271896,7,623450,0,0,30.01,93413.73,37.37,196809.53,b0
765285466,8,623496,0,0,29.76,93386.41,37.21,260891.72,b0
765274459,1,623543,0,0,28.36,93391.54,40.24,215851.61,b0
765272923,2,623589,0,0,28.53,93413.70,40.30,213288.89,b0
765271642,3,623635,0,0,28.80,93372.47,39.24,314786.34,b0
765289819,4,623681,0,0,29.10,93389.23,38.58,216673.72,b0
765281116,5,623727,0,0,29.92,93420.50,36.70,229185.31,b0
765280092,6,623773,0,0,29.88,93418.31,36.49,203255.27,b0
765271896,7,623819,0,0,30.00,93410.52,37.39,197721.56,b0
765285466,8,623865,0,0,29.76,93386.38,37.22,261691.80,b0
765274459,1,623912,0,0,28.36,93389.73,40.23,216261.88,b0
765272923,2,623958,0,0,28.53,93414.64,40.30,213957.38,b0
765271642,3,624004,0,0,28.81,93372.68,39.23,314786.34,b0
765289819,4,624050,0,0,29.11,93388.72,38.56,214495.19,b0
765281116,5,624096,0,0,29.93,93423.07,36.69,227960.81,b0
765280092,6,624142,0,0,29.87,93416.99,36.49,202531.64,b0
765271896,7,624188,0,0,30.01,93412.13,37.36,198526.56,b0
765285466,8,624235,0,0,29.76,93387.51,37.21,260692.47,b0
765274459,1,624281,0,0,28.36,93389.90,40.24,216536.27,b0
765272923,2,624327,0,0,28.54,93413.19,40.29,213422.27,b0
765271642,3,624373,0,0,28.81,93372.89,39.23,314786.34,b0
765289819,4,624419,0,0,29.11,93389.43,38.56,215851.61,b0
765281116,5,624465,0,0,29.93,93422.19,36.70,227505.00,b0
765280092,6,624512,0,0,29.87,93417.35,36.51,203376.36,b0
765271896,7,624558,0,0,30.01,93411.96,37.36,197836.17,b0
765285466,8,624604,0,0,29.76,93387.13,37.23,260096.52,b0
765274459,1,624650,0,0,28.37,93390.43,40.24,215715.19,b0
765272923,2,624696,0,0,28.54,93413.93,40.27,214630.06,b0
765271642,3,624742,0,0,28.82,93373.14,39.22,314786.34,b0
765289819,4,624788,0,0,29.12,93390.59,38.56,216673.72,b0
765281116,5,624835,0,0,29.93,93422.20,36.68,228724.59,b0
765280092,6,624881,0,0,29.87,93418.47,36.49,203497.61,b0
765271896,7,624927,0,0,30.00,93412.11,37.39,198180.77,b0
765285466,8,624973,0,0,29.76,93387.63,37.22,262093.67,b0
765274459,1,625019,0,0,28.38,93391.30,40.23,214900.31,b0
765272923,2,625065,0,0,28.55,93414.14,40.29,213957.38,b0
765271642,3,625112,0,0,28.83,93373.72,39.22,315076.94,b0
765289819,4,625158,0,0,29.13,93390.80,38.57,214495.19,b0
765281116,5,625204,0,0,29.92,93422.63,36.68,227353.47,b0
765280092,6,625250,0,0,29.87,93415.17,36.48,204472.84,b0
765271896,7,625296,0,0,29.99,93412.76,37.37,198065.77,b0
765285466,8,625342,0,0,29.74,93387.80,37.19,262093.67,b0
765274459,1,625389,0,0,28.40,93390.20,40.22,216398.98,b0
765272923,2,625435,0,0,28.56,93415.24,40.28,213957.38,b0
765271642,3,625481,0,0,28.83,93372.14,39.21,314496.31,b0
765289819,4,625527,0,0,29.14,93391.03,38.56,216398.98,b0
765281116,5,625573,0,0,29.92,93422.27,36.68,228265.72,b0
765280092,6,625619,0,0,29.87,93416.08,36.48,204106.05,b0
765271896,7,625665,0,0,29.99,93412.87,37.36,198180.77,b0
765285466,8,625711,0,0,29.73,93386.06,37.18,262295.09,b0
765274459,1,625758,0,0,28.40,93391.09,40.22,215988.19,b0
765272923,2,625804,0,0,28.56,93413.80,40.27,214091.58,b0
765271642,3,625850,0,0,28.84,93374.16,39.21,313629.41,b0
765289819,4,625896,0,0,29.14,93390.69,38.54,215715.19,b0
765281116,5,625942,0,0,29.93,93422.17,36.67,227960.81,b0
765280092,6,625988,0,0,29.87,93418.28,36.47,202651.89,b0
765271896,7,626034,0,0,29.98,93411.91,37.37,199338.14,b0
765285466,8,626080,0,0,29.73,93386.59,37.17,262496.78,b0
765274459,1,626127,0,0,28.40,93390.54,40.23,216398.98,b0
765272923,2,626173,0,0,28.56,93413.59,40.28,214091.58,b0
765271642,3,626219,0,0,28.84,93373.95,39.21,315368.03,b0
765289819,4,626265,0,0,29.13,93390.84,38.54,215442.88,b0
765281116,5,626311,0,0,29.92,93422.15,36.68,230267.59,b0
765280092,6,626357,0,0,29.87,93417.66,36.47,203862.23,b0
765271896,7,626404,0,0,29.98,93412.45,37.37,197036.75,b0
765285466,8,626450,0,0,29.73,93389.00,37.17,263103.81,b0
765274459,1,626496,0,0,28.39,93391.66,40.23,216261.88,b0
765272923,2,626542,0,0,28.54,93415.55,40.26,214495.19,b0
765271642,3,626588,0,0,28.82,93374.72,39.22,315659.69,b0
765289819,4,626634,0,0,29.11,93388.90,38.53,217502.13,b0
765281116,5,626681,0,0,29.91,93422.56,36.66,228724.59,b0
765280092,6,626727,0,0,29.86,93417.55,36.46,204472.84,b0
765271896,7,626773,0,0,29.98,93412.45,37.35,199687.98,b0
765285466,8,626819,0,0,29.72,93386.90,37.17,263510.03,b0
765274459,1,626865,0,0,28.37,93389.70,40.23,215578.95,b0
765272923,2,626911,0,0,28.52,93415.32,40.27,214630.06,b0
765271642,3,626957,0,0,28.81,93373.73,39.20,317420.97,b0
765289819,4,627004,0,0,29.08,93389.48,38.52,216261.88,b0
765281116,5,627050,0,0,29.90,93422.08,36.64,228418.47,b0
765280092,6,627096,0,0,29.86,93417.25,36.45,204718.11,b0
765271896,7,627142,0,0,29.97,93411.86,37.35,198873.56,b0
765285466,8,627188,0,0,29.72,93387.62,37.16,263713.63,b0
765274459,1,627234,0,0,28.38,93390.60,40.23,217225.28,b0
765272923,2,627281,0,0,28.51,93415.48,40.25,215035.70,b0
765271642,3,627327,0,0,28.80,93373.90,39.20,316244.59,b0
765289819,4,627373,0,0,29.08,93390.37,38.52,215442.88,b0
765281116,5,627419,0,0,29.87,93421.13,36.64,229493.50,b0
765280092,6,627465,0,0,29.85,93416.58,36.45,205210.42,b0
765271896,7,627511,0,0,29.96,93413.09,37.34,198989.50,b0
765285466,8,627557,0,0,29.72,93388.98,37.18,264326.28,b0
765274459,1,627604,0,0,28.37,93390.96,40.20,217225.28,b0
765272923,2,627650,0,0,28.50,93417.82,40.22,215715.19,b0
765271642,3,627696,0,0,28.81,93374.30,39.19,315076.94,b0
765289819,4,627742,0,0,29.07,93389.24,38.50,216811.34,b0
765281116,5,627788,0,0,29.85,93420.02,36.63,229647.91,b0
765280092,6,627834,0,0,29.82,93417.38,36.44,205087.13,b0
765271896,7,627880,0,0,29.94,93412.38,37.32,199687.98,b0
765285466,8,627926,0,0,29.71,93388.41,37.16,265147.59,b0
765274459,1,627973,0,0,28.37,93391.34,40.19,218057.92,b0
765272923,2,628019,0,0,28.47,93413.20,40.23,215715.19,b0
765271642,3,628065,0,0,28.79,93373.64,39.17,316537.88,b0
765289819,4,628111,0,0,29.04,93390.48,38.49,217225.28,b0
765281116,5,628157,0,0,29.83,93421.08,36.63,231831.56,b0
765280092,6,628203,0,0,29.81,93417.23,36.45,205953.34,b0
765271896,7,628249,0,0,29.91,93410.23,37.33,200039.06,b0
765285466,8,628296,0,0,29.71,93389.42,37.14,265147.59,b0
765274459,1,628342,0,0,28.34,93389.94,40.18,217502.13,b0
765272923,2,628388,0,0,28.45,93415.52,40.23,215988.19,b0
765271642,3,628434,0,0,28.77,93373.29,39.17,317420.97,b0
765289819,4,628480,0,0,29.01,93389.95,38.49,216673.72,b0
765281116,5,628526,0,0,29.80,93421.40,36.62,230267.59,b0
765280092,6,628573,0,0,29.82,93418.56,36.43,205333.88,b0
765271896,7,628619,0,0,29.92,93412.41,37.34,200744.95,b0
765285466,8,628665,0,0,29.71,93387.29,37.15,263713.63,b0
765274459,1,628711,0,0,28.31,93391.09,40.18,216949.16,b0
765272923,2,628757,0,0,28.44,93415.30,40.23,215442.88,b0
765271642,3,628803,0,0,28.75,93376.76,39.16,318308.97,b0
765289819,4,628850,0,0,29.00,93391.48,38.48,216811.34,b0
765281116,5,628896,0,0,29.79,93420.97,36.62,231046.94,b0
765280092,6,628942,0,0,29.82,93418.71,36.42,205829.14,b0
765271896,7,628988,0,0,29.92,93412.60,37.32,200391.39,b0
765285466,8,629034,0,0,29.72,93389.34,37.17,265353.72,b0
765274459,1,629080,0,0,28.29,93392.58,40.17,217640.81,b0
765272923,2,629126,0,0,28.42,93416.70,40.22,215988.19,b0
765271642,3,629173,0,0,28.74,93374.89,39.16,318606.09,b0
765289819,4,629219,0,0,28.97,93389.72,38.47,217640.81,b0
765281116,5,629265,0,0,29.80,93420.81,36.61,231046.94,b0
765280092,6,629311,0,0,29.81,93417.09,36.43,206451.61,b0
765271896,7,629357,0,0,29.92,93411.20,37.30,200626.95,b0
765285466,8,629403,0,0,29.71,93387.49,37.15,264531.13,b0
765274459,1,629450,0,0,28.28,93391.70,40.17,217640.81,b0
765272923,2,629496,0,0,28.41,93416.31,40.21,216261.88,b0
765271642,3,629542,0,0,28.72,93375.30,39.17,320100.03,b0
765289819,4,629588,0,0,28.96,93389.69,38.49,217640.81,b0
765281116,5,629634,0,0,29.79,93421.13,36.63,230890.64,b0
765280092,6,629680,0,0,29.81,93418.66,36.43,206952.30,b0
765271896,7,629726,0,0,29.93,93413.92,37.31,201455.83,b0
765285466,8,629772,0,0,29.71,93387.88,37.15,266181.44,b0
765274459,1,629819,0,0,28.28,93392.79,40.17,218197.31,b0
765272923,2,629865,0,0,28.39,93414.09,40.23,215171.25,b0
765271642,3,629911,0,0,28.72,93374.05,39.17,320400.50,b0
765289819,4,629957,0,0,28.98,93392.45,38.50,217502.13,b0
765281116,5,630003,0,0,29.79,93421.31,36.60,232304.91,b0
765280092,6,630049,0,0,29.80,93418.02,36.44,207077.86,b0
765271896,7,630095,0,0,29.93,93412.49,37.30,202171.77,b0
765285466,8,630141,0,0,29.72,93388.80,37.13,266389.19,b0
765274459,1,630188,0,0,28.28,93392.24,40.17,218896.97,b0
765272923,2,630234,0,0,28.39,93415.70,40.23,215715.19,b0
765271642,3,630280,0,0,28.72,93372.63,39.17,318012.44,b0
765289819,4,630326,0,0,28.98,93391.38,38.49,218336.89,b0
765281116,5,630372,0,0,29.80,93421.77,36.62,232146.91,b0
765280092,6,630418,0,0,29.80,93416.45,36.41,206576.56,b0
765271896,7,630465,0,0,29.94,93413.09,37.30,201099.77,b0
765285466,8,630511,0,0,29.71,93388.25,37.14,265353.72,b0
765274459,1,630557,0,0,28.28,93392.62,40.19,218476.64,b0
765272923,2,630603,0,0,28.39,93414.81,40.21,217363.61,b0
765271642,3,630649,0,0,28.72,93374.03,39.18,320100.03,b0
765289819,4,630695,0,0,28.99,93391.05,38.52,217918.70,b0
765281116,5,630742,0,0,29.81,93421.68,36.62,231674.20,b0
765280092,6,630788,0,0,29.81,93417.98,36.40,207203.56,b0
765271896,7,630834,0,0,29.95,93413.75,37.31,201693.91,b0
765285466,8,630880,0,0,29.72,93389.26,37.13,265974.03,b0
765274459,1,630926,0,0,28.27,93391.72,40.18,219178.08,b0
765272923,2,630972,0,0,28.40,93415.75,40.22,216811.34,b0
765271642,3,631018,0,0,28.72,93374.75,39.17,318606.09,b0
765289819,4,631065,0,0,28.99,93388.73,38.51,218756.67,b0
765281116,5,631111,0,0,29.82,93421.62,36.63,232780.17,b0
765280092,6,631157,0,0,29.82,93419.48,36.43,208087.78,b0
765271896,7,631203,0,0,29.96,93412.53,37.30,202171.77,b0
765285466,8,631249,0,0,29.73,93390.43,37.14,264736.31,b0
765274459,1,631295,0,0,28.26,93392.65,40.17,218896.97,b0
765272923,2,631342,0,0,28.39,93413.36,40.23,218057.92,b0
765271642,3,631388,0,0,28.73,93374.46,39.17,320100.03,b0
765289819,4,631434,0,0,29.00,93391.52,38.51,218616.56,b0
765281116,5,631480,0,0,29.84,93421.95,36.64,233098.11,b0
765280092,6,631526,0,0,29.83,93419.02,36.42,206077.69,b0
765271896,7,631572,0,0,29.97,93413.64,37.30,200626.95,b0
765285466,8,631618,0,0,29.73,93388.28,37.12,266181.44,b0
765274459,1,631665,0,0,28.25,93390.67,40.19,218896.97,b0
765272923,2,631711,0,0,28.41,93414.68,40.24,217087.13,b0
765271642,3,631757,0,0,28.74,93374.71,39.20,318012.44,b0
765289819,4,631803,0,0,29.03,93391.47,38.52,218756.67,b0
765281116,5,631849,0,0,29.85,93421.30,36.64,233416.91,b0
765280092,6,631895,0,0,29.83,93417.66,36.42,208341.81,b0
765271896,7,631941,0,0,29.97,93413.69,37.31,202772.28,b0
765285466,8,631987,0,0,29.73,93388.64,37.12,266389.19,b0
765274459,1,632034,0,0,28.26,93392.09,40.19,219601.11,b0
765272923,2,632080,0,0,28.42,93414.34,40.25,217087.13,b0
765271642,3,632126,0,0,28.75,93374.95,39.19,320400.50,b0
765289819,4,632172,0,0,29.03,93390.97,38.53,219178.08,b0
765281116,5,632218,0,0,29.87,93422.21,36.63,232463.11,b0
765280092,6,632264,0,0,29.83,93418.31,36.43,207707.91,b0
765271896,7,632310,0,0,29.97,93412.62,37.30,201932.56,b0
765285466,8,632357,0,0,29.73,93387.75,37.13,265560.16,b0
765274459,1,632403,0,0,28.27,93390.99,40.19,219884.05,b0
765272923,2,632449,0,0,28.43,93415.46,40.27,217087.13,b0
765271642,3,632495,0,0,28.76,93376.26,39.20,320100.03,b0
765289819,4,632541,0,0,29.04,93389.59,38.53,218336.89,b0
765281116,5,632587,0,0,29.87,93423.98,36.63,232621.53,b0
765280092,6,632633,0,0,29.82,93417.55,36.42,206576.56,b0
765271896,7,632680,0,0,29.97,93412.09,37.30,201813.17,b0
765285466,8,632726,0,0,29.74,93386.78,37.13,265974.03,b0
765274459,1,632772,0,0,28.28,93391.70,40.20,219459.92,b0
765272923,2,632818,0,0,28.44,93413.85,40.26,217225.28,b0
765271642,3,632864,0,0,28.76,93373.99,39.19,320100.03,b0
765289819,4,632910,0,0,29.06,93390.96,38.54,217502.13,b0
765281116,5,632957,0,0,29.87,93424.38,36.63,233576.64,b0
765280092,6,633003,0,0,29.83,93417.07,36.41,207707.91,b0
765271896,7,633049,0,0,29.99,93414.70,37.29,201693.91,b0
765285466,8,633095,0,0,29.74,93388.39,37.12,266389.19,b0
765274459,1,633141,0,0,28.29,93392.59,40.23,218616.56,b0
765272923,2,633187,0,0,28.45,93414.23,40.28,217363.61,b0
765271642,3,633234,0,0,28.78,93374.27,39.20,320400.50,b0
765289819,4,633280,0,0,29.07,93389.40,38.55,218476.64,b0
765281116,5,633326,0,0,29.88,93422.25,36.63,231517.06,b0
765280092,6,633372,0,0,29.84,93418.26,36.43,208596.45,b0
765271896,7,633418,0,0,30.00,93412.77,37.30,202531.64,b0
765285466,8,633464,0,0,29.75,93388.13,37.12,266389.19,b0
765274459,1,633511,0,0,28.30,93389.48,40.23,219037.44,b0
765272923,2,633557,0,0,28.46,93416.63,40.28,217779.67,b0
765271642,3,633603,0,0,28.79,93375.96,39.20,320400.50,b0
765289819,4,633649,0,0,29.09,93391.63,38.54,218616.56,b0
765281116,5,633695,0,0,29.89,93422.88,36.63,233416.91,b0
765280092,6,633741,0,0,29.85,93417.09,36.42,207203.56,b0
765271896,7,633787,0,0,30.01,93412.67,37.27,200744.95,b0
765285466,8,633833,0,0,29.76,93387.51,37.11,265974.03,b0
765274459,1,633880,0,0,28.32,93390.91,40.21,217779.67,b0
765272923,2,633926,0,0,28.47,93415.74,40.28,216398.98,b0
765271642,3,633972,0,0,28.80,93372.99,39.20,318606.09,b0
765289819,4,634018,0,0,29.09,93391.31,38.55,220025.78,b0
765281116,5,634064,0,0,29.90,93423.15,36.64,231360.14,b0
765280092,6,634110,0,0,29.85,93415.74,36.42,207329.42,b0
765271896,7,634156,0,0,30.02,93412.91,37.28,202651.89,b0
765285466,8,634202,0,0,29.77,93386.13,37.12,265766.94,b0
765274459,1,634249,0,0,28.33,93391.23,40.22,218896.97,b0
765272923,2,634295,0,0,28.49,93414.71,40.29,216673.72,b0
765271642,3,634341,0,0,28.81,93374.85,39.21,320100.03,b0
765289819,4,634387,0,0,29.11,93391.22,38.54,217779.67,b0
765281116,5,634433,0,0,29.91,93423.79,36.62,231360.14,b0
765280092,6,634479,0,0,29.87,93419.09,36.41,207329.42,b0
765271896,7,634526,0,0,30.02,93413.45,37.28,202171.77,b0
765285466,8,634572,0,0,29.78,93388.05,37.10,265560.16,b0
765274459,1,634618,0,0,28.34,93391.75,40.23,218756.67,b0
765272923,2,634664,0,0,28.50,93414.38,40.29,215851.61,b0
765271642,3,634710,0,0,28.82,93373.80,39.20,317716.41,b0
765289819,4,634756,0,0,29.11,93390.71,38.53,219459.92,b0
765281116,5,634802,0,0,29.92,93423.34,36.64,233098.11,b0
765280092,6,634849,0,0,29.87,93417.35,36.42,207077.86,b0
765271896,7,634895,0,0,30.03,93414.45,37.29,202651.89,b0
765285466,8,634941,0,0,29.78,93388.97,37.11,266181.44,b0
765274459,1,634987,0,0,28.35,93390.29,40.24,217502.13,b0
765272923,2,635033,0,0,28.51,93415.48,40.28,216536.27,b0
765271642,3,635079,0,0,28.82,93374.17,39.20,318012.44,b0
765289819,4,635126,0,0,29.13,93392.05,38.55,217363.61,b0
765281116,5,635172,0,0,29.93,93423.61,36.63,230267.59,b0
765280092,6,635218,0,0,29.87,93416.34,36.40,206576.56,b0
765271896,7,635264,0,0,30.04,93413.77,37.28,201099.77,b0
765285466,8,635310,0,0,29.79,93388.30,37.10,264736.31,b0
765274459,1,635356,0,0,28.37,93392.44,40.23,217918.70,b0
765272923,2,635403,0,0,28.52,93414.97,40.30,215035.70,b0
765271642,3,635449,0,0,28.82,93373.67,39.19,316537.88,b0
765289819,4,635495,0,0,29.14,93393.38,38.54,216811.34,b0
765281116,5,635541,0,0,29.93,93423.43,36.62,233257.41,b0
765280092,6,635587,0,0,29.88,93416.75,36.41,205087.13,b0
765271896,7,635633,0,0,30.05,93413.09,37.26,200039.06,b0
765285466,8,635679,0,0,29.79,93386.15,37.12,264326.28,b0
765274459,1,635726,0,0,28.37,93390.97,40.23,217779.67,b0
765272923,2,635772,0,0,28.53,93415.17,40.28,216124.95,b0
765271642,3,635818,0,0,28.83,93374.23,39.22,318308.97,b0
765289819,4,635864,0,0,29.14,93392.66,38.53,216811.34,b0
765281116,5,635910,0,0,29.94,93421.89,36.62,230578.70,b0
765280092,6,635956,0,0,29.88,93416.62,36.41,206202.17,b0
765271896,7,636002,0,0,30.04,93411.84,37.26,198989.50,b0
765285466,8,636048,0,0,29.79,93388.21,37.11,263917.53,b0
765274459,1,636095,0,0,28.38,93391.50,40.23,217502.13,b0
765272923,2,636141,0,0,28.54,93414.45,40.27,215851.61,b0
765271642,3,636187,0,0,28.83,93372.80,39.18,316244.59,b0
765289819,4,636233,0,0,29.14,93388.89,38.52,216261.88,b0
765281116,5,636279,0,0,29.95,93423.07,36.62,229647.91,b0
765280092,6,636325,0,0,29.88,93417.67,36.40,205953.34,b0
765271896,7,636371,0,0,30.05,93411.52,37.28,198989.50,b0
765285466,8,636418,0,0,29.80,93387.56,37.11,263510.03,b0
765274459,1,636464,0,0,28.38,93392.23,40.23,217225.28,b0
765272923,2,636510,0,0,28.54,93414.12,40.27,215306.98,b0
765271642,3,636556,0,0,28.83,93373.34,39.18,317420.97,b0
765289819,4,636602,0,0,29.14,93390.67,38.52,218616.56,b0
765281116,5,636648,0,0,29.94,93422.70,36.63,230578.70,b0
765280092,6,636695,0,0,29.89,93415.95,36.42,205457.47,b0
765271896,7,636741,0,0,30.03,93411.24,37.26,200391.39,b0
765285466,8,636787,0,0,29.80,93387.55,37.10,263713.63,b0
765274459,1,636833,0,0,28.38,93390.22,40.24,217363.61,b0
765272923,2,636879,0,0,28.54,93413.20,40.29,214495.19,b0
765271642,3,636925,0,0,28.83,93373.57,39.20,315368.03,b0
765289819,4,636971,0,0,29.14,93391.91,38.51,216673.72,b0
765281116,5,637018,0,0,29.93,93420.41,36.62,230578.70,b0
765280092,6,637064,0,0,29.89,93417.05,36.42,204963.97,b0
765271896,7,637110,0,0,30.02,93410.77,37.28,199804.88,b0
765285466,8,637156,0,0,29.80,93388.28,37.11,262295.09,b0
765274459,1,637202,0,0,28.40,93389.46,40.25,216811.34,b0
765272923,2,637248,0,0,28.55,93415.22,40.28,215035.70,b0
765271642,3,637295,0,0,28.84,93372.88,39.19,316537.88,b0
765289819,4,637341,0,0,29.15,93387.50,38.53,217363.61,b0
765281116,5,637387,0,0,29.94,93421.95,36.61,230890.64,b0
765280092,6,637433,0,0,29.89,93416.13,36.43,206326.81,b0
765271896,7,637479,0,0,30.00,93409.44,37.26,200039.06,b0
765285466,8,637525,0,0,29.80,93385.80,37.11,263103.81,b0
765274459,1,637572,0,0,28.40,93389.10,40.24,216673.72,b0
765272923,2,637618,0,0,28.56,93413.42,40.28,213422.27,b0
765271642,3,637664,0,0,28.85,93373.48,39.19,317126.03,b0
765289819,4,637710,0,0,29.15,93387.88,38.50,217225.28,b0
765281116,5,637756,0,0,29.95,93420.40,36.63,230734.56,b0
765280092,6,637802,0,0,29.90,93415.70,36.42,204350.42,b0
765271896,7,637848,0,0,30.01,93409.15,37.29,198526.56,b0
765285466,8,637894,0,0,29.81,93386.02,37.12,262496.78,b0
765274459,1,637941,0,0,28.41,93390.16,40.25,215578.95,b0
765272923,2,637987,0,0,28.57,93412.90,40.28,213689.48,b0
765271642,3,638033,0,0,28.85,93370.47,39.19,315951.88,b0
765289819,4,638079,0,0,29.16,93390.27,38.50,216398.98,b0
765281116,5,638125,0,0,29.95,93420.38,36.61,230112.36,b0
765280092,6,638171,0,0,29.90,93417.49,36.40,205087.13,b0
765271896,7,638217,0,0,30.02,93410.42,37.28,200391.39,b0
765285466,8,638263,0,0,29.82,93385.59,37.12,261491.31,b0
765274459,1,638310,0,0,28.41,93388.69,40.24,214900.31,b0
765272923,2,638356,0,0,28.57,93413.27,40.29,213957.38,b0
765271642,3,638402,0,0,28.86,93371.95,39.18,313629.41,b0
765289819,4,638448,0,0,29.15,93389.50,38.50,215578.95,b0
765281116,5,638494,0,0,29.96,93422.48,36.63,229185.31,b0
765280092,6,638540,0,0,29.91,93415.45,36.42,203497.61,b0
765271896,7,638587,0,0,30.02,93411.34,37.28,199221.80,b0
765285466,8,638633,0,0,29.81,93386.61,37.13,261491.31,b0
765274459,1,638679,0,0,28.42,93388.13,40.25,216261.88,b0
765272923,2,638725,0,0,28.58,93413.47,40.28,213823.34,b0
765271642,3,638771,0,0,28.86,93373.37,39.19,314206.81,b0
765289819,4,638817,0,0,29.16,93388.63,38.50,217502.13,b0
765281116,5,638863,0,0,29.97,93421.47,36.61,230423.05,b0
765280092,6,638910,0,0,29.90,93415.60,36.42,204106.05,b0
765271896,7,638956,0,0,30.02,93411.52,37.28,199221.80,b0
765285466,8,639002,0,0,29.81,93385.56,37.11,261691.80,b0
765274459,1,639048,0,0,28.43,93389.39,40.25,215578.95,b0
765272923,2,639094,0,0,28.59,93413.88,40.28,213957.38,b0
765271642,3,639140,0,0,28.86,93373.40,39.19,316244.59,b0
765289819,4,639187,0,0,29.17,93389.26,38.50,215306.98,b0
765281116,5,639233,0,0,29.96,93420.16,36.62,228724.59,b0
765280092,6,639279,0,0,29.91,93416.70,36.41,203984.06,b0
765271896,7,639325,0,0,30.01,93411.96,37.28,198757.77,b0
765285466,8,639371,0,0,29.82,93384.02,37.11,260891.72,b0
765274459,1,639417,0,0,28.45,93389.91,40.24,215306.98,b0
765272923,2,639464,0,0,28.61,93414.29,40.28,213022.67,b0
765271642,3,639510,0,0,28.87,93371.85,39.19,315076.94,b0
765289819,4,639556,0,0,29.17,93387.80,38.50,214765.09,b0
765281116,5,639602,0,0,29.96,93421.02,36.60,228113.17,b0
765280092,6,639648,0,0,29.91,93415.45,36.41,204595.41,b0
765271896,7,639694,0,0,29.99,93410.39,37.30,198989.50,b0
765285466,8,639740,0,0,29.80,93385.24,37.12,261491.31,b0
765274459,1,639787,0,0,28.46,93386.60,40.25,214495.19,b0
765272923,2,639833,0,0,28.61,93411.92,40.27,212757.11,b0
765271642,3,639879,0,0,28.87,93369.90,39.19,313629.41,b0
765289819,4,639925,0,0,29.18,93389.27,38.51,215851.61,b0
765281116,5,639971,0,0,29.96,93421.38,36.61,229185.31,b0
765280092,6,640017,0,0,29.91,93417.24,36.42,204595.41,b0
765271896,7,640063,0,0,29.98,93409.27,37.29,197492.77,b0
765285466,8,640109,0,0,29.80,93384.89,37.12,263306.75,b0
765274459,1,640156,0,0,28.46,93388.42,40.25,214630.06,b0
765272923,2,640202,0,0,28.62,93413.56,40.27,213288.89,b0
765271642,3,640248,0,0,28.88,93372.42,39.21,314496.31,b0
765289819,4,640294,0,0,29.18,93387.48,38.51,217225.28,b0
765281116,5,640340,0,0,29.96,93420.83,36.61,228113.17,b0
765280092,6,640386,0,0,29.90,93414.30,36.42,203619.02,b0
765271896,7,640432,0,0,29.98,93410.02,37.30,199571.23,b0
765285466,8,640479,0,0,29.80,93385.02,37.13,260096.52,b0
765274459,1,640525,0,0,28.47,93386.57,40.24,214630.06,b0
765272923,2,640571,0,0,28.64,93414.34,40.28,212757.11,b0
765271642,3,640617,0,0,28.88,93371.35,39.19,313917.84,b0
765289819,4,640663,0,0,29.18,93387.53,38.51,214360.48,b0
765281116,5,640709,0,0,29.96,93421.43,36.65,227808.67,b0
765280092,6,640756,0,0,29.90,93415.60,36.43,203619.02,b0
765271896,7,640802,0,0,29.97,93410.11,37.32,198873.56,b0
765285466,8,640848,0,0,29.80,93385.09,37.13,259503.30,b0
765274459,1,640894,0,0,28.48,93389.83,40.25,214495.19,b0
765272923,2,640940,0,0,28.64,93412.90,40.29,212624.58,b0
765271642,3,640986,0,0,28.89,93371.96,39.20,313054.13,b0
765289819,4,641032,0,0,29.18,93388.42,38.53,214360.48,b0
765281116,5,641079,0,0,29.96,93419.72,36.64,228265.72,b0
765280092,6,641125,0,0,29.91,93415.63,36.45,203013.48,b0
765271896,7,641171,0,0,29.96,93410.95,37.34,198642.09,b0
765285466,8,641217,0,0,29.79,93384.47,37.15,259306.16,b0
765274459,1,641263,0,0,28.48,93389.28,40.26,214495.19,b0
765272923,2,641309,0,0,28.63,93413.97,40.32,212757.11,b0
765271642,3,641356,0,0,28.89,93370.91,39.25,315076.94,b0
765289819,4,641402,0,0,29.18,93386.81,38.55,216261.88,b0
765281116,5,641448,0,0,29.96,93420.70,36.67,228418.47,b0
765280092,6,641494,0,0,29.91,93412.82,36.46,201932.56,b0
765271896,7,641540,0,0,29.96,93411.66,37.35,198873.56,b0
765285466,8,641586,0,0,29.80,93384.13,37.16,261291.14,b0
765274459,1,641633,0,0,28.48,93387.82,40.27,213823.34,b0
765272923,2,641679,0,0,28.63,93411.97,40.31,212492.22,b0
765271642,3,641725,0,0,28.89,93370.74,39.26,315076.94,b0
765289819,4,641771,0,0,29.19,93387.20,38.57,216124.95,b0
765281116,5,641817,0,0,29.95,93420.96,36.68,228724.59,b0
765280092,6,641863,0,0,29.90,93414.71,36.48,202531.64,b0
765271896,7,641909,0,0,29.95,93409.26,37.37,198180.77,b0
765285466,8,641955,0,0,29.80,93385.23,37.17,259700.73,b0
765274459,1,642002,0,0,28.48,93388.55,40.28,213957.38,b0
765272923,2,642048,0,0,28.63,93413.05,40.31,212492.22,b0
765271642,3,642094,0,0,28.89,93371.63,39.26,314496.31,b0
765289819,4,642140,0,0,29.19,93387.22,38.56,214495.19,b0
765281116,5,642186,0,0,29.95,93418.24,36.68,229802.52,b0
765280092,6,642232,0,0,29.90,93415.01,36.50,203134.30,b0
765271896,7,642278,0,0,29.93,93410.93,37.38,198526.56,b0
765285466,8,642324,0,0,29.79,93386.56,37.19,259898.48,b0
765274459,1,642371,0,0,28.48,93389.65,40.28,213957.38,b0
765272923,2,642417,0,0,28.63,93411.61,40.31,212492.22,b0
765271642,3,642463,0,0,28.90,93372.95,39.28,313917.84,b0
765289819,4,642509,0,0,29.19,93387.41,38.58,213689.48,b0
765281116,5,642555,0,0,29.94,93419.80,36.69,228877.97,b0
765280092,6,642601,0,0,29.90,93415.36,36.50,203497.61,b0
765271896,7,642648,0,0,29.93,93411.20,37.39,198065.77,b0
765285466,8,642694,0,0,29.79,93386.33,37.19,260294.86,b0
765274459,1,642740,0,0,28.48,93387.64,40.28,214630.06,b0
765272923,2,642786,0,0,28.64,93412.18,40.30,211701.47,b0
765271642,3,642832,0,0,28.90,93369.69,39.27,314786.34,b0
765289819,4,642878,0,0,29.20,93385.29,38.58,214630.06,b0
765281116,5,642925,0,0,29.94,93421.80,36.70,228724.59,b0
765280092,6,642971,0,0,29.90,93415.21,36.49,203376.36,b0
765271896,7,643017,0,0,29.92,93410.13,37.42,198873.56,b0
765285466,8,643063,0,0,29.78,93385.73,37.21,258912.77,b0
765274459,1,643109,0,0,28.50,93389.80,40.27,214765.09,b0
765272923,2,643155,0,0,28.66,93414.23,40.32,212492.22,b0
765271642,3,643201,0,0,28.91,93371.55,39.28,314786.34,b0
765289819,4,643248,0,0,29.21,93386.44,38.58,213823.34,b0
765281116,5,643294,0,0,29.94,93420.26,36.72,228113.17,b0
765280092,6,643340,0,0,29.90,93416.66,36.53,202892.81,b0
765271896,7,643386,0,0,29.91,93410.90,37.43,199221.80,b0
765285466,8,643432,0,0,29.76,93384.28,37.22,261091.28,b0
765274459,1,643478,0,0,28.51,93389.05,40.27,214495.19,b0
765272923,2,643525,0,0,28.67,93412.41,40.31,212492.22,b0
765271642,3,643571,0,0,28.92,93371.09,39.28,313629.41,b0
765289819,4,643617,0,0,29.21,93386.76,38.59,216261.88,b0
765281116,5,643663,0,0,29.94,93421.35,36.72,228571.42,b0
765280092,6,643709,0,0,29.90,93415.16,36.53,203376.36,b0
765271896,7,643755,0,0,29.91,93411.48,37.46,198180.77,b0
765285466,8,643801,0,0,29.76,93386.80,37.22,261091.28,b0
765274459,1,643848,0,0,28.53,93391.38,40.29,214225.94,b0
765272923,2,643894,0,0,28.68,93413.34,40.33,212096.11,b0
765271642,3,643940,0,0,28.93,93372.95,39.29,315076.94,b0
765289819,4,643986,0,0,29.21,93386.80,38.60,214900.31,b0
765281116,5,644032,0,0,29.94,93421.41,36.73,227808.67,b0
765280092,6,644078,0,0,29.90,93416.09,36.52,203134.30,b0
765271896,7,644124,0,0,29.91,93409.85,37.44,199804.88,b0
765285466,8,644170,0,0,29.75,93385.98,37.22,260493.52,b0
765274459,1,644217,0,0,28.53,93389.92,40.29,213422.27,b0
765272923,2,644263,0,0,28.68,93414.07,40.33,212227.98,b0
765271642,3,644309,0,0,28.93,93373.66,39.31,311909.84,b0
765289819,4,644355,0,0,29.22,93387.73,38.58,214900.31,b0
765281116,5,644401,0,0,29.94,93421.35,36.72,229031.53,b0
765280092,6,644447,0,0,29.90,93417.32,36.54,203497.61,b0
765271896,7,644493,0,0,29.90,93409.97,37.46,198757.77,b0
765285466,8,644540,0,0,29.76,93386.38,37.24,260493.52,b0
765274459,1,644586,0,0,28.54,93392.08,40.29,213555.78,b0
765272923,2,644632,0,0,28.69,93415.02,40.31,211832.84,b0
765271642,3,644678,0,0,28.94,93372.66,39.31,312480.94,b0
765289819,4,644724,0,0,29.22,93388.10,38.59,213689.48,b0
765281116,5,644770,0,0,29.94,93421.35,36.72,227960.81,b0
765280092,6,644817,0,0,29.89,93416.20,36.54,203862.23,b0
765271896,7,644863,0,0,29.91,93411.44,37.47,198757.77,b0
765285466,8,644909,0,0,29.75,93386.48,37.23,260294.86,b0
765274459,1,644955,0,0,28.53,93389.18,40.30,213957.38,b0
765272923,2,645001,0,0,28.70,93414.85,40.33,211701.47,b0
765271642,3,645047,0,0,28.93,93371.51,39.31,312195.13,b0
765289819,4,645093,0,0,29.22,93387.41,38.61,213422.27,b0
765281116,5,645140,0,0,29.94,93421.22,36.74,228418.47,b0
765280092,6,645186,0,0,29.90,93418.23,36.56,203255.27,b0
765271896,7,645232,0,0,29.90,93409.98,37.47,198526.56,b0
765285466,8,645278,0,0,29.75,93385.80,37.25,260294.86,b0
765274459,1,645324,0,0,28.53,93390.63,40.31,213288.89,b0
765272923,2,645370,0,0,28.70,93412.86,40.32,211439.19,b0
765271642,3,645417,0,0,28.93,93372.60,39.31,311057.09,b0
765289819,4,645463,0,0,29.23,93387.43,38.59,215306.98,b0
765281116,5,645509,0,0,29.94,93422.27,36.74,229647.91,b0
765280092,6,645555,0,0,29.90,93415.89,36.55,203255.27,b0
765271896,7,645601,0,0,29.89,93411.66,37.49,199338.14,b0
765285466,8,645647,0,0,29.74,93385.00,37.24,261691.80,b0
765274459,1,645694,0,0,28.54,93390.63,40.30,212360.02,b0
765272923,2,645740,0,0,28.71,93413.42,40.32,211832.84,b0
765271642,3,645786,0,0,28.94,93372.66,39.32,312195.13,b0
765289819,4,645832,0,0,29.23,93387.99,38.61,215171.25,b0
765281116,5,645878,0,0,29.93,93420.20,36.75,229647.91,b0
765280092,6,645924,0,0,29.89,93415.26,36.56,203497.61,b0
765271896,7,645970,0,0,29.87,93409.77,37.49,198989.50,b0
765285466,8,646016,0,0,29.73,93385.08,37.24,261291.14,b0
765274459,1,646063,0,0,28.55,93390.25,40.28,212227.98,b0
765272923,2,646109,0,0,28.70,93412.13,40.30,211570.25,b0
765271642,3,646155,0,0,28.93,93370.45,39.29,311057.09,b0
765289819,4,646201,0,0,29.23,93386.70,38.58,212889.81,b0
765281116,5,646247,0,0,29.93,93422.41,36.74,228724.59,b0
765280092,6,646293,0,0,29.88,93415.48,36.56,203984.06,b0
765271896,7,646339,0,0,29.87,93409.77,37.51,199105.58,b0
765285466,8,646385,0,0,29.73,93385.96,37.25,261291.14,b0
765274459,1,646432,0,0,28.54,93388.98,40.29,213422.27,b0
765272923,2,646478,0,0,28.71,93413.61,40.31,212096.11,b0
765271642,3,646524,0,0,28.93,93372.10,39.31,312767.25,b0
765289819,4,646570,0,0,29.23,93385.09,38.59,214630.06,b0
765281116,5,646616,0,0,29.92,93421.05,36.73,229339.31,b0
765280092,6,646662,0,0,29.87,93414.54,36.56,203984.06,b0
765271896,7,646709,0,0,29.88,93410.34,37.50,199338.14,b0
765285466,8,646755,0,0,29.73,93385.53,37.25,262093.67,b0
765274459,1,646801,0,0,28.56,93392.03,40.27,213288.89,b0
765272923,2,646847,0,0,28.71,93413.07,40.29,211964.39,b0
765271642,3,646893,0,0,28.95,93373.66,39.29,311625.06,b0
765289819,4,646939,0,0,29.24,93385.51,38.59,215578.95,b0
765281116,5,646985,0,0,29.93,93420.05,36.74,229647.91,b0
765280092,6,647032,0,0,29.88,93417.34,36.56,203497.61,b0
765271896,7,647078,0,0,29.89,93408.83,37.51,198873.56,b0
765285466,8,647124,0,0,29.73,93385.20,37.25,261491.31,b0
765274459,1,647170,0,0,28.57,93389.29,40.27,213288.89,b0
765272923,2,647216,0,0,28.73,93414.20,40.29,211964.39,b0
765271642,3,647262,0,0,28.95,93369.71,39.29,311340.84,b0
765289819,4,647309,0,0,29.25,93385.39,38.59,213823.34,b0
765281116,5,647355,0,0,29.94,93421.77,36.74,229185.31,b0
765280092,6,647401,0,0,29.89,93415.48,36.56,204595.41,b0
765271896,7,647447,0,0,29.90,93410.35,37.51,199221.80,b0
765285466,8,647493,0,0,29.73,93386.32,37.26,262093.67,b0
765274459,1,647539,0,0,28.58,93388.89,40.24,213022.67,b0
765272923,2,647586,0,0,28.73,93412.22,40.30,211701.47,b0
765271642,3,647632,0,0,28.96,93370.85,39.29,311057.09,b0
765289819,4,647678,0,0,29.25,93385.24,38.58,212889.81,b0
765281116,5,647724,0,0,29.94,93420.13,36.73,229493.50,b0
765280092,6,647770,0,0,29.89,93414.41,36.55,203862.23,b0
765271896,7,647816,0,0,29.91,93409.17,37.52,198642.09,b0
765285466,8,647862,0,0,29.73,93384.13,37.25,260692.47,b0
765274459,1,647909,0,0,28.59,93390.71,40.25,213155.70,b0
765272923,2,647955,0,0,28.74,93412.78,40.28,211701.47,b0
765271642,3,648001,0,0,28.96,93368.88,39.27,313341.50,b0
765289819,4,648047,0,0,29.26,93387.45,38.58,213422.27,b0
765281116,5,648093,0,0,29.96,93420.09,36.73,229185.31,b0
765280092,6,648139,0,0,29.90,93414.68,36.54,204228.16,b0
765271896,7,648185,0,0,29.93,93412.10,37.51,199221.80,b0
765285466,8,648231,0,0,29.74,93386.19,37.26,261691.80,b0
765274459,1,648278,0,0,28.59,93387.98,40.23,212227.98,b0
765272923,2,648324,0,0,28.75,93412.06,40.27,211570.25,b0
765271642,3,648370,0,0,28.97,93371.06,39.26,310773.91,b0
765289819,4,648416,0,0,29.27,93386.05,38.57,213288.89,b0
765281116,5,648462,0,0,29.96,93420.83,36.73,229031.53,b0
765280092,6,648508,0,0,29.92,93415.02,36.55,203740.55,b0
765271896,7,648554,0,0,29.93,93411.29,37.52,198065.77,b0
765285466,8,648601,0,0,29.74,93384.04,37.26,261091.28,b0
765274459,1,648647,0,0,28.59,93390.51,40.23,212889.81,b0
765272923,2,648693,0,0,28.75,93413.34,40.24,210916.58,b0
765271642,3,648739,0,0,28.97,93370.93,39.27,312195.13,b0
765289819,4,648785,0,0,29.28,93385.60,38.56,213555.78,b0
765281116,5,648831,0,0,29.97,93420.74,36.72,228265.72,b0
765280092,6,648878,0,0,29.92,93415.76,36.57,202772.28,b0
765271896,7,648924,0,0,29.94,93410.43,37.53,198526.56,b0
765285466,8,648970,0,0,29.73,93384.28,37.26,261892.58,b0
765274459,1,649016,0,0,28.58,93390.18,40.22,212889.81,b0
765272923,2,649062,0,0,28.75,93412.06,40.22,211701.47,b0
765271642,3,649108,0,0,28.97,93370.34,39.25,310491.22,b0
765289819,4,649155,0,0,29.27,93385.55,38.53,214091.58,b0
765281116,5,649201,0,0,29.96,93420.85,36.73,227808.67,b0
765280092,6,649247,0,0,29.92,93413.29,36.54,203134.30,b0
765271896,7,649293,0,0,29.94,93411.49,37.52,198757.77,b0
765285466,8,649339,0,0,29.72,93386.22,37.25,259700.73,b0
765274459,1,649385,0,0,28.58,93388.72,40.21,213155.70,b0
765272923,2,649431,0,0,28.74,93412.61,40.20,211964.39,b0
765271642,3,649478,0,0,28.95,93370.05,39.24,311057.09,b0
765289819,4,649524,0,0,29.26,93385.80,38.53,212360.02,b0
765281116,5,649570,0,0,29.95,93420.78,36.73,227202.13,b0
765280092,6,649616,0,0,29.92,93415.02,36.54,204228.16,b0
765271896,7,649662,0,0,29.93,93408.58,37.53,198411.16,b0
765285466,8,649708,0,0,29.71,93385.17,37.26,262093.67,b0
765274459,1,649755,0,0,28.56,93388.38,40.18,213422.27,b0
765272923,2,649801,0,0,28.72,93412.73,40.18,211570.25,b0
765271642,3,649847,0,0,28.93,93369.21,39.22,313917.84,b0
765289819,4,649893,0,0,29.25,93386.28,38.51,213422.27,b0
765281116,5,649939,0,0,29.95,93421.45,36.72,228113.17,b0
765280092,6,649985,0,0,29.91,93415.46,36.54,204106.05,b0
765271896,7,650031,0,0,29.93,93410.36,37.52,197492.77,b0
765285466,8,650077,0,0,29.71,93385.34,37.26,260294.86,b0
765274459,1,650124,0,0,28.56,93388.94,40.17,213957.38,b0
765272923,2,650170,0,0,28.72,93413.44,40.17,211832.84,b0
765271642,3,650216,0,0,28.94,93372.15,39.21,312195.13,b0
765289819,4,650262,0,0,29.24,93384.43,38.50,213823.34,b0
765281116,5,650308,0,0,29.94,93419.80,36.69,228571.42,b0
765280092,6,650354,0,0,29.90,93414.88,36.50,203376.36,b0
765271896,7,650400,0,0,29.93,93410.20,37.51,198180.77,b0
765285466,8,650446,0,0,29.70,93384.59,37.26,261691.80,b0
765274459,1,650493,0,0,28.57,93389.84,40.15,213957.38,b0
765272923,2,650539,0,0,28.72,93413.27,40.19,211964.39,b0
765271642,3,650585,0,0,28.95,93370.58,39.18,313629.41,b0
765289819,4,650631,0,0,29.25,93385.04,38.47,213288.89,b0
765281116,5,650677,0,0,29.94,93419.44,36.70,229339.31,b0
765280092,6,650723,0,0,29.90,93415.70,36.51,203013.48,b0
765271896,7,650770,0,0,29.93,93411.41,37.51,198642.09,b0
765285466,8,650816,0,0,29.71,93386.95,37.26,260891.72,b0
765274459,1,650862,0,0,28.58,93390.73,40.15,213555.78,b0
765272923,2,650908,0,0,28.73,93413.67,40.16,212096.11,b0
765271642,3,650954,0,0,28.96,93372.49,39.19,314206.81,b0
765289819,4,651000,0,0,29.26,93386.52,38.46,213689.48,b0
765281116,5,651047,0,0,29.94,93420.46,36.70,227505.00,b0
765280092,6,651093,0,0,29.89,93415.24,36.53,204106.05,b0
765271896,7,651139,0,0,29.93,93409.61,37.51,198642.09,b0
765285466,8,651185,0,0,29.70,93386.88,37.25,263103.81,b0
765274459,1,651231,0,0,28.59,93388.69,40.13,214495.19,b0
765272923,2,651277,0,0,28.74,93412.60,40.14,212227.98,b0
765271642,3,651323,0,0,28.97,93371.84,39.18,313054.13,b0
765289819,4,651370,0,0,29.28,93387.51,38.49,215171.25,b0
765281116,5,651416,0,0,29.93,93418.44,36.67,229339.31,b0
765280092,6,651462,0,0,29.90,93416.77,36.52,204228.16,b0
765271896,7,651508,0,0,29.92,93408.16,37.49,198526.56,b0
765285466,8,651554,0,0,29.70,93386.27,37.25,262496.78,b0
765274459,1,651600,0,0,28.58,93389.82,40.11,214225.94,b0
765272923,2,651647,0,0,28.76,93413.35,40.15,211964.39,b0
765271642,3,651693,0,0,28.98,93370.98,39.17,314496.31,b0
765289819,4,651739,0,0,29.29,93386.16,38.45,214765.09,b0
765281116,5,651785,0,0,29.94,93421.16,36.68,228418.47,b0
765280092,6,651831,0,0,29.89,93415.80,36.50,203134.30,b0
765271896,7,651877,0,0,29.93,93410.32,37.51,197721.56,b0
765285466,8,651923,0,0,29.69,93385.49,37.26,261491.31,b0
765274459,1,651970,0,0,28.58,93388.90,40.10,214360.48,b0
765272923,2,652016,0,0,28.76,93412.66,40.11,212492.22,b0
765271642,3,652062,0,0,28.98,93372.42,39.16,313629.41,b0
765289819,4,652108,0,0,29.29,93387.05,38.45,214360.48,b0
765281116,5,652154,0,0,29.94,93422.25,36.69,228418.47,b0
765280092,6,652200,0,0,29.89,93415.77,36.50,203619.02,b0
765271896,7,652246,0,0,29.93,93410.32,37.51,198180.77,b0
765285466,8,652292,0,0,29.69,93387.31,37.26,259898.48,b0
765274459,1,652339,0,0,28.58,93390.00,40.07,214225.94,b0
765272923,2,652385,0,0,28.77,93412.84,40.11,212492.22,b0
765271642,3,652431,0,0,28.97,93371.30,39.13,313629.41,b0
765289819,4,652477,0,0,29.28,93387.72,38.44,213957.38,b0
765281116,5,652523,0,0,29.93,93422.37,36.69,228877.97,b0
765280092,6,652569,0,0,29.88,93416.06,36.50,203497.61,b0
765271896,7,652615,0,0,29.93,93409.64,37.52,197264.50,b0
765285466,8,652662,0,0,29.69,93385.88,37.26,260294.86,b0
765274459,1,652708,0,0,28.55,93390.23,40.06,214225.94,b0
765272923,2,652754,0,0,28.75,93415.16,40.11,212757.11,b0
765271642,3,652800,0,0,28.96,93371.35,39.11,312767.25,b0
765289819,4,652846,0,0,29.27,93386.23,38.43,213422.27,b0
765281116,5,652892,0,0,29.92,93421.24,36.70,228571.42,b0
765280092,6,652938,0,0,29.88,93418.17,36.50,203255.27,b0
765271896,7,652985,0,0,29.93,93411.46,37.52,199804.88,b0
765285466,8,653031,0,0,29.70,93387.38,37.26,261291.14,b0
765274459,1,653077,0,0,28.55,93390.77,40.04,215578.95,b0
765272923,2,653123,0,0,28.74,93414.22,40.07,212624.58,b0
765271642,3,653169,0,0,28.95,93372.91,39.11,313917.84,b0
765289819,4,653215,0,0,29.26,93387.61,38.42,216124.95,b0
765281116,5,653262,0,0,29.92,93420.50,36.69,228877.97,b0
765280092,6,653308,0,0,29.89,93417.93,36.49,203984.06,b0
765271896,7,653354,0,0,29.94,93411.49,37.51,198873.56,b0
765285466,8,653400,0,0,29.70,93386.30,37.25,262295.09,b0
765274459,1,653446,0,0,28.55,93389.87,40.06,215578.95,b0
765272923,2,653492,0,0,28.74,93416.23,40.06,213022.67,b0
765271642,3,653539,0,0,28.95,93371.70,39.10,315368.03,b0
765289819,4,653585,0,0,29.26,93387.77,38.41,216124.95,b0
765281116,5,653631,0,0,29.93,93420.36,36.71,229647.91,b0
765280092,6,653677,0,0,29.89,93416.52,36.50,203740.55,b0
765271896,7,653723,0,0,29.94,93409.70,37.52,197721.56,b0
765285466,8,653769,0,0,29.71,93387.46,37.26,261691.80,b0
765274459,1,653816,0,0,28.56,93392.22,40.04,214900.31,b0
765272923,2,653862,0,0,28.74,93414.58,40.05,212360.02,b0
765271642,3,653908,0,0,28.96,93372.65,39.10,316537.88,b0
765289819,4,653954,0,0,29.26,93389.42,38.41,216398.98,b0
765281116,5,654000,0,0,29.92,93421.05,36.70,228724.59,b0
765280092,6,654046,0,0,29.89,93415.46,36.50,204472.84,b0
765271896,7,654092,0,0,29.94,93410.95,37.51,198642.09,b0
765285466,8,654138,0,0,29.69,93387.25,37.26,262295.09,b0
765274459,1,654185,0,0,28.57,93390.02,40.03,215578.95,b0
765272923,2,654231,0,0,28.74,93413.33,40.06,213022.67,b0
765271642,3,654277,0,0,28.97,93374.16,39.10,315076.94,b0
765289819,4,654323,0,0,29.27,93388.73,38.40,214225.94,b0
765281116,5,654369,0,0,29.92,93420.88,36.69,228418.47,b0
765280092,6,654415,0,0,29.90,93417.30,36.48,205210.42,b0
765271896,7,654461,0,0,29.93,93410.32,37.52,197950.91,b0
765285466,8,654507,0,0,29.68,93386.80,37.28,263917.53,b0
765274459,1,654554,0,0,28.57,93392.56,40.01,215988.19,b0
765272923,2,654600,0,0,28.76,93415.92,40.04,213288.89,b0
765271642,3,654646,0,0,28.98,93374.23,39.08,315076.94,b0
765289819,4,654692,0,0,29.27,93386.79,38.39,215306.98,b0
765281116,5,654738,0,0,29.93,93421.49,36.69,228877.97,b0
765280092,6,654784,0,0,29.90,93418.91,36.48,203984.06,b0
765271896,7,654831,0,0,29.93,93411.20,37.49,199105.58,b0
765285466,8,654877,0,0,29.68,93386.86,37.25,262901.16,b0
765274459,1,654923,0,0,28.58,93390.73,40.00,215851.61,b0
765272923,2,654969,0,0,28.76,93414.46,40.02,213689.48,b0
765271642,3,655015,0,0,28.98,93372.77,39.05,315368.03,b0
765289819,4,655061,0,0,29.29,93390.30,38.37,216261.88,b0
765281116,5,655107,0,0,29.93,93421.80,36.68,231046.94,b0
765280092,6,655154,0,0,29.90,93419.07,36.48,205953.34,b0
765271896,7,655200,0,0,29.92,93413.70,37.50,198873.56,b0
765285466,8,655246,0,0,29.67,93389.54,37.25,262295.09,b0
765274459,1,655292,0,0,28.58,93393.09,40.00,216398.98,b0
765272923,2,655338,0,0,28.75,93414.25,40.00,213555.78,b0
765271642,3,655384,0,0,28.98,93373.34,39.05,316244.59,b0
765289819,4,655431,0,0,29.29,93389.91,38.35,217087.13,b0
765281116,5,655477,0,0,29.91,93424.21,36.66,229802.52,b0
765280092,6,655523,0,0,29.89,93419.33,36.46,204106.05,b0
765271896,7,655569,0,0,29.90,93412.43,37.49,200744.95,b0
765285466,8,655615,0,0,29.65,93387.91,37.26,262496.78,b0
765274459,1,655661,0,0,28.58,93391.45,39.99,215988.19,b0
765272923,2,655708,0,0,28.75,93415.34,40.00,213823.34,b0
765271642,3,655754,0,0,28.99,93373.38,39.04,316244.59,b0
765289819,4,655800,0,0,29.29,93388.30,38.35,217363.61,b0
765281116,5,655846,0,0,29.88,93422.47,36.67,231203.44,b0
765280092,6,655892,0,0,29.88,93418.20,36.46,204963.97,b0
765271896,7,655938,0,0,29.87,93411.52,37.48,199804.88,b0
765285466,8,655984,0,0,29.64,93388.72,37.24,264121.75,b0
765274459,1,656031,0,0,28.59,93393.25,39.98,216536.27,b0
765272923,2,656077,0,0,28.74,93417.15,39.97,214091.58,b0
765271642,3,656123,0,0,28.99,93373.41,39.04,317126.03,b0
765289819,4,656169,0,0,29.28,93389.30,38.33,215851.61,b0
765281116,5,656215,0,0,29.86,93422.85,36.65,231046.94,b0
765280092,6,656261,0,0,29.87,93417.75,36.45,205581.20,b0
765271896,7,656307,0,0,29.83,93411.46,37.47,200273.81,b0
765285466,8,656353,0,0,29.59,93390.16,37.25,265353.72,b0
765274459,1,656400,0,0,28.59,93392.34,39.97,216811.34,b0
765272923,2,656446,0,0,28.75,93416.43,39.98,214091.58,b0
765271642,3,656492,0,0,28.99,93374.25,39.02,316831.69,b0
765289819,4,656538,0,0,29.27,93387.66,38.33,216124.95,b0
765281116,5,656584,0,0,29.84,93423.34,36.65,231831.56,b0
765280092,6,656630,0,0,29.85,93420.11,36.44,205705.11,b0
765271896,7,656676,0,0,29.82,93411.01,37.45,200744.95,b0
765285466,8,656723,0,0,29.55,93389.95,37.23,264326.28,b0
765274459,1,656769,0,0,28.58,93391.82,39.94,216949.16,b0
765272923,2,656815,0,0,28.74,93416.05,39.97,214900.31,b0
765271642,3,656861,0,0,28.98,93373.10,39.01,320100.03,b0
765289819,4,656907,0,0,29.25,93387.73,38.31,216673.72,b0
765281116,5,656953,0,0,29.81,93423.49,36.63,230423.05,b0
765280092,6,657000,0,0,29.84,93419.29,36.42,205829.14,b0
765271896,7,657046,0,0,29.80,93413.36,37.44,200509.11,b0
765285466,8,657092,0,0,29.52,93388.87,37.21,265974.03,b0
765274459,1,657138,0,0,28.58,93392.00,39.95,217225.28,b0
765272923,2,657184,0,0,28.73,93415.29,39.95,214765.09,b0
765271642,3,657230,0,0,28.98,93372.93,38.99,318012.44,b0
765289819,4,657277,0,0,29.23,93388.34,38.28,218336.89,b0
765281116,5,657323,0,0,29.80,93422.98,36.63,231831.56,b0
765280092,6,657369,0,0,29.81,93418.82,36.41,206576.56,b0
765271896,7,657415,0,0,29.75,93411.42,37.42,201455.83,b0
765285466,8,657461,0,0,29.50,93388.29,37.22,266389.19,b0
765274459,1,657507,0,0,28.56,93392.41,39.91,217363.61,b0
765272923,2,657553,0,0,28.71,93415.79,39.95,215035.70,b0
765271642,3,657600,0,0,28.94,93374.15,39.00,317716.41,b0
765289819,4,657646,0,0,29.21,93388.92,38.28,216811.34,b0
765281116,5,657692,0,0,29.77,93422.73,36.62,232146.91,b0
765280092,6,657738,0,0,29.80,93418.23,36.41,207203.56,b0
765271896,7,657784,0,0,29.74,93410.48,37.43,201337.00,b0
765285466,8,657830,0,0,29.51,93389.11,37.20,265147.59,b0
765274459,1,657877,0,0,28.53,93391.56,39.92,217363.61,b0
765272923,2,657923,0,0,28.68,93414.63,39.92,215442.88,b0
765271642,3,657969,0,0,28.92,93373.11,38.98,317716.41,b0
765289819,4,658015,0,0,29.19,93386.48,38.28,217640.81,b0
765281116,5,658061,0,0,29.76,93420.15,36.64,233098.11,b0
765280092,6,658107,0,0,29.81,93417.20,36.41,207203.56,b0
765271896,7,658153,0,0,29.75,93410.41,37.45,201693.91,b0
765285466,8,658199,0,0,29.53,93388.13,37.23,267014.34,b0
765274459,1,658246,0,0,28.50,93389.80,39.90,217918.70,b0
765272923,2,658292,0,0,28.67,93415.50,39.92,215851.61,b0
765271642,3,658338,0,0,28.91,93373.76,38.96,317716.41,b0
765289819,4,658384,0,0,29.18,93388.73,38.26,217225.28,b0
765281116,5,658430,0,0,29.77,93419.50,36.63,233098.11,b0
765280092,6,658476,0,0,29.81,93417.23,36.40,207455.42,b0
765271896,7,658522,0,0,29.78,93409.87,37.44,202291.58,b0
765285466,8,658568,0,0,29.56,93387.86,37.23,265766.94,b0
765274459,1,658615,0,0,28.50,93390.15,39.89,218336.89,b0
765272923,2,658661,0,0,28.65,93413.10,39.89,216536.27,b0
765271642,3,658707,0,0,28.91,93373.38,38.95,319202.00,b0
765289819,4,658753,0,0,29.18,93387.48,38.26,218336.89,b0
765281116,5,658799,0,0,29.79,93420.59,36.63,233576.64,b0
765280092,6,658845,0,0,29.82,93416.99,36.42,206326.81,b0
765271896,7,658892,0,0,29.80,93409.98,37.45,201813.17,b0
765285466,8,658938,0,0,29.58,93386.46,37.26,266389.19,b0
765274459,1,658984,0,0,28.51,93390.69,39.87,218336.89,b0
765272923,2,659030,0,0,28.66,93414.77,39.92,216261.88,b0
765271642,3,659076,0,0,28.93,93372.95,38.96,318903.78,b0
765289819,4,659122,0,0,29.19,93387.40,38.25,217918.70,b0
765281116,5,659169,0,0,29.81,93419.89,36.64,232146.91,b0
765280092,6,659215,0,0,29.83,93416.93,36.42,206451.61,b0
765271896,7,659261,0,0,29.81,93409.38,37.46,202411.55,b0
765285466,8,659307,0,0,29.59,93386.59,37.27,267014.34,b0
765274459,1,659353,0,0,28.54,93389.36,39.88,217779.67,b0
765272923,2,659399,0,0,28.68,93412.27,39.91,215578.95,b0
765271642,3,659445,0,0,28.94,93370.70,38.96,318308.97,b0
765289819,4,659492,0,0,29.22,93387.54,38.29,217363.61,b0
765281116,5,659538,0,0,29.83,93419.48,36.64,230112.36,b0
765280092,6,659584,0,0,29.84,93417.73,36.45,206451.61,b0
765271896,7,659630,0,0,29.84,93412.21,37.49,201813.17,b0
765285466,8,659676,0,0,29.61,93386.57,37.31,265147.59,b0
765274459,1,659722,0,0,28.56,93390.04,39.91,217225.28,b0
765272923,2,659769,0,0,28.71,93415.44,39.92,214900.31,b0
765271642,3,659815,0,0,28.96,93372.82,39.01,317126.03,b0
765289819,4,659861,0,0,29.24,93387.13,38.32,217225.28,b0
765281116,5,659907,0,0,29.85,93419.66,36.71,229957.33,b0
765280092,6,659953,0,0,29.85,93416.04,36.50,204963.97,b0
765271896,7,659999,0,0,29.84,93408.70,37.54,199221.80,b0
765285466,8,660045,0,0,29.62,93387.08,37.38,263510.03,b0
765274459,1,660092,0,0,28.57,93389.11,39.94,216124.95,b0
765272923,2,660138,0,0,28.73,93414.38,39.96,213957.38,b0
765271642,3,660184,0,0,28.97,93371.81,39.03,315368.03,b0
765289819,4,660230,0,0,29.26,93388.48,38.36,217363.61,b0
765281116,5,660276,0,0,29.86,93419.78,36.77,229647.91,b0
765280092,6,660322,0,0,29.85,93417.70,36.55,204840.97,b0
765271896,7,660368,0,0,29.86,93411.10,37.64,197721.56,b0
765285466,8,660414,0,0,29.63,93387.00,37.49,260493.52,b0
765274459,1,660461,0,0,28.58,93390.00,39.98,214900.31,b0
765272923,2,660507,0,0,28.74,93414.95,40.01,213288.89,b0
765271642,3,660553,0,0,28.98,93372.93,39.08,313917.84,b0
765289819,4,660599,0,0,29.27,93387.99,38.43,215851.61,b0
765281116,5,660645,0,0,29.87,93419.68,36.87,227656.73,b0
765280092,6,660691,0,0,29.85,93416.99,36.63,203376.36,b0
765271896,7,660737,0,0,29.86,93410.25,37.73,196582.84,b0
765285466,8,660784,0,0,29.63,93386.83,37.60,258912.77,b0
765274459,1,660830,0,0,28.60,93390.69,40.06,213155.70,b0
765272923,2,660876,0,0,28.75,93415.16,40.08,212096.11,b0
765271642,3,660922,0,0,28.99,93373.75,39.15,312480.94,b0
765289819,4,660968,0,0,29.27,93387.29,38.49,214360.48,b0
765281116,5,661014,0,0,29.89,93422.57,36.95,226749.33,b0
765280092,6,661061,0,0,29.86,93417.20,36.72,202171.77,b0
765271896,7,661107,0,0,29.86,93409.55,37.85,195793.50,b0
765285466,8,661153,0,0,29.64,93386.93,37.72,257351.09,b0
765274459,1,661199,0,0,28.61,93392.13,40.12,212492.22,b0
765272923,2,661245,0,0,28.76,93413.93,40.14,210526.31,b0
765271642,3,661291,0,0,29.00,93373.96,39.24,308805.78,b0
765289819,4,661337,0,0,29.29,93388.48,38.56,212096.11,b0
765281116,5,661384,0,0,29.89,93421.70,37.04,225699.80,b0
765280092,6,661430,0,0,29.86,93418.33,36.79,200981.36,b0
765271896,7,661476,0,0,29.86,93412.38,37.94,194012.89,b0
765285466,8,661522,0,0,29.65,93389.16,37.81,257545.27,b0
765274459,1,661568,0,0,28.62,93391.55,40.18,210526.31,b0
765272923,2,661614,0,0,28.78,93415.41,40.23,209492.64,b0
765271642,3,661661,0,0,29.00,93373.96,39.30,308805.78,b0
765289819,4,661707,0,0,29.29,93387.98,38.65,210916.58,b0
765281116,5,661753,0,0,29.88,93422.83,37.11,224659.94,b0
765280092,6,661799,0,0,29.87,93417.86,36.87,200273.81,b0
765271896,7,661845,0,0,29.84,93410.63,38.03,195121.95,b0
765285466,8,661891,0,0,29.64,93387.34,37.92,256384.58,b0
765274459,1,661938,0,0,28.62,93390.62,40.28,210137.50,b0
765272923,2,661984,0,0,28.79,93413.82,40.30,208469.06,b0
765271642,3,662030,0,0,29.00,93372.38,39.40,307692.31,b0
765289819,4,662076,0,0,29.30,93389.62,38.72,211046.98,b0
765281116,5,662122,0,0,29.88,93422.13,37.16,225252.97,b0
765280092,6,662168,0,0,29.87,93418.04,36.94,201574.80,b0
765271896,7,662214,0,0,29.83,93411.25,38.08,195681.25,b0
765285466,8,662260,0,0,29.64,93388.76,37.99,256192.14,b0
765274459,1,662307,0,0,28.63,93392.07,40.32,210137.50,b0
765272923,2,662353,0,0,28.80,93416.73,40.37,208214.72,b0
765271642,3,662399,0,0,29.01,93373.51,39.45,307415.19,b0
765289819,4,662445,0,0,29.30,93388.56,38.80,211964.39,b0
765281116,5,662491,0,0,29.88,93422.67,37.20,224956.06,b0
765280092,6,662537,0,0,29.87,93418.73,36.99,199571.23,b0
765271896,7,662583,0,0,29.82,93413.17,38.13,195233.56,b0
765285466,8,662629,0,0,29.64,93387.87,38.03,254663.02,b0
765274459,1,662676,0,0,28.65,93393.87,40.39,208724.02,b0
765272923,2,662722,0,0,28.81,93416.38,40.44,207707.91,b0
765271642,3,662768,0,0,29.01,93374.98,39.49,308805.78,b0
765289819,4,662814,0,0,29.31,93389.66,38.82,211177.56,b0
765281116,5,662860,0,0,29.89,93423.05,37.26,224956.06,b0
765280092,6,662906,0,0,29.87,93418.04,37.02,200156.38,b0
765271896,7,662953,0,0,29.82,93411.23,38.17,194123.22,b0
765285466,8,662999,0,0,29.65,93390.30,38.07,254853.16,b0
765274459,1,663045,0,0,28.66,93394.02,40.43,208469.06,b0
765272923,2,663091,0,0,28.81,93414.76,40.48,207581.59,b0
765271642,3,663137,0,0,29.03,93373.98,39.53,308526.66,b0
765289819,4,663183,0,0,29.32,93389.01,38.84,210656.25,b0
765281116,5,663229,0,0,29.89,93423.32,37.27,225104.42,b0
765280092,6,663276,0,0,29.87,93418.83,37.06,200626.95,b0
765271896,7,663322,0,0,29.82,93411.90,38.19,194123.22,b0
765285466,8,663368,0,0,29.65,93388.08,38.11,253905.28,b0
765274459,1,663414,0,0,28.67,93393.27,40.45,208596.45,b0
765272923,2,663460,0,0,28.83,93414.27,40.50,207077.86,b0
765271642,3,663506,0,0,29.03,93372.73,39.56,306586.81,b0
765289819,4,663553,0,0,29.32,93389.58,38.89,209750.11,b0
765281116,5,663599,0,0,29.89,93422.54,37.30,225699.80,b0
765280092,6,663645,0,0,29.87,93420.06,37.10,198526.56,b0
765271896,7,663691,0,0,29.81,93412.38,38.19,195345.28,b0
765285466,8,663737,0,0,29.64,93389.29,38.12,256384.58,b0
765274459,1,663783,0,0,28.68,93394.87,40.48,208214.72,b0
765272923,2,663830,0,0,28.84,93415.38,40.53,207077.86,b0
765271642,3,663876,0,0,29.03,93373.84,39.59,307415.19,b0
765289819,4,663922,0,0,29.32,93390.29,38.90,209621.30,b0
765281116,5,663968,0,0,29.88,93422.85,37.30,223336.97,b0
765280092,6,664014,0,0,29.86,93419.94,37.11,200863.08,b0
765271896,7,664060,0,0,29.81,93412.55,38.22,194455.00,b0
765285466,8,664106,0,0,29.64,93388.54,38.10,255808.14,b0
765274459,1,664153,0,0,28.69,93393.59,40.50,208214.72,b0
765272923,2,664199,0,0,28.83,93415.89,40.56,206701.66,b0
765271642,3,664245,0,0,29.03,93374.75,39.58,304671.22,b0
765289819,4,664291,0,0,29.33,93391.20,38.91,209364.14,b0
765281116,5,664337,0,0,29.88,93422.11,37.31,225998.67,b0
765280092,6,664383,0,0,29.87,93418.92,37.11,199105.58,b0
765271896,7,664429,0,0,29.81,93412.57,38.21,194344.28,b0
765285466,8,664475,0,0,29.64,93388.89,38.10,256000.00,b0
765274459,1,664522,0,0,28.69,93394.87,40.54,207961.00,b0
765272923,2,664568,0,0,28.83,93416.45,40.55,206826.91,b0
765271642,3,664614,0,0,29.04,93374.07,39.62,304943.41,b0
765289819,4,664660,0,0,29.33,93388.33,38.92,209492.64,b0
765281116,5,664706,0,0,29.89,93422.33,37.29,225104.42,b0
765280092,6,664752,0,0,29.87,93418.55,37.11,199687.98,b0
765271896,7,664798,0,0,29.82,93411.93,38.21,194233.69,b0
765285466,8,664845,0,0,29.64,93389.65,38.10,255043.59,b0
765274459,1,664891,0,0,28.69,93394.85,40.52,207203.56,b0
765272923,2,664937,0,0,28.83,93415.90,40.55,206326.81,b0
765271642,3,664983,0,0,29.04,93374.29,39.61,304128.31,b0
765289819,4,665029,0,0,29.34,93389.13,38.91,209107.61,b0
765281116,5,665075,0,0,29.89,93422.74,37.29,225699.80,b0
765280092,6,665121,0,0,29.86,93417.09,37.11,199687.98,b0
765271896,7,665168,0,0,29.83,93411.98,38.21,195010.47,b0
765285466,8,665214,0,0,29.64,93389.65,38.10,256000.00,b0
765274459,1,665260,0,0,28.70,93393.02,40.54,206952.30,b0
765272923,2,665306,0,0,28.85,93416.12,40.56,206202.17,b0
765271642,3,665352,0,0,29.06,93375.27,39.61,305489.25,b0
765289819,4,665398,0,0,29.35,93391.13,38.91,209750.11,b0
765281116,5,665445,0,0,29.90,93421.71,37.27,224659.94,b0
765280092,6,665491,0,0,29.88,93419.23,37.10,200273.81,b0
765271896,7,665537,0,0,29.83,93413.05,38.20,194676.81,b0
765285466,8,665583,0,0,29.65,93389.05,38.08,256384.58,b0
765274459,1,665629,0,0,28.72,93393.88,40.53,206952.30,b0
765272923,2,665675,0,0,28.86,93414.69,40.55,204718.11,b0
765271642,3,665721,0,0,29.06,93375.63,39.62,303857.56,b0
765289819,4,665768,0,0,29.35,93389.55,38.91,209492.64,b0
765281116,5,665814,0,0,29.90,93424.13,37.27,224217.20,b0
765280092,6,665860,0,0,29.89,93419.15,37.09,199921.91,b0
765271896,7,665906,0,0,29.83,93413.61,38.19,194233.69,b0
765285466,8,665952,0,0,29.66,93387.83,38.05,255425.30,b0
765274459,1,665998,0,0,28.71,93394.08,40.52,206326.81,b0
765272923,2,666045,0,0,28.86,93416.88,40.54,205333.88,b0
765271642,3,666091,0,0,29.06,93375.14,39.61,303857.56,b0
765289819,4,666137,0,0,29.36,93389.21,38.91,208596.45,b0
765281116,5,666183,0,0,29.91,93422.53,37.28,223923.03,b0
765280092,6,666229,0,0,29.88,93419.80,37.08,198642.09,b0
765271896,7,666275,0,0,29.82,93411.59,38.17,194344.28,b0
765285466,8,666321,0,0,29.67,93389.37,38.05,254094.30,b0
765274459,1,666368,0,0,28.73,93394.23,40.53,205829.14,b0
765272923,2,666414,0,0,28.88,93416.18,40.56,205457.47,b0
765271642,3,666460,0,0,29.07,93372.84,39.63,303587.31,b0
765289819,4,666506,0,0,29.36,93389.23,38.90,208724.02,b0
765281116,5,666552,0,0,29.91,93421.28,37.26,224217.20,b0
765280092,6,666598,0,0,29.89,93417.91,37.09,199454.61,b0
765271896,7,666644,0,0,29.82,93410.84,38.16,194565.84,b0
765285466,8,666690,0,0,29.67,93389.73,38.03,255234.30,b0
765274459,1,666737,0,0,28.73,93394.23,40.52,205705.11,b0
765272923,2,666783,0,0,28.88,93416.20,40.54,204718.11,b0
765271642,3,666829,0,0,29.08,93375.77,39.62,302511.09,b0
765289819,4,666875,0,0,29.37,93389.47,38.89,208851.72,b0
765281116,5,666921,0,0,29.91,93422.16,37.25,225104.42,b0
765280092,6,666967,0,0,29.89,93418.28,37.07,198757.77,b0
765271896,7,667013,0,0,29.82,93412.28,38.14,194899.13,b0
765285466,8,667060,0,0,29.66,93387.49,38.01,254663.02,b0
765274459,1,667106,0,0,28.74,93394.20,40.51,206326.81,b0
765272923,2,667152,0,0,28.89,93414.57,40.52,204718.11,b0
765271642,3,667198,0,0,29.09,93374.59,39.60,302243.22,b0
765289819,4,667244,0,0,29.38,93388.09,38.90,207961.00,b0
765281116,5,667290,0,0,29.92,93423.88,37.24,224512.17,b0
765280092,6,667337,0,0,29.90,93416.99,37.07,199105.58,b0
765271896,7,667383,0,0,29.83,93412.35,38.12,194899.13,b0
765285466,8,667429,0,0,29.67,93388.85,38.02,254853.16,b0
765274459,1,667475,0,0,28.75,93392.89,40.49,206326.81,b0
765272923,2,667521,0,0,28.91,93416.99,40.49,204840.97,b0
765271642,3,667567,0,0,29.09,93374.42,39.59,301975.81,b0
765289819,4,667613,0,0,29.38,93389.02,38.89,206826.91,b0
765281116,5,667660,0,0,29.91,93423.31,37.23,224659.94,b0
765280092,6,667706,0,0,29.90,93417.88,37.06,197950.91,b0
765271896,7,667752,0,0,29.83,93409.34,38.13,195010.47,b0
765285466,8,667798,0,0,29.68,93389.47,37.99,252777.09,b0
765274459,1,667844,0,0,28.77,93393.60,40.48,205829.14,b0
765272923,2,667890,0,0,28.92,93416.65,40.50,204472.84,b0
765271642,3,667937,0,0,29.11,93374.70,39.58,301442.44,b0
765289819,4,667983,0,0,29.39,93389.41,38.87,208851.72,b0
765281116,5,668029,0,0,29.93,93422.71,37.23,224512.17,b0
765280092,6,668075,0,0,29.90,93416.95,37.06,198411.16,b0
765271896,7,668121,0,0,29.84,93411.01,38.12,194344.28,b0
765285466,8,668167,0,0,29.68,93388.39,37.97,254094.30,b0
765274459,1,668214,0,0,28.78,93393.02,40.47,205705.11,b0
765272923,2,668260,0,0,28.92,93417.01,40.47,204350.42,b0
765271642,3,668306,0,0,29.11,93375.42,39.56,300381.34,b0
765289819,4,668352,0,0,29.40,93390.71,38.87,208214.72,b0
765281116,5,668398,0,0,29.93,93422.34,37.21,223336.97,b0
765280092,6,668444,0,0,29.91,93419.00,37.05,196809.53,b0
765271896,7,668490,0,0,29.85,93412.63,38.09,193902.67,b0
765285466,8,668536,0,0,29.68,93387.34,37.98,254094.30,b0
765274459,1,668583,0,0,28.78,93393.56,40.44,205705.11,b0
765272923,2,668629,0,0,28.94,93418.51,40.46,204595.41,b0
765271642,3,668675,0,0,29.12,93376.05,39.55,303587.31,b0
765289819,4,668721,0,0,29.40,93388.20,38.83,208596.45,b0
765281116,5,668767,0,0,29.93,93421.98,37.19,222463.61,b0
765280092,6,668813,0,0,29.91,93419.61,37.05,197607.09,b0
765271896,7,668859,0,0,29.85,93410.56,38.08,194344.28,b0
765285466,8,668905,0,0,29.68,93387.94,37.96,254094.30,b0
765274459,1,668952,0,0,28.79,93394.64,40.43,205705.11,b0
765272923,2,668998,0,0,28.94,93417.05,40.42,204472.84,b0
765271642,3,669044,0,0,29.12,93375.34,39.52,301442.44,b0
765289819,4,669090,0,0,29.41,93387.88,38.82,206451.61,b0
765281116,5,669136,0,0,29.93,93421.33,37.19,222463.61,b0
765280092,6,669182,0,0,29.91,93418.81,37.02,196923.08,b0
765271896,7,669229,0,0,29.86,93412.04,38.07,193244.02,b0
765285466,8,669275,0,0,29.69,93388.53,37.95,254094.30,b0
765274459,1,669321,0,0,28.80,93392.98,40.41,205333.88,b0
765272923,2,669367,0,0,28.95,93417.82,40.40,204228.16,b0
765271642,3,669413,0,0,29.11,93374.41,39.51,301708.91,b0
765289819,4,669459,0,0,29.41,93387.88,38.81,208214.72,b0
765281116,5,669505,0,0,29.94,93424.68,37.18,223336.97,b0
765280092,6,669552,0,0,29.91,93417.63,37.02,197264.50,b0
765271896,7,669598,0,0,29.87,93412.94,38.06,193902.67,b0
765285466,8,669644,0,0,29.69,93388.93,37.92,253716.55,b0
765274459,1,669690,0,0,28.80,93393.53,40.38,205457.47,b0
765272923,2,669736,0,0,28.96,93417.46,40.37,204106.05,b0
765271642,3,669782,0,0,29.11,93375.13,39.48,301708.91,b0
765289819,4,669829,0,0,29.41,93389.34,38.80,207077.86,b0
765281116,5,669875,0,0,29.95,93422.71,37.16,222029.48,b0
765280092,6,669921,0,0,29.91,93416.73,37.02,196469.69,b0
765271896,7,669967,0,0,29.87,93411.01,38.05,194012.89,b0
765285466,8,670013,0,0,29.70,93387.35,37.91,252777.09,b0
765274459,1,670059,0,0,28.80,93392.97,40.37,205705.11,b0
765272923,2,670106,0,0,28.97,93415.67,40.37,203862.23,b0
765271642,3,670152,0,0,29.12,93375.49,39.47,300381.34,b0
765289819,4,670198,0,0,29.42,93387.04,38.76,206202.17,b0
765281116,5,670244,0,0,29.95,93421.66,37.15,222029.48,b0
765280092,6,670290,0,0,29.92,93417.18,37.00,196018.38,b0
765271896,7,670336,0,0,29.87,93411.76,38.04,192264.36,b0
765285466,8,670382,0,0,29.70,93387.53,37.90,252777.09,b0
765274459,1,670429,0,0,28.82,93393.48,40.34,205333.88,b0
765272923,2,670475,0,0,28.97,93416.95,40.34,203619.02,b0
765271642,3,670521,0,0,29.12,93373.73,39.44,300645.91,b0
765289819,4,670567,0,0,29.43,93387.11,38.73,206202.17,b0
765281116,5,670613,0,0,29.94,93420.70,37.13,221309.70,b0
765280092,6,670659,0,0,29.92,93417.72,37.00,197378.56,b0
765271896,7,670705,0,0,29.88,93412.34,38.03,192916.36,b0
765285466,8,670751,0,0,29.70,93387.05,37.88,252777.09,b0
765274459,1,670798,0,0,28.84,93393.98,40.30,205457.47,b0
765272923,2,670844,0,0,28.98,93415.70,40.30,203619.02,b0
765271642,3,670890,0,0,29.13,93373.98,39.40,302511.09,b0
765289819,4,670936,0,0,29.44,93388.77,38.70,207455.42,b0
765281116,5,670982,0,0,29.95,93422.59,37.15,221023.09,b0
765280092,6,671028,0,0,29.92,93418.63,36.98,195681.25,b0
765271896,7,671074,0,0,29.87,93411.76,38.03,194233.69,b0
765285466,8,671121,0,0,29.70,93386.73,37.87,252777.09,b0
765274459,1,671167,0,0,28.85,93394.34,40.27,205457.47,b0
765272923,2,671213,0,0,28.99,93415.55,40.29,203497.61,b0
765271642,3,671259,0,0,29.13,93373.08,39.40,301708.91,b0
765289819,4,671305,0,0,29.43,93386.79,38.68,207581.59,b0
765281116,5,671351,0,0,29.95,93420.92,37.12,221741.02,b0
765280092,6,671397,0,0,29.92,93415.55,36.97,196696.13,b0
765271896,7,671444,0,0,29.86,93409.49,38.03,193025.45,b0
765285466,8,671490,0,0,29.70,93388.48,37.87,251103.48,b0
765274459,1,671536,0,0,28.85,93394.88,40.24,205333.88,b0
765272923,2,671582,0,0,29.00,93415.40,40.27,203376.36,b0
765271642,3,671628,0,0,29.14,93372.41,39.37,302511.09,b0
765289819,4,671674,0,0,29.45,93389.02,38.66,207329.42,b0
765281116,5,671721,0,0,29.95,93423.07,37.12,220167.70,b0
765280092,6,671767,0,0,29.92,93417.41,36.95,196018.38,b0
765271896,7,671813,0,0,29.83,93411.48,38.01,192481.20,b0
765285466,8,671859,0,0,29.70,93388.66,37.84,253528.09,b0
765274459,1,671905,0,0,28.86,93393.77,40.25,205087.13,b0
765272923,2,671951,0,0,29.00,93414.85,40.24,203376.36,b0
765271642,3,671998,0,0,29.15,93373.41,39.37,301442.44,b0
765289819,4,672044,0,0,29.45,93386.85,38.66,207329.42,b0
765281116,5,672090,0,0,29.94,93418.63,37.10,222174.00,b0
765280092,6,672136,0,0,29.92,93415.91,36.93,195457.14,b0
765271896,7,672182,0,0,29.82,93410.30,38.00,193682.63,b0
765285466,8,672228,0,0,29.69,93387.31,37.82,251658.89,b0
765274459,1,672275,0,0,28.86,93392.48,40.21,204840.97,b0
765272923,2,672321,0,0,29.01,93415.41,40.22,203134.30,b0
765271642,3,672367,0,0,29.16,93373.08,39.36,302779.41,b0
765289819,4,672413,0,0,29.46,93386.73,38.63,206952.30,b0
765281116,5,672459,0,0,29.94,93421.95,37.09,221597.06,b0
765280092,6,672505,0,0,29.91,93416.95,36.92,196356.66,b0
765271896,7,672551,0,0,29.81,93409.90,37.99,192916.36,b0
765285466,8,672597,0,0,29.69,93386.89,37.82,253528.09,b0
765274459,1,672644,0,0,28.86,93391.93,40.19,204963.97,b0
765272923,2,672690,0,0,29.02,93417.80,40.18,203376.36,b0
765271642,3,672736,0,0,29.17,93375.14,39.33,301176.47,b0
765289819,4,672782,0,0,29.46,93386.37,38.62,207203.56,b0
765281116,5,672828,0,0,29.94,93423.18,37.08,221166.31,b0
765280092,6,672874,0,0,29.91,93415.13,36.93,195569.14,b0
765271896,7,672920,0,0,29.80,93410.02,37.97,191832.14,b0
765285466,8,672966,0,0,29.68,93388.58,37.80,253152.05,b0
765274459,1,673013,0,0,28.88,93393.91,40.18,205210.42,b0
765272923,2,673059,0,0,29.03,93415.46,40.16,203497.61,b0
765271642,3,673105,0,0,29.18,93373.93,39.31,301975.81,b0
765289819,4,673151,0,0,29.46,93388.01,38.59,205705.11,b0
765281116,5,673197,0,0,29.93,93421.87,37.06,221597.06,b0
765280092,6,673243,0,0,29.91,93417.63,36.90,196809.53,b0
765271896,7,673290,0,0,29.79,93411.03,37.97,193353.47,b0
765285466,8,673336,0,0,29.67,93387.65,37.79,253905.28,b0
765274459,1,673382,0,0,28.88,93393.16,40.15,204840.97,b0
765272923,2,673428,0,0,29.04,93415.64,40.15,204228.16,b0
765271642,3,673474,0,0,29.18,93375.00,39.29,300645.91,b0
765289819,4,673520,0,0,29.47,93387.67,38.59,207329.42,b0
765281116,5,673566,0,0,29.92,93421.20,37.04,222174.00,b0
765280092,6,673613,0,0,29.90,93417.20,36.88,195569.14,b0
765271896,7,673659,0,0,29.77,93409.96,37.95,193572.78,b0
765285466,8,673705,0,0,29.66,93388.05,37.77,254473.16,b0
765274459,1,673751,0,0,28.88,93393.70,40.13,205210.42,b0
765272923,2,673797,0,0,29.04,93415.83,40.13,203740.55,b0
765271642,3,673843,0,0,29.19,93374.34,39.27,301708.91,b0
765289819,4,673890,0,0,29.46,93388.15,38.54,207329.42,b0
765281116,5,673936,0,0,29.90,93420.80,37.02,222029.48,b0
765280092,6,673982,0,0,29.88,93415.73,36.85,196696.13,b0
765271896,7,674028,0,0,29.74,93408.71,37.95,194233.69,b0
765285466,8,674074,0,0,29.64,93387.47,37.74,254283.58,b0
765274459,1,674120,0,0,28.88,93393.34,40.09,205705.11,b0
765272923,2,674167,0,0,29.02,93413.80,40.10,203984.06,b0
765271642,3,674213,0,0,29.18,93375.57,39.23,302511.09,b0
765289819,4,674259,0,0,29.45,93388.64,38.54,207581.59,b0
765281116,5,674305,0,0,29.89,93423.05,37.02,222029.48,b0
765280092,6,674351,0,0,29.87,93416.67,36.84,196696.13,b0
765271896,7,674397,0,0,29.73,93409.55,37.92,193792.58,b0
765285466,8,674443,0,0,29.63,93388.05,37.73,254094.30,b0
765274459,1,674490,0,0,28.88,93392.80,40.07,205333.88,b0
765272923,2,674536,0,0,29.02,93417.24,40.09,203740.55,b0
765271642,3,674582,0,0,29.18,93374.85,39.22,301708.91,b0
765289819,4,674628,0,0,29.44,93388.98,38.51,206326.81,b0
765281116,5,674674,0,0,29.88,93422.47,36.99,221309.70,b0
765280092,6,674720,0,0,29.87,93417.57,36.83,198411.16,b0
765271896,7,674766,0,0,29.73,93411.66,37.92,194565.84,b0
765285466,8,674812,0,0,29.62,93386.95,37.72,255425.30,b0
765274459,1,674859,0,0,28.88,93394.63,40.06,205829.14,b0
765272923,2,674905,0,0,29.03,93417.27,40.05,204350.42,b0
765271642,3,674951,0,0,29.18,93375.22,39.20,301442.44,b0
765289819,4,674997,0,0,29.45,93388.13,38.49,207455.42,b0
765281116,5,675043,0,0,29.85,93422.25,36.98,222463.61,b0
765280092,6,675089,0,0,29.87,93418.06,36.82,196809.53,b0
765271896,7,675135,0,0,29.71,93410.48,37.91,192048.02,b0
765285466,8,675182,0,0,29.62,93387.97,37.70,254853.16,b0
765274459,1,675228,0,0,28.88,93392.60,40.02,205953.34,b0
765272923,2,675274,0,0,29.02,93414.88,40.02,204228.16,b0
765271642,3,675320,0,0,29.19,93374.00,39.16,304943.41,b0
765289819,4,675366,0,0,29.45,93386.50,38.47,208341.81,b0
765281116,5,675412,0,0,29.86,93422.29,36.97,222174.00,b0
765280092,6,675458,0,0,29.87,93417.39,36.80,198642.09,b0
765271896,7,675505,0,0,29.70,93410.95,37.90,192589.81,b0
765285466,8,675551,0,0,29.61,93387.91,37.68,255425.30,b0
765274459,1,675597,0,0,28.89,93393.88,39.99,206077.69,b0
765272923,2,675643,0,0,29.02,93415.61,39.99,204595.41,b0
765271642,3,675689,0,0,29.19,93374.92,39.15,303317.53,b0
765289819,4,675735,0,0,29.46,93387.98,38.44,207203.56,b0
765281116,5,675782,0,0,29.85,93420.62,36.97,222174.00,b0
765280092,6,675828,0,0,29.87,93417.39,36.78,197836.17,b0
765271896,7,675874,0,0,29.70,93410.20,37.90,194233.69,b0
765285466,8,675920,0,0,29.61,93386.98,37.66,254094.30,b0
765274459,1,675966,0,0,28.90,93394.40,39.96,206701.66,b0
765272923,2,676012,0,0,29.04,93415.48,39.97,205581.20,b0
765271642,3,676059,0,0,29.19,93375.28,39.12,304128.31,b0
765289819,4,676105,0,0,29.46,93388.55,38.43,208341.81,b0
765281116,5,676151,0,0,29.86,93422.31,36.95,222029.48,b0
765280092,6,676197,0,0,29.88,93417.07,36.77,198526.56,b0
765271896,7,676243,0,0,29.68,93410.47,37.90,193572.78,b0
765285466,8,676289,0,0,29.60,93387.58,37.66,253905.28,b0
765274459,1,676336,0,0,28.90,93392.93,39.93,206202.17,b0
765272923,2,676382,0,0,29.05,93417.88,39.95,205457.47,b0
765271642,3,676428,0,0,29.20,93375.17,39.10,303317.53,b0
765289819,4,676474,0,0,29.47,93389.46,38.40,207834.38,b0
765281116,5,676520,0,0,29.85,93421.64,36.96,221741.02,b0
765280092,6,676566,0,0,29.87,93417.88,36.78,197378.56,b0
765271896,7,676612,0,0,29.67,93410.35,37.91,192481.20,b0
765285466,8,676658,0,0,29.59,93388.34,37.65,255808.14,b0
765274459,1,676705,0,0,28.91,93393.65,39.92,205705.11,b0
765272923,2,676751,0,0,29.05,93418.24,39.91,205087.13,b0
765271642,3,676797,0,0,29.20,93376.06,39.09,303317.53,b0
765289819,4,676843,0,0,29.47,93388.74,38.38,208341.81,b0
765281116,5,676889,0,0,29.84,93421.36,36.93,223045.09,b0
765280092,6,676935,0,0,29.86,93417.22,36.75,197950.91,b0
765271896,7,676981,0,0,29.66,93411.74,37.91,193902.67,b0
765285466,8,677027,0,0,29.58,93389.49,37.64,255234.30,b0
765274459,1,677074,0,0,28.91,93394.92,39.88,205829.14,b0
765272923,2,677120,0,0,29.05,93419.15,39.91,204472.84,b0
765271642,3,677166,0,0,29.20,93374.97,39.06,303317.53,b0
765289819,4,677212,0,0,29.46,93389.09,38.35,208087.78,b0
765281116,5,677258,0,0,29.83,93422.20,36.95,221597.06,b0
765280092,6,677304,0,0,29.85,93417.65,36.75,197264.50,b0
765271896,7,677351,0,0,29.67,93410.88,37.92,195010.47,b0
765285466,8,677397,0,0,29.57,93388.73,37.63,255234.30,b0
765274459,1,677443,0,0,28.91,93394.38,39.88,206202.17,b0
765272923,2,677489,0,0,29.06,93417.88,39.87,205087.13,b0
765271642,3,677535,0,0,29.20,93375.48,39.03,302243.22,b0
765289819,4,677581,0,0,29.47,93389.46,38.37,207834.38,b0
765281116,5,677627,0,0,29.83,93420.41,36.94,221309.70,b0
765280092,6,677674,0,0,29.85,93416.45,36.74,197036.75,b0
765271896,7,677720,0,0,29.69,93409.76,37.91,192807.38,b0
765285466,8,677766,0,0,29.57,93387.61,37.65,254283.58,b0
765274459,1,677812,0,0,28.90,93393.66,39.85,205953.34,b0
765272923,2,677858,0,0,29.03,93417.64,39.85,204350.42,b0
765271642,3,677904,0,0,29.20,93376.92,39.02,303587.31,b0
765289819,4,677951,0,0,29.47,93388.93,38.34,207203.56,b0
765281116,5,677997,0,0,29.85,93421.30,36.94,220594.58,b0
765280092,6,678043,0,0,29.86,93419.70,36.72,196923.08,b0
765271896,7,678089,0,0,29.70,93410.95,37.95,192481.20,b0
765285466,8,678135,0,0,29.57,93388.73,37.62,254473.16,b0
765274459,1,678181,0,0,28.89,93394.24,39.83,206952.30,b0
765272923,2,678228,0,0,29.02,93417.62,39.85,204840.97,b0
765271642,3,678274,0,0,29.19,93374.00,39.02,303587.31,b0
765289819,4,678320,0,0,29.47,93389.64,38.31,208214.72,b0
765281116,5,678366,0,0,29.84,93418.65,36.93,222029.48,b0
765280092,6,678412,0,0,29.86,93420.47,36.72,197950.91,b0
765271896,7,678458,0,0,29.71,93411.01,37.94,193353.47,b0
765285466,8,678504,0,0,29.57,93388.71,37.62,254283.58,b0
765274459,1,678551,0,0,28.89,93394.61,39.82,206451.61,b0
765272923,2,678597,0,0,29.02,93418.34,39.81,205087.13,b0
765271642,3,678643,0,0,29.19,93377.21,38.99,302511.09,b0
765289819,4,678689,0,0,29.47,93390.00,38.33,207455.42,b0
765281116,5,678735,0,0,29.85,93421.30,36.93,220025.78,b0
765280092,6,678781,0,0,29.86,93418.67,36.73,197836.17,b0
765271896,7,678827,0,0,29.70,93410.76,37.96,192698.53,b0
765285466,8,678873,0,0,29.56,93390.69,37.62,254283.58,b0
765274459,1,678920,0,0,28.90,93396.59,39.79,206202.17,b0
765272923,2,678966,0,0,29.03,93418.00,39.81,204350.42,b0
765271642,3,679012,0,0,29.20,93374.95,38.99,301708.91,b0
765289819,4,679058,0,0,29.47,93390.00,38.32,208214.72,b0
765281116,5,679104,0,0,29.85,93423.28,36.94,220309.81,b0
765280092,6,679150,0,0,29.86,93419.89,36.72,196809.53,b0
765271896,7,679196,0,0,29.69,93410.84,37.97,193134.67,b0
765285466,8,679243,0,0,29.54,93387.88,37.66,253905.28,b0
765274459,1,679289,0,0,28.89,93393.87,39.77,205953.34,b0
765272923,2,679335,0,0,29.03,93416.72,39.80,204350.42,b0
765271642,3,679381,0,0,29.20,93374.77,38.98,301975.81,b0
765289819,4,679427,0,0,29.46,93389.25,38.31,206701.66,b0
765281116,5,679473,0,0,29.81,93421.08,36.94,220309.81,b0
765280092,6,679520,0,0,29.84,93421.68,36.72,196018.38,b0
765271896,7,679566,0,0,29.64,93408.41,37.95,193572.78,b0
765285466,8,679612,0,0,29.51,93386.85,37.63,253716.55,b0
765274459,1,679658,0,0,28.88,93392.60,39.76,206202.17,b0
765272923,2,679704,0,0,29.01,93416.32,39.77,204472.84,b0
765271642,3,679750,0,0,29.19,93377.41,38.95,301975.81,b0
765289819,4,679797,0,0,29.44,93389.87,38.27,208341.81,b0
765281116,5,679843,0,0,29.79,93422.16,36.93,222174.00,b0
765280092,6,679889,0,0,29.81,93418.09,36.72,197492.77,b0
765271896,7,679935,0,0,29.62,93410.20,37.95,191724.39,b0
765285466,8,679981,0,0,29.49,93389.31,37.65,254663.02,b0
765274459,1,680027,0,0,28.88,93394.25,39.75,206826.91,b0
765272923,2,680073,0,0,29.00,93415.57,39.76,204595.41,b0
765271642,3,680120,0,0,29.17,93374.26,38.94,303317.53,b0
765289819,4,680166,0,0,29.43,93387.82,38.27,209364.14,b0
765281116,5,680212,0,0,29.76,93422.63,36.91,220594.58,b0
765280092,6,680258,0,0,29.78,93417.27,36.70,196923.08,b0
765271896,7,680304,0,0,29.60,93411.46,37.95,192916.36,b0
765285466,8,680350,0,0,29.46,93387.39,37.64,253152.05,b0
765274459,1,680397,0,0,28.87,93394.12,39.73,205953.34,b0
765272923,2,680443,0,0,29.00,93417.20,39.74,204963.97,b0
765271642,3,680489,0,0,29.16,93375.45,38.94,301975.81,b0
765289819,4,680535,0,0,29.42,93388.29,38.25,206826.91,b0
765281116,5,680581,0,0,29.75,93421.14,36.93,220737.23,b0
765280092,6,680627,0,0,29.78,93417.30,36.72,196469.69,b0
765271896,7,680673,0,0,29.60,93409.00,37.98,192481.20,b0
765285466,8,680719,0,0,29.47,93386.34,37.67,253528.09,b0
765274459,1,680766,0,0,28.86,93395.58,39.72,205953.34,b0
765272923,2,680812,0,0,28.99,93417.00,39.75,203497.61,b0
765271642,3,680858,0,0,29.17,93374.40,38.94,301708.91,b0
765289819,4,680904,0,0,29.43,93389.44,38.27,207203.56,b0
765281116,5,680950,0,0,29.77,93419.81,36.96,219178.08,b0
765280092,6,680996,0,0,29.80,93419.21,36.73,194123.22,b0
765271896,7,681042,0,0,29.62,93410.71,38.01,191724.39,b0
765285466,8,681088,0,0,29.49,93387.47,37.72,251103.48,b0
765274459,1,681135,0,0,28.88,93395.72,39.72,205705.11,b0
765272923,2,681181,0,0,29.00,93416.12,39.78,204228.16,b0
765271642,3,681227,0,0,29.19,93377.21,38.95,300381.34,b0
765289819,4,681273,0,0,29.45,93388.30,38.30,205705.11,b0
765281116,5,681319,0,0,29.78,93421.55,37.01,217640.81,b0
765280092,6,681365,0,0,29.80,93418.71,36.77,194233.69,b0
765271896,7,681412,0,0,29.64,93409.95,38.07,191724.39,b0
765285466,8,681458,0,0,29.49,93386.57,37.77,251473.48,b0
765274459,1,681504,0,0,28.88,93392.42,39.75,205087.13,b0
765272923,2,681550,0,0,29.02,93415.62,39.79,203984.06,b0
765271642,3,681596,0,0,29.19,93374.88,38.96,300117.22,b0
765289819,4,681642,0,0,29.46,93388.51,38.33,206202.17,b0
765281116,5,681688,0,0,29.79,93420.17,37.04,219318.91,b0
765280092,6,681735,0,0,29.80,93419.09,36.81,195121.95,b0
765271896,7,681781,0,0,29.64,93411.05,38.11,187066.13,b0
765285466,8,681827,0,0,29.50,93387.38,37.82,251103.48,b0
765274459,1,681873,0,0,28.89,93394.41,39.76,204963.97,b0
765272923,2,681919,0,0,29.05,93418.05,39.81,203013.48,b0
765271642,3,681965,0,0,29.19,93375.44,38.98,299327.69,b0
765289819,4,682012,0,0,29.47,93389.13,38.34,205829.14,b0
765281116,5,682058,0,0,29.79,93422.40,37.10,217502.13,b0
765280092,6,682104,0,0,29.80,93419.77,36.85,194676.81,b0
765271896,7,682150,0,0,29.65,93410.02,38.15,186046.52,b0
765285466,8,682196,0,0,29.49,93386.26,37.88,251288.34,b0
765274459,1,682242,0,0,28.89,93394.05,39.79,204472.84,b0
765272923,2,682289,0,0,29.05,93417.34,39.85,203255.27,b0
765271642,3,682335,0,0,29.20,93376.08,39.02,300381.34,b0
765289819,4,682381,0,0,29.49,93389.22,38.37,205705.11,b0
765281116,5,682427,0,0,29.79,93421.82,37.12,217502.13,b0
765280092,6,682473,0,0,29.79,93417.35,36.87,194787.91,b0
765271896,7,682519,0,0,29.64,93411.40,38.20,186861.31,b0
765285466,8,682565,0,0,29.49,93387.66,37.92,250550.53,b0
765274459,1,682612,0,0,28.91,93394.56,39.80,204350.42,b0
765272923,2,682658,0,0,29.06,93418.98,39.87,201932.56,b0
765271642,3,682704,0,0,29.21,93374.88,39.05,298542.28,b0
765289819,4,682750,0,0,29.48,93387.40,38.37,205333.88,b0
765281116,5,682796,0,0,29.79,93421.88,37.17,217087.13,b0
765280092,6,682842,0,0,29.80,93419.24,36.91,194455.00,b0
765271896,7,682888,0,0,29.65,93411.09,38.23,187271.39,b0
765285466,8,682934,0,0,29.49,93387.81,37.96,249087.81,b0
765274459,1,682981,0,0,28.92,93396.00,39.82,203984.06,b0
765272923,2,683027,0,0,29.07,93418.27,39.88,202171.77,b0
765271642,3,683073,0,0,29.22,93375.45,39.06,298542.28,b0
765289819,4,683119,0,0,29.49,93386.53,38.39,205457.47,b0
765281116,5,683165,0,0,29.80,93420.65,37.18,217225.28,b0
765280092,6,683211,0,0,29.80,93418.77,36.94,194123.22,b0
765271896,7,683257,0,0,29.65,93410.20,38.26,185843.92,b0
765285466,8,683304,0,0,29.50,93389.54,37.97,249451.89,b0
765274459,1,683350,0,0,28.92,93394.00,39.82,204228.16,b0
765272923,2,683396,0,0,29.07,93417.91,39.87,201932.56,b0
765271642,3,683442,0,0,29.21,93374.69,39.05,300117.22,b0
765289819,4,683488,0,0,29.50,93388.57,38.40,204472.84,b0
765281116,5,683534,0,0,29.81,93421.08,37.21,217640.81,b0
765280092,6,683580,0,0,29.81,93418.86,36.95,193572.78,b0
765271896,7,683627,0,0,29.66,93410.66,38.29,187271.39,b0
765285466,8,683673,0,0,29.50,93388.52,38.00,248362.84,b0
765274459,1,683719,0,0,28.93,93396.16,39.82,203862.23,b0
765272923,2,683765,0,0,29.07,93416.47,39.89,202411.55,b0
765271642,3,683811,0,0,29.22,93375.98,39.05,297242.38,b0
765289819,4,683857,0,0,29.50,93386.61,38.42,205087.13,b0
765281116,5,683904,0,0,29.82,93422.45,37.22,216124.95,b0
765280092,6,683950,0,0,29.82,93419.07,36.99,193902.67,b0
765271896,7,683996,0,0,29.67,93411.98,38.30,186249.55,b0
765285466,8,684042,0,0,29.51,93386.95,38.01,248001.94,b0
765274459,1,684088,0,0,28.91,93394.92,39.82,203984.06,b0
765272923,2,684134,0,0,29.07,93418.65,39.88,201218.31,b0
765271642,3,684181,0,0,29.22,93377.10,39.06,299590.41,b0
765289819,4,684227,0,0,29.51,93388.08,38.42,204963.97,b0
765281116,5,684273,0,0,29.81,93421.14,37.23,215715.19,b0
765280092,6,684319,0,0,29.82,93418.21,36.97,193463.06,b0
765271896,7,684365,0,0,29.67,93410.20,38.31,185440.06,b0
765285466,8,684411,0,0,29.51,93389.67,38.03,248362.84,b0
765274459,1,684458,0,0,28.92,93394.52,39.83,203862.23,b0
765272923,2,684504,0,0,29.08,93417.00,39.87,202651.89,b0
765271642,3,684550,0,0,29.23,93373.73,39.06,298281.38,b0
765289819,4,684596,0,0,29.51,93389.54,38.42,204472.84,b0
765281116,5,684642,0,0,29.82,93420.29,37.24,216398.98,b0
765280092,6,684688,0,0,29.82,93417.83,36.99,193134.67,b0
765271896,7,684734,0,0,29.68,93410.23,38.34,185037.95,b0
765285466,8,684780,0,0,29.52,93388.48,38.07,249087.81,b0
765274459,1,684827,0,0,28.92,93393.62,39.81,203255.27,b0
765272923,2,684873,0,0,29.09,93416.85,39.88,202411.55,b0
765271642,3,684919,0,0,29.22,93374.75,39.08,298020.97,b0
765289819,4,684965,0,0,29.52,93390.11,38.43,204718.11,b0
765281116,5,685011,0,0,29.82,93419.91,37.25,216673.72,b0
765280092,6,685057,0,0,29.82,93417.65,37.00,194233.69,b0
765271896,7,685103,0,0,29.68,93410.82,38.34,185641.77,b0
765285466,8,685149,0,0,29.52,93390.15,38.05,248906.17,b0
765274459,1,685196,0,0,28.92,93393.98,39.82,203619.02,b0
765272923,2,685242,0,0,29.08,93417.03,39.88,201099.77,b0
765271642,3,685288,0,0,29.22,93374.95,39.07,298542.28,b0
765289819,4,685334,0,0,29.51,93387.02,38.41,204963.97,b0
765281116,5,685380,0,0,29.81,93419.99,37.26,215851.61,b0
765280092,6,685426,0,0,29.81,93417.09,37.01,192698.53,b0
765271896,7,685473,0,0,29.69,93408.70,38.34,185037.95,b0
765285466,8,685519,0,0,29.52,93388.13,38.04,247642.08,b0
765274459,1,685565,0,0,28.91,93395.47,39.81,203255.27,b0
765272923,2,685611,0,0,29.08,93418.66,39.87,201337.00,b0
765271642,3,685657,0,0,29.21,93373.09,39.07,300117.22,b0
765289819,4,685703,0,0,29.51,93388.80,38.41,203376.36,b0
765281116,5,685749,0,0,29.81,93422.78,37.27,216398.98,b0
765280092,6,685796,0,0,29.82,93419.30,37.01,193792.58,b0
765271896,7,685842,0,0,29.69,93410.52,38.35,185238.78,b0
765285466,8,685888,0,0,29.52,93388.71,38.05,248543.69,b0
765274459,1,685934,0,0,28.90,93393.85,39.81,203619.02,b0
765272923,2,685980,0,0,29.06,93416.79,39.88,200744.95,b0
765271642,3,686026,0,0,29.22,93375.63,39.05,299327.69,b0
765289819,4,686073,0,0,29.50,93390.19,38.39,204350.42,b0
765281116,5,686119,0,0,29.82,93422.98,37.24,215578.95,b0
765280092,6,686165,0,0,29.82,93417.70,37.02,193353.47,b0
765271896,7,686211,0,0,29.69,93410.35,38.34,184637.58,b0
765285466,8,686257,0,0,29.52,93387.27,38.04,249087.81,b0
765274459,1,686303,0,0,28.90,93393.48,39.78,203862.23,b0
765272923,2,686350,0,0,29.06,93419.34,39.87,201337.00,b0
765271642,3,686396,0,0,29.21,93374.34,39.06,299853.59,b0
765289819,4,686442,0,0,29.49,93388.00,38.39,205087.13,b0
765281116,5,686488,0,0,29.80,93422.14,37.26,215171.25,b0
765280092,6,686534,0,0,29.83,93419.54,37.01,192156.13,b0
765271896,7,686580,0,0,29.71,93411.52,38.35,184837.55,b0
765285466,8,686626,0,0,29.52,93388.35,38.05,247462.55,b0
765274459,1,686673,0,0,28.90,93394.02,39.76,203740.55,b0
765272923,2,686719,0,0,29.05,93416.97,39.84,201455.83,b0
765271642,3,686765,0,0,29.21,93375.24,39.03,300910.97,b0
765289819,4,686811,0,0,29.49,93388.70,38.39,205087.13,b0
765281116,5,686857,0,0,29.81,93424.22,37.24,217087.13,b0
765280092,6,686903,0,0,29.83,93418.52,37.00,193902.67,b0
765271896,7,686949,0,0,29.71,93411.34,38.32,183644.19,b0
765285466,8,686995,0,0,29.53,93389.13,38.06,247642.08,b0
765274459,1,687042,0,0,28.91,93394.74,39.76,203984.06,b0
765272923,2,687088,0,0,29.05,93417.52,39.83,201455.83,b0
765271642,3,687134,0,0,29.21,93374.35,39.01,298542.28,b0
765289819,4,687180,0,0,29.49,93388.86,38.35,205210.42,b0
765281116,5,687226,0,0,29.81,93422.40,37.26,216673.72,b0
765280092,6,687272,0,0,29.83,93417.07,36.99,192916.36,b0
765271896,7,687318,0,0,29.71,93411.54,38.33,184040.27,b0
765285466,8,687365,0,0,29.53,93388.47,38.04,248001.94,b0
765274459,1,687411,0,0,28.91,93393.09,39.75,203984.06,b0
765272923,2,687457,0,0,29.07,93416.80,39.81,201693.91,b0
765271642,3,687503,0,0,29.22,93376.56,39.01,298803.63,b0
765289819,4,687549,0,0,29.50,93388.02,38.33,204106.05,b0
765281116,5,687595,0,0,29.82,93419.38,37.23,216536.27,b0
765280092,6,687642,0,0,29.83,93416.56,36.99,192048.02,b0
765271896,7,687688,0,0,29.72,93410.90,38.31,184837.55,b0
765285466,8,687734,0,0,29.53,93387.37,38.03,248543.69,b0
765274459,1,687780,0,0,28.91,93393.09,39.75,204228.16,b0
765272923,2,687826,0,0,29.08,93417.91,39.80,202411.55,b0
765271642,3,687872,0,0,29.22,93374.94,39.00,298542.28,b0
765289819,4,687918,0,0,29.51,93387.91,38.33,203619.02,b0
765281116,5,687965,0,0,29.83,93422.95,37.23,215715.19,b0
765280092,6,688011,0,0,29.84,93418.44,36.99,193025.45,b0
765271896,7,688057,0,0,29.73,93411.14,38.30,184637.58,b0
765285466,8,688103,0,0,29.53,93387.95,38.02,248724.80,b0
765274459,1,688149,0,0,28.91,93395.11,39.71,204472.84,b0
765272923,2,688195,0,0,29.09,93417.59,39.79,202772.28,b0
765271642,3,688242,0,0,29.23,93375.20,38.99,300645.91,b0
765289819,4,688288,0,0,29.52,93388.32,38.32,205457.47,b0
765281116,5,688334,0,0,29.84,93422.09,37.24,216124.95,b0
765280092,6,688380,0,0,29.85,93418.72,36.98,193572.78,b0
765271896,7,688426,0,0,29.73,93410.61,38.28,184238.94,b0
765285466,8,688472,0,0,29.54,93387.70,38.00,247821.88,b0
765274459,1,688519,0,0,28.91,93391.64,39.69,204595.41,b0
765272923,2,688565,0,0,29.08,93417.59,39.77,202052.09,b0
765271642,3,688611,0,0,29.23,93375.38,38.96,300910.97,b0
765289819,4,688657,0,0,29.52,93389.07,38.30,204963.97,b0
765281116,5,688703,0,0,29.85,93423.28,37.21,215715.19,b0
765280092,6,688749,0,0,29.85,93417.66,36.98,193572.78,b0
765271896,7,688795,0,0,29.74,93411.00,38.28,184438.05,b0
765285466,8,688841,0,0,29.55,93387.20,37.98,248001.94,b0
765274459,1,688888,0,0,28.91,93394.38,39.70,204472.84,b0
765272923,2,688934,0,0,29.08,93417.02,39.74,202171.77,b0
765271642,3,688980,0,0,29.23,93373.91,38.93,300645.91,b0
765289819,4,689026,0,0,29.52,93388.48,38.29,204840.97,b0
765281116,5,689072,0,0,29.85,93421.99,37.19,215988.19,b0
765280092,6,689118,0,0,29.85,93418.23,36.95,192156.13,b0
765271896,7,689164,0,0,29.74,93409.95,38.28,184238.94,b0
765285466,8,689210,0,0,29.55,93387.62,37.98,246390.77,b0
765274459,1,689257,0,0,28.92,93394.36,39.67,204840.97,b0
765272923,2,689303,0,0,29.09,93419.04,39.71,202411.55,b0
765271642,3,689349,0,0,29.23,93375.01,38.93,301176.47,b0
765289819,4,689395,0,0,29.51,93388.11,38.25,205210.42,b0
765281116,5,689441,0,0,29.85,93421.12,37.20,214900.31,b0
765280092,6,689487,0,0,29.85,93418.18,36.95,192481.20,b0
765271896,7,689534,0,0,29.75,93411.12,38.28,182661.44,b0
765285466,8,689580,0,0,29.55,93388.88,37.98,245681.38,b0
765274459,1,689626,0,0,28.93,93395.60,39.66,204840.97,b0
765272923,2,689672,0,0,29.08,93418.65,39.71,203255.27,b0
765271642,3,689718,0,0,29.25,93376.93,38.91,300910.97,b0
765289819,4,689764,0,0,29.52,93389.95,38.24,206202.17,b0
765281116,5,689810,0,0,29.85,93422.35,37.18,216124.95,b0
765280092,6,689857,0,0,29.85,93417.16,36.93,192807.38,b0
765271896,7,689903,0,0,29.76,93410.63,38.25,183644.19,b0
765285466,8,689949,0,0,29.56,93388.96,37.97,245858.34,b0
765274459,1,689995,0,0,28.92,93394.34,39.65,204718.11,b0
765272923,2,690041,0,0,29.08,93417.91,39.68,201932.56,b0
765271642,3,690087,0,0,29.25,93375.12,38.90,301176.47,b0
765289819,4,690134,0,0,29.52,93389.91,38.23,205581.20,b0
765281116,5,690180,0,0,29.85,93421.30,37.16,216261.88,b0
765280092,6,690226,0,0,29.86,93417.91,36.92,192372.72,b0
765271896,7,690272,0,0,29.76,93409.36,38.24,184238.94,b0
765285466,8,690318,0,0,29.56,93388.78,37.98,246925.48,b0
765274459,1,690364,0,0,28.93,93393.61,39.63,205210.42,b0
765272923,2,690411,0,0,29.08,93417.41,39.66,202411.55,b0
765271642,3,690457,0,0,29.27,93376.31,38.87,300117.22,b0
765289819,4,690503,0,0,29.53,93389.82,38.21,204472.84,b0
765281116,5,690549,0,0,29.86,93420.46,37.14,214360.48,b0
765280092,6,690595,0,0,29.87,93418.38,36.91,192916.36,b0
765271896,7,690641,0,0,29.77,93411.03,38.24,183446.80,b0
765285466,8,690687,0,0,29.58,93389.30,37.97,245858.34,b0
765274459,1,690734,0,0,28.95,93394.30,39.62,205705.11,b0
765272923,2,690780,0,0,29.10,93419.43,39.66,202411.55,b0
765271642,3,690826,0,0,29.27,93376.13,38.86,298803.63,b0
765289819,4,690872,0,0,29.54,93388.07,38.21,205829.14,b0
765281116,5,690918,0,0,29.86,93422.14,37.14,215715.19,b0
765280092,6,690964,0,0,29.87,93419.66,36.90,192372.72,b0
765271896,7,691010,0,0,29.75,93411.45,38.19,183644.19,b0
765285466,8,691056,0,0,29.57,93388.54,37.95,246390.77,b0
765274459,1,691103,0,0,28.95,93391.55,39.59,204595.41,b0
765272923,2,691149,0,0,29.11,93419.08,39.64,203255.27,b0
765271642,3,691195,0,0,29.27,93373.86,38.84,299327.69,b0
765289819,4,691241,0,0,29.55,93388.12,38.19,204840.97,b0
765281116,5,691287,0,0,29.86,93421.23,37.11,214225.94,b0
765280092,6,691333,0,0,29.86,93416.53,36.89,192156.13,b0
765271896,7,691379,0,0,29.74,93410.52,38.18,184438.05,b0
765285466,8,691426,0,0,29.57,93388.55,37.94,246568.75,b0
765274459,1,691472,0,0,28.96,93396.09,39.58,204718.11,b0
765272923,2,691518,0,0,29.12,93417.30,39.62,202411.55,b0
765271642,3,691564,0,0,29.28,93376.03,38.84,298281.38,b0
765289819,4,691610,0,0,29.56,93390.88,38.17,204106.05,b0
765281116,5,691656,0,0,29.87,93422.77,37.12,215851.61,b0
765280092,6,691703,0,0,29.86,93416.91,36.88,193244.02,b0
765271896,7,691749,0,0,29.74,93411.89,38.16,184637.58,b0
765285466,8,691795,0,0,29.58,93389.30,37.92,246925.48,b0
765274459,1,691841,0,0,28.96,93393.53,39.57,204718.11,b0
765272923,2,691887,0,0,29.13,93420.22,39.60,201813.17,b0
765271642,3,691933,0,0,29.29,93376.45,38.82,300117.22,b0
765289819,4,691980,0,0,29.57,93390.57,38.16,205953.34,b0
765281116,5,692026,0,0,29.88,93424.09,37.10,216536.27,b0
765280092,6,692072,0,0,29.87,93419.10,36.84,192372.72,b0
765271896,7,692118,0,0,29.72,93408.78,38.15,184837.55,b0
765285466,8,692164,0,0,29.58,93388.77,37.89,244274.81,b0
765274459,1,692210,0,0,28.97,93392.79,39.55,204963.97,b0
765272923,2,692256,0,0,29.13,93418.05,39.58,202171.77,b0
765271642,3,692303,0,0,29.28,93376.07,38.80,299853.59,b0
765289819,4,692349,0,0,29.57,93388.98,38.14,205087.13,b0
765281116,5,692395,0,0,29.87,93423.26,37.08,215715.19,b0
765280092,6,692441,0,0,29.87,93419.79,36.83,192156.13,b0
765271896,7,692487,0,0,29.71,93411.49,38.13,184438.05,b0
765285466,8,692533,0,0,29.56,93390.07,37.88,246568.75,b0
765274459,1,692580,0,0,28.97,93395.70,39.55,204472.84,b0
765272923,2,692626,0,0,29.14,93418.79,39.56,202531.64,b0
765271642,3,692672,0,0,29.28,93375.68,38.79,298542.28,b0
765289819,4,692718,0,0,29.57,93388.61,38.13,204472.84,b0
765281116,5,692764,0,0,29.84,93422.16,37.06,214091.58,b0
765280092,6,692810,0,0,29.85,93417.32,36.82,191616.77,b0
765271896,7,692856,0,0,29.68,93412.19,38.12,184040.27,b0
765285466,8,692902,0,0,29.54,93389.13,37.88,246746.98,b0
765274459,1,692949,0,0,28.97,93391.31,39.52,203497.61,b0
765272923,2,692995,0,0,29.14,93419.51,39.56,201574.80,b0
765271642,3,693041,0,0,29.28,93376.03,38.77,295953.75,b0
765289819,4,693087,0,0,29.57,93390.19,38.13,203013.48,b0
765281116,5,693133,0,0,29.83,93423.11,37.08,214495.19,b0
765280092,6,693179,0,0,29.84,93420.26,36.84,191940.02,b0
765271896,7,693225,0,0,29.67,93411.24,38.14,182661.44,b0
765285466,8,693271,0,0,29.54,93388.52,37.88,245328.22,b0
765274459,1,693318,0,0,28.97,93394.23,39.54,203740.55,b0
765272923,2,693364,0,0,29.14,93418.62,39.57,201932.56,b0
765271642,3,693410,0,0,29.28,93377.87,38.78,296983.75,b0
765289819,4,693456,0,0,29.56,93387.68,38.14,203376.36,b0
765281116,5,693502,0,0,29.83,93421.81,37.09,214225.94,b0
765280092,6,693548,0,0,29.84,93419.19,36.85,190653.52,b0
765271896,7,693595,0,0,29.67,93412.13,38.16,182661.44,b0
765285466,8,693641,0,0,29.53,93387.73,37.90,245858.34,b0
765274459,1,693687,0,0,28.98,93393.12,39.57,202772.28,b0
765272923,2,693733,0,0,29.15,93418.63,39.59,200273.81,b0
765271642,3,693779,0,0,29.28,93376.05,38.82,296725.59,b0
765289819,4,693825,0,0,29.57,93388.59,38.16,202892.81,b0
765281116,5,693872,0,0,29.83,93422.20,37.10,213823.34,b0
765280092,6,693918,0,0,29.84,93419.36,36.87,191616.77,b0
765271896,7,693964,0,0,29.68,93410.95,38.17,184040.27,b0
765285466,8,694010,0,0,29.54,93389.23,37.91,244624.94,b0
765274459,1,694056,0,0,28.97,93395.33,39.57,202892.81,b0
765272923,2,694102,0,0,29.14,93418.45,39.61,200391.39,b0
765271642,3,694148,0,0,29.28,93376.59,38.84,296725.59,b0
765289819,4,694195,0,0,29.57,93389.88,38.18,202052.09,b0
765281116,5,694241,0,0,29.83,93421.52,37.12,212889.81,b0
765280092,6,694287,0,0,29.84,93419.01,36.87,191080.42,b0
765271896,7,694333,0,0,29.70,93413.04,38.19,183053.27,b0
765285466,8,694379,0,0,29.54,93390.36,37.92,245681.38,b0
765274459,1,694425,0,0,28.96,93391.70,39.59,203255.27,b0
765272923,2,694472,0,0,29.15,93420.09,39.63,201099.77,b0
765271642,3,694518,0,0,29.27,93375.81,38.87,295697.38,b0
765289819,4,694564,0,0,29.57,93390.92,38.18,202651.89,b0
765281116,5,694610,0,0,29.85,93423.12,37.14,213555.78,b0
765280092,6,694656,0,0,29.85,93417.97,36.87,190760.06,b0
765271896,7,694702,0,0,29.71,93412.42,38.20,183842.02,b0
765285466,8,694748,0,0,29.55,93388.98,37.94,244800.38,b0
765274459,1,694795,0,0,28.96,93392.98,39.59,202892.81,b0
765272923,2,694841,0,0,29.14,93418.62,39.61,201218.31,b0
765271642,3,694887,0,0,29.28,93375.84,38.86,297242.38,b0
765289819,4,694933,0,0,29.57,93389.67,38.18,203740.55,b0
765281116,5,694979,0,0,29.85,93421.45,37.15,214630.06,b0
765280092,6,695025,0,0,29.86,93419.33,36.90,190228.50,b0
765271896,7,695071,0,0,29.71,93413.87,38.22,183053.27,b0
765285466,8,695117,0,0,29.55,93388.88,37.95,245681.38,b0
765274459,1,695164,0,0,28.95,93395.73,39.59,203013.48,b0
765272923,2,695210,0,0,29.14,93419.71,39.64,200039.06,b0
765271642,3,695256,0,0,29.28,93375.49,38.86,297242.38,b0
765289819,4,695302,0,0,29.58,93390.61,38.20,203134.30,b0
765281116,5,695348,0,0,29.86,93425.02,37.16,213823.34,b0
765280092,6,695394,0,0,29.86,93418.09,36.91,191080.42,b0
765271896,7,695440,0,0,29.70,93411.30,38.24,183053.27,b0
765285466,8,695487,0,0,29.56,93389.61,37.97,243057.20,b0
765274459,1,695533,0,0,28.96,93393.17,39.58,202892.81,b0
765272923,2,695579,0,0,29.15,93420.46,39.61,201218.31,b0
765271642,3,695625,0,0,29.28,93376.23,38.86,295185.94,b0
765289819,4,695671,0,0,29.58,93388.29,38.19,203376.36,b0
765281116,5,695717,0,0,29.86,93423.58,37.17,213022.67,b0
765280092,6,695764,0,0,29.86,93417.98,36.94,190547.08,b0
765271896,7,695810,0,0,29.71,93413.30,38.24,183249.83,b0
765285466,8,695856,0,0,29.56,93388.54,37.98,244800.38,b0
765274459,1,695902,0,0,28.96,93395.17,39.61,203376.36,b0
765272923,2,695948,0,0,29.15,93419.16,39.61,200039.06,b0
765271642,3,695994,0,0,29.29,93375.41,38.85,294676.25,b0
765289819,4,696040,0,0,29.60,93391.09,38.21,202411.55,b0
765281116,5,696087,0,0,29.87,93423.84,37.17,212624.58,b0
765280092,6,696133,0,0,29.87,93419.54,36.95,187066.13,b0
765271896,7,696179,0,0,29.70,93411.47,38.22,183053.27,b0
765285466,8,696225,0,0,29.56,93389.82,37.99,243751.48,b0
765274459,1,696271,0,0,28.96,93392.61,39.58,202651.89,b0
765272923,2,696317,0,0,29.16,93419.20,39.63,200273.81,b0
765271642,3,696364,0,0,29.30,93377.63,38.86,296983.75,b0
765289819,4,696410,0,0,29.60,93390.38,38.19,202651.89,b0
765281116,5,696456,0,0,29.86,93422.16,37.16,213555.78,b0
765280092,6,696502,0,0,29.87,93417.92,36.92,191080.42,b0
765271896,7,696548,0,0,29.70,93412.71,38.23,183842.02,b0
765285466,8,696594,0,0,29.56,93388.01,37.98,244449.75,b0
765274459,1,696641,0,0,28.97,93392.58,39.59,202531.64,b0
765272923,2,696687,0,0,29.17,93419.04,39.62,199687.98,b0
765271642,3,696733,0,0,29.31,93375.86,38.87,296725.59,b0
765289819,4,696779,0,0,29.60,93389.69,38.19,201693.91,b0
765281116,5,696825,0,0,29.86,93422.31,37.17,212757.11,b0
765280092,6,696871,0,0,29.87,93420.20,36.91,190653.52,b0
765271896,7,696917,0,0,29.71,93409.73,38.20,184238.94,b0
765285466,8,696963,0,0,29.56,93389.11,37.97,245504.67,b0
765274459,1,697010,0,0,28.98,93392.21,39.59,202651.89,b0
765272923,2,697056,0,0,29.17,93419.77,39.60,199921.91,b0
765271642,3,697102,0,0,29.32,93376.11,38.86,297242.38,b0
765289819,4,697148,0,0,29.60,93389.16,38.17,202411.55,b0
765281116,5,697194,0,0,29.86,93421.26,37.14,212757.11,b0
765280092,6,697240,0,0,29.87,93419.28,36.91,187271.39,b0
765271896,7,697286,0,0,29.70,93409.70,38.21,183842.02,b0
765285466,8,697332,0,0,29.56,93387.84,37.97,243751.48,b0
765274459,1,697379,0,0,28.99,93390.55,39.59,202291.58,b0
765272923,2,697425,0,0,29.18,93418.88,39.62,200509.11,b0
765271642,3,697471,0,0,29.32,93376.48,38.85,296725.59,b0
765289819,4,697517,0,0,29.62,93389.41,38.18,202531.64,b0
765281116,5,697563,0,0,29.87,93419.68,37.15,214225.94,b0
765280092,6,697609,0,0,29.88,93418.14,36.94,187271.39,b0
765271896,7,697656,0,0,29.71,93410.63,38.19,184438.05,b0
765285466,8,697702,0,0,29.57,93388.66,37.95,245858.34,b0
765274459,1,697748,0,0,29.00,93390.70,39.59,203134.30,b0
765272923,2,697794,0,0,29.19,93419.81,39.62,200509.11,b0
765271642,3,697840,0,0,29.33,93377.84,38.84,295697.38,b0
765289819,4,697886,0,0,29.62,93387.82,38.17,202171.77,b0
765281116,5,697932,0,0,29.88,93423.40,37.15,215306.98,b0
765280092,6,697979,0,0,29.88,93416.00,36.91,191080.42,b0
765271896,7,698025,0,0,29.70,93412.55,38.18,184238.94,b0
765285466,8,698071,0,0,29.56,93388.07,37.94,246568.75,b0
765274459,1,698117,0,0,29.01,93392.69,39.59,202411.55,b0
765272923,2,698163,0,0,29.19,93418.55,39.61,199921.91,b0
765271642,3,698209,0,0,29.33,93376.23,38.84,296467.88,b0
765289819,4,698256,0,0,29.63,93388.59,38.17,202171.77,b0
765281116,5,698302,0,0,29.86,93420.14,37.13,214360.48,b0
765280092,6,698348,0,0,29.87,93419.54,36.90,190440.77,b0
765271896,7,698394,0,0,29.68,93411.89,38.16,183446.80,b0
765285466,8,698440,0,0,29.56,93389.49,37.93,246390.77,b0
765274459,1,698486,0,0,29.01,93392.49,39.57,202171.77,b0
765272923,2,698532,0,0,29.20,93418.73,39.59,199804.88,b0
765271642,3,698579,0,0,29.33,93375.15,38.83,295697.38,b0
765289819,4,698625,0,0,29.63,93388.20,38.14,202651.89,b0
765281116,5,698671,0,0,29.87,93424.21,37.10,214091.58,b0
765280092,6,698717,0,0,29.87,93418.66,36.87,191401.88,b0
765271896,7,698763,0,0,29.68,93411.30,38.14,184837.55,b0
765285466,8,698809,0,0,29.56,93390.90,37.90,245858.34,b0
765274459,1,698856,0,0,29.03,93391.73,39.58,202291.58,b0
765272923,2,698902,0,0,29.21,93419.30,39.58,200273.81,b0
765271642,3,698948,0,0,29.34,93374.82,38.82,296725.59,b0
765289819,4,698994,0,0,29.63,93388.59,38.14,203255.27,b0
765281116,5,699040,0,0,29.87,93423.09,37.09,215715.19,b0
765280092,6,699086,0,0,29.88,93419.56,36.85,191401.88,b0
765271896,7,699132,0,0,29.67,93411.45,38.12,184238.94,b0
765285466,8,699178,0,0,29.55,93388.70,37.87,246568.75,b0
765274459,1,699225,0,0,29.02,93390.84,39.55,202052.09,b0
765272923,2,699271,0,0,29.22,93418.60,39.56,200156.38,b0
765271642,3,699317,0,0,29.35,93374.70,38.79,296983.75,b0
765289819,4,699363,0,0,29.63,93388.95,38.10,202892.81,b0
765281116,5,699409,0,0,29.87,93423.48,37.06,213555.78,b0
765280092,6,699455,0,0,29.88,93420.63,36.84,191401.88,b0
765271896,7,699501,0,0,29.67,93410.71,38.10,184637.58,b0
765285466,8,699547,0,0,29.55,93388.15,37.86,247462.55,b0
765274459,1,699594,0,0,29.04,93392.07,39.55,202531.64,b0
765272923,2,699640,0,0,29.23,93420.27,39.55,199105.58,b0
765271642,3,699686,0,0,29.35,93376.16,38.78,296210.59,b0
765289819,4,699732,0,0,29.65,93391.73,38.10,202531.64,b0
765281116,5,699778,0,0,29.88,93422.81,37.04,214495.19,b0
765280092,6,699824,0,0,29.87,93418.81,36.82,190760.06,b0
765271896,7,699871,0,0,29.68,93410.82,38.11,184040.27,b0
765285466,8,699917,0,0,29.55,93388.68,37.86,244800.38,b0
765274459,1,699963,0,0,29.05,93390.60,39.53,201574.80,b0
765272923,2,700009,0,0,29.24,93419.75,39.55,200509.11,b0
765271642,3,700055,0,0,29.36,93376.96,38.77,296983.75,b0
765289819,4,700101,0,0,29.65,93388.52,38.09,201932.56,b0
765281116,5,700148,0,0,29.88,93423.02,37.06,212889.81,b0
765280092,6,700194,0,0,29.88,93419.77,36.84,190547.08,b0
765271896,7,700240,0,0,29.69,93409.60,38.12,184040.27,b0
765285466,8,700286,0,0,29.56,93390.54,37.88,244800.38,b0
765274459,1,700332,0,0,29.06,93390.94,39.52,201218.31,b0
765272923,2,700378,0,0,29.25,93419.41,39.50,199454.61,b0
765271642,3,700424,0,0,29.36,93375.14,38.74,295953.75,b0
765289819,4,700471,0,0,29.66,93389.61,38.06,203134.30,b0
765281116,5,700517,0,0,29.89,93421.98,37.06,214091.58,b0
765280092,6,700563,0,0,29.89,93419.51,36.83,187066.13,b0
765271896,7,700609,0,0,29.69,93410.88,38.12,183644.19,b0
765285466,8,700655,0,0,29.56,93387.86,37.86,244274.81,b0
765274459,1,700701,0,0,29.07,93390.55,39.51,201932.56,b0
765272923,2,700748,0,0,29.25,93419.96,39.48,198065.77,b0
765271642,3,700794,0,0,29.36,93376.40,38.72,295185.94,b0
765289819,4,700840,0,0,29.66,93389.47,38.06,201574.80,b0
765281116,5,700886,0,0,29.89,93423.13,37.07,212889.81,b0
765280092,6,700932,0,0,29.89,93418.80,36.82,186861.31,b0
765271896,7,700978,0,0,29.70,93411.13,38.14,183644.19,b0
765285466,8,701024,0,0,29.57,93389.38,37.89,244274.81,b0
765274459,1,701071,0,0,29.07,93391.81,39.49,200626.95,b0
765272923,2,701117,0,0,29.27,93418.17,39.49,199454.61,b0
765271642,3,701163,0,0,29.36,93376.96,38.73,294422.09,b0
765289819,4,701209,0,0,29.66,93389.48,38.04,202052.09,b0
765281116,5,701255,0,0,29.89,93423.83,37.06,211701.47,b0
765280092,6,701301,0,0,29.89,93416.30,36.84,187271.39,b0
765271896,7,701347,0,0,29.71,93410.44,38.18,183842.02,b0
765285466,8,701393,0,0,29.57,93389.94,37.90,244100.13,b0
765274459,1,701440,0,0,29.08,93392.52,39.49,201099.77,b0
765272923,2,701486,0,0,29.27,93420.36,39.48,200039.06,b0
765271642,3,701532,0,0,29.36,93374.42,38.72,293662.19,b0
765289819,4,701578,0,0,29.67,93389.16,38.03,201813.17,b0
765281116,5,701624,0,0,29.90,93422.25,37.06,212757.11,b0
765280092,6,701670,0,0,29.89,93418.48,36.84,186861.31,b0
765271896,7,701716,0,0,29.71,93412.41,38.17,183446.80,b0
765285466,8,701763,0,0,29.56,93387.35,37.92,243057.20,b0
765274459,1,701809,0,0,29.08,93391.06,39.48,200391.39,b0
765272923,2,701855,0,0,29.27,93420.17,39.48,198873.56,b0
765271642,3,701901,0,0,29.37,93376.09,38.75,292154.06,b0
765289819,4,701947,0,0,29.67,93389.13,38.05,200391.39,b0
765281116,5,701993,0,0,29.90,93423.02,37.09,212492.22,b0
765280092,6,702040,0,0,29.89,93419.02,36.84,186453.02,b0
765271896,7,702086,0,0,29.72,93411.91,38.21,183053.27,b0
765285466,8,702132,0,0,29.56,93387.74,37.97,243057.20,b0
765274459,1,702178,0,0,29.09,93390.70,39.50,200156.38,b0
765272923,2,702224,0,0,29.28,93416.73,39.49,197721.56,b0
765271642,3,702270,0,0,29.37,93377.91,38.72,292404.34,b0
765289819,4,702317,0,0,29.68,93389.56,38.06,200156.38,b0
765281116,5,702363,0,0,29.90,93421.94,37.09,212360.02,b0
765280092,6,702409,0,0,29.89,93416.88,36.85,185843.92,b0
765271896,7,702455,0,0,29.72,93410.38,38.20,182271.27,b0
765285466,8,702501,0,0,29.57,93389.62,37.96,242539.08,b0
765274459,1,702547,0,0,29.10,93392.67,39.50,198873.56,b0
765272923,2,702593,0,0,29.28,93417.30,39.50,197492.77,b0
765271642,3,702640,0,0,29.37,93375.91,38.74,293409.75,b0
765289819,4,702686,0,0,29.68,93390.47,38.06,198989.50,b0
765281116,5,702732,0,0,29.89,93421.34,37.11,211308.30,b0
765280092,6,702778,0,0,29.89,93417.63,36.87,184637.58,b0
765271896,7,702824,0,0,29.72,93412.34,38.21,182466.14,b0
765285466,8,702870,0,0,29.57,93389.09,37.96,240488.50,b0
765274459,1,702917,0,0,29.10,93390.48,39.50,198989.50,b0
765272923,2,702963,0,0,29.30,93419.33,39.50,195905.88,b0
765271642,3,703009,0,0,29.37,93377.75,38.74,292404.34,b0
765289819,4,703055,0,0,29.69,93389.24,38.07,200273.81,b0
765281116,5,703101,0,0,29.91,93422.75,37.11,209750.11,b0
765280092,6,703147,0,0,29.90,93417.85,36.88,185440.06,b0
765271896,7,703193,0,0,29.72,93412.67,38.23,182076.81,b0
765285466,8,703239,0,0,29.57,93387.84,37.98,240997.88,b0
765274459,1,703286,0,0,29.11,93392.09,39.51,200039.06,b0
765272923,2,703332,0,0,29.30,93417.52,39.49,195905.88,b0
765271642,3,703378,0,0,29.37,93376.13,38.74,291904.22,b0
765289819,4,703424,0,0,29.68,93389.22,38.08,199454.61,b0
765281116,5,703470,0,0,29.90,93421.79,37.11,211570.25,b0
765280092,6,703516,0,0,29.90,93419.97,36.89,185440.06,b0
765271896,7,703562,0,0,29.70,93410.24,38.24,182661.44,b0
765285466,8,703608,0,0,29.58,93388.23,37.99,240658.05,b0
765274459,1,703655,0,0,29.12,93392.98,39.50,198180.77,b0
765272923,2,703701,0,0,29.30,93419.33,39.51,196696.13,b0
765271642,3,703747,0,0,29.38,93375.63,38.76,292154.06,b0
765289819,4,703793,0,0,29.69,93390.49,38.09,200273.81,b0
765281116,5,703839,0,0,29.90,93423.05,37.11,210137.50,b0
765280092,6,703885,0,0,29.89,93418.51,36.87,185440.06,b0
765271896,7,703932,0,0,29.69,93409.59,38.23,181882.77,b0
765285466,8,703978,0,0,29.57,93388.18,38.02,239476.14,b0
765274459,1,704024,0,0,29.12,93390.61,39.51,199804.88,b0
765272923,2,704070,0,0,29.30,93417.16,39.52,196131.02,b0
765271642,3,704116,0,0,29.38,93375.83,38.76,290909.09,b0
765289819,4,704162,0,0,29.68,93388.49,38.09,199105.58,b0
765281116,5,704209,0,0,29.90,93423.55,37.13,210008.20,b0
765280092,6,704255,0,0,29.90,93418.19,36.90,185037.95,b0
765271896,7,704301,0,0,29.67,93410.93,38.23,182661.44,b0
765285466,8,704347,0,0,29.57,93387.80,38.01,240997.88,b0
765274459,1,704393,0,0,29.12,93390.98,39.52,198295.89,b0
765272923,2,704439,0,0,29.31,93417.55,39.50,197378.56,b0
765271642,3,704485,0,0,29.38,93374.79,38.79,291654.81,b0
765289819,4,704532,0,0,29.68,93388.32,38.09,198526.56,b0
765281116,5,704578,0,0,29.90,93422.09,37.13,210396.55,b0
765280092,6,704624,0,0,29.89,93419.37,36.91,185440.06,b0
765271896,7,704670,0,0,29.68,93411.51,38.21,183249.83,b0
765285466,8,704716,0,0,29.56,93387.35,38.02,241680.44,b0
765274459,1,704762,0,0,29.13,93392.23,39.55,197607.09,b0
765272923,2,704809,0,0,29.31,93414.80,39.54,194676.81,b0
765271642,3,704855,0,0,29.38,93374.95,38.79,290167.19,b0
765289819,4,704901,0,0,29.69,93388.54,38.10,198065.77,b0
765281116,5,704947,0,0,29.90,93423.38,37.14,211308.30,b0
765280092,6,704993,0,0,29.89,93417.05,36.91,184238.94,b0
765271896,7,705039,0,0,29.68,93410.59,38.22,183446.80,b0
765285466,8,705085,0,0,29.57,93388.48,38.01,241509.44,b0
765274459,1,705132,0,0,29.13,93390.95,39.52,198873.56,b0
765272923,2,705178,0,0,29.32,93417.55,39.55,194344.28,b0
765271642,3,705224,0,0,29.39,93373.56,38.83,291405.81,b0
765289819,4,705270,0,0,29.70,93388.39,38.12,199454.61,b0
765281116,5,705316,0,0,29.89,93421.34,37.14,211570.25,b0
765280092,6,705362,0,0,29.89,93416.91,36.90,184637.58,b0
765271896,7,705408,0,0,29.67,93408.74,38.21,183446.80,b0
765285466,8,705454,0,0,29.56,93387.92,38.01,242539.08,b0
765274459,1,705501,0,0,29.13,93391.67,39.55,197378.56,b0
765272923,2,705547,0,0,29.32,93415.20,39.57,196356.66,b0
765271642,3,705593,0,0,29.40,93372.54,38.82,291405.81,b0
765289819,4,705639,0,0,29.70,93388.44,38.13,198180.77,b0
765281116,5,705685,0,0,29.90,93423.20,37.14,210526.31,b0
765280092,6,705731,0,0,29.90,93418.01,36.91,185843.92,b0
765271896,7,705777,0,0,29.68,93411.48,38.20,182857.14,b0
765285466,8,705824,0,0,29.56,93387.35,37.99,240997.88,b0
765274459,1,705870,0,0,29.13,93391.48,39.55,198873.56,b0
765272923,2,705916,0,0,29.33,93418.13,39.56,196469.69,b0
765271642,3,705962,0,0,29.40,93373.30,38.83,290661.38,b0
765289819,4,706008,0,0,29.71,93388.65,38.13,197607.09,b0
765281116,5,706054,0,0,29.90,93422.87,37.14,210916.58,b0
765280092,6,706100,0,0,29.89,93417.05,36.91,184837.55,b0
765271896,7,706147,0,0,29.68,93409.88,38.20,183053.27,b0
765285466,8,706193,0,0,29.56,93387.86,37.99,241680.44,b0
765274459,1,706239,0,0,29.14,93390.95,39.54,198757.77,b0
765272923,2,706285,0,0,29.33,93415.23,39.57,195793.50,b0
765271642,3,706331,0,0,29.41,93372.98,38.83,290414.06,b0
765289819,4,706377,0,0,29.71,93389.02,38.15,197836.17,b0
765281116,5,706424,0,0,29.89,93422.35,37.12,209235.80,b0
765280092,6,706470,0,0,29.89,93416.34,36.90,184637.58,b0
765271896,7,706516,0,0,29.66,93411.57,38.21,182466.14,b0
765285466,8,706562,0,0,29.56,93387.65,37.97,240488.50,b0
765274459,1,706608,0,0,29.14,93391.11,39.59,198065.77,b0
765272923,2,706654,0,0,29.33,93415.76,39.56,195793.50,b0
765271642,3,706701,0,0,29.42,93374.99,38.83,290167.19,b0
765289819,4,706747,0,0,29.72,93389.59,38.16,198989.50,b0
765281116,5,706793,0,0,29.89,93422.39,37.13,211177.56,b0
765280092,6,706839,0,0,29.90,93416.95,36.89,185641.77,b0
765271896,7,706885,0,0,29.65,93407.20,38.20,182857.14,b0
765285466,8,706931,0,0,29.55,93386.54,37.97,242194.89,b0
765274459,1,706978,0,0,29.14,93391.11,39.57,197378.56,b0
765272923,2,707024,0,0,29.34,93416.16,39.56,195233.56,b0
765271642,3,707070,0,0,29.42,93373.22,38.84,290909.09,b0
765289819,4,707116,0,0,29.72,93389.23,38.17,197607.09,b0
765281116,5,707162,0,0,29.89,93422.18,37.15,209364.14,b0
765280092,6,707208,0,0,29.90,93419.07,36.89,184238.94,b0
765271896,7,707254,0,0,29.64,93409.65,38.22,181882.77,b0
765285466,8,707300,0,0,29.55,93386.84,37.98,241509.44,b0
765274459,1,707347,0,0,29.14,93389.47,39.56,197036.75,b0
765272923,2,707393,0,0,29.34,93416.16,39.54,194565.84,b0
765271642,3,707439,0,0,29.43,93373.99,38.84,290167.19,b0
765289819,4,707485,0,0,29.72,93389.25,38.15,198180.77,b0
765281116,5,707531,0,0,29.88,93423.75,37.17,210266.94,b0
765280092,6,707577,0,0,29.90,93417.67,36.90,184438.05,b0
765271896,7,707623,0,0,29.63,93410.44,38.24,181495.92,b0
765285466,8,707669,0,0,29.55,93386.88,37.98,241168.16,b0
765274459,1,707716,0,0,29.15,93391.07,39.54,197950.91,b0
765272923,2,707762,0,0,29.35,93415.25,39.55,196809.53,b0
765271642,3,707808,0,0,29.43,93372.39,38.85,290414.06,b0
765289819,4,707854,0,0,29.73,93389.83,38.18,197607.09,b0
765281116,5,707900,0,0,29.86,93423.42,37.18,210786.33,b0
765280092,6,707946,0,0,29.88,93418.05,36.91,184637.58,b0
765271896,7,707993,0,0,29.62,93412.53,38.26,183446.80,b0
765285466,8,708039,0,0,29.53,93387.58,37.98,242539.08,b0
765274459,1,708085,0,0,29.15,93390.35,39.54,198989.50,b0
765272923,2,708131,0,0,29.35,93415.06,39.55,195345.28,b0
765271642,3,708177,0,0,29.42,93373.27,38.84,292404.34,b0
765289819,4,708223,0,0,29.72,93388.36,38.16,198642.09,b0
765281116,5,708269,0,0,29.87,93422.72,37.18,210266.94,b0
765280092,6,708316,0,0,29.88,93416.62,36.91,184837.55,b0
765271896,7,708362,0,0,29.62,93410.35,38.26,183249.83,b0
765285466,8,708408,0,0,29.52,93386.77,37.99,241680.44,b0
765274459,1,708454,0,0,29.16,93389.98,39.52,197036.75,b0
765272923,2,708500,0,0,29.34,93414.52,39.52,196356.66,b0
765271642,3,708546,0,0,29.43,93370.98,38.83,289183.84,b0
765289819,4,708593,0,0,29.73,93389.63,38.16,197492.77,b0
765281116,5,708639,0,0,29.86,93422.29,37.20,210656.25,b0
765280092,6,708685,0,0,29.88,93416.57,36.93,186046.52,b0
765271896,7,708731,0,0,29.61,93411.00,38.28,183249.83,b0
765285466,8,708777,0,0,29.53,93388.24,38.00,241851.67,b0
765274459,1,708823,0,0,29.16,93390.33,39.53,198180.77,b0
765272923,2,708870,0,0,29.34,93415.61,39.53,195010.47,b0
765271642,3,708916,0,0,29.43,93371.87,38.81,291654.81,b0
765289819,4,708962,0,0,29.73,93390.21,38.13,198065.77,b0
765281116,5,709008,0,0,29.85,93422.55,37.17,211439.19,b0
765280092,6,709054,0,0,29.88,93416.21,36.91,185641.77,b0
765271896,7,709100,0,0,29.60,93411.29,38.26,183053.27,b0
765285466,8,709146,0,0,29.52,93388.13,37.98,243230.41,b0
765274459,1,709193,0,0,29.15,93389.81,39.52,198526.56,b0
765272923,2,709239,0,0,29.35,93416.34,39.52,194676.81,b0
765271642,3,709285,0,0,29.44,93372.27,38.81,288939.06,b0
765289819,4,709331,0,0,29.74,93390.42,38.14,199687.98,b0
765281116,5,709377,0,0,29.84,93420.33,37.17,210008.20,b0
765280092,6,709423,0,0,29.87,93416.27,36.90,184837.55,b0
765271896,7,709469,0,0,29.60,93410.05,38.29,181689.14,b0
765285466,8,709515,0,0,29.52,93389.02,37.99,242194.89,b0
765274459,1,709562,0,0,29.17,93391.95,39.50,198989.50,b0
765272923,2,709608,0,0,29.35,93416.18,39.49,195569.14,b0
765271642,3,709654,0,0,29.44,93372.10,38.79,289429.06,b0
765289819,4,709700,0,0,29.74,93390.23,38.12,197607.09,b0
765281116,5,709746,0,0,29.85,93422.25,37.18,211701.47,b0
765280092,6,709792,0,0,29.87,93416.16,36.91,185440.06,b0
765271896,7,709838,0,0,29.60,93410.05,38.30,184438.05,b0
765285466,8,709885,0,0,29.51,93386.83,37.99,243577.55,b0
765274459,1,709931,0,0,29.17,93388.48,39.50,198526.56,b0
765272923,2,709977,0,0,29.36,93416.00,39.51,195681.25,b0
765271642,3,710023,0,0,29.45,93374.16,38.80,290414.06,b0
765289819,4,710069,0,0,29.74,93389.17,38.13,197492.77,b0
765281116,5,710115,0,0,29.85,93422.25,37.18,211439.19,b0
765280092,6,710162,0,0,29.88,93418.67,36.93,185238.78,b0
765271896,7,710208,0,0,29.60,93410.41,38.32,181882.77,b0
765285466,8,710254,0,0,29.51,93387.36,37.99,241680.44,b0
765274459,1,710300,0,0,29.18,93391.57,39.49,198526.56,b0
765272923,2,710346,0,0,29.36,93415.46,39.48,195905.88,b0
765271642,3,710392,0,0,29.45,93373.79,38.78,291405.81,b0
765289819,4,710438,0,0,29.74,93386.33,38.14,197607.09,b0
765281116,5,710485,0,0,29.85,93422.35,37.19,210916.58,b0
765280092,6,710531,0,0,29.88,93419.23,36.90,185440.06,b0
765271896,7,710577,0,0,29.58,93411.18,38.33,182661.44,b0
765285466,8,710623,0,0,29.50,93388.68,38.01,243230.41,b0
765274459,1,710669,0,0,29.19,93391.35,39.49,198642.09,b0
765272923,2,710715,0,0,29.37,93415.13,39.48,195905.88,b0
765271642,3,710762,0,0,29.46,93376.35,38.79,289183.84,b0
765289819,4,710808,0,0,29.74,93389.20,38.11,198295.89,b0
765281116,5,710854,0,0,29.83,93421.31,37.19,210526.31,b0
765280092,6,710900,0,0,29.87,93417.17,36.94,186046.52,b0
765271896,7,710946,0,0,29.55,93409.52,38.34,184238.94,b0
765285466,8,710992,0,0,29.49,93387.63,38.01,242023.16,b0
765274459,1,711039,0,0,29.19,93390.80,39.47,197150.56,b0
765272923,2,711085,0,0,29.36,93414.01,39.47,195345.28,b0
765271642,3,711131,0,0,29.46,93373.30,38.78,291904.22,b0
765289819,4,711177,0,0,29.74,93389.16,38.09,198180.77,b0
765281116,5,711223,0,0,29.81,93419.51,37.19,210916.58,b0
765280092,6,711269,0,0,29.87,93418.02,36.94,185843.92,b0
765271896,7,711315,0,0,29.53,93410.48,38.33,183644.19,b0
765285466,8,711361,0,0,29.48,93388.13,38.02,242366.86,b0
765274459,1,711408,0,0,29.19,93389.53,39.48,198295.89,b0
765272923,2,711454,0,0,29.37,93415.84,39.47,195233.56,b0
765271642,3,711500,0,0,29.46,93372.77,38.75,291157.25,b0
765289819,4,711546,0,0,29.74,93388.09,38.09,199105.58,b0
765281116,5,711592,0,0,29.79,93420.79,37.18,210916.58,b0
765280092,6,711638,0,0,29.86,93417.98,36.92,186249.55,b0
765271896,7,711684,0,0,29.52,93410.02,38.37,182271.27,b0
765285466,8,711730,0,0,29.46,93386.31,38.02,244100.13,b0
765274459,1,711777,0,0,29.20,93391.88,39.46,198642.09,b0
765272923,2,711823,0,0,29.38,93415.85,39.44,197721.56,b0
765271642,3,711869,0,0,29.46,93374.41,38.76,291654.81,b0
765289819,4,711915,0,0,29.73,93389.13,38.09,198989.50,b0
765281116,5,711961,0,0,29.78,93421.57,37.20,211308.30,b0
765280092,6,712007,0,0,29.85,93416.27,36.92,186249.55,b0
765271896,7,712054,0,0,29.51,93409.45,38.38,183249.83,b0
765285466,8,712100,0,0,29.46,93387.16,38.03,243751.48,b0
765274459,1,712146,0,0,29.20,93391.71,39.44,199454.61,b0
765272923,2,712192,0,0,29.37,93415.67,39.45,196582.84,b0
765271642,3,712238,0,0,29.46,93373.68,38.75,290414.06,b0
765289819,4,712284,0,0,29.73,93389.85,38.07,198642.09,b0
765281116,5,712330,0,0,29.78,93420.83,37.24,210656.25,b0
765280092,6,712377,0,0,29.84,93417.70,36.93,187066.13,b0
765271896,7,712423,0,0,29.51,93409.95,38.42,184040.27,b0
765285466,8,712469,0,0,29.45,93386.70,38.04,242884.25,b0
765274459,1,712515,0,0,29.20,93391.34,39.45,197036.75,b0
765272923,2,712561,0,0,29.37,93415.47,39.45,196356.66,b0
765271642,3,712607,0,0,29.46,93372.77,38.78,291405.81,b0
765289819,4,712654,0,0,29.73,93389.13,38.09,199105.58,b0
765281116,5,712700,0,0,29.78,93421.41,37.24,211701.47,b0
765280092,6,712746,0,0,29.84,93419.65,36.96,186249.55,b0
765271896,7,712792,0,0,29.52,93409.48,38.45,184238.94,b0
765285466,8,712838,0,0,29.44,93386.61,38.07,244800.38,b0
765274459,1,712884,0,0,29.20,93391.71,39.45,198526.56,b0
765272923,2,712930,0,0,29.37,93414.02,39.45,196696.13,b0
765271642,3,712977,0,0,29.46,93373.66,38.76,290909.09,b0
765289819,4,713023,0,0,29.73,93388.42,38.09,198180.77,b0
765281116,5,713069,0,0,29.79,93422.60,37.26,213155.70,b0
765280092,6,713115,0,0,29.84,93420.39,36.96,186453.02,b0
765271896,7,713161,0,0,29.53,93409.96,38.47,183249.83,b0
765285466,8,713207,0,0,29.45,93387.05,38.10,243925.67,b0
765274459,1,713254,0,0,29.19,93389.55,39.45,199221.80,b0
765272923,2,713300,0,0,29.37,93417.13,39.45,197492.77,b0
765271642,3,713346,0,0,29.45,93372.54,38.75,290909.09,b0
765289819,4,713392,0,0,29.74,93388.64,38.11,198065.77,b0
765281116,5,713438,0,0,29.80,93422.68,37.27,212889.81,b0
765280092,6,713484,0,0,29.84,93417.73,36.96,186249.55,b0
765271896,7,713530,0,0,29.55,93408.46,38.48,183249.83,b0
765285466,8,713576,0,0,29.45,93387.08,38.12,244976.08,b0
765274459,1,713623,0,0,29.18,93391.01,39.45,198295.89,b0
765272923,2,713669,0,0,29.38,93416.77,39.47,195457.14,b0
765271642,3,713715,0,0,29.45,93373.46,38.75,292154.06,b0
765289819,4,713761,0,0,29.75,93390.47,38.10,198642.09,b0
765281116,5,713807,0,0,29.81,93420.89,37.29,210656.25,b0
765280092,6,713853,0,0,29.84,93417.37,36.98,187066.13,b0
765271896,7,713899,0,0,29.57,93411.13,38.52,183644.19,b0
765285466,8,713945,0,0,29.46,93388.03,38.14,244274.81,b0
765274459,1,713992,0,0,29.18,93390.66,39.44,199105.58,b0
765272923,2,714038,0,0,29.38,93419.33,39.45,197492.77,b0
765271642,3,714084,0,0,29.46,93372.60,38.75,291405.81,b0
765289819,4,714130,0,0,29.76,93389.98,38.10,198526.56,b0
765281116,5,714176,0,0,29.82,93422.65,37.30,211570.25,b0
765280092,6,714222,0,0,29.84,93417.40,36.99,186249.55,b0
765271896,7,714269,0,0,29.59,93411.63,38.54,182271.27,b0
765285466,8,714315,0,0,29.46,93386.29,38.13,243925.67,b0
765274459,1,714361,0,0,29.19,93390.80,39.42,198411.16,b0
765272923,2,714407,0,0,29.39,93417.17,39.47,196582.84,b0
765271642,3,714453,0,0,29.46,93373.52,38.75,292154.06,b0
765289819,4,714499,0,0,29.76,93388.05,38.10,198526.56,b0
765281116,5,714546,0,0,29.82,93421.55,37.29,211832.84,b0
765280092,6,714592,0,0,29.85,93417.80,37.00,187066.13,b0
765271896,7,714638,0,0,29.59,93410.38,38.55,181882.77,b0
765285466,8,714684,0,0,29.46,93387.03,38.16,243577.55,b0
765274459,1,714730,0,0,29.21,93391.50,39.41,198180.77,b0
765272923,2,714776,0,0,29.39,93415.53,39.44,195457.14,b0
765271642,3,714822,0,0,29.47,93373.20,38.74,291904.22,b0
765289819,4,714869,0,0,29.76,93386.61,38.08,198642.09,b0
765281116,5,714915,0,0,29.82,93420.16,37.30,210656.25,b0
765280092,6,714961,0,0,29.85,93419.12,37.00,185843.92,b0
765271896,7,715007,0,0,29.61,93411.00,38.54,183053.27,b0
765285466,8,715053,0,0,29.46,93387.55,38.15,241851.67,b0
765274459,1,715099,0,0,29.20,93391.15,39.43,199921.91,b0
765272923,2,715146,0,0,29.39,93415.16,39.43,197378.56,b0
765271642,3,715192,0,0,29.46,93373.15,38.74,292906.19,b0
765289819,4,715238,0,0,29.76,93388.39,38.07,198526.56,b0
765281116,5,715284,0,0,29.82,93420.63,37.31,211439.19,b0
765280092,6,715330,0,0,29.86,93419.87,37.02,186249.55,b0
765271896,7,715376,0,0,29.60,93409.73,38.54,183842.02,b0
765285466,8,715422,0,0,29.46,93386.42,38.17,243403.84,b0
765274459,1,715469,0,0,29.18,93390.11,39.40,200391.39,b0
765272923,2,715515,0,0,29.36,93416.36,39.43,197150.56,b0
765271642,3,715561,0,0,29.45,93372.73,38.71,292906.19,b0
765289819,4,715607,0,0,29.75,93386.55,38.08,199221.80,b0
765281116,5,715653,0,0,29.82,93423.19,37.30,211964.39,b0
765280092,6,715699,0,0,29.84,93418.45,36.99,190334.58,b0
765271896,7,715745,0,0,29.61,93411.36,38.56,183446.80,b0
765285466,8,715791,0,0,29.46,93387.50,38.18,244449.75,b0
765274459,1,715838,0,0,29.16,93391.80,39.39,201813.17,b0
765272923,2,715884,0,0,29.34,93416.68,39.41,197264.50,b0
765271642,3,715930,0,0,29.43,93372.76,38.69,292906.19,b0
765289819,4,715976,0,0,29.73,93386.98,38.03,201218.31,b0
765281116,5,716022,0,0,29.80,93420.65,37.30,214360.48,b0
765280092,6,716068,0,0,29.83,93417.05,36.99,191832.14,b0
765271896,7,716114,0,0,29.62,93410.88,38.56,183842.02,b0
765285466,8,716161,0,0,29.45,93387.23,38.15,244100.13,b0
765274459,1,716207,0,0,29.12,93390.80,39.35,200744.95,b0
765272923,2,716253,0,0,29.30,93417.33,39.39,198873.56,b0
765271642,3,716299,0,0,29.40,93372.91,38.66,295697.38,b0
765289819,4,716345,0,0,29.70,93389.52,38.03,200981.36,b0
765281116,5,716391,0,0,29.79,93420.59,37.29,213689.48,b0
765280092,6,716438,0,0,29.82,93418.75,36.98,190653.52,b0
765271896,7,716484,0,0,29.60,93409.02,38.54,184238.94,b0
765285466,8,716530,0,0,29.43,93387.38,38.15,243751.48,b0
765274459,1,716576,0,0,29.08,93391.98,39.33,201337.00,b0
765272923,2,716622,0,0,29.27,93417.99,39.36,198065.77,b0
765271642,3,716668,0,0,29.39,93371.26,38.65,296983.75,b0
765289819,4,716715,0,0,29.70,93389.33,38.01,202052.09,b0
765281116,5,716761,0,0,29.79,93421.28,37.25,214630.06,b0
765280092,6,716807,0,0,29.81,93418.48,36.96,190760.06,b0
765271896,7,716853,0,0,29.62,93412.00,38.54,184438.05,b0
765285466,8,716899,0,0,29.44,93387.68,38.16,246035.56,b0
765274459,1,716945,0,0,29.07,93390.37,39.30,201693.91,b0
765272923,2,716991,0,0,29.27,93418.54,39.33,200039.06,b0
765271642,3,717038,0,0,29.40,93373.45,38.64,296983.75,b0
765289819,4,717084,0,0,29.71,93387.77,37.98,201574.80,b0
765281116,5,717130,0,0,29.80,93420.63,37.25,214360.48,b0
765280092,6,717176,0,0,29.82,93419.50,36.97,191294.59,b0
765271896,7,717222,0,0,29.63,93410.63,38.53,184837.55,b0
765285466,8,717268,0,0,29.45,93386.38,38.16,245858.34,b0
765274459,1,717315,0,0,29.07,93391.10,39.27,202531.64,b0
765272923,2,717361,0,0,29.28,93417.66,39.32,200981.36,b0
765271642,3,717407,0,0,29.41,93373.16,38.61,298542.28,b0
765289819,4,717453,0,0,29.72,93387.65,37.97,202411.55,b0
765281116,5,717499,0,0,29.80,93419.43,37.25,213957.38,b0
765280092,6,717545,0,0,29.82,93416.99,36.95,192481.20,b0
765271896,7,717591,0,0,29.65,93410.73,38.52,184837.55,b0
765285466,8,717637,0,0,29.46,93386.44,38.14,246390.77,b0
765274459,1,717684,0,0,29.06,93389.84,39.27,202892.81,b0
765272923,2,717730,0,0,29.27,93415.63,39.29,202291.58,b0
765271642,3,717776,0,0,29.41,93374.63,38.60,299853.59,b0
765289819,4,717822,0,0,29.72,93388.55,37.93,203134.30,b0
765281116,5,717868,0,0,29.81,93421.82,37.26,214630.06,b0
765280092,6,717914,0,0,29.83,93419.05,36.96,192372.72,b0
765271896,7,717960,0,0,29.65,93409.01,38.49,184837.55,b0
765285466,8,718006,0,0,29.47,93385.63,38.16,246746.98,b0
765274459,1,718053,0,0,29.05,93391.14,39.25,203740.55,b0
765272923,2,718099,0,0,29.25,93418.15,39.27,200391.39,b0
765271642,3,718145,0,0,29.40,93374.51,38.55,297501.44,b0
765289819,4,718191,0,0,29.70,93389.11,37.91,205333.88,b0
765281116,5,718237,0,0,29.80,93419.93,37.22,216398.98,b0
765280092,6,718283,0,0,29.81,93415.48,36.93,192916.36,b0
765271896,7,718330,0,0,29.66,93411.88,38.49,184438.05,b0
765285466,8,718376,0,0,29.47,93386.79,38.14,246390.77,b0
765274459,1,718422,0,0,29.02,93390.85,39.24,204106.05,b0
765272923,2,718468,0,0,29.22,93417.88,39.24,201932.56,b0
765271642,3,718514,0,0,29.38,93376.73,38.53,300910.97,b0
765289819,4,718560,0,0,29.67,93388.63,37.89,205210.42,b0
765281116,5,718607,0,0,29.79,93420.25,37.22,216261.88,b0
765280092,6,718653,0,0,29.81,93417.07,36.91,195010.47,b0
765271896,7,718699,0,0,29.66,93410.48,38.48,186046.52,b0
765285466,8,718745,0,0,29.48,93388.65,38.14,245681.38,b0
765274459,1,718791,0,0,28.99,93390.73,39.21,205829.14,b0
765272923,2,718837,0,0,29.20,93417.29,39.24,201693.91,b0
765271642,3,718883,0,0,29.35,93375.59,38.52,302243.22,b0
765289819,4,718930,0,0,29.66,93389.12,37.86,204595.41,b0
765281116,5,718976,0,0,29.80,93421.54,37.21,217225.28,b0
765280092,6,719022,0,0,29.82,93418.04,36.90,193134.67,b0
765271896,7,719068,0,0,29.67,93409.63,38.45,185037.95,b0
765285466,8,719114,0,0,29.48,93386.52,38.11,248182.27,b0
765274459,1,719160,0,0,28.99,93392.55,39.20,205829.14,b0
765272923,2,719207,0,0,29.19,93416.55,39.21,203255.27,b0
765271642,3,719253,0,0,29.34,93376.60,38.50,302511.09,b0
765289819,4,719299,0,0,29.66,93387.10,37.85,205581.20,b0
765281116,5,719345,0,0,29.81,93422.52,37.20,217918.70,b0
765280092,6,719391,0,0,29.83,93417.28,36.88,193792.58,b0
765271896,7,719437,0,0,29.67,93410.40,38.42,186453.02,b0
765285466,8,719483,0,0,29.48,93387.05,38.10,248724.80,b0
765274459,1,719530,0,0,28.99,93390.92,39.19,205705.11,b0
765272923,2,719576,0,0,29.20,93418.40,39.17,204472.84,b0
765271642,3,719622,0,0,29.35,93374.56,38.47,302779.41,b0
765289819,4,719668,0,0,29.67,93389.68,37.83,205581.20,b0
765281116,5,719714,0,0,29.81,93419.63,37.17,218197.31,b0
765280092,6,719760,0,0,29.83,93419.20,36.89,194344.28,b0
765271896,7,719806,0,0,29.68,93411.30,38.38,186656.94,b0
765285466,8,719852,0,0,29.48,93386.63,38.07,248543.69,b0
765274459,1,719899,0,0,28.98,93390.57,39.18,206701.66,b0
765272923,2,719945,0,0,29.19,93418.18,39.18,204595.41,b0
765271642,3,719991,0,0,29.35,93374.34,38.46,303048.25,b0
765289819,4,720037,0,0,29.65,93389.06,37.82,207455.42,b0
765281116,5,720083,0,0,29.81,93420.89,37.15,218476.64,b0
765280092,6,720129,0,0,29.82,93418.23,36.86,196582.84,b0
765271896,7,720175,0,0,29.67,93408.91,38.37,190760.06,b0
765285466,8,720222,0,0,29.48,93387.03,38.03,249087.81,b0
765274459,1,720268,0,0,28.96,93392.43,39.16,208087.78,b0
765272923,2,720314,0,0,29.16,93419.01,39.14,203862.23,b0
765271642,3,720360,0,0,29.32,93375.07,38.44,304399.53,b0
765289819,4,720406,0,0,29.63,93390.16,37.79,207707.91,b0
765281116,5,720452,0,0,29.77,93422.19,37.14,218197.31,b0
765280092,6,720499,0,0,29.81,93419.22,36.82,195345.28,b0
765271896,7,720545,0,0,29.66,93411.73,38.35,186861.31,b0
765285466,8,720591,0,0,29.49,93388.34,38.02,249817.03,b0
765274459,1,720637,0,0,28.94,93393.94,39.15,207834.38,b0
765272923,2,720683,0,0,29.15,93418.63,39.14,205333.88,b0
765271642,3,720729,0,0,29.30,93374.77,38.41,304128.31,b0
765289819,4,720776,0,0,29.61,93389.73,37.76,207203.56,b0
765281116,5,720822,0,0,29.76,93421.21,37.09,219318.91,b0
765280092,6,720868,0,0,29.79,93418.12,36.83,196469.69,b0
765271896,7,720914,0,0,29.66,93411.92,38.32,191832.14,b0
765285466,8,720960,0,0,29.47,93386.97,38.01,251844.56,b0
765274459,1,721006,0,0,28.92,93392.70,39.14,208341.81,b0
765272923,2,721052,0,0,29.14,93418.80,39.13,205581.20,b0
765271642,3,721099,0,0,29.28,93376.43,38.41,304128.31,b0
765289819,4,721145,0,0,29.59,93387.83,37.74,207329.42,b0
765281116,5,721191,0,0,29.77,93421.49,37.12,220452.09,b0
765280092,6,721237,0,0,29.79,93418.45,36.80,196696.13,b0
765271896,7,721283,0,0,29.67,93411.80,38.31,191724.39,b0
765285466,8,721329,0,0,29.47,93386.22,37.96,251288.34,b0
765274459,1,721376,0,0,28.92,93391.26,39.14,208214.72,b0
765272923,2,721422,0,0,29.13,93416.95,39.11,205457.47,b0
765271642,3,721468,0,0,29.28,93374.47,38.39,307138.56,b0
765289819,4,721514,0,0,29.60,93388.23,37.74,207961.00,b0
765281116,5,721560,0,0,29.78,93420.87,37.08,220167.70,b0
765280092,6,721606,0,0,29.81,93417.90,36.79,198295.89,b0
765271896,7,721652,0,0,29.68,93410.77,38.27,191080.42,b0
765285466,8,721698,0,0,29.49,93387.52,37.94,251103.48,b0
765274459,1,721745,0,0,28.93,93391.05,39.12,209107.61,b0
765272923,2,721791,0,0,29.15,93418.45,39.10,205581.20,b0
765271642,3,721837,0,0,29.29,93373.59,38.38,305489.25,b0
765289819,4,721883,0,0,29.61,93387.95,37.74,207961.00,b0
765281116,5,721929,0,0,29.79,93421.34,37.07,220594.58,b0
765280092,6,721975,0,0,29.82,93417.48,36.76,197036.75,b0
765271896,7,722021,0,0,29.69,93411.40,38.26,193025.45,b0
765285466,8,722067,0,0,29.50,93387.74,37.93,252590.03,b0
765274459,1,722114,0,0,28.93,93390.67,39.13,209235.80,b0
765272923,2,722160,0,0,29.16,93419.38,39.10,207077.86,b0
765271642,3,722206,0,0,29.30,93375.46,38.39,307692.31,b0
765289819,4,722252,0,0,29.62,93388.33,37.72,208724.02,b0
765281116,5,722298,0,0,29.80,93419.93,37.04,221166.31,b0
765280092,6,722344,0,0,29.82,93418.89,36.75,197607.09,b0
765271896,7,722391,0,0,29.70,93411.12,38.24,191080.42,b0
765285466,8,722437,0,0,29.50,93388.12,37.92,252964.42,b0
765274459,1,722483,0,0,28.93,93394.16,39.12,209879.08,b0
765272923,2,722529,0,0,29.14,93417.71,39.12,206202.17,b0
765271642,3,722575,0,0,29.30,93374.93,38.39,306862.44,b0
765289819,4,722621,0,0,29.61,93387.95,37.71,208979.59,b0
765281116,5,722668,0,0,29.81,93421.64,37.03,221023.09,b0
765280092,6,722714,0,0,29.82,93418.05,36.75,198757.77,b0
765271896,7,722760,0,0,29.71,93411.72,38.21,192156.13,b0
765285466,8,722806,0,0,29.50,93388.16,37.90,253152.05,b0
765274459,1,722852,0,0,28.91,93390.00,39.13,210396.55,b0
765272923,2,722898,0,0,29.14,93417.16,39.09,206202.17,b0
765271642,3,722944,0,0,29.29,93373.62,38.38,306862.44,b0
765289819,4,722991,0,0,29.62,93390.13,37.72,210396.55,b0
765281116,5,723037,0,0,29.81,93422.42,37.03,220737.23,b0
765280092,6,723083,0,0,29.83,93418.12,36.73,197950.91,b0
765271896,7,723129,0,0,29.72,93411.74,38.21,192481.20,b0
765285466,8,723175,0,0,29.51,93389.34,37.90,252964.42,b0
765274459,1,723221,0,0,28.91,93390.73,39.13,210396.55,b0
765272923,2,723268,0,0,29.14,93419.17,39.11,207834.38,b0
765271642,3,723314,0,0,29.29,93374.16,38.37,309646.22,b0
765289819,4,723360,0,0,29.62,93390.31,37.70,209107.61,b0
765281116,5,723406,0,0,29.82,93422.80,37.03,221453.28,b0
765280092,6,723452,0,0,29.82,93418.26,36.71,199804.88,b0
765271896,7,723498,0,0,29.71,93410.29,38.20,193134.67,b0
765285466,8,723544,0,0,29.51,93388.04,37.90,253339.94,b0
765274459,1,723591,0,0,28.92,93395.09,39.12,210396.55,b0
765272923,2,723637,0,0,29.15,93417.73,39.10,208469.06,b0
765271642,3,723683,0,0,29.30,93376.01,38.36,310209.03,b0
765289819,4,723729,0,0,29.62,93389.24,37.70,210526.31,b0
765281116,5,723775,0,0,29.82,93419.93,37.01,221597.06,b0
765280092,6,723821,0,0,29.83,93418.20,36.70,199221.80,b0
765271896,7,723867,0,0,29.72,93411.57,38.18,193572.78,b0
765285466,8,723913,0,0,29.50,93386.56,37.87,254663.02,b0
765274459,1,723960,0,0,28.93,93392.50,39.13,210786.33,b0
765272923,2,724006,0,0,29.16,93416.48,39.10,207455.42,b0
765271642,3,724052,0,0,29.30,93375.97,38.35,309365.56,b0
765289819,4,724098,0,0,29.63,93387.66,37.69,211046.98,b0
765281116,5,724144,0,0,29.83,93421.08,36.99,222608.70,b0
765280092,6,724190,0,0,29.83,93417.76,36.71,199105.58,b0
765271896,7,724236,0,0,29.72,93412.84,38.15,193353.47,b0
765285466,8,724283,0,0,29.51,93388.07,37.86,254283.58,b0
765274459,1,724329,0,0,28.93,93393.24,39.13,211177.56,b0
765272923,2,724375,0,0,29.16,93418.30,39.10,208341.81,b0
765271642,3,724421,0,0,29.30,93374.18,38.36,309646.22,b0
765289819,4,724467,0,0,29.63,93388.40,37.70,210916.58,b0
765281116,5,724513,0,0,29.83,93423.99,36.97,222899.44,b0
765280092,6,724560,0,0,29.83,93416.16,36.68,199454.61,b0
765271896,7,724606,0,0,29.72,93410.91,38.16,193792.58,b0
765285466,8,724652,0,0,29.52,93387.06,37.85,254853.16,b0
765274459,1,724698,0,0,28.92,93392.88,39.13,210656.25,b0
765272923,2,724744,0,0,29.15,93417.55,39.11,207961.00,b0
765271642,3,724790,0,0,29.30,93375.81,38.35,311340.84,b0
765289819,4,724837,0,0,29.62,93389.59,37.68,211701.47,b0
765281116,5,724883,0,0,29.81,93421.16,36.99,222174.00,b0
765280092,6,724929,0,0,29.83,93418.38,36.67,199687.98,b0
765271896,7,724975,0,0,29.73,93410.74,38.11,194012.89,b0
765285466,8,725021,0,0,29.52,93388.54,37.82,255616.58,b0
765274459,1,725067,0,0,28.92,93392.71,39.14,211570.25,b0
765272923,2,725113,0,0,29.13,93417.12,39.11,208087.78,b0
765271642,3,725160,0,0,29.30,93373.65,38.35,311057.09,b0
765289819,4,725206,0,0,29.60,93386.27,37.68,210526.31,b0
765281116,5,725252,0,0,29.80,93421.92,36.96,223045.09,b0
765280092,6,725298,0,0,29.83,93419.95,36.66,200509.11,b0
765271896,7,725344,0,0,29.71,93410.14,38.10,194455.00,b0
765285466,8,725390,0,0,29.52,93389.77,37.81,257351.09,b0
765274459,1,725437,0,0,28.91,93394.02,39.13,211964.39,b0
765272923,2,725483,0,0,29.12,93417.49,39.07,208469.06,b0
765271642,3,725529,0,0,29.30,93374.36,38.33,309927.38,b0
765289819,4,725575,0,0,29.58,93388.66,37.65,212096.11,b0
765281116,5,725621,0,0,29.78,93422.31,36.95,224070.02,b0
765280092,6,725667,0,0,29.81,93417.80,36.64,200391.39,b0
765271896,7,725713,0,0,29.71,93411.52,38.07,195345.28,b0
765285466,8,725759,0,0,29.51,93386.97,37.79,255234.30,b0
765274459,1,725806,0,0,28.90,93393.85,39.12,212624.58,b0
765272923,2,725852,0,0,29.10,93416.70,39.09,209107.61,b0
765271642,3,725898,0,0,29.28,93374.08,38.34,312767.25,b0
765289819,4,725944,0,0,29.55,93388.52,37.64,211964.39,b0
765281116,5,725990,0,0,29.77,93420.55,36.94,224807.91,b0
765280092,6,726036,0,0,29.80,93418.58,36.65,200391.39,b0
765271896,7,726082,0,0,29.71,93411.85,38.07,194676.81,b0
765285466,8,726128,0,0,29.51,93388.55,37.78,256384.58,b0
765274459,1,726175,0,0,28.87,93393.00,39.11,212624.58,b0
765272923,2,726221,0,0,29.05,93416.04,39.07,210137.50,b0
765271642,3,726267,0,0,29.26,93375.55,38.31,311625.06,b0
765289819,4,726313,0,0,29.53,93388.37,37.64,213288.89,b0
765281116,5,726359,0,0,29.76,93421.37,36.92,224956.06,b0
765280092,6,726405,0,0,29.79,93417.41,36.61,201455.83,b0
765271896,7,726452,0,0,29.70,93411.80,38.05,196018.38,b0
765285466,8,726498,0,0,29.51,93388.55,37.75,256770.31,b0
765274459,1,726544,0,0,28.83,93393.27,39.11,213823.34,b0
765272923,2,726590,0,0,29.01,93417.77,39.06,211177.56,b0
765271642,3,726636,0,0,29.23,93373.73,38.32,312767.25,b0
765289819,4,726682,0,0,29.49,93388.88,37.62,213422.27,b0
765281116,5,726728,0,0,29.74,93421.02,36.91,225699.80,b0
765280092,6,726775,0,0,29.77,93417.15,36.60,202411.55,b0
765271896,7,726821,0,0,29.68,93409.75,38.02,196243.77,b0
765285466,8,726867,0,0,29.50,93388.65,37.74,257934.52,b0
765274459,1,726913,0,0,28.80,93391.16,39.10,213823.34,b0
765272923,2,726959,0,0,28.99,93416.63,39.07,210526.31,b0
765271642,3,727005,0,0,29.20,93374.25,38.31,313629.41,b0
765289819,4,727052,0,0,29.47,93390.38,37.61,214225.94,b0
765281116,5,727098,0,0,29.70,93422.13,36.90,225699.80,b0
765280092,6,727144,0,0,29.74,93415.36,36.59,202651.89,b0
765271896,7,727190,0,0,29.64,93411.05,38.00,196356.66,b0
765285466,8,727236,0,0,29.47,93387.27,37.73,257739.75,b0
765274459,1,727282,0,0,28.80,93391.70,39.10,214225.94,b0
765272923,2,727329,0,0,28.97,93416.05,39.06,211308.30,b0
765271642,3,727375,0,0,29.19,93375.65,38.30,313917.84,b0
765289819,4,727421,0,0,29.45,93387.96,37.61,213957.38,b0
765281116,5,727467,0,0,29.68,93421.35,36.87,226148.41,b0
765280092,6,727513,0,0,29.72,93415.06,36.59,202651.89,b0
765271896,7,727559,0,0,29.63,93410.95,37.98,195233.56,b0
765285466,8,727605,0,0,29.46,93386.61,37.72,258912.77,b0
765274459,1,727652,0,0,28.80,93391.70,39.11,214225.94,b0
765272923,2,727698,0,0,28.98,93415.52,39.07,211964.39,b0
765271642,3,727744,0,0,29.20,93376.92,38.30,315076.94,b0
765289819,4,727790,0,0,29.44,93388.07,37.62,214225.94,b0
765281116,5,727836,0,0,29.66,93421.00,36.89,227051.00,b0
765280092,6,727882,0,0,29.72,93416.48,36.59,204350.42,b0
765271896,7,727928,0,0,29.61,93411.36,37.96,197836.17,b0
765285466,8,727974,0,0,29.43,93388.11,37.70,259700.73,b0
765274459,1,728021,0,0,28.80,93390.80,39.13,214900.31,b0
765272923,2,728067,0,0,28.98,93414.79,39.08,211832.84,b0
765271642,3,728113,0,0,29.18,93374.16,38.30,315076.94,b0
765289819,4,728159,0,0,29.44,93388.09,37.61,214900.31,b0
765281116,5,728205,0,0,29.65,93420.91,36.88,226900.06,b0
765280092,6,728251,0,0,29.71,93416.19,36.57,203376.36,b0
765271896,7,728297,0,0,29.58,93410.45,37.95,197721.56,b0
765285466,8,728344,0,0,29.39,93387.19,37.68,261091.28,b0
765274459,1,728390,0,0,28.80,93392.98,39.12,214900.31,b0
765272923,2,728436,0,0,28.98,93414.06,39.09,212492.22,b0
765271642,3,728482,0,0,29.17,93374.05,38.29,316831.69,b0
765289819,4,728528,0,0,29.45,93387.92,37.64,214091.58,b0
765281116,5,728574,0,0,29.64,93421.16,36.84,226598.81,b0
765280092,6,728620,0,0,29.70,93416.18,36.59,204106.05,b0
765271896,7,728667,0,0,29.55,93412.04,37.93,197721.56,b0
765285466,8,728713,0,0,29.37,93387.65,37.66,261691.80,b0
765274459,1,728759,0,0,28.78,93392.66,39.14,215578.95,b0
765272923,2,728805,0,0,28.97,93416.04,39.09,212360.02,b0
765271642,3,728851,0,0,29.15,93374.31,38.29,317126.03,b0
765289819,4,728897,0,0,29.43,93388.90,37.63,215171.25,b0
765281116,5,728944,0,0,29.63,93421.27,36.84,227202.13,b0
765280092,6,728990,0,0,29.70,93417.30,36.57,204472.84,b0
765271896,7,729036,0,0,29.56,93408.35,37.92,199454.61,b0
765285466,8,729082,0,0,29.36,93386.86,37.65,263103.81,b0
765274459,1,729128,0,0,28.75,93391.80,39.13,215851.61,b0
765272923,2,729174,0,0,28.95,93416.37,39.08,212624.58,b0
