id,index,millis,gas_index,mes_index,temperature,pressure,humidity,gas_resistance,status
765286747,3,527,0,0,27.35,93463.42,46.79,794568.38,b0
765279836,4,572,0,0,27.22,93415.85,46.72,1340752.87,b0
765271387,5,618,0,0,26.93,93443.09,47.66,1056487.00,b0
765283665,6,664,0,0,26.93,93417.73,48.04,607174.63,b0
765268824,7,709,0,0,26.89,93454.17,47.59,1161656.25,b0
765287253,8,755,0,0,26.76,93431.61,48.02,830326.38,b0
765270362,1,801,0,0,27.99,93421.34,49.12,1467574.37,b0
765269850,2,846,0,0,28.06,93425.38,48.46,873906.56,b0
765286747,3,892,0,0,28.10,93456.61,47.01,736955.75,b0
765279836,4,938,0,0,28.07,93417.27,46.88,1263807.50,b0
765271387,5,985,0,0,27.84,93449.41,47.83,967406.69,b0
765283665,6,1031,0,0,27.76,93420.10,48.22,565433.44,b0
765268824,7,1077,0,0,27.69,93457.91,47.74,1084171.50,b0
765287253,8,1123,0,0,27.48,93436.69,48.16,780041.88,b0
765270362,1,1169,0,0,29.12,93434.45,49.30,1433671.62,b0
765269850,2,1215,0,0,29.12,93443.82,48.65,845756.75,b0
765286747,3,1262,0,0,29.01,93472.69,47.08,709386.94,b0
765279836,4,1308,0,0,28.78,93428.22,46.99,1225246.75,b0
765271387,5,1354,0,0,28.49,93453.73,47.92,943996.31,b0
765283665,6,1400,0,0,28.40,93425.09,48.30,539515.25,b0
765268824,7,1446,0,0,28.38,93462.66,47.81,1058124.50,b0
765287253,8,1492,0,0,28.18,93441.47,48.21,748264.50,b0
765270362,1,1539,0,0,29.28,93442.23,49.20,1398429.50,b0
765269850,2,1585,0,0,29.27,93446.16,48.58,829821.69,b0
765286747,3,1631,0,0,29.23,93472.73,47.02,686557.19,b0
765279836,4,1677,0,0,29.01,93425.35,46.95,1195214.50,b0
765271387,5,1723,0,0,28.78,93457.08,47.81,914285.69,b0
765283665,6,1769,0,0,28.69,93428.31,48.25,517825.53,b0
765268824,7,1815,0,0,28.69,93463.23,47.73,1018652.06,b0
765287253,8,1861,0,0,28.49,93442.93,48.14,719101.13,b0
765270362,1,1908,0,0,29.29,93442.62,48.95,1370358.00,b0
765269850,2,1954,0,0,29.36,93449.79,48.38,804873.25,b0
765286747,3,2000,0,0,29.36,93475.42,46.80,670376.44,b0
765279836,4,2046,0,0,29.16,93427.31,46.82,1178705.00,b0
765271387,5,2092,0,0,28.94,93455.76,47.66,881239.25,b0
765283665,6,2138,0,0,28.86,93429.05,48.10,502576.69,b0
765268824,7,2184,0,0,28.86,93462.90,47.55,994899.19,b0
765287253,8,2230,0,0,28.66,93445.76,47.95,699214.75,b0
765270362,1,2277,0,0,29.33,93441.98,48.67,1351369.12,b0
765269850,2,2323,0,0,29.43,93449.98,48.10,782725.00,b0
765286747,3,2369,0,0,29.47,93475.52,46.62,652437.06,b0
765279836,4,2415,0,0,29.27,93429.01,46.61,1147982.12,b0
765271387,5,2461,0,0,29.04,93454.91,47.41,866694.88,b0
765283665,6,2507,0,0,28.97,93427.63,47.87,485768.50,b0
765268824,7,2553,0,0,28.98,93462.91,47.34,970846.19,b0
765287253,8,2600,0,0,28.79,93445.35,47.72,678370.31,b0
765270362,1,2646,0,0,29.36,93442.16,48.33,1317465.37,b0
765269850,2,2692,0,0,29.50,93451.01,47.78,769057.44,b0
765286747,3,2738,0,0,29.52,93476.45,46.37,637807.56,b0
765279836,4,2784,0,0,29.34,93428.70,46.36,1128063.87,b0
765271387,5,2830,0,0,29.12,93456.72,47.17,849440.06,b0
765283665,6,2877,0,0,29.04,93429.82,47.65,475947.00,b0
765268824,7,2923,0,0,29.07,93465.08,47.08,949246.81,b0
765287253,8,2969,0,0,28.86,93444.92,47.45,665151.00,b0
765270362,1,3015,0,0,29.38,93443.89,48.02,1302384.75,b0
765269850,2,3061,0,0,29.53,93452.95,47.49,761763.06,b0
765286747,3,3107,0,0,29.56,93476.95,46.06,625534.50,b0
765279836,4,3153,0,0,29.38,93429.30,46.13,1105234.75,b0
765271387,5,3200,0,0,29.17,93457.13,46.88,829821.69,b0
765283665,6,3246,0,0,29.09,93427.29,47.42,463348.41,b0
765268824,7,3292,0,0,29.14,93466.63,46.84,927956.50,b0
765287253,8,3338,0,0,28.93,93446.07,47.21,646260.63,b0
765270362,1,3384,0,0,29.41,93444.63,47.67,1273235.87,b0
765269850,2,3430,0,0,29.57,93450.82,47.15,748264.50,b0
765286747,3,3477,0,0,29.60,93476.41,45.78,610432.19,b0
765279836,4,3523,0,0,29.44,93430.14,45.84,1087626.12,b0
765271387,5,3569,0,0,29.22,93456.97,46.62,810126.56,b0
765283665,6,3615,0,0,29.14,93429.26,47.15,451997.34,b0
765268824,7,3661,0,0,29.19,93466.52,46.56,910626.94,b0
765287253,8,3707,0,0,28.97,93443.55,46.95,634841.94,b0
765270362,1,3754,0,0,29.44,93444.29,47.34,1263807.50,b0
765269850,2,3800,0,0,29.62,93452.14,46.79,738550.31,b0
765286747,3,3846,0,0,29.65,93478.80,45.52,599707.19,b0
765279836,4,3892,0,0,29.50,93430.16,45.59,1068893.50,b0
765271387,5,3938,0,0,29.28,93459.01,46.36,796887.19,b0
765283665,6,3984,0,0,29.19,93429.93,46.91,442619.41,b0
765268824,7,4030,0,0,29.24,93467.45,46.30,893932.75,b0
765287253,8,4076,0,0,29.01,93444.60,46.68,622681.69,b0
765270362,1,4123,0,0,29.47,93446.26,47.05,1236341.62,b0
765269850,2,4169,0,0,29.67,93451.28,46.47,729864.56,b0
765286747,3,4215,0,0,29.70,93477.16,45.27,588844.19,b0
765279836,4,4261,0,0,29.55,93430.43,45.34,1046767.19,b0
765271387,5,4307,0,0,29.32,93456.78,46.10,782276.56,b0
765283665,6,4353,0,0,29.23,93428.59,46.66,439484.97,b0
765268824,7,4399,0,0,29.28,93469.26,46.05,876149.75,b0
765287253,8,4446,0,0,29.05,93444.22,46.42,608256.63,b0
765270362,1,4492,0,0,29.50,93445.18,46.75,1218684.87,b0
765269850,2,4538,0,0,29.69,93451.59,46.15,714584.81,b0
765286747,3,4584,0,0,29.73,93476.95,45.01,577878.13,b0
765279836,4,4630,0,0,29.60,93431.27,45.09,1035651.06,b0
765271387,5,4676,0,0,29.36,93456.35,45.86,772101.81,b0
765283665,6,4722,0,0,29.25,93429.20,46.43,431703.22,b0
765268824,7,4769,0,0,29.31,93465.57,45.81,861771.50,b0
765287253,8,4815,0,0,29.10,93444.76,46.16,597607.25,b0
765270362,1,4861,0,0,29.52,93444.05,46.50,1199414.37,b0
765269850,2,4907,0,0,29.73,93451.76,45.86,708650.50,b0
765286747,3,4953,0,0,29.76,93476.88,44.79,571109.88,b0
765279836,4,4999,0,0,29.63,93429.84,44.87,1014866.19,b0
765271387,5,5046,0,0,29.40,93456.44,45.60,757116.44,b0
765283665,6,5092,0,0,29.29,93429.21,46.17,423140.50,b0
765268824,7,5138,0,0,29.34,93466.80,45.57,847331.38,b0
765287253,8,5184,0,0,29.13,93446.48,45.93,584808.69,b0
765270362,1,5230,0,0,29.54,93444.70,46.26,1192083.87,b0
765269850,2,5276,0,0,29.75,93452.76,45.58,697785.38,b0
765286747,3,5323,0,0,29.79,93478.10,44.57,566841.94,b0
765279836,4,5369,0,0,29.66,93428.91,44.63,994174.75,b0
765271387,5,5415,0,0,29.43,93457.93,45.37,746627.75,b0
765283665,6,5461,0,0,29.32,93429.54,45.97,414910.84,b0
765268824,7,5507,0,0,29.37,93466.74,45.35,835918.38,b0
765287253,8,5553,0,0,29.16,93443.93,45.72,583808.44,b0
765270362,1,5600,0,0,29.57,93443.61,46.00,1175660.12,b0
765269850,2,5646,0,0,29.78,93451.27,45.35,688634.81,b0
765286747,3,5692,0,0,29.81,93478.33,44.35,557127.31,b0
765279836,4,5738,0,0,29.67,93427.77,44.39,994899.19,b0
765271387,5,5784,0,0,29.45,93455.95,45.15,737752.19,b0
765283665,6,5830,0,0,29.34,93429.89,45.74,409927.94,b0
765268824,7,5876,0,0,29.40,93466.49,45.16,824808.69,b0
765287253,8,5922,0,0,29.18,93445.61,45.53,564965.50,b0
765270362,1,5969,0,0,29.58,93441.55,45.79,1162645.50,b0
765269850,2,6015,0,0,29.79,93450.98,45.07,680398.69,b0
765286747,3,6061,0,0,29.82,93477.84,44.14,550833.81,b0
765279836,4,6107,0,0,29.71,93429.75,44.19,976400.50,b0
765271387,5,6153,0,0,29.49,93458.68,44.96,729085.06,b0
765283665,6,6199,0,0,29.36,93429.38,45.54,401489.91,b0
765268824,7,6245,0,0,29.41,93467.29,44.95,810607.56,b0
765287253,8,6291,0,0,29.21,93447.31,45.32,558951.94,b0
765270362,1,6338,0,0,29.58,93441.37,45.60,1143176.12,b0
765269850,2,6384,0,0,29.81,93452.84,44.84,673684.19,b0
765286747,3,6430,0,0,29.84,93477.72,43.93,542948.06,b0
765279836,4,6476,0,0,29.72,93428.92,43.99,964672.63,b0
765271387,5,6522,0,0,29.50,93457.32,44.73,717589.38,b0
765283665,6,6568,0,0,29.37,93427.89,45.34,399609.75,b0
765268824,7,6614,0,0,29.42,93468.59,44.73,800625.50,b0
765287253,8,6661,0,0,29.21,93446.63,45.11,558494.69,b0
765270362,1,6707,0,0,29.59,93443.05,45.38,1134626.00,b0
765269850,2,6753,0,0,29.82,93452.36,44.61,665151.00,b0
765286747,3,6799,0,0,29.85,93477.98,43.74,532362.88,b0
765279836,4,6845,0,0,29.75,93431.40,43.79,948587.31,b0
765271387,5,6891,0,0,29.51,93457.06,44.55,709386.94,b0
765283665,6,6938,0,0,29.38,93430.45,45.14,395672.34,b0
765268824,7,6984,0,0,29.44,93469.02,44.57,789058.00,b0
765287253,8,7030,0,0,29.22,93447.38,44.94,545551.44,b0
765270362,1,7076,0,0,29.60,93442.20,45.15,1124348.12,b0
765269850,2,7122,0,0,29.83,93453.48,44.39,660006.44,b0
765286747,3,7168,0,0,29.87,93477.85,43.56,532362.88,b0
765279836,4,7214,0,0,29.77,93431.34,43.59,944649.44,b0
765271387,5,7261,0,0,29.53,93457.20,44.36,702814.00,b0
765283665,6,7307,0,0,29.39,93429.49,44.97,389798.25,b0
765268824,7,7353,0,0,29.44,93466.70,44.38,785426.63,b0
765287253,8,7399,0,0,29.23,93446.70,44.75,539942.00,b0
765270362,1,7445,0,0,29.61,93442.66,44.96,1121577.25,b0
765269850,2,7491,0,0,29.84,93453.35,44.15,653686.56,b0
765286747,3,7538,0,0,29.88,93477.90,43.38,526613.50,b0
765279836,4,7584,0,0,29.79,93430.76,43.41,931120.69,b0
765271387,5,7630,0,0,29.54,93456.91,44.16,699214.75,b0
765283665,6,7676,0,0,29.40,93430.73,44.74,385179.63,b0
765268824,7,7722,0,0,29.46,93467.48,44.20,774730.50,b0
765287253,8,7768,0,0,29.25,93445.18,44.58,536969.06,b0
765270362,1,7815,0,0,29.62,93442.00,44.79,1104340.75,b0
765269850,2,7861,0,0,29.86,93452.19,43.95,648717.13,b0
765286747,3,7907,0,0,29.89,93477.41,43.22,517825.53,b0
765279836,4,7953,0,0,29.81,93430.86,43.23,919829.31,b0
765271387,5,7999,0,0,29.56,93455.78,44.00,691424.69,b0
765283665,6,8045,0,0,29.41,93429.38,44.59,377511.53,b0
765268824,7,8091,0,0,29.47,93469.16,44.02,764749.81,b0
765287253,8,8137,0,0,29.27,93446.31,44.42,534028.69,b0
765270362,1,8184,0,0,29.63,93440.99,44.62,1093725.00,b0
765269850,2,8230,0,0,29.88,93452.60,43.77,640801.00,b0
765286747,3,8276,0,0,29.92,93475.53,43.06,514314.41,b0
765279836,4,8322,0,0,29.83,93429.73,43.06,908808.50,b0
765271387,5,8368,0,0,29.57,93458.40,43.83,686557.19,b0
765283665,6,8414,0,0,29.43,93430.51,44.44,363765.53,b0
765268824,7,8460,0,0,29.49,93465.62,43.84,755859.00,b0
765287253,8,8506,0,0,29.29,93446.91,44.25,527427.25,b0
765270362,1,8553,0,0,29.65,93443.05,44.43,1088493.25,b0
765269850,2,8599,0,0,29.88,93452.99,43.56,633663.38,b0
765286747,3,8645,0,0,29.93,93477.20,42.89,506679.88,b0
765279836,4,8691,0,0,29.85,93431.08,42.90,908204.00,b0
765271387,5,8737,0,0,29.58,93456.32,43.70,676354.00,b0
765283665,6,8783,0,0,29.45,93429.10,44.31,364542.53,b0
765268824,7,8830,0,0,29.50,93466.77,43.73,746627.75,b0
765287253,8,8876,0,0,29.31,93445.91,44.12,516259.13,b0
765270362,1,8922,0,0,29.65,93442.19,44.31,1070569.75,b0
765269850,2,8968,0,0,29.89,93452.50,43.42,630153.88,b0
765286747,3,9014,0,0,29.95,93478.72,42.77,505554.19,b0
765279836,4,9060,0,0,29.86,93431.86,42.73,901606.88,b0
765271387,5,9106,0,0,29.60,93457.00,43.54,667753.50,b0
765283665,6,9153,0,0,29.47,93430.34,44.15,358417.91,b0
765268824,7,9199,0,0,29.52,93467.76,43.59,741760.25,b0
765287253,8,9245,0,0,29.32,93443.99,43.98,511616.28,b0
765270362,1,9291,0,0,29.66,93441.13,44.12,1063067.75,b0
765269850,2,9337,0,0,29.90,93451.83,43.24,626108.25,b0
765286747,3,9383,0,0,29.97,93478.25,42.64,499634.06,b0
765279836,4,9430,0,0,29.88,93432.51,42.61,883520.25,b0
765271387,5,9476,0,0,29.62,93458.54,43.43,661926.31,b0
765283665,6,9522,0,0,29.49,93429.80,44.03,357292.41,b0
765268824,7,9568,0,0,29.53,93468.34,43.46,732999.31,b0
765287253,8,9614,0,0,29.33,93444.56,43.84,508567.16,b0
765270362,1,9660,0,0,29.68,93441.61,44.01,1059767.12,b0
765269850,2,9707,0,0,29.91,93451.00,43.07,617053.31,b0
765286747,3,9753,0,0,29.98,93476.67,42.51,496003.88,b0
765279836,4,9799,0,0,29.89,93432.02,42.46,883520.25,b0
765271387,5,9845,0,0,29.63,93458.41,43.31,659368.94,b0
765283665,6,9891,0,0,29.49,93429.66,43.91,351769.16,b0
765268824,7,9937,0,0,29.54,93467.82,43.34,729085.06,b0
765287253,8,9983,0,0,29.34,93443.89,43.70,501837.78,b0
765270362,1,10030,0,0,29.69,93441.14,43.87,1053227.00,b0
765269850,2,10076,0,0,29.92,93449.95,42.92,616496.06,b0
765286747,3,10122,0,0,29.99,93477.08,42.41,488549.63,b0
765279836,4,10168,0,0,29.90,93429.76,42.34,870008.50,b0
765271387,5,10214,0,0,29.63,93456.83,43.17,653061.25,b0
765283665,6,10260,0,0,29.50,93428.88,43.80,350325.00,b0
765268824,7,10306,0,0,29.54,93466.21,43.21,725983.69,b0
765287253,8,10352,0,0,29.35,93441.60,43.57,504806.50,b0
765270362,1,10399,0,0,29.69,93439.38,43.74,1043566.88,b0
765269850,2,10445,0,0,29.93,93450.38,42.80,610432.19,b0
765286747,3,10491,0,0,30.00,93476.57,42.27,490656.44,b0
765279836,4,10537,0,0,29.92,93433.05,42.22,863406.44,b0
765271387,5,10583,0,0,29.64,93456.20,43.05,649334.19,b0
765283665,6,10629,0,0,29.50,93426.95,43.68,345362.56,b0
765268824,7,10675,0,0,29.56,93466.09,43.09,719101.13,b0
765287253,8,10722,0,0,29.38,93441.69,43.48,497449.59,b0
765270362,1,10768,0,0,29.70,93438.73,43.62,1031738.06,b0
765269850,2,10814,0,0,29.94,93449.34,42.65,606635.06,b0
765286747,3,10860,0,0,30.00,93473.88,42.17,485078.16,b0
765279836,4,10906,0,0,29.93,93428.84,42.11,855829.50,b0
765271387,5,10952,0,0,29.65,93455.20,42.93,646873.00,b0
765283665,6,10999,0,0,29.51,93427.95,43.55,346414.06,b0
765268824,7,11045,0,0,29.58,93466.35,42.98,712347.81,b0
765287253,8,11091,0,0,29.39,93440.14,43.36,492781.53,b0
765270362,1,11137,0,0,29.71,93439.81,43.51,1027081.25,b0
765269850,2,11183,0,0,29.94,93451.16,42.53,605022.19,b0
765286747,3,11229,0,0,30.01,93476.24,42.08,481995.75,b0
765279836,4,11275,0,0,29.94,93431.22,41.99,860142.81,b0
765271387,5,11322,0,0,29.66,93454.91,42.82,639001.56,b0
765283665,6,11368,0,0,29.54,93427.84,43.47,343278.59,b0
765268824,7,11414,0,0,29.58,93465.29,42.87,707915.69,b0
765287253,8,11460,0,0,29.41,93440.20,43.25,489952.16,b0
765270362,1,11506,0,0,29.72,93437.55,43.38,1020174.38,b0
765269850,2,11552,0,0,29.95,93448.15,42.41,600762.69,b0
765286747,3,11599,0,0,30.02,93474.85,41.99,478952.28,b0
765279836,4,11645,0,0,29.94,93431.23,41.88,849968.88,b0
765271387,5,11691,0,0,29.67,93456.02,42.73,637807.56,b0
765283665,6,11737,0,0,29.55,93429.38,43.39,337842.28,b0
765268824,7,11783,0,0,29.59,93464.97,42.77,703538.31,b0
765287253,8,11829,0,0,29.42,93440.23,43.15,491009.34,b0
765270362,1,11876,0,0,29.72,93439.36,43.28,1014112.38,b0
765269850,2,11922,0,0,29.95,93450.11,42.28,598130.81,b0
765286747,3,11968,0,0,30.02,93475.04,41.90,477611.94,b0
765279836,4,12014,0,0,29.95,93430.02,41.77,843666.31,b0
765271387,5,12060,0,0,29.67,93455.35,42.63,631903.75,b0
765283665,6,12106,0,0,29.56,93428.55,43.29,336510.03,b0
765268824,7,12152,0,0,29.60,93465.01,42.68,697072.81,b0
765287253,8,12198,0,0,29.42,93440.25,43.05,484046.31,b0
765270362,1,12245,0,0,29.72,93440.99,43.18,1009613.00,b0
765269850,2,12291,0,0,29.96,93449.63,42.16,594484.75,b0
765286747,3,12337,0,0,30.02,93472.16,41.78,473307.16,b0
765279836,4,12383,0,0,29.95,93431.11,41.66,839516.31,b0
765271387,5,12429,0,0,29.69,93454.38,42.51,628992.63,b0
765283665,6,12475,0,0,29.57,93425.86,43.23,332575.50,b0
765268824,7,12521,0,0,29.62,93465.79,42.60,695652.19,b0
765287253,8,12568,0,0,29.43,93439.05,42.97,483360.88,b0
765270362,1,12614,0,0,29.74,93438.06,43.09,1000732.94,b0
765269850,2,12660,0,0,29.98,93449.36,42.07,591907.50,b0
765286747,3,12706,0,0,30.03,93474.73,41.71,470372.06,b0
765279836,4,12752,0,0,29.97,93430.84,41.55,836430.44,b0
765271387,5,12798,0,0,29.70,93456.26,42.45,626683.00,b0
765283665,6,12844,0,0,29.58,93426.82,43.14,334531.19,b0
765268824,7,12891,0,0,29.62,93466.73,42.53,691424.69,b0
765287253,8,12937,0,0,29.45,93440.70,42.88,479288.56,b0
765270362,1,12983,0,0,29.77,93438.75,42.98,997807.56,b0
765269850,2,13029,0,0,30.00,93450.16,41.96,586819.50,b0
765286747,3,13075,0,0,30.05,93473.71,41.61,471021.16,b0
765279836,4,13121,0,0,29.98,93428.94,41.46,832351.13,b0
765271387,5,13168,0,0,29.71,93455.61,42.37,622114.19,b0
765283665,6,13214,0,0,29.58,93429.56,43.08,333224.88,b0
765268824,7,13260,0,0,29.63,93464.38,42.44,684492.00,b0
765287253,8,13306,0,0,29.45,93439.63,42.81,469079.25,b0
765270362,1,13352,0,0,29.77,93438.61,42.90,994174.75,b0
765269850,2,13398,0,0,30.02,93448.27,41.87,584308.13,b0
765286747,3,13445,0,0,30.06,93475.39,41.52,465878.06,b0
765279836,4,13491,0,0,29.99,93429.55,41.39,828814.25,b0
765271387,5,13537,0,0,29.73,93457.87,42.29,620418.06,b0
765283665,6,13583,0,0,29.60,93427.53,42.99,332575.50,b0
765268824,7,13629,0,0,29.63,93464.94,42.36,681757.69,b0
765287253,8,13675,0,0,29.45,93440.36,42.72,471021.16,b0
765270362,1,13722,0,0,29.79,93439.95,42.80,984852.13,b0
765269850,2,13768,0,0,30.02,93450.95,41.77,580334.38,b0
765286747,3,13814,0,0,30.08,93473.99,41.45,463348.41,b0
765279836,4,13860,0,0,30.01,93429.44,41.30,825806.44,b0
765271387,5,13906,0,0,29.73,93455.72,42.23,612623.38,b0
765283665,6,13952,0,0,29.60,93427.38,42.92,327156.56,b0
765268824,7,13998,0,0,29.64,93465.89,42.29,675016.50,b0
765287253,8,14044,0,0,29.46,93440.76,42.66,472324.72,b0
765270362,1,14091,0,0,29.80,93439.49,42.77,980608.06,b0
765269850,2,14137,0,0,30.03,93449.04,41.69,577878.13,b0
765286747,3,14183,0,0,30.08,93473.66,41.37,460535.19,b0
765279836,4,14229,0,0,30.02,93430.22,41.22,820841.69,b0
765271387,5,14275,0,0,29.74,93455.62,42.14,609886.81,b0
765283665,6,14321,0,0,29.61,93428.88,42.85,327784.91,b0
765268824,7,14367,0,0,29.64,93464.09,42.22,671035.38,b0
765287253,8,14413,0,0,29.47,93440.42,42.60,464609.81,b0
765270362,1,14460,0,0,29.81,93440.46,42.67,975702.69,b0
765269850,2,14506,0,0,30.05,93449.85,41.62,573991.06,b0
765286747,3,14552,0,0,30.09,93473.33,41.32,457755.94,b0
765279836,4,14598,0,0,30.02,93428.80,41.15,815448.94,b0
765271387,5,14644,0,0,29.75,93456.98,42.09,604486.44,b0
765283665,6,14690,0,0,29.61,93426.09,42.78,325596.19,b0
765268824,7,14736,0,0,29.64,93463.89,42.13,667753.50,b0
765287253,8,14783,0,0,29.47,93440.24,42.53,456836.94,b0
765270362,1,14829,0,0,29.82,93439.78,42.62,963311.38,b0
765269850,2,14875,0,0,30.05,93448.23,41.56,571109.88,b0
765286747,3,14921,0,0,30.11,93475.37,41.28,453800.13,b0
765279836,4,14967,0,0,30.03,93430.11,41.09,811571.25,b0
765271387,5,15013,0,0,29.76,93457.73,42.02,602884.88,b0
765283665,6,15060,0,0,29.62,93428.87,42.73,322215.22,b0
765268824,7,15106,0,0,29.64,93464.64,42.07,665799.75,b0
765287253,8,15152,0,0,29.47,93439.36,42.46,460846.09,b0
765270362,1,15198,0,0,29.82,93439.79,42.54,969467.44,b0
765269850,2,15244,0,0,30.04,93448.91,41.46,570155.88,b0
765286747,3,15290,0,0,30.11,93475.01,41.22,452896.94,b0
765279836,4,15336,0,0,30.04,93431.06,41.01,810607.56,b0
765271387,5,15383,0,0,29.77,93457.24,41.95,600234.44,b0
765283665,6,15429,0,0,29.62,93428.34,42.66,320701.53,b0
765268824,7,15475,0,0,29.63,93464.96,42.00,663857.38,b0
765287253,8,15521,0,0,29.47,93440.78,42.38,461781.28,b0
765270362,1,15567,0,0,29.82,93440.70,42.48,961276.69,b0
765269850,2,15613,0,0,30.05,93450.38,41.40,565433.44,b0
765286747,3,15660,0,0,30.11,93473.76,41.16,452596.69,b0
765279836,4,15706,0,0,30.03,93427.80,40.95,800625.50,b0
765271387,5,15752,0,0,29.76,93455.80,41.90,597084.56,b0
765283665,6,15798,0,0,29.63,93430.05,42.62,318606.09,b0
765268824,7,15844,0,0,29.63,93465.48,41.93,663212.44,b0
765287253,8,15890,0,0,29.46,93440.23,42.32,457449.19,b0
765270362,1,15937,0,0,29.83,93439.13,42.42,952558.13,b0
765269850,2,15983,0,0,30.05,93448.78,41.35,562174.06,b0
765286747,3,16029,0,0,30.13,93476.52,41.10,447552.44,b0
765279836,4,16075,0,0,30.04,93429.46,40.90,798751.94,b0
765271387,5,16121,0,0,29.77,93456.74,41.84,592935.75,b0
765283665,6,16167,0,0,29.64,93430.11,42.54,317126.03,b0
765268824,7,16213,0,0,29.63,93465.31,41.89,654313.13,b0
765287253,8,16259,0,0,29.47,93440.60,42.23,455617.34,b0
765270362,1,16306,0,0,29.84,93439.35,42.35,947928.75,b0
765269850,2,16352,0,0,30.05,93447.53,41.29,562174.06,b0
765286747,3,16398,0,0,30.14,93477.10,41.07,443770.31,b0
765279836,4,16444,0,0,30.05,93428.98,40.86,795031.06,b0
765271387,5,16490,0,0,29.78,93456.09,41.78,591907.50,b0
765283665,6,16536,0,0,29.64,93428.53,42.48,318308.97,b0
765268824,7,16582,0,0,29.64,93465.34,41.83,651814.13,b0
765287253,8,16628,0,0,29.47,93439.38,42.17,453800.13,b0
765270362,1,16675,0,0,29.84,93437.78,42.31,947271.06,b0
765269850,2,16721,0,0,30.07,93449.75,41.23,557582.38,b0
765286747,3,16767,0,0,30.14,93474.23,41.02,443194.13,b0
765279836,4,16813,0,0,30.06,93428.68,40.81,789971.06,b0
765271387,5,16859,0,0,29.78,93457.20,41.73,592421.19,b0
765283665,6,16905,0,0,29.65,93426.82,42.41,316831.69,b0
765268824,7,16952,0,0,29.63,93464.77,41.76,650571.81,b0
765287253,8,16998,0,0,29.48,93440.45,42.10,452296.81,b0
765270362,1,17044,0,0,29.84,93438.31,42.26,940096.38,b0
765269850,2,17090,0,0,30.07,93449.59,41.16,555766.63,b0
765286747,3,17136,0,0,30.15,93475.16,40.97,441474.47,b0
765279836,4,17182,0,0,30.07,93429.98,40.75,786784.50,b0
765271387,5,17228,0,0,29.79,93456.53,41.68,587830.06,b0
765283665,6,17275,0,0,29.66,93428.88,42.38,313054.13,b0
765268824,7,17321,0,0,29.64,93466.06,41.71,648101.25,b0
765287253,8,17367,0,0,29.49,93440.67,42.05,452596.69,b0
765270362,1,17413,0,0,29.86,93439.48,42.22,936228.56,b0
765269850,2,17459,0,0,30.08,93447.67,41.12,555766.63,b0
765286747,3,17505,0,0,30.16,93476.09,40.95,438919.84,b0
765279836,4,17552,0,0,30.07,93429.29,40.69,781381.13,b0
765271387,5,17598,0,0,29.80,93456.20,41.61,590882.88,b0
765283665,6,17644,0,0,29.67,93428.48,42.32,313629.41,b0
765268824,7,17690,0,0,29.65,93466.27,41.64,646873.00,b0
765287253,8,17736,0,0,29.48,93439.59,41.98,447552.44,b0
765270362,1,17782,0,0,29.87,93439.53,42.17,928587.63,b0
765269850,2,17829,0,0,30.09,93447.18,41.07,550833.81,b0
765286747,3,17875,0,0,30.17,93475.23,40.88,436115.84,b0
765279836,4,17921,0,0,30.09,93429.57,40.67,779596.50,b0
765271387,5,17967,0,0,29.80,93456.08,41.60,582314.50,b0
765283665,6,18013,0,0,29.67,93426.34,42.28,313629.41,b0
765268824,7,18059,0,0,29.65,93465.40,41.60,647486.56,b0
765287253,8,18105,0,0,29.49,93438.73,41.93,445507.94,b0
765270362,1,18152,0,0,29.87,93438.68,42.14,931756.13,b0
765269850,2,18198,0,0,30.10,93446.00,41.01,548620.44,b0
765286747,3,18244,0,0,30.18,93475.12,40.86,436673.78,b0
765279836,4,18290,0,0,30.10,93429.23,40.62,776051.56,b0
765271387,5,18336,0,0,29.81,93455.23,41.52,578367.69,b0
765283665,6,18382,0,0,29.68,93429.26,42.23,311057.09,b0
765268824,7,18428,0,0,29.66,93464.00,41.56,641403.06,b0
765287253,8,18474,0,0,29.51,93438.78,41.86,440335.41,b0
765270362,1,18521,0,0,29.89,93440.38,42.07,924813.75,b0
765269850,2,18567,0,0,30.12,93449.12,40.98,547300.94,b0
765286747,3,18613,0,0,30.18,93474.56,40.80,431976.38,b0
765279836,4,18659,0,0,30.10,93427.66,40.56,774291.13,b0
765271387,5,18705,0,0,29.81,93456.88,41.50,577389.31,b0
765283665,6,18751,0,0,29.68,93428.76,42.20,306862.44,b0
765268824,7,18797,0,0,29.68,93464.96,41.51,636024.88,b0
765287253,8,18844,0,0,29.51,93438.99,41.82,438637.81,b0
765270362,1,18890,0,0,29.89,93438.24,42.04,921070.38,b0
765269850,2,18936,0,0,30.12,93447.66,40.94,544246.63,b0
765286747,3,18982,0,0,30.18,93475.84,40.78,432523.75,b0
765279836,4,19028,0,0,30.11,93428.41,40.53,775610.69,b0
765271387,5,19074,0,0,29.82,93455.50,41.46,574474.06,b0
765283665,6,19121,0,0,29.69,93428.83,42.17,307415.19,b0
765268824,7,19167,0,0,29.68,93464.06,41.47,633075.75,b0
765287253,8,19213,0,0,29.52,93439.56,41.77,441189.16,b0
765270362,1,19259,0,0,29.89,93437.34,41.99,916126.13,b0
765269850,2,19305,0,0,30.12,93446.59,40.88,545551.44,b0
765286747,3,19351,0,0,30.19,93474.96,40.73,432523.75,b0
765279836,4,19397,0,0,30.11,93426.61,40.49,768624.50,b0
765271387,5,19444,0,0,29.83,93456.78,41.43,574474.06,b0
765283665,6,19490,0,0,29.68,93427.35,42.15,304399.53,b0
765268824,7,19536,0,0,29.70,93465.77,41.42,631903.75,b0
765287253,8,19582,0,0,29.53,93439.05,41.74,439202.22,b0
765270362,1,19628,0,0,29.89,93438.62,41.94,919210.06,b0
765269850,2,19674,0,0,30.12,93444.64,40.84,542948.06,b0
765286747,3,19721,0,0,30.19,93474.24,40.69,427378.97,b0
765279836,4,19767,0,0,30.11,93426.98,40.45,761338.31,b0
765271387,5,19813,0,0,29.83,93455.05,41.39,569205.13,b0
765283665,6,19859,0,0,29.69,93428.17,42.13,303048.25,b0
765268824,7,19905,0,0,29.70,93464.32,41.41,626683.00,b0
765287253,8,19951,0,0,29.53,93438.31,41.71,431430.38,b0
765270362,1,19998,0,0,29.90,93438.47,41.89,913062.88,b0
765269850,2,20044,0,0,30.13,93447.71,40.82,540369.38,b0
765286747,3,20090,0,0,30.19,93476.05,40.64,428183.16,b0
765279836,4,20136,0,0,30.11,93425.89,40.40,766467.06,b0
765271387,5,20182,0,0,29.83,93458.23,41.38,567784.88,b0
765283665,6,20228,0,0,29.70,93428.38,42.10,302511.09,b0
765268824,7,20274,0,0,29.70,93465.59,41.39,627835.69,b0
765287253,8,20320,0,0,29.54,93438.71,41.70,433072.53,b0
765270362,1,20367,0,0,29.90,93437.78,41.86,907600.25,b0
765269850,2,20413,0,0,30.13,93447.36,40.77,539089.25,b0
765286747,3,20459,0,0,30.19,93475.15,40.60,427646.69,b0
765279836,4,20505,0,0,30.12,93428.10,40.35,764749.81,b0
765271387,5,20551,0,0,29.82,93456.19,41.34,564965.50,b0
765283665,6,20597,0,0,29.68,93428.24,42.06,301176.47,b0
765268824,7,20643,0,0,29.69,93464.32,41.35,624390.25,b0
765287253,8,20690,0,0,29.53,93439.77,41.68,432523.75,b0
765270362,1,20736,0,0,29.91,93438.36,41.82,908808.50,b0
765269850,2,20782,0,0,30.13,93445.60,40.71,537815.13,b0
765286747,3,20828,0,0,30.19,93475.34,40.56,427378.97,b0
765279836,4,20874,0,0,30.12,93426.50,40.30,764321.69,b0
765271387,5,20920,0,0,29.81,93454.91,41.30,564498.38,b0
765283665,6,20966,0,0,29.67,93426.52,42.03,302779.41,b0
765268824,7,21013,0,0,29.68,93464.98,41.33,619854.75,b0
765287253,8,21059,0,0,29.52,93438.31,41.65,431430.38,b0
765270362,1,21105,0,0,29.91,93437.98,41.77,905193.38,b0
765269850,2,21151,0,0,30.14,93447.43,40.68,536547.00,b0
765286747,3,21197,0,0,30.18,93474.04,40.52,426045.34,b0
765279836,4,21243,0,0,30.12,93426.31,40.27,758378.06,b0
765271387,5,21290,0,0,29.82,93456.53,41.27,561249.69,b0
765283665,6,21336,0,0,29.68,93428.55,41.99,300910.97,b0
765268824,7,21382,0,0,29.67,93461.86,41.31,615384.63,b0
765287253,8,21428,0,0,29.52,93439.38,41.63,431430.38,b0
765270362,1,21474,0,0,29.91,93439.08,41.75,906395.25,b0
765269850,2,21520,0,0,30.14,93445.66,40.62,533194.50,b0
765286747,3,21567,0,0,30.20,93474.82,40.49,426045.34,b0
765279836,4,21613,0,0,30.13,93426.73,40.24,760066.81,b0
765271387,5,21659,0,0,29.81,93455.41,41.22,560328.31,b0
765283665,6,21705,0,0,29.68,93427.28,41.96,300381.34,b0
765268824,7,21751,0,0,29.69,93466.82,41.29,614277.13,b0
765287253,8,21797,0,0,29.53,93438.16,41.61,427378.97,b0
765270362,1,21844,0,0,29.91,93438.72,41.72,895692.13,b0
765269850,2,21890,0,0,30.14,93445.46,40.60,533194.50,b0
765286747,3,21936,0,0,30.20,93474.11,40.45,420275.00,b0
765279836,4,21982,0,0,30.13,93424.24,40.22,754605.75,b0
765271387,5,22028,0,0,29.81,93455.98,41.21,556673.00,b0
765283665,6,22074,0,0,29.68,93427.88,41.93,297242.38,b0
765268824,7,22120,0,0,29.69,93464.12,41.24,610432.19,b0
765287253,8,22166,0,0,29.54,93439.97,41.59,427646.69,b0
765270362,1,22213,0,0,29.92,93438.78,41.68,895692.13,b0
765269850,2,22259,0,0,30.15,93446.06,40.58,531948.06,b0
765286747,3,22305,0,0,30.22,93475.79,40.43,421312.50,b0
765279836,4,22351,0,0,30.13,93428.16,40.17,742567.06,b0
765271387,5,22397,0,0,29.82,93455.10,41.21,555314.56,b0
765283665,6,22443,0,0,29.69,93426.34,41.92,296210.59,b0
765268824,7,22489,0,0,29.69,93463.02,41.24,612623.38,b0
765287253,8,22535,0,0,29.54,93439.27,41.56,426045.34,b0
765270362,1,22582,0,0,29.93,93437.38,41.66,894518.44,b0
765269850,2,22628,0,0,30.15,93444.97,40.55,531948.06,b0
765286747,3,22674,0,0,30.22,93474.54,40.41,419242.59,b0
765279836,4,22720,0,0,30.12,93427.07,40.16,750870.75,b0
765271387,5,22766,0,0,29.81,93456.13,41.19,554412.56,b0
765283665,6,22812,0,0,29.69,93427.45,41.88,297760.97,b0
765268824,7,22858,0,0,29.69,93463.59,41.21,608256.63,b0
765287253,8,22905,0,0,29.55,93440.02,41.54,424192.22,b0
765270362,1,22951,0,0,29.94,93440.84,41.64,891597.75,b0
765269850,2,22997,0,0,30.15,93447.09,40.52,529062.25,b0
765286747,3,23043,0,0,30.22,93475.10,40.41,418728.28,b0
765279836,4,23089,0,0,30.12,93426.54,40.15,746627.75,b0
765271387,5,23135,0,0,29.82,93455.80,41.16,551724.13,b0
765283665,6,23182,0,0,29.70,93428.24,41.86,297760.97,b0
765268824,7,23228,0,0,29.70,93462.88,41.21,605558.81,b0
765287253,8,23274,0,0,29.55,93440.17,41.52,419500.22,b0
765270362,1,23320,0,0,29.94,93438.88,41.62,885813.13,b0
765269850,2,23366,0,0,30.15,93445.31,40.49,529062.25,b0
765286747,3,23412,0,0,30.23,93474.21,40.38,418728.28,b0
765279836,4,23459,0,0,30.13,93426.56,40.12,742567.06,b0
765271387,5,23505,0,0,29.83,93454.45,41.15,551724.13,b0
765283665,6,23551,0,0,29.70,93427.38,41.81,294930.88,b0
765268824,7,23597,0,0,29.70,93464.14,41.17,605022.19,b0
765287253,8,23643,0,0,29.54,93438.91,41.48,420533.88,b0
765270362,1,23689,0,0,29.94,93440.13,41.60,886388.25,b0
765269850,2,23736,0,0,30.15,93444.26,40.47,527427.25,b0
765286747,3,23782,0,0,30.23,93475.67,40.38,416175.56,b0
765279836,4,23828,0,0,30.14,93427.88,40.09,749085.56,b0
765271387,5,23874,0,0,29.83,93455.41,41.13,549061.69,b0
765283665,6,23920,0,0,29.70,93426.63,41.79,295441.44,b0
765268824,7,23966,0,0,29.71,93465.81,41.16,606635.06,b0
765287253,8,24012,0,0,29.54,93438.02,41.45,417703.44,b0
765270362,1,24059,0,0,29.94,93436.73,41.58,887540.63,b0
765269850,2,24105,0,0,30.15,93445.68,40.44,526613.50,b0
765286747,3,24151,0,0,30.23,93474.95,40.34,417703.44,b0
765279836,4,24197,0,0,30.14,93425.90,40.08,749085.56,b0
765271387,5,24243,0,0,29.82,93454.26,41.12,548179.88,b0
765283665,6,24289,0,0,29.70,93427.02,41.75,292154.06,b0
765268824,7,24335,0,0,29.70,93462.90,41.14,602884.88,b0
765287253,8,24381,0,0,29.54,93438.03,41.42,420016.41,b0
765270362,1,24428,0,0,29.93,93437.60,41.55,885238.81,b0
765269850,2,24474,0,0,30.15,93446.23,40.41,524187.34,b0
765286747,3,24520,0,0,30.23,93475.14,40.32,416175.56,b0
765279836,4,24566,0,0,30.14,93428.58,40.05,747445.25,b0
765271387,5,24612,0,0,29.83,93455.34,41.06,546424.75,b0
765283665,6,24658,0,0,29.70,93426.63,41.72,294422.09,b0
765268824,7,24704,0,0,29.69,93464.67,41.10,601821.94,b0
765287253,8,24751,0,0,29.55,93440.17,41.40,419242.59,b0
765270362,1,24797,0,0,29.93,93437.77,41.53,883520.25,b0
765269850,2,24843,0,0,30.15,93445.84,40.38,526207.63,b0
765286747,3,24889,0,0,30.23,93474.75,40.27,417959.19,b0
765279836,4,24935,0,0,30.13,93425.66,40.02,748264.50,b0
765271387,5,24981,0,0,29.81,93455.80,41.03,545987.75,b0
765283665,6,25027,0,0,29.68,93427.00,41.68,294168.34,b0
765268824,7,25074,0,0,29.69,93463.91,41.08,601291.81,b0
765287253,8,25120,0,0,29.54,93438.38,41.37,420533.88,b0
765270362,1,25166,0,0,29.92,93438.80,41.48,885238.81,b0
765269850,2,25212,0,0,30.15,93445.66,40.36,523383.59,b0
765286747,3,25258,0,0,30.21,93473.44,40.25,417448.03,b0
765279836,4,25304,0,0,30.13,93427.29,39.98,743375.69,b0
765271387,5,25351,0,0,29.81,93455.77,41.00,544246.63,b0
765283665,6,25397,0,0,29.68,93428.22,41.64,294422.09,b0
765268824,7,25443,0,0,29.68,93463.16,41.05,599180.81,b0
765287253,8,25489,0,0,29.54,93439.26,41.34,417192.91,b0
765270362,1,25535,0,0,29.92,93438.26,41.46,881808.38,b0
765269850,2,25581,0,0,30.15,93445.67,40.32,525397.63,b0
765286747,3,25628,0,0,30.22,93474.54,40.21,414155.72,b0
765279836,4,25674,0,0,30.13,93426.38,39.97,744186.06,b0
765271387,5,25720,0,0,29.81,93455.58,40.97,547300.94,b0
765283665,6,25766,0,0,29.68,93428.01,41.63,292404.34,b0
765268824,7,25812,0,0,29.70,93465.22,41.01,598655.38,b0
765287253,8,25858,0,0,29.55,93438.95,41.33,417192.91,b0
765270362,1,25905,0,0,29.92,93438.61,41.43,876149.75,b0
765269850,2,25951,0,0,30.15,93446.21,40.30,524187.34,b0
765286747,3,25997,0,0,30.23,93476.74,40.19,418215.22,b0
765279836,4,26043,0,0,30.14,93426.79,39.93,744998.19,b0
765271387,5,26089,0,0,29.81,93454.69,40.97,543813.06,b0
765283665,6,26135,0,0,29.67,93426.55,41.59,292404.34,b0
765268824,7,26181,0,0,29.70,93464.52,41.01,598130.81,b0
765287253,8,26227,0,0,29.56,93440.03,41.32,417192.91,b0
765270362,1,26274,0,0,29.92,93438.77,41.39,880670.81,b0
765269850,2,26320,0,0,30.14,93445.30,40.27,522182.56,b0
765286747,3,26366,0,0,30.24,93476.42,40.17,416938.13,b0
765279836,4,26412,0,0,30.15,93426.31,39.90,744186.06,b0
765271387,5,26458,0,0,29.81,93457.02,40.94,542516.56,b0
765283665,6,26504,0,0,29.67,93425.96,41.55,293157.75,b0
765268824,7,26550,0,0,29.69,93462.65,40.98,598130.81,b0
765287253,8,26596,0,0,29.55,93440.71,41.27,418471.59,b0
765270362,1,26643,0,0,29.92,93438.08,41.35,874466.25,b0
765269850,2,26689,0,0,30.14,93446.52,40.21,522582.28,b0
765286747,3,26735,0,0,30.24,93474.42,40.12,416683.63,b0
765279836,4,26781,0,0,30.15,93427.54,39.87,744186.06,b0
765271387,5,26827,0,0,29.81,93456.66,40.91,545551.44,b0
765283665,6,26873,0,0,29.66,93426.62,41.52,290909.09,b0
765268824,7,26919,0,0,29.69,93464.29,40.97,600234.44,b0
765287253,8,26966,0,0,29.54,93439.97,41.26,417192.91,b0
765270362,1,27012,0,0,29.92,93438.93,41.33,879536.19,b0
765269850,2,27058,0,0,30.14,93445.99,40.19,524590.19,b0
765286747,3,27104,0,0,30.23,93473.50,40.09,416175.56,b0
765279836,4,27150,0,0,30.14,93424.99,39.84,744998.19,b0
765271387,5,27196,0,0,29.81,93455.43,40.89,546424.75,b0
765283665,6,27243,0,0,29.67,93426.84,41.48,291157.25,b0
765268824,7,27289,0,0,29.68,93462.64,40.95,599180.81,b0
765287253,8,27335,0,0,29.54,93439.27,41.24,416683.63,b0
765270362,1,27381,0,0,29.91,93439.97,41.30,878969.94,b0
765269850,2,27427,0,0,30.14,93444.73,40.17,523785.16,b0
765286747,3,27473,0,0,30.23,93472.43,40.06,413904.59,b0
765279836,4,27519,0,0,30.13,93425.16,39.80,749085.56,b0
765271387,5,27566,0,0,29.82,93455.63,40.88,542516.56,b0
765283665,6,27612,0,0,29.68,93425.14,41.44,292154.06,b0
765268824,7,27658,0,0,29.69,93462.30,40.92,597084.56,b0
765287253,8,27704,0,0,29.56,93440.21,41.22,418728.28,b0
765270362,1,27750,0,0,29.92,93437.71,41.26,880103.13,b0
765269850,2,27796,0,0,30.14,93447.96,40.16,524187.34,b0
765286747,3,27843,0,0,30.25,93473.55,40.03,415668.75,b0
765279836,4,27889,0,0,30.14,93425.35,39.76,744186.06,b0
765271387,5,27935,0,0,29.82,93455.12,40.84,540369.38,b0
765283665,6,27981,0,0,29.69,93425.96,41.44,293662.19,b0
765268824,7,28027,0,0,29.68,93461.53,40.91,599707.19,b0
765287253,8,28073,0,0,29.55,93438.21,41.21,417703.44,b0
765270362,1,28120,0,0,29.93,93438.28,41.26,876149.75,b0
765269850,2,28166,0,0,30.14,93444.75,40.11,523383.59,b0
765286747,3,28212,0,0,30.26,93474.51,40.00,415668.75,b0
765279836,4,28258,0,0,30.15,93425.04,39.74,742567.06,b0
765271387,5,28304,0,0,29.82,93454.77,40.82,541226.19,b0
765283665,6,28350,0,0,29.68,93425.58,41.42,292906.19,b0
765268824,7,28396,0,0,29.69,93464.13,40.89,594484.75,b0
765287253,8,28442,0,0,29.55,93436.78,41.18,418215.22,b0
765270362,1,28489,0,0,29.93,93436.89,41.24,873347.56,b0
765269850,2,28535,0,0,30.15,93443.52,40.11,523785.16,b0
765286747,3,28581,0,0,30.26,93474.52,39.98,414910.84,b0
765279836,4,28627,0,0,30.16,93425.63,39.74,744998.19,b0
765271387,5,28673,0,0,29.83,93456.59,40.79,541655.63,b0
765283665,6,28719,0,0,29.70,93425.71,41.37,293409.75,b0
765268824,7,28765,0,0,29.70,93463.59,40.85,595521.94,b0
765287253,8,28812,0,0,29.55,93437.16,41.18,411658.28,b0
765270362,1,28858,0,0,29.94,93439.24,41.21,875026.69,b0
765269850,2,28904,0,0,30.15,93445.33,40.08,521384.94,b0
765286747,3,28950,0,0,30.26,93474.33,39.98,414407.13,b0
765279836,4,28996,0,0,30.15,93426.68,39.71,740955.13,b0
765271387,5,29042,0,0,29.82,93454.21,40.77,541226.19,b0
765283665,6,29088,0,0,29.71,93429.77,41.36,291654.81,b0
765268824,7,29135,0,0,29.70,93463.44,40.85,595002.88,b0
765287253,8,29181,0,0,29.56,93439.34,41.16,413653.81,b0
765270362,1,29227,0,0,29.95,93438.95,41.20,872789.25,b0
765269850,2,29273,0,0,30.16,93443.76,40.06,522582.28,b0
765286747,3,29319,0,0,30.25,93473.93,39.96,411410.22,b0
765279836,4,29365,0,0,30.16,93428.15,39.69,742567.06,b0
765271387,5,29412,0,0,29.82,93455.30,40.77,540797.44,b0
765283665,6,29458,0,0,29.70,93427.34,41.36,291157.25,b0
765268824,7,29504,0,0,29.70,93463.44,40.84,591907.50,b0
765287253,8,29550,0,0,29.58,93439.74,41.15,414910.84,b0
765270362,1,29596,0,0,29.95,93437.90,41.18,870008.50,b0
765269850,2,29642,0,0,30.16,93446.08,40.06,523785.16,b0
765286747,3,29689,0,0,30.25,93474.99,39.93,412653.63,b0
765279836,4,29735,0,0,30.15,93424.86,39.67,737752.19,b0
765271387,5,29781,0,0,29.82,93455.14,40.75,539515.25,b0
765283665,6,29827,0,0,29.70,93425.53,41.33,293662.19,b0
765268824,7,29873,0,0,29.72,93464.94,40.80,595002.88,b0
765287253,8,29919,0,0,29.58,93437.63,41.11,413153.13,b0
765270362,1,29966,0,0,29.95,93438.41,41.17,872789.25,b0
765269850,2,30012,0,0,30.16,93444.84,40.03,522582.28,b0
765286747,3,30058,0,0,30.25,93474.65,39.92,415668.75,b0
765279836,4,30104,0,0,30.15,93426.31,39.66,742567.06,b0
765271387,5,30150,0,0,29.82,93453.50,40.74,542516.56,b0
765283665,6,30196,0,0,29.70,93426.48,41.30,291157.25,b0
765268824,7,30242,0,0,29.72,93463.89,40.80,592935.75,b0
765287253,8,30288,0,0,29.59,93438.35,41.11,413153.13,b0
765270362,1,30335,0,0,29.95,93436.46,41.16,870563.25,b0
765269850,2,30381,0,0,30.17,93445.05,40.01,522982.63,b0
765286747,3,30427,0,0,30.25,93475.35,39.88,413153.13,b0
765279836,4,30473,0,0,30.15,93425.97,39.64,744186.06,b0
765271387,5,30519,0,0,29.82,93454.25,40.71,536547.00,b0
765283665,6,30565,0,0,29.71,93425.09,41.28,290909.09,b0
765268824,7,30611,0,0,29.73,93464.82,40.78,590882.88,b0
765287253,8,30657,0,0,29.59,93440.17,41.09,414658.84,b0
765270362,1,30704,0,0,29.96,93438.50,41.12,868901.13,b0
765269850,2,30750,0,0,30.17,93445.97,39.99,522582.28,b0
765286747,3,30796,0,0,30.27,93473.82,39.88,413153.13,b0
765279836,4,30842,0,0,30.17,93425.86,39.61,740151.81,b0
765271387,5,30888,0,0,29.83,93455.54,40.68,536547.00,b0
765283665,6,30934,0,0,29.72,93427.52,41.28,292154.06,b0
765268824,7,30980,0,0,29.73,93462.66,40.77,589861.75,b0
765287253,8,31027,0,0,29.60,93438.60,41.10,411162.41,b0
765270362,1,31073,0,0,29.98,93438.57,41.12,868348.50,b0
765269850,2,31119,0,0,30.18,93445.30,39.95,520589.72,b0
765286747,3,31165,0,0,30.27,93472.93,39.85,412653.63,b0
765279836,4,31211,0,0,30.16,93425.46,39.62,736955.75,b0
765271387,5,31257,0,0,29.83,93453.94,40.68,539942.00,b0
765283665,6,31304,0,0,29.73,93428.38,41.23,290909.09,b0
765268824,7,31350,0,0,29.74,93463.79,40.75,589861.75,b0
765287253,8,31396,0,0,29.61,93439.16,41.08,409681.94,b0
765270362,1,31442,0,0,29.98,93438.06,41.09,875026.69,b0
765269850,2,31488,0,0,30.18,93445.48,39.95,520589.72,b0
765286747,3,31534,0,0,30.29,93475.16,39.83,412653.63,b0
765279836,4,31580,0,0,30.18,93425.91,39.59,740151.81,b0
765271387,5,31627,0,0,29.84,93453.83,40.66,538663.88,b0
765283665,6,31673,0,0,29.72,93426.87,41.22,291654.81,b0
765268824,7,31719,0,0,29.75,93465.23,40.76,587324.38,b0
765287253,8,31765,0,0,29.60,93437.69,41.06,408945.69,b0
765270362,1,31811,0,0,29.99,93435.59,41.08,871674.81,b0
765269850,2,31857,0,0,30.20,93445.01,39.93,520589.72,b0
765286747,3,31904,0,0,30.29,93476.07,39.82,409681.94,b0
765279836,4,31950,0,0,30.18,93423.97,39.57,737752.19,b0
765271387,5,31996,0,0,29.84,93455.45,40.66,537391.75,b0
765283665,6,32042,0,0,29.73,93425.84,41.21,288939.06,b0
765268824,7,32088,0,0,29.74,93463.97,40.73,587830.06,b0
765287253,8,32134,0,0,29.60,93436.99,41.06,412653.63,b0
765270362,1,32181,0,0,29.99,93435.95,41.05,866694.88,b0
765269850,2,32227,0,0,30.19,93445.16,39.93,520589.72,b0
765286747,3,32273,0,0,30.29,93475.16,39.82,411410.22,b0
765279836,4,32319,0,0,30.18,93424.00,39.54,738550.31,b0
765271387,5,32365,0,0,29.84,93454.59,40.65,534865.50,b0
765283665,6,32411,0,0,29.74,93427.36,41.21,290661.38,b0
765268824,7,32457,0,0,29.75,93463.10,40.72,585310.06,b0
765287253,8,32503,0,0,29.61,93437.70,41.04,408700.84,b0
765270362,1,32550,0,0,29.99,93437.55,41.03,875587.88,b0
765269850,2,32596,0,0,30.20,93444.29,39.91,518218.63,b0
765286747,3,32642,0,0,30.30,93474.27,39.80,411906.69,b0
765279836,4,32688,0,0,30.19,93426.53,39.55,738550.31,b0
765271387,5,32734,0,0,29.85,93453.58,40.66,534865.50,b0
765283665,6,32780,0,0,29.75,93427.64,41.20,290167.19,b0
765268824,7,32826,0,0,29.76,93463.32,40.72,583808.44,b0
765287253,8,32873,0,0,29.62,93439.53,41.06,408212.09,b0
765270362,1,32919,0,0,30.00,93437.63,41.00,867796.63,b0
765269850,2,32965,0,0,30.21,93444.52,39.89,517825.53,b0
765286747,3,33011,0,0,30.30,93474.29,39.78,411162.41,b0
765279836,4,33057,0,0,30.19,93423.34,39.51,736955.75,b0
765271387,5,33103,0,0,29.86,93454.36,40.66,536969.06,b0
765283665,6,33149,0,0,29.75,93425.74,41.18,287478.94,b0
765268824,7,33196,0,0,29.77,93464.99,40.72,585310.06,b0
765287253,8,33242,0,0,29.62,93437.74,41.05,408212.09,b0
765270362,1,33288,0,0,30.00,93438.38,41.01,866145.06,b0
765269850,2,33334,0,0,30.21,93445.05,39.89,520193.03,b0
765286747,3,33380,0,0,30.30,93475.39,39.79,410420.84,b0
765279836,4,33426,0,0,30.20,93425.70,39.52,735368.06,b0
765271387,5,33473,0,0,29.87,93454.06,40.64,528652.56,b0
765283665,6,33519,0,0,29.76,93427.96,41.17,289183.84,b0
765268824,7,33565,0,0,29.78,93463.22,40.69,579841.44,b0
765287253,8,33611,0,0,29.62,93438.66,41.03,406752.72,b0
765270362,1,33657,0,0,30.00,93436.18,40.98,863952.75,b0
765269850,2,33703,0,0,30.21,93445.79,39.87,516259.13,b0
765286747,3,33749,0,0,30.31,93475.25,39.77,412653.63,b0
765279836,4,33796,0,0,30.20,93424.45,39.51,737752.19,b0
765271387,5,33842,0,0,29.88,93454.49,40.63,531120.31,b0
765283665,6,33888,0,0,29.77,93426.29,41.19,287478.94,b0
765268824,7,33934,0,0,29.79,93463.25,40.71,584308.13,b0
765287253,8,33980,0,0,29.64,93438.54,41.04,405785.63,b0
765270362,1,34027,0,0,30.01,93439.66,40.98,861771.50,b0
765269850,2,34073,0,0,30.21,93444.54,39.84,519401.47,b0
765286747,3,34119,0,0,30.31,93472.91,39.76,409436.22,b0
765279836,4,34165,0,0,30.20,93423.02,39.49,737752.19,b0
765271387,5,34211,0,0,29.89,93454.38,40.64,528652.56,b0
765283665,6,34257,0,0,29.78,93427.21,41.19,286754.41,b0
765268824,7,34303,0,0,29.80,93463.83,40.72,579841.44,b0
765287253,8,34349,0,0,29.65,93438.92,41.03,404583.16,b0
765270362,1,34396,0,0,30.01,93438.24,40.97,870563.25,b0
765269850,2,34442,0,0,30.21,93444.52,39.82,516649.84,b0
765286747,3,34488,0,0,30.32,93475.09,39.73,410420.84,b0
765279836,4,34534,0,0,30.22,93426.84,39.47,740151.81,b0
765271387,5,34580,0,0,29.89,93453.12,40.63,527427.25,b0
765283665,6,34626,0,0,29.78,93427.59,41.20,287237.03,b0
765268824,7,34672,0,0,29.81,93463.31,40.70,575442.56,b0
765287253,8,34718,0,0,29.64,93437.66,41.04,404583.16,b0
765270362,1,34765,0,0,30.01,93437.18,40.94,862315.81,b0
765269850,2,34811,0,0,30.21,93445.25,39.82,516649.84,b0
765286747,3,34857,0,0,30.33,93474.41,39.72,409927.94,b0
765279836,4,34903,0,0,30.22,93426.68,39.47,736955.75,b0
765271387,5,34949,0,0,29.90,93454.98,40.63,526613.50,b0
765283665,6,34995,0,0,29.79,93426.44,41.22,286033.53,b0
765268824,7,35041,0,0,29.82,93463.54,40.70,575928.00,b0
765287253,8,35088,0,0,29.65,93438.59,41.01,404583.16,b0
765270362,1,35134,0,0,30.02,93437.73,40.92,873906.56,b0
765269850,2,35180,0,0,30.21,93446.49,39.81,519401.47,b0
765286747,3,35226,0,0,30.33,93473.34,39.71,407968.13,b0
765279836,4,35272,0,0,30.22,93425.46,39.44,736161.06,b0
765271387,5,35318,0,0,29.91,93455.76,40.68,529472.63,b0
765283665,6,35365,0,0,29.79,93427.20,41.22,285316.25,b0
765268824,7,35411,0,0,29.83,93464.13,40.69,575928.00,b0
765287253,8,35457,0,0,29.66,93438.98,41.02,404343.53,b0
765270362,1,35503,0,0,30.01,93437.71,40.90,861771.50,b0
765269850,2,35549,0,0,30.21,93445.43,39.79,517041.16,b0
765286747,3,35595,0,0,30.33,93474.61,39.69,410174.25,b0
765279836,4,35641,0,0,30.22,93423.85,39.42,741760.25,b0
765271387,5,35688,0,0,29.91,93455.76,40.65,524590.19,b0
765283665,6,35734,0,0,29.79,93426.84,41.24,283185.84,b0
765268824,7,35780,0,0,29.81,93460.99,40.69,573027.44,b0
765287253,8,35826,0,0,29.67,93438.84,41.00,401253.91,b0
765270362,1,35872,0,0,30.01,93438.78,40.89,862860.75,b0
765269850,2,35918,0,0,30.20,93445.01,39.77,517433.06,b0
765286747,3,35965,0,0,30.33,93473.51,39.64,411162.41,b0
765279836,4,36011,0,0,30.22,93424.91,39.41,734576.75,b0
765271387,5,36057,0,0,29.91,93453.42,40.65,524590.19,b0
765283665,6,36103,0,0,29.79,93426.82,41.24,285554.94,b0
765268824,7,36149,0,0,29.82,93465.20,40.69,571588.06,b0
765287253,8,36195,0,0,29.67,93438.31,40.99,401962.72,b0
765270362,1,36242,0,0,30.00,93436.75,40.87,862315.81,b0
765269850,2,36288,0,0,30.20,93445.19,39.77,517041.16,b0
765286747,3,36334,0,0,30.33,93472.61,39.66,409927.94,b0
765279836,4,36380,0,0,30.22,93425.27,39.39,737752.19,b0
765271387,5,36426,0,0,29.91,93453.42,40.65,525397.63,b0
765283665,6,36472,0,0,29.79,93425.55,41.23,285316.25,b0
765268824,7,36518,0,0,29.81,93462.61,40.69,573991.06,b0
765287253,8,36564,0,0,29.68,93436.88,41.00,402199.53,b0
765270362,1,36611,0,0,30.00,93436.74,40.85,859060.38,b0
765269850,2,36657,0,0,30.19,93445.13,39.74,517041.16,b0
765286747,3,36703,0,0,30.33,93475.49,39.62,408456.31,b0
765279836,4,36749,0,0,30.22,93425.41,39.38,736955.75,b0
765271387,5,36795,0,0,29.92,93455.61,40.64,522182.56,b0
765283665,6,36841,0,0,29.80,93426.89,41.23,284602.56,b0
765268824,7,36887,0,0,29.82,93463.19,40.66,570155.88,b0
765287253,8,36933,0,0,29.69,93440.70,41.01,399609.75,b0
765270362,1,36980,0,0,29.99,93436.50,40.83,856903.75,b0
765269850,2,37026,0,0,30.19,93445.85,39.71,515869.03,b0
765286747,3,37072,0,0,30.33,93474.95,39.61,410420.84,b0
765279836,4,37118,0,0,30.22,93423.27,39.36,736955.75,b0
765271387,5,37164,0,0,29.91,93454.18,40.63,524187.34,b0
765283665,6,37210,0,0,29.80,93426.75,41.20,285077.94,b0
765268824,7,37257,0,0,29.82,93461.91,40.68,572067.06,b0
765287253,8,37303,0,0,29.70,93441.23,41.00,399609.75,b0
765270362,1,37349,0,0,29.99,93437.06,40.81,860685.00,b0
765269850,2,37395,0,0,30.18,93444.39,39.72,516259.13,b0
765286747,3,37441,0,0,30.33,93474.96,39.59,409436.22,b0
765279836,4,37487,0,0,30.22,93425.27,39.35,740955.13,b0
765271387,5,37533,0,0,29.91,93452.92,40.61,524187.34,b0
765283665,6,37580,0,0,29.81,93426.31,41.20,283185.84,b0
765268824,7,37626,0,0,29.82,93462.46,40.66,571588.06,b0
765287253,8,37672,0,0,29.70,93438.38,41.00,397053.13,b0
765270362,1,37718,0,0,29.99,93436.87,40.80,862860.75,b0
765269850,2,37764,0,0,30.19,93445.13,39.70,515479.50,b0
765286747,3,37810,0,0,30.34,93474.25,39.58,409190.81,b0
765279836,4,37857,0,0,30.23,93426.23,39.33,737752.19,b0
765271387,5,37903,0,0,29.93,93454.27,40.58,522182.56,b0
765283665,6,37949,0,0,29.82,93427.09,41.20,282482.75,b0
765268824,7,37995,0,0,29.82,93462.28,40.66,567784.88,b0
765287253,8,38041,0,0,29.70,93438.38,41.02,398909.22,b0
765270362,1,38087,0,0,30.00,93438.18,40.80,856903.75,b0
765269850,2,38134,0,0,30.19,93444.41,39.70,515090.53,b0
765286747,3,38180,0,0,30.34,93473.55,39.57,408945.69,b0
765279836,4,38226,0,0,30.23,93426.94,39.32,736161.06,b0
765271387,5,38272,0,0,29.93,93455.20,40.58,522182.56,b0
765283665,6,38318,0,0,29.82,93428.58,41.17,281550.72,b0
765268824,7,38364,0,0,29.82,93462.48,40.64,569680.13,b0
765287253,8,38410,0,0,29.70,93438.38,40.99,396822.31,b0
765270362,1,38457,0,0,30.00,93436.59,40.78,856903.75,b0
765269850,2,38503,0,0,30.20,93444.85,39.69,515090.53,b0
765286747,3,38549,0,0,30.35,93473.41,39.57,407481.09,b0
765279836,4,38595,0,0,30.24,93425.18,39.32,731428.56,b0
765271387,5,38641,0,0,29.94,93455.41,40.59,518218.63,b0
765283665,6,38687,0,0,29.81,93425.84,41.20,283185.84,b0
765268824,7,38733,0,0,29.83,93463.94,40.64,565902.19,b0
765287253,8,38779,0,0,29.70,93439.64,40.98,397979.00,b0
765270362,1,38826,0,0,30.02,93437.20,40.77,858520.25,b0
765269850,2,38872,0,0,30.21,93443.62,39.67,513927.22,b0
765286747,3,38918,0,0,30.35,93474.50,39.55,406510.53,b0
765279836,4,38964,0,0,30.24,93423.74,39.31,735368.06,b0
765271387,5,39010,0,0,29.94,93453.67,40.58,516649.84,b0
765283665,6,39056,0,0,29.82,93425.50,41.19,281318.69,b0
765268824,7,39102,0,0,29.83,93464.84,40.63,562637.38,b0
765287253,8,39149,0,0,29.70,93437.49,40.97,397284.19,b0
765270362,1,39195,0,0,30.01,93438.23,40.76,858520.25,b0
765269850,2,39241,0,0,30.21,93445.60,39.68,514314.41,b0
765286747,3,39287,0,0,30.36,93474.54,39.56,407724.47,b0
765279836,4,39333,0,0,30.25,93424.87,39.31,730645.75,b0
765271387,5,39379,0,0,29.95,93454.80,40.60,517825.53,b0
765283665,6,39426,0,0,29.82,93426.45,41.20,281318.69,b0
765268824,7,39472,0,0,29.83,93464.13,40.61,563101.44,b0
765287253,8,39518,0,0,29.71,93438.59,40.94,395901.81,b0
765270362,1,39564,0,0,30.02,93439.52,40.76,849968.88,b0
765269850,2,39610,0,0,30.21,93445.23,39.66,514702.19,b0
765286747,3,39656,0,0,30.37,93473.12,39.54,406026.97,b0
765279836,4,39702,0,0,30.26,93424.20,39.30,731428.56,b0
765271387,5,39749,0,0,29.95,93454.80,40.57,517825.53,b0
765283665,6,39795,0,0,29.83,93426.71,41.22,281318.69,b0
765268824,7,39841,0,0,29.83,93462.30,40.62,566841.94,b0
765287253,8,39887,0,0,29.70,93438.75,40.92,396361.53,b0
765270362,1,39933,0,0,30.01,93438.06,40.74,854757.94,b0
765269850,2,39979,0,0,30.21,93443.84,39.65,513154.59,b0
765286747,3,40026,0,0,30.38,93474.59,39.55,406268.59,b0
765279836,4,40072,0,0,30.26,93425.51,39.30,729085.06,b0
765271387,5,40118,0,0,29.96,93454.86,40.59,517825.53,b0
765283665,6,40164,0,0,29.84,93425.86,41.22,280164.16,b0
765268824,7,40210,0,0,29.83,93464.68,40.62,563101.44,b0
765287253,8,40256,0,0,29.70,93438.93,40.88,394985.53,b0
765270362,1,40303,0,0,30.01,93437.00,40.75,856366.31,b0
765269850,2,40349,0,0,30.22,93444.57,39.65,512384.28,b0
765286747,3,40395,0,0,30.39,93475.34,39.54,408700.84,b0
765279836,4,40441,0,0,30.27,93425.17,39.29,725983.69,b0
765271387,5,40487,0,0,29.97,93453.82,40.58,514702.19,b0
765283665,6,40533,0,0,29.85,93426.87,41.24,279934.38,b0
765268824,7,40579,0,0,29.82,93461.91,40.59,562174.06,b0
765287253,8,40625,0,0,29.71,93439.50,40.86,397284.19,b0
765270362,1,40672,0,0,30.02,93437.20,40.72,854223.13,b0
765269850,2,40718,0,0,30.23,93446.77,39.65,510468.59,b0
765286747,3,40764,0,0,30.38,93474.44,39.52,405063.28,b0
765279836,4,40810,0,0,30.27,93425.89,39.28,729864.56,b0
765271387,5,40856,0,0,29.97,93456.00,40.60,513927.22,b0
765283665,6,40902,0,0,29.85,93426.35,41.23,280164.16,b0
765268824,7,40948,0,0,29.81,93461.72,40.59,560328.31,b0
765287253,8,40995,0,0,29.70,93438.93,40.84,398211.16,b0
765270362,1,41041,0,0,30.03,93437.62,40.74,853155.56,b0
765269850,2,41087,0,0,30.23,93444.27,39.62,513154.59,b0
765286747,3,41133,0,0,30.39,93474.80,39.51,405063.28,b0
765279836,4,41179,0,0,30.27,93424.83,39.28,729085.06,b0
765271387,5,41225,0,0,29.97,93455.47,40.58,513927.22,b0
765283665,6,41271,0,0,29.86,93429.09,41.23,278791.19,b0
765268824,7,41318,0,0,29.82,93464.99,40.57,561249.69,b0
765287253,8,41364,0,0,29.70,93439.13,40.81,397284.19,b0
765270362,1,41410,0,0,30.02,93437.04,40.71,851028.44,b0
765269850,2,41456,0,0,30.23,93445.70,39.60,510468.59,b0
765286747,3,41502,0,0,30.39,93474.81,39.51,404583.16,b0
765279836,4,41548,0,0,30.28,93424.34,39.29,724442.88,b0
765271387,5,41595,0,0,29.97,93457.63,40.57,514314.41,b0
765283665,6,41641,0,0,29.86,93428.95,41.21,277431.59,b0
765268824,7,41687,0,0,29.81,93465.88,40.57,559868.75,b0
765287253,8,41733,0,0,29.71,93438.77,40.80,395443.13,b0
765270362,1,41779,0,0,30.02,93436.70,40.71,850498.31,b0
765269850,2,41825,0,0,30.24,93444.66,39.62,510087.19,b0
765286747,3,41872,0,0,30.38,93475.34,39.51,402911.66,b0
765279836,4,41918,0,0,30.28,93425.41,39.26,723674.94,b0
765271387,5,41964,0,0,29.98,93455.85,40.58,513154.59,b0
765283665,6,42010,0,0,29.85,93425.85,41.22,279019.06,b0
765268824,7,42056,0,0,29.81,93463.90,40.53,556219.44,b0
765287253,8,42102,0,0,29.70,93441.09,40.77,397284.19,b0
765270362,1,42149,0,0,30.02,93436.51,40.70,848384.44,b0
765269850,2,42195,0,0,30.23,93445.16,39.61,510087.19,b0
765286747,3,42241,0,0,30.38,93473.18,39.51,404343.53,b0
765279836,4,42287,0,0,30.28,93425.23,39.27,728307.25,b0
765271387,5,42333,0,0,29.97,93455.48,40.57,509706.31,b0
765283665,6,42379,0,0,29.85,93426.51,41.21,278791.19,b0
765268824,7,42425,0,0,29.80,93462.73,40.53,558038.13,b0
765287253,8,42471,0,0,29.70,93441.07,40.75,396591.78,b0
765270362,1,42518,0,0,30.02,93438.14,40.71,849968.88,b0
765269850,2,42564,0,0,30.24,93446.29,39.60,510087.19,b0
765286747,3,42610,0,0,30.37,93474.57,39.52,403865.13,b0
765279836,4,42656,0,0,30.28,93424.50,39.28,729085.06,b0
765271387,5,42702,0,0,29.97,93455.64,40.53,512769.16,b0
765283665,6,42748,0,0,29.84,93429.24,41.18,279705.00,b0
765268824,7,42794,0,0,29.80,93463.83,40.51,561711.44,b0
765287253,8,42840,0,0,29.67,93438.31,40.72,397515.53,b0
765270362,1,42887,0,0,30.01,93435.91,40.69,848911.94,b0
765269850,2,42933,0,0,30.24,93446.26,39.60,507810.56,b0
765286747,3,42979,0,0,30.37,93476.19,39.51,403626.34,b0
765279836,4,43025,0,0,30.28,93426.46,39.26,723674.94,b0
765271387,5,43071,0,0,29.97,93454.75,40.52,515479.50,b0
765283665,6,43117,0,0,29.84,93427.14,41.16,277883.31,b0
765268824,7,43163,0,0,29.80,93464.93,40.48,558951.94,b0
765287253,8,43210,0,0,29.67,93439.92,40.67,395443.13,b0
765270362,1,43256,0,0,30.00,93436.59,40.66,850498.31,b0
765269850,2,43302,0,0,30.22,93445.82,39.58,510850.59,b0
765286747,3,43348,0,0,30.37,93474.56,39.50,404343.53,b0
765279836,4,43394,0,0,30.26,93424.05,39.26,725983.69,b0
765271387,5,43440,0,0,29.98,93456.03,40.52,512769.16,b0
765283665,6,43487,0,0,29.85,93429.25,41.12,279475.97,b0
765268824,7,43533,0,0,29.79,93465.08,40.47,558951.94,b0
765287253,8,43579,0,0,29.66,93438.98,40.67,397284.19,b0
765270362,1,43625,0,0,30.02,93439.55,40.66,847857.56,b0
765269850,2,43671,0,0,30.21,93446.47,39.60,509706.31,b0
765286747,3,43717,0,0,30.38,93475.86,39.50,404104.19,b0
765279836,4,43763,0,0,30.26,93425.82,39.25,727531.06,b0
765271387,5,43810,0,0,29.97,93454.59,40.49,513154.59,b0
765283665,6,43856,0,0,29.85,93428.72,41.11,279475.97,b0
765268824,7,43902,0,0,29.80,93465.27,40.44,556673.00,b0
765287253,8,43948,0,0,29.67,93440.25,40.63,396131.53,b0
765270362,1,43994,0,0,30.03,93436.55,40.66,848911.94,b0
765269850,2,44040,0,0,30.22,93448.11,39.59,510087.19,b0
765286747,3,44087,0,0,30.39,93475.35,39.49,402436.63,b0
765279836,4,44133,0,0,30.26,93426.40,39.24,727531.06,b0
765271387,5,44179,0,0,29.97,93455.45,40.47,512384.28,b0
765283665,6,44225,0,0,29.85,93428.13,41.08,277657.28,b0
765268824,7,44271,0,0,29.80,93465.84,40.45,557582.38,b0
765287253,8,44317,0,0,29.67,93438.14,40.61,397515.53,b0
765270362,1,44364,0,0,30.04,93440.04,40.66,853689.06,b0
765269850,2,44410,0,0,30.23,93445.14,39.58,512769.16,b0
765286747,3,44456,0,0,30.39,93476.44,39.48,403626.34,b0
765279836,4,44502,0,0,30.26,93426.04,39.24,727531.06,b0
765271387,5,44548,0,0,29.97,93457.40,40.45,511233.16,b0
765283665,6,44594,0,0,29.85,93427.95,41.05,279705.00,b0
765268824,7,44640,0,0,29.81,93466.23,40.41,559410.00,b0
765287253,8,44686,0,0,29.68,93439.75,40.62,394073.50,b0
765270362,1,44733,0,0,30.05,93439.90,40.67,850498.31,b0
765269850,2,44779,0,0,30.23,93447.82,39.58,516259.13,b0
765286747,3,44825,0,0,30.39,93476.78,39.46,404583.16,b0
765279836,4,44871,0,0,30.26,93427.44,39.23,722908.56,b0
765271387,5,44917,0,0,29.97,93455.25,40.44,510468.59,b0
765283665,6,44963,0,0,29.86,93428.47,41.02,279247.34,b0
765268824,7,45009,0,0,29.80,93464.19,40.41,555766.63,b0
765287253,8,45056,0,0,29.68,93439.39,40.60,394985.53,b0
765270362,1,45102,0,0,30.05,93439.88,40.64,846281.00,b0
765269850,2,45148,0,0,30.23,93445.67,39.56,508946.31,b0
765286747,3,45194,0,0,30.39,93477.87,39.44,405785.63,b0
765279836,4,45240,0,0,30.27,93425.69,39.21,728307.25,b0
765271387,5,45286,0,0,29.97,93455.66,40.43,511616.28,b0
765283665,6,45332,0,0,29.88,93429.66,41.00,279019.06,b0
765268824,7,45379,0,0,29.80,93463.30,40.42,556219.44,b0
765287253,8,45425,0,0,29.69,93438.55,40.62,394757.13,b0
765270362,1,45471,0,0,30.06,93438.34,40.62,847857.56,b0
765269850,2,45517,0,0,30.24,93447.15,39.55,508946.31,b0
765286747,3,45563,0,0,30.40,93476.10,39.44,407481.09,b0
765279836,4,45609,0,0,30.28,93426.82,39.21,729085.06,b0
765271387,5,45656,0,0,29.98,93455.34,40.42,510468.59,b0
765283665,6,45702,0,0,29.88,93428.84,41.01,279475.97,b0
765268824,7,45748,0,0,29.81,93465.30,40.41,557582.38,b0
765287253,8,45794,0,0,29.69,93441.41,40.60,396131.53,b0
765270362,1,45840,0,0,30.07,93440.38,40.64,845233.19,b0
765269850,2,45886,0,0,30.25,93446.68,39.55,508946.31,b0
765286747,3,45933,0,0,30.41,93473.79,39.43,404104.19,b0
765279836,4,45979,0,0,30.29,93426.89,39.18,724442.88,b0
765271387,5,46025,0,0,29.99,93457.02,40.40,513154.59,b0
765283665,6,46071,0,0,29.88,93429.34,41.01,278791.19,b0
765268824,7,46117,0,0,29.80,93464.58,40.40,553065.06,b0
765287253,8,46163,0,0,29.69,93441.40,40.58,393846.16,b0
765270362,1,46210,0,0,30.08,93440.46,40.63,853689.06,b0
765269850,2,46256,0,0,30.26,93447.59,39.54,508946.31,b0
765286747,3,46302,0,0,30.42,93477.27,39.43,404823.09,b0
765279836,4,46348,0,0,30.30,93428.02,39.19,725983.69,b0
765271387,5,46394,0,0,29.99,93455.27,40.41,509706.31,b0
765283665,6,46440,0,0,29.89,93428.73,40.99,280624.84,b0
765268824,7,46486,0,0,29.80,93464.58,40.37,555766.63,b0
765287253,8,46532,0,0,29.69,93441.95,40.57,396822.31,b0
765270362,1,46579,0,0,30.09,93440.14,40.62,844187.94,b0
765269850,2,46625,0,0,30.27,93446.39,39.54,512769.16,b0
765286747,3,46671,0,0,30.43,93478.04,39.41,402199.53,b0
765279836,4,46717,0,0,30.30,93427.84,39.19,727531.06,b0
765271387,5,46763,0,0,29.99,93456.30,40.40,509706.31,b0
765283665,6,46809,0,0,29.89,93428.51,40.97,278563.66,b0
765268824,7,46855,0,0,29.80,93464.37,40.37,557127.31,b0
765287253,8,46901,0,0,29.67,93439.38,40.57,397053.13,b0
765270362,1,46948,0,0,30.08,93439.92,40.61,845233.19,b0
765269850,2,46994,0,0,30.27,93445.70,39.52,507433.09,b0
765286747,3,47040,0,0,30.43,93476.60,39.42,402199.53,b0
765279836,4,47086,0,0,30.31,93427.51,39.19,724442.88,b0
765271387,5,47132,0,0,29.99,93456.70,40.36,509706.31,b0
765283665,6,47178,0,0,29.89,93428.17,40.96,278791.19,b0
765268824,7,47224,0,0,29.79,93463.79,40.35,557582.38,b0
765287253,8,47271,0,0,29.68,93439.92,40.53,396361.53,b0
765270362,1,47317,0,0,30.09,93438.36,40.60,843666.31,b0
765269850,2,47363,0,0,30.28,93447.52,39.52,504806.50,b0
765286747,3,47409,0,0,30.44,93477.88,39.41,401018.22,b0
765279836,4,47455,0,0,30.30,93426.78,39.20,724442.88,b0
765271387,5,47501,0,0,29.98,93458.93,40.34,507810.56,b0
765283665,6,47548,0,0,29.89,93427.79,40.93,278791.19,b0
765268824,7,47594,0,0,29.79,93464.52,40.35,557127.31,b0
765287253,8,47640,0,0,29.67,93440.80,40.53,396361.53,b0
765270362,1,47686,0,0,30.09,93439.78,40.59,843145.31,b0
765269850,2,47732,0,0,30.28,93448.41,39.51,513927.22,b0
765286747,3,47778,0,0,30.44,93477.88,39.42,401726.16,b0
765279836,4,47824,0,0,30.31,93428.22,39.18,722143.88,b0
765271387,5,47871,0,0,29.98,93456.92,40.30,513154.59,b0
765283665,6,47917,0,0,29.89,93429.63,40.92,279247.34,b0
765268824,7,47963,0,0,29.77,93466.07,40.33,555314.56,b0
765287253,8,48009,0,0,29.67,93440.27,40.51,397284.19,b0
765270362,1,48055,0,0,30.09,93439.80,40.59,854223.13,b0
765269850,2,48101,0,0,30.28,93448.74,39.52,506304.09,b0
765286747,3,48148,0,0,30.44,93479.33,39.40,402436.63,b0
765279836,4,48194,0,0,30.29,93426.17,39.19,725212.44,b0
765271387,5,48240,0,0,29.97,93456.52,40.30,510468.59,b0
765283665,6,48286,0,0,29.89,93429.57,40.89,280624.84,b0
765268824,7,48332,0,0,29.77,93465.52,40.32,557582.38,b0
765287253,8,48378,0,0,29.67,93440.09,40.51,396822.31,b0
765270362,1,48425,0,0,30.10,93440.17,40.57,852622.81,b0
765269850,2,48471,0,0,30.27,93448.91,39.50,509706.31,b0
765286747,3,48517,0,0,30.43,93478.05,39.41,402674.00,b0
765279836,4,48563,0,0,30.28,93427.38,39.15,722908.56,b0
765271387,5,48609,0,0,29.96,93458.06,40.28,515479.50,b0
765283665,6,48655,0,0,29.89,93429.95,40.86,279019.06,b0
765268824,7,48701,0,0,29.77,93465.17,40.30,556673.00,b0
765287253,8,48747,0,0,29.66,93440.39,40.49,395443.13,b0
765270362,1,48794,0,0,30.10,93440.75,40.57,844710.25,b0
765269850,2,48840,0,0,30.28,93446.98,39.49,511616.28,b0
765286747,3,48886,0,0,30.44,93476.46,39.40,402436.63,b0
765279836,4,48932,0,0,30.30,93428.36,39.16,725212.44,b0
765271387,5,48978,0,0,29.97,93456.73,40.27,508946.31,b0
765283665,6,49024,0,0,29.89,93428.05,40.83,280164.16,b0
765268824,7,49070,0,0,29.77,93465.17,40.30,555314.56,b0
765287253,8,49117,0,0,29.66,93439.87,40.46,396131.53,b0
765270362,1,49163,0,0,30.11,93440.61,40.56,848911.94,b0
765269850,2,49209,0,0,30.28,93449.66,39.48,507056.19,b0
765286747,3,49255,0,0,30.45,93477.58,39.37,402199.53,b0
765279836,4,49301,0,0,30.30,93429.27,39.13,725212.44,b0
765271387,5,49347,0,0,29.98,93457.13,40.24,510087.19,b0
765283665,6,49393,0,0,29.90,93428.11,40.80,280164.16,b0
765268824,7,49440,0,0,29.78,93464.84,40.29,554863.19,b0
765287253,8,49486,0,0,29.68,93441.71,40.46,396591.78,b0
765270362,1,49532,0,0,30.12,93441.20,40.54,841586.19,b0
765269850,2,49578,0,0,30.29,93448.29,39.48,506304.09,b0
765286747,3,49624,0,0,30.46,93476.68,39.37,402436.63,b0
765279836,4,49670,0,0,30.31,93427.73,39.13,725983.69,b0
765271387,5,49717,0,0,29.99,93456.30,40.23,509706.31,b0
765283665,6,49763,0,0,29.90,93428.99,40.79,278109.72,b0
765268824,7,49809,0,0,29.79,93465.60,40.27,553962.69,b0
765287253,8,49855,0,0,29.68,93441.73,40.46,395443.13,b0
765270362,1,49901,0,0,30.12,93440.66,40.54,851559.25,b0
765269850,2,49947,0,0,30.30,93446.71,39.47,505554.19,b0
765286747,3,49994,0,0,30.46,93477.60,39.37,400547.63,b0
765279836,4,50040,0,0,30.32,93428.11,39.14,722908.56,b0
765271387,5,50086,0,0,29.99,93457.56,40.23,512000.00,b0
765283665,6,50132,0,0,29.90,93428.30,40.78,279705.00,b0
765268824,7,50178,0,0,29.80,93466.36,40.28,554863.19,b0
765287253,8,50224,0,0,29.68,93441.20,40.44,394529.00,b0
765270362,1,50271,0,0,30.13,93442.53,40.55,840032.81,b0
765269850,2,50317,0,0,30.31,93447.10,39.46,504061.03,b0
765286747,3,50363,0,0,30.47,93479.79,39.36,400547.63,b0
765279836,4,50409,0,0,30.32,93427.23,39.14,720619.31,b0
765271387,5,50455,0,0,30.00,93457.24,40.22,508946.31,b0
765283665,6,50501,0,0,29.91,93429.06,40.75,280624.84,b0
765268824,7,50547,0,0,29.80,93464.58,40.27,552170.38,b0
765287253,8,50593,0,0,29.67,93439.03,40.42,394757.13,b0
765270362,1,50640,0,0,30.13,93442.32,40.55,838485.19,b0
765269850,2,50686,0,0,30.31,93446.77,39.47,506679.88,b0
765286747,3,50732,0,0,30.47,93478.16,39.36,399142.47,b0
765279836,4,50778,0,0,30.33,93429.59,39.15,715333.56,b0
765271387,5,50824,0,0,29.99,93455.98,40.18,508188.59,b0
765283665,6,50870,0,0,29.91,93430.84,40.75,279475.97,b0
765268824,7,50916,0,0,29.81,93466.57,40.28,553962.69,b0
765287253,8,50962,0,0,29.69,93441.58,40.44,395214.19,b0
765270362,1,51009,0,0,30.13,93441.99,40.53,837456.56,b0
765269850,2,51055,0,0,30.33,93449.15,39.46,505928.84,b0
765286747,3,51101,0,0,30.46,93477.42,39.38,400782.78,b0
765279836,4,51147,0,0,30.33,93428.16,39.13,717589.38,b0
765271387,5,51193,0,0,30.00,93457.64,40.18,505928.84,b0
765283665,6,51239,0,0,29.90,93431.32,40.75,279475.97,b0
765268824,7,51285,0,0,29.82,93468.08,40.26,552617.38,b0
765287253,8,51332,0,0,29.69,93442.65,40.42,397053.13,b0
765270362,1,51378,0,0,30.12,93440.33,40.51,840032.81,b0
765269850,2,51424,0,0,30.31,93447.48,39.45,504433.50,b0
765286747,3,51470,0,0,30.46,93477.79,39.36,398676.28,b0
765279836,4,51516,0,0,30.33,93429.98,39.13,717589.38,b0
765271387,5,51562,0,0,30.00,93458.36,40.18,507433.09,b0
765283665,6,51609,0,0,29.89,93429.13,40.73,277431.59,b0
765268824,7,51655,0,0,29.81,93465.68,40.27,549946.31,b0
765287253,8,51701,0,0,29.69,93440.85,40.41,395214.19,b0
765270362,1,51747,0,0,30.12,93439.26,40.50,833367.25,b0
765269850,2,51793,0,0,30.32,93449.45,39.43,511616.28,b0
765286747,3,51839,0,0,30.47,93479.05,39.36,399843.81,b0
765279836,4,51885,0,0,30.34,93427.15,39.12,717589.38,b0
765271387,5,51932,0,0,30.00,93458.36,40.18,509326.03,b0
765283665,6,51978,0,0,29.90,93429.89,40.71,279705.00,b0
765268824,7,52024,0,0,29.82,93464.98,40.24,549503.63,b0
765287253,8,52070,0,0,29.69,93442.31,40.42,396361.53,b0
765270362,1,52116,0,0,30.13,93441.96,40.50,838485.19,b0
765269850,2,52162,0,0,30.32,93449.66,39.43,505180.06,b0
765286747,3,52209,0,0,30.47,93476.55,39.36,400312.75,b0
765279836,4,52255,0,0,30.34,93428.41,39.12,715333.56,b0
765271387,5,52301,0,0,30.01,93457.13,40.16,505554.19,b0
765283665,6,52347,0,0,29.90,93430.96,40.69,279705.00,b0
765268824,7,52393,0,0,29.83,93467.40,40.23,549503.63,b0
765287253,8,52439,0,0,29.69,93442.48,40.41,394985.53,b0
765270362,1,52486,0,0,30.13,93441.27,40.48,837456.56,b0
765269850,2,52532,0,0,30.32,93449.48,39.42,504806.50,b0
765286747,3,52578,0,0,30.47,93478.54,39.33,399609.75,b0
765279836,4,52624,0,0,30.34,93428.05,39.10,714584.81,b0
765271387,5,52670,0,0,30.01,93458.05,40.16,507056.19,b0
765283665,6,52716,0,0,29.90,93430.23,40.69,279705.00,b0
765268824,7,52762,0,0,29.84,93466.89,40.23,547740.06,b0
765287253,8,52808,0,0,29.70,93442.50,40.40,393392.25,b0
765270362,1,52855,0,0,30.14,93440.77,40.49,837456.56,b0
765269850,2,52901,0,0,30.32,93448.41,39.42,507056.19,b0
765286747,3,52947,0,0,30.47,93479.98,39.34,400312.75,b0
765279836,4,52993,0,0,30.34,93429.83,39.12,719101.13,b0
765271387,5,53039,0,0,30.01,93457.68,40.15,506679.88,b0
765283665,6,53085,0,0,29.91,93431.19,40.68,279934.38,b0
765268824,7,53131,0,0,29.84,93465.80,40.24,550833.81,b0
765287253,8,53178,0,0,29.70,93441.44,40.40,396591.78,b0
765270362,1,53224,0,0,30.14,93441.88,40.48,834896.06,b0
765269850,2,53270,0,0,30.32,93446.81,39.40,506679.88,b0
765286747,3,53316,0,0,30.47,93478.91,39.35,399142.47,b0
765279836,4,53362,0,0,30.34,93426.60,39.10,718344.44,b0
765271387,5,53408,0,0,30.01,93457.70,40.14,506304.09,b0
765283665,6,53454,0,0,29.91,93429.23,40.66,279705.00,b0
765268824,7,53501,0,0,29.85,93466.38,40.24,549061.69,b0
765287253,8,53547,0,0,29.71,93442.52,40.41,395901.81,b0
765270362,1,53593,0,0,30.15,93441.00,40.47,848911.94,b0
765269850,2,53639,0,0,30.32,93447.88,39.41,505180.06,b0
765286747,3,53685,0,0,30.48,93479.48,39.32,399609.75,b0
765279836,4,53731,0,0,30.35,93430.23,39.09,714584.81,b0
765271387,5,53778,0,0,30.01,93456.62,40.15,508188.59,b0
765283665,6,53824,0,0,29.90,93429.19,40.68,279934.38,b0
765268824,7,53870,0,0,29.85,93465.13,40.22,548620.44,b0
765287253,8,53916,0,0,29.70,93441.44,40.40,395672.34,b0
765270362,1,53962,0,0,30.15,93440.67,40.45,842105.25,b0
765269850,2,54008,0,0,30.33,93449.69,39.38,510087.19,b0
765286747,3,54055,0,0,30.48,93476.41,39.29,400312.75,b0
765279836,4,54101,0,0,30.35,93429.52,39.09,719859.38,b0
765271387,5,54147,0,0,30.02,93457.57,40.14,507056.19,b0
765283665,6,54193,0,0,29.92,93431.30,40.68,278563.66,b0
765268824,7,54239,0,0,29.86,93464.97,40.24,551278.63,b0
765287253,8,54285,0,0,29.70,93439.09,40.40,395443.13,b0
765270362,1,54332,0,0,30.16,93440.72,40.45,847331.38,b0
765269850,2,54378,0,0,30.33,93446.84,39.38,506304.09,b0
765286747,3,54424,0,0,30.48,93477.50,39.29,399609.75,b0
765279836,4,54470,0,0,30.35,93430.23,39.08,717589.38,b0
765271387,5,54516,0,0,30.02,93457.56,40.15,506304.09,b0
765283665,6,54562,0,0,29.91,93427.54,40.68,278563.66,b0
765268824,7,54608,0,0,29.85,93466.23,40.24,548620.44,b0
765287253,8,54654,0,0,29.70,93440.38,40.43,395214.19,b0
765270362,1,54701,0,0,30.17,93441.51,40.42,834385.81,b0
765269850,2,54747,0,0,30.34,93446.88,39.36,505928.84,b0
765286747,3,54793,0,0,30.49,93477.91,39.29,401962.72,b0
765279836,4,54839,0,0,30.35,93427.91,39.05,719101.13,b0
765271387,5,54885,0,0,30.02,93454.73,40.13,507433.09,b0
765283665,6,54931,0,0,29.92,93427.92,40.69,278563.66,b0
765268824,7,54977,0,0,29.85,93466.41,40.21,550833.81,b0
765287253,8,55023,0,0,29.70,93441.61,40.41,394073.50,b0
765270362,1,55070,0,0,30.18,93439.59,40.43,837970.56,b0
765269850,2,55116,0,0,30.34,93446.70,39.33,507433.09,b0
765286747,3,55162,0,0,30.50,93477.58,39.27,399843.81,b0
765279836,4,55208,0,0,30.36,93427.63,39.05,720619.31,b0
765271387,5,55254,0,0,30.03,93457.10,40.15,507810.56,b0
765283665,6,55300,0,0,29.93,93429.98,40.68,278336.50,b0
765268824,7,55346,0,0,29.85,93466.41,40.22,549503.63,b0
765287253,8,55393,0,0,29.71,93441.44,40.42,394529.00,b0
765270362,1,55439,0,0,30.19,93441.23,40.42,846281.00,b0
765269850,2,55485,0,0,30.35,93446.55,39.35,504433.50,b0
765286747,3,55531,0,0,30.51,93476.70,39.25,401726.16,b0
765279836,4,55577,0,0,30.37,93429.09,39.04,720619.31,b0
765271387,5,55623,0,0,30.03,93457.84,40.14,505928.84,b0
765283665,6,55670,0,0,29.93,93428.06,40.70,278563.66,b0
765268824,7,55716,0,0,29.85,93467.68,40.22,545987.75,b0
765287253,8,55762,0,0,29.71,93441.82,40.42,394529.00,b0
765270362,1,55808,0,0,30.18,93439.44,40.41,830831.63,b0
765269850,2,55854,0,0,30.36,93448.75,39.32,506679.88,b0
765286747,3,55900,0,0,30.52,93478.00,39.24,399142.47,b0
765279836,4,55946,0,0,30.38,93428.77,39.03,719101.13,b0
765271387,5,55993,0,0,30.03,93455.31,40.14,503689.13,b0
765283665,6,56039,0,0,29.93,93428.27,40.68,278336.50,b0
765268824,7,56085,0,0,29.86,93466.80,40.23,549061.69,b0
765287253,8,56131,0,0,29.72,93443.66,40.42,393846.16,b0
765270362,1,56177,0,0,30.20,93441.30,40.39,842105.25,b0
765269850,2,56223,0,0,30.36,93448.21,39.32,505554.19,b0
765286747,3,56270,0,0,30.52,93475.29,39.23,400312.75,b0
765279836,4,56316,0,0,30.38,93428.09,39.01,719859.38,b0
765271387,5,56362,0,0,30.04,93456.99,40.16,504061.03,b0
765283665,6,56408,0,0,29.94,93428.00,40.70,278563.66,b0
765268824,7,56454,0,0,29.87,93466.67,40.22,546862.50,b0
765287253,8,56500,0,0,29.72,93440.27,40.41,395672.34,b0
765270362,1,56547,0,0,30.20,93442.05,40.36,829317.69,b0
765269850,2,56593,0,0,30.36,93446.45,39.34,501101.06,b0
765286747,3,56639,0,0,30.53,93476.40,39.23,396822.31,b0
765279836,4,56685,0,0,30.38,93429.00,39.01,716083.94,b0
765271387,5,56731,0,0,30.03,93455.70,40.15,506304.09,b0
765283665,6,56777,0,0,29.95,93428.98,40.70,276308.69,b0
765268824,7,56823,0,0,29.87,93467.23,40.21,548620.44,b0
765287253,8,56869,0,0,29.73,93441.17,40.43,392036.75,b0
765270362,1,56916,0,0,30.21,93440.48,40.38,830326.38,b0
765269850,2,56962,0,0,30.37,93446.14,39.30,501469.16,b0
765286747,3,57008,0,0,30.53,93476.59,39.21,397515.53,b0
765279836,4,57054,0,0,30.39,93428.13,38.99,713837.56,b0
765271387,5,57100,0,0,30.05,93456.15,40.15,504806.50,b0
765283665,6,57146,0,0,29.95,93428.95,40.70,276756.75,b0
765268824,7,57192,0,0,29.88,93464.70,40.22,547740.06,b0
765287253,8,57238,0,0,29.73,93443.13,40.43,394073.50,b0
765270362,1,57285,0,0,30.22,93442.53,40.37,834896.06,b0
765269850,2,57331,0,0,30.38,93448.33,39.29,497812.34,b0
765286747,3,57377,0,0,30.54,93474.82,39.19,396361.53,b0
765279836,4,57423,0,0,30.40,93428.75,38.97,712347.81,b0
765271387,5,57469,0,0,30.04,93455.07,40.15,502206.97,b0
765283665,6,57515,0,0,29.95,93426.80,40.70,276756.75,b0
765268824,7,57562,0,0,29.89,93465.64,40.22,548620.44,b0
765287253,8,57608,0,0,29.73,93439.59,40.44,393846.16,b0
765270362,1,57654,0,0,30.23,93441.86,40.35,834385.81,b0
765269850,2,57700,0,0,30.38,93448.70,39.30,500000.00,b0
765286747,3,57746,0,0,30.55,93478.28,39.18,396591.78,b0
765279836,4,57792,0,0,30.41,93430.38,38.98,714584.81,b0
765271387,5,57838,0,0,30.05,93456.19,40.15,504061.03,b0
765283665,6,57885,0,0,29.96,93427.97,40.69,278109.72,b0
765268824,7,57931,0,0,29.88,93464.73,40.20,545551.44,b0
765287253,8,57977,0,0,29.74,93443.18,40.44,392713.31,b0
765270362,1,58023,0,0,30.24,93441.58,40.36,821829.88,b0
765269850,2,58069,0,0,30.40,93449.82,39.29,495643.75,b0
765286747,3,58115,0,0,30.56,93477.06,39.18,396591.78,b0
765279836,4,58162,0,0,30.42,93427.92,38.96,710864.31,b0
765271387,5,58208,0,0,30.06,93457.29,40.16,503689.13,b0
765283665,6,58254,0,0,29.96,93428.51,40.68,278336.50,b0
765268824,7,58300,0,0,29.89,93464.92,40.20,545115.81,b0
765287253,8,58346,0,0,29.74,93442.11,40.45,393619.06,b0
765270362,1,58392,0,0,30.24,93441.20,40.34,831844.00,b0
765269850,2,58439,0,0,30.39,93447.63,39.27,500733.50,b0
765286747,3,58485,0,0,30.56,93475.45,39.15,396131.53,b0
765279836,4,58531,0,0,30.42,93428.66,38.96,711605.31,b0
765271387,5,58577,0,0,30.07,93458.29,40.16,500733.50,b0
765283665,6,58623,0,0,29.97,93428.68,40.69,274310.22,b0
765268824,7,58669,0,0,29.90,93467.32,40.21,547300.94,b0
765287253,8,58715,0,0,29.74,93439.96,40.44,393846.16,b0
765270362,1,58762,0,0,30.24,93443.52,40.33,827307.63,b0
765269850,2,58808,0,0,30.38,93444.59,39.27,501837.78,b0
765286747,3,58854,0,0,30.57,93476.92,39.15,391811.75,b0
765279836,4,58900,0,0,30.43,93427.99,38.94,708650.50,b0
765271387,5,58946,0,0,30.07,93457.42,40.15,501101.06,b0
765283665,6,58992,0,0,29.97,93428.14,40.69,276532.53,b0
765268824,7,59038,0,0,29.90,93466.43,40.20,545551.44,b0
765287253,8,59084,0,0,29.75,93440.90,40.44,392036.75,b0
765270362,1,59131,0,0,30.24,93442.83,40.32,827307.63,b0
765269850,2,59177,0,0,30.40,93447.50,39.27,498903.78,b0
765286747,3,59223,0,0,30.57,93474.95,39.14,392036.75,b0
765279836,4,59269,0,0,30.43,93429.63,38.95,705720.19,b0
765271387,5,59315,0,0,30.07,93455.45,40.14,500000.00,b0
765283665,6,59361,0,0,29.98,93429.78,40.68,274973.16,b0
765268824,7,59407,0,0,29.90,93464.62,40.18,546862.50,b0
765287253,8,59454,0,0,29.76,93441.27,40.45,392939.38,b0
765270362,1,59500,0,0,30.25,93441.80,40.30,821829.88,b0
765269850,2,59546,0,0,30.40,93446.97,39.26,494208.50,b0
765286747,3,59592,0,0,30.58,93476.61,39.15,392036.75,b0
765279836,4,59638,0,0,30.44,93429.12,38.95,704264.13,b0
765271387,5,59684,0,0,30.08,93457.46,40.15,500000.00,b0
765283665,6,59731,0,0,29.98,93427.48,40.68,276532.53,b0
765268824,7,59777,0,0,29.92,93466.67,40.20,541655.63,b0
765287253,8,59823,0,0,29.76,93441.81,40.43,393165.69,b0
765270362,1,59869,0,0,30.26,93441.84,40.32,812537.19,b0
765269850,2,59915,0,0,30.41,93448.64,39.26,498903.78,b0
765286747,3,59961,0,0,30.58,93476.41,39.13,392939.38,b0
765279836,4,60007,0,0,30.44,93427.89,38.93,701369.88,b0
765271387,5,60054,0,0,30.08,93456.95,40.15,500000.00,b0
765283665,6,60100,0,0,29.98,93427.84,40.68,275639.31,b0
765268824,7,60146,0,0,29.92,93465.05,40.18,539942.00,b0
765287253,8,60192,0,0,29.76,93440.02,40.45,390020.94,b0
765270362,1,60238,0,0,30.27,93441.73,40.29,814962.19,b0
765269850,2,60284,0,0,30.41,93447.56,39.24,491009.34,b0
765286747,3,60331,0,0,30.58,93475.36,39.14,392487.53,b0
765279836,4,60377,0,0,30.45,93427.94,38.93,704264.13,b0
765271387,5,60423,0,0,30.09,93455.35,40.15,497087.38,b0
765283665,6,60469,0,0,29.99,93429.17,40.68,274310.22,b0
765268824,7,60515,0,0,29.92,93465.77,40.19,541655.63,b0
765287253,8,60561,0,0,29.77,93440.77,40.42,391811.75,b0
765270362,1,60608,0,0,30.27,93439.93,40.30,812537.19,b0
765269850,2,60654,0,0,30.42,93447.23,39.25,492426.06,b0
765286747,3,60700,0,0,30.59,93475.02,39.14,389131.69,b0
765279836,4,60746,0,0,30.46,93427.26,38.92,702814.00,b0
765271387,5,60792,0,0,30.09,93456.46,40.14,498175.63,b0
765283665,6,60838,0,0,29.99,93428.88,40.67,273870.03,b0
765268824,7,60884,0,0,29.93,93464.36,40.19,543380.19,b0
765287253,8,60930,0,0,29.77,93441.15,40.44,390914.28,b0
765270362,1,60977,0,0,30.28,93441.05,40.29,817401.69,b0
765269850,2,61023,0,0,30.42,93447.09,39.25,494566.53,b0
765286747,3,61069,0,0,30.60,93477.38,39.12,389131.69,b0
765279836,4,61115,0,0,30.46,93427.63,38.94,702091.19,b0
765271387,5,61161,0,0,30.09,93455.59,40.14,496725.69,b0
765283665,6,61207,0,0,30.00,93429.66,40.68,275639.31,b0
765268824,7,61253,0,0,29.93,93464.90,40.18,542085.75,b0
765287253,8,61300,0,0,29.77,93440.61,40.42,390914.28,b0
765270362,1,61346,0,0,30.28,93442.34,40.28,817401.69,b0
765269850,2,61392,0,0,30.43,93447.47,39.24,490656.44,b0
765286747,3,61438,0,0,30.61,93476.52,39.15,387145.56,b0
765279836,4,61484,0,0,30.46,93428.00,38.93,704991.38,b0
765271387,5,61530,0,0,30.10,93455.95,40.15,494208.50,b0
765283665,6,61576,0,0,30.00,93429.13,40.69,274751.81,b0
765268824,7,61623,0,0,29.93,93466.16,40.17,539515.25,b0
765287253,8,61669,0,0,29.77,93441.53,40.43,390467.13,b0
765270362,1,61715,0,0,30.29,93439.88,40.28,802036.44,b0
765269850,2,61761,0,0,30.43,93446.41,39.26,488899.50,b0
765286747,3,61807,0,0,30.61,93476.70,39.15,387145.56,b0
765279836,4,61853,0,0,30.47,93428.55,38.92,697072.81,b0
765271387,5,61900,0,0,30.10,93456.13,40.13,496725.69,b0
765283665,6,61946,0,0,30.01,93427.43,40.67,273870.03,b0
765268824,7,61992,0,0,29.93,93464.72,40.16,539089.25,b0
765287253,8,62038,0,0,29.78,93441.89,40.42,390914.28,b0
765270362,1,62084,0,0,30.30,93444.08,40.26,810607.56,b0
765269850,2,62130,0,0,30.43,93447.48,39.25,492071.13,b0
765286747,3,62177,0,0,30.62,93477.11,39.17,386269.34,b0
765279836,4,62223,0,0,30.48,93428.95,38.94,692125.69,b0
765271387,5,62269,0,0,30.10,93455.82,40.13,496003.88,b0
765283665,6,62315,0,0,30.01,93428.85,40.66,274310.22,b0
765268824,7,62361,0,0,29.92,93463.60,40.17,541226.19,b0
765287253,8,62407,0,0,29.78,93439.93,40.39,389575.81,b0
765270362,1,62454,0,0,30.31,93442.49,40.26,800156.25,b0
765269850,2,62500,0,0,30.44,93447.88,39.27,490304.03,b0
765286747,3,62546,0,0,30.63,93476.06,39.20,384528.72,b0
765279836,4,62592,0,0,30.48,93428.83,38.95,693532.00,b0
765271387,5,62638,0,0,30.09,93454.70,40.11,496725.69,b0
765283665,6,62684,0,0,30.01,93429.74,40.65,274530.84,b0
765268824,7,62730,0,0,29.93,93466.93,40.15,539942.00,b0
765287253,8,62776,0,0,29.78,93442.08,40.40,390020.94,b0
765270362,1,62823,0,0,30.31,93438.55,40.25,796887.19,b0
765269850,2,62869,0,0,30.44,93448.40,39.26,487502.97,b0
765286747,3,62915,0,0,30.64,93478.08,39.19,385614.75,b0
765279836,4,62961,0,0,30.49,93428.53,38.95,692828.13,b0
765271387,5,63007,0,0,30.10,93455.95,40.09,494925.09,b0
765283665,6,63053,0,0,30.00,93428.02,40.63,275639.31,b0
765268824,7,63099,0,0,29.94,93466.95,40.16,541226.19,b0
765287253,8,63145,0,0,29.78,93441.01,40.39,391587.00,b0
765270362,1,63192,0,0,30.32,93442.91,40.28,801565.56,b0
765269850,2,63238,0,0,30.44,93448.39,39.26,486114.41,b0
765286747,3,63284,0,0,30.64,93477.88,39.20,384745.44,b0
765279836,4,63330,0,0,30.50,93430.52,38.96,689330.19,b0
765271387,5,63376,0,0,30.10,93458.18,40.08,495643.75,b0
765283665,6,63422,0,0,30.01,93429.74,40.60,274530.84,b0
765268824,7,63468,0,0,29.94,93464.57,40.15,540369.38,b0
765287253,8,63515,0,0,29.79,93441.39,40.37,392036.75,b0
765270362,1,63561,0,0,30.31,93439.49,40.24,798284.94,b0
765269850,2,63607,0,0,30.44,93449.12,39.27,482336.31,b0
765286747,3,63653,0,0,30.64,93476.99,39.19,383018.50,b0
765279836,4,63699,0,0,30.50,93428.53,38.97,696361.81,b0
765271387,5,63745,0,0,30.11,93457.29,40.10,493137.50,b0
765283665,6,63792,0,0,30.01,93427.63,40.60,274310.22,b0
765268824,7,63838,0,0,29.94,93464.41,40.10,539942.00,b0
765287253,8,63884,0,0,29.79,93441.93,40.36,391811.75,b0
765270362,1,63930,0,0,30.31,93443.42,40.25,807730.25,b0
765269850,2,63976,0,0,30.44,93448.23,39.24,487502.97,b0
765286747,3,64022,0,0,30.64,93477.88,39.19,382160.84,b0
765279836,4,64068,0,0,30.50,93428.53,38.97,690026.94,b0
765271387,5,64115,0,0,30.11,93456.98,40.08,496003.88,b0
765283665,6,64161,0,0,30.01,93428.31,40.57,274530.84,b0
765268824,7,64207,0,0,29.94,93464.96,40.12,540369.38,b0
765287253,8,64253,0,0,29.79,93441.03,40.36,390467.13,b0
765270362,1,64299,0,0,30.32,93441.30,40.25,793183.56,b0
765269850,2,64345,0,0,30.44,93447.34,39.24,486114.41,b0
765286747,3,64392,0,0,30.64,93476.46,39.18,382803.75,b0
765279836,4,64438,0,0,30.50,93429.80,38.96,690026.94,b0
765271387,5,64484,0,0,30.11,93455.53,40.06,494566.53,b0
765283665,6,64530,0,0,30.03,93430.79,40.57,274751.81,b0
765268824,7,64576,0,0,29.95,93464.26,40.10,539089.25,b0
765287253,8,64622,0,0,29.79,93441.38,40.34,390690.56,b0
765270362,1,64669,0,0,30.32,93441.70,40.25,795494.25,b0
765269850,2,64715,0,0,30.44,93446.80,39.25,488200.25,b0
765286747,3,64761,0,0,30.64,93476.80,39.15,381733.47,b0
765279836,4,64807,0,0,30.50,93427.66,38.96,689330.19,b0
765271387,5,64853,0,0,30.12,93455.41,40.04,496364.53,b0
765283665,6,64899,0,0,30.04,93431.98,40.55,274089.94,b0
765268824,7,64945,0,0,29.95,93466.27,40.11,541226.19,b0
765287253,8,64991,0,0,29.79,93440.31,40.36,389798.25,b0
765270362,1,65038,0,0,30.33,93441.71,40.21,800156.25,b0
765269850,2,65084,0,0,30.44,93447.88,39.24,485423.09,b0
765286747,3,65130,0,0,30.65,93477.20,39.16,383233.53,b0
765279836,4,65176,0,0,30.51,93430.93,38.95,690026.94,b0
765271387,5,65222,0,0,30.12,93455.25,40.03,495284.16,b0
765283665,6,65268,0,0,30.03,93430.49,40.55,274089.94,b0
765268824,7,65314,0,0,29.97,93467.97,40.08,541226.19,b0
765287253,8,65361,0,0,29.81,93441.45,40.35,390690.56,b0
765270362,1,65407,0,0,30.33,93442.45,40.22,810607.56,b0
765269850,2,65453,0,0,30.44,93448.57,39.25,485423.09,b0
765286747,3,65499,0,0,30.66,93476.88,39.13,381520.13,b0
765279836,4,65545,0,0,30.52,93429.89,38.94,687248.31,b0
765271387,5,65591,0,0,30.14,93457.88,40.05,494925.09,b0
765283665,6,65637,0,0,30.04,93428.07,40.55,275416.91,b0
765268824,7,65684,0,0,29.97,93465.43,40.10,537815.13,b0
765287253,8,65730,0,0,29.82,93443.82,40.35,390020.94,b0
765270362,1,65776,0,0,30.32,93441.66,40.18,795494.25,b0
765269850,2,65822,0,0,30.43,93449.40,39.22,482336.31,b0
765286747,3,65868,0,0,30.67,93479.79,39.10,381733.47,b0
765279836,4,65914,0,0,30.52,93429.91,38.94,692828.13,b0
765271387,5,65961,0,0,30.14,93457.52,40.03,492781.53,b0
765283665,6,66007,0,0,30.05,93430.10,40.54,273870.03,b0
765268824,7,66053,0,0,29.99,93465.49,40.10,537815.13,b0
765287253,8,66099,0,0,29.83,93443.16,40.35,388910.00,b0
765270362,1,66145,0,0,30.31,93442.16,40.17,791344.69,b0
765269850,2,66191,0,0,30.42,93448.29,39.22,480977.00,b0
765286747,3,66238,0,0,30.67,93478.35,39.10,383233.53,b0
765279836,4,66284,0,0,30.52,93430.64,38.92,689330.19,b0
765271387,5,66330,0,0,30.15,93458.81,40.03,493493.97,b0
765283665,6,66376,0,0,30.05,93430.48,40.56,273212.38,b0
765268824,7,66422,0,0,30.00,93467.18,40.10,541226.19,b0
765287253,8,66468,0,0,29.83,93442.79,40.35,389798.25,b0
765270362,1,66515,0,0,30.31,93441.05,40.16,805823.31,b0
765269850,2,66561,0,0,30.41,93448.27,39.21,484733.72,b0
765286747,3,66607,0,0,30.66,93477.98,39.09,381733.47,b0
765279836,4,66653,0,0,30.52,93429.54,38.90,692125.69,b0
765271387,5,66699,0,0,30.14,93454.14,40.03,492071.13,b0
765283665,6,66745,0,0,30.05,93428.38,40.55,274973.16,b0
765268824,7,66791,0,0,30.00,93466.46,40.11,536969.06,b0
765287253,8,66837,0,0,29.84,93441.38,40.35,391138.28,b0
765270362,1,66884,0,0,30.32,93444.34,40.16,796422.31,b0
765269850,2,66930,0,0,30.41,93448.45,39.19,486114.41,b0
765286747,3,66976,0,0,30.67,93478.38,39.07,380881.53,b0
765279836,4,67022,0,0,30.52,93428.11,38.88,688634.81,b0
765271387,5,67068,0,0,30.15,93458.16,40.04,492781.53,b0
765283665,6,67114,0,0,30.06,93431.66,40.56,273650.47,b0
765268824,7,67160,0,0,30.01,93467.40,40.08,537391.75,b0
765287253,8,67206,0,0,29.84,93440.68,40.35,390020.94,b0
765270362,1,67253,0,0,30.31,93442.67,40.15,805823.31,b0
765269850,2,67299,0,0,30.41,93448.45,39.19,481316.09,b0
765286747,3,67345,0,0,30.66,93477.43,39.06,381947.03,b0
765279836,4,67391,0,0,30.52,93429.89,38.85,688634.81,b0
765271387,5,67437,0,0,30.15,93457.03,40.05,491716.69,b0
765283665,6,67483,0,0,30.05,93431.38,40.51,274089.94,b0
765268824,7,67529,0,0,30.00,93466.28,40.10,536547.00,b0
765287253,8,67576,0,0,29.85,93443.02,40.34,392036.75,b0
765270362,1,67622,0,0,30.30,93443.16,40.14,797352.56,b0
765269850,2,67668,0,0,30.40,93448.23,39.18,488200.25,b0
765286747,3,67714,0,0,30.66,93476.88,39.06,384096.03,b0
765279836,4,67760,0,0,30.51,93430.03,38.86,691424.69,b0
765271387,5,67806,0,0,30.13,93458.20,40.02,492781.53,b0
765283665,6,67853,0,0,30.04,93430.21,40.53,274310.22,b0
765268824,7,67899,0,0,30.00,93464.48,40.08,536547.00,b0
765287253,8,67945,0,0,29.85,93444.28,40.35,390243.91,b0
765270362,1,67991,0,0,30.29,93442.75,40.13,798284.94,b0
765269850,2,68037,0,0,30.39,93448.54,39.17,484046.31,b0
765286747,3,68083,0,0,30.66,93476.52,39.03,385397.06,b0
765279836,4,68129,0,0,30.50,93429.80,38.85,692828.13,b0
765271387,5,68176,0,0,30.13,93456.54,40.03,493137.50,b0
765283665,6,68222,0,0,30.04,93429.91,40.52,276085.19,b0
765268824,7,68268,0,0,30.00,93465.92,40.09,538663.88,b0
765287253,8,68314,0,0,29.83,93440.84,40.32,391811.75,b0
765270362,1,68360,0,0,30.29,93442.38,40.12,801095.25,b0
765269850,2,68406,0,0,30.40,93448.92,39.17,489600.75,b0
765286747,3,68453,0,0,30.66,93477.80,39.04,382589.19,b0
765279836,4,68499,0,0,30.50,93429.98,38.83,690026.94,b0
765271387,5,68545,0,0,30.13,93458.73,40.02,495284.16,b0
765283665,6,68591,0,0,30.04,93429.20,40.51,276756.75,b0
765268824,7,68637,0,0,29.99,93466.07,40.07,539089.25,b0
765287253,8,68683,0,0,29.83,93441.70,40.32,392036.75,b0
765270362,1,68730,0,0,30.29,93441.32,40.13,812053.94,b0
765269850,2,68776,0,0,30.40,93448.56,39.17,487155.09,b0
765286747,3,68822,0,0,30.66,93475.99,39.02,386269.34,b0
765279836,4,68868,0,0,30.51,93430.01,38.81,694944.00,b0
765271387,5,68914,0,0,30.13,93457.12,39.99,496364.53,b0
765283665,6,68960,0,0,30.04,93432.40,40.47,275862.06,b0
765268824,7,69006,0,0,30.00,93465.37,40.03,540797.44,b0
765287253,8,69052,0,0,29.83,93442.09,40.30,393392.25,b0
765270362,1,69099,0,0,30.28,93441.80,40.12,807730.25,b0
765269850,2,69145,0,0,30.40,93448.56,39.17,489249.88,b0
765286747,3,69191,0,0,30.64,93476.63,38.99,384745.44,b0
765279836,4,69237,0,0,30.49,93428.14,38.82,697785.38,b0
765271387,5,69283,0,0,30.13,93457.47,39.97,498539.44,b0
765283665,6,69329,0,0,30.04,93429.17,40.47,276308.69,b0
765268824,7,69375,0,0,30.01,93464.49,40.02,541226.19,b0
765287253,8,69422,0,0,29.83,93439.59,40.29,393619.06,b0
765270362,1,69468,0,0,30.26,93441.50,40.10,810607.56,b0
765269850,2,69514,0,0,30.39,93446.57,39.17,488899.50,b0
765286747,3,69560,0,0,30.64,93475.73,38.97,385614.75,b0
765279836,4,69606,0,0,30.49,93429.02,38.81,694237.31,b0
765271387,5,69652,0,0,30.13,93456.59,39.96,497812.34,b0
765283665,6,69698,0,0,30.04,93429.84,40.45,278336.50,b0
765268824,7,69745,0,0,30.00,93465.92,40.02,542516.56,b0
765287253,8,69791,0,0,29.82,93440.79,40.26,392939.38,b0
765270362,1,69837,0,0,30.25,93441.11,40.10,805348.00,b0
765269850,2,69883,0,0,30.38,93447.62,39.17,489952.16,b0
765286747,3,69929,0,0,30.64,93475.54,38.98,385832.72,b0
765279836,4,69975,0,0,30.48,93427.76,38.78,700650.00,b0
765271387,5,70022,0,0,30.13,93457.12,39.94,498903.78,b0
765283665,6,70068,0,0,30.01,93427.91,40.44,277431.59,b0
765268824,7,70114,0,0,30.00,93466.62,40.01,542516.56,b0
765287253,8,70160,0,0,29.82,93439.18,40.25,397284.19,b0
765270362,1,70206,0,0,30.25,93440.72,40.10,811089.13,b0
765269850,2,70252,0,0,30.38,93446.34,39.16,488899.50,b0
765286747,3,70299,0,0,30.64,93474.27,38.99,389575.81,b0
765279836,4,70345,0,0,30.48,93426.49,38.77,702814.00,b0
765271387,5,70391,0,0,30.12,93456.48,39.92,502206.97,b0
765283665,6,70437,0,0,30.00,93429.68,40.42,278336.50,b0
765268824,7,70483,0,0,29.98,93465.84,39.99,546424.75,b0
765287253,8,70529,0,0,29.80,93440.01,40.24,397284.19,b0
765270362,1,70576,0,0,30.25,93440.75,40.10,804399.06,b0
765269850,2,70622,0,0,30.38,93447.23,39.14,494925.09,b0
765286747,3,70668,0,0,30.64,93475.91,38.97,388910.00,b0
765279836,4,70714,0,0,30.49,93427.60,38.76,702814.00,b0
765271387,5,70760,0,0,30.12,93455.96,39.91,501837.78,b0
765283665,6,70806,0,0,30.00,93427.54,40.39,281087.03,b0
765268824,7,70852,0,0,29.96,93464.86,39.97,545551.44,b0
765287253,8,70898,0,0,29.79,93439.60,40.22,396591.78,b0
765270362,1,70945,0,0,30.25,93440.38,40.09,808208.38,b0
765269850,2,70991,0,0,30.38,93445.63,39.14,490656.44,b0
765286747,3,71037,0,0,30.64,93476.46,38.96,389131.69,b0
765279836,4,71083,0,0,30.49,93427.22,38.76,704264.13,b0
765271387,5,71129,0,0,30.11,93454.99,39.89,501837.78,b0
765283665,6,71175,0,0,30.01,93429.56,40.36,280164.16,b0
765268824,7,71221,0,0,29.96,93463.57,39.95,547740.06,b0
765287253,8,71267,0,0,29.80,93439.84,40.19,397979.00,b0
765270362,1,71314,0,0,30.25,93439.99,40.09,813505.44,b0
765269850,2,71360,0,0,30.38,93446.52,39.15,494925.09,b0
765286747,3,71406,0,0,30.63,93476.06,38.94,391138.28,b0
765279836,4,71452,0,0,30.47,93427.33,38.74,706450.50,b0
765271387,5,71498,0,0,30.12,93455.22,39.88,502576.69,b0
765283665,6,71544,0,0,30.03,93429.06,40.35,281550.72,b0
765268824,7,71590,0,0,29.97,93466.90,39.94,549503.63,b0
765287253,8,71637,0,0,29.82,93440.95,40.18,399375.97,b0
765270362,1,71683,0,0,30.25,93440.01,40.08,818381.63,b0
765269850,2,71729,0,0,30.36,93447.86,39.14,497087.38,b0
765286747,3,71775,0,0,30.63,93477.68,38.93,392939.38,b0
765279836,4,71821,0,0,30.48,93427.16,38.71,708650.50,b0
765271387,5,71867,0,0,30.13,93457.63,39.86,502946.97,b0
765283665,6,71914,0,0,30.04,93429.84,40.35,281318.69,b0
765268824,7,71960,0,0,29.98,93465.27,39.91,550833.81,b0
765287253,8,72006,0,0,29.83,93440.27,40.18,400078.13,b0
765270362,1,72052,0,0,30.23,93441.16,40.08,809646.19,b0
765269850,2,72098,0,0,30.35,93445.87,39.12,498539.44,b0
765286747,3,72144,0,0,30.61,93477.42,38.91,394073.50,b0
765279836,4,72191,0,0,30.47,93428.01,38.71,711605.31,b0
765271387,5,72237,0,0,30.14,93455.20,39.84,504061.03,b0
765283665,6,72283,0,0,30.04,93429.20,40.32,280624.84,b0
765268824,7,72329,0,0,29.99,93466.23,39.91,547740.06,b0
765287253,8,72375,0,0,29.85,93440.71,40.17,399843.81,b0
765270362,1,72421,0,0,30.23,93440.80,40.07,819363.88,b0
765269850,2,72468,0,0,30.35,93444.95,39.13,496003.88,b0
765286747,3,72514,0,0,30.60,93475.78,38.89,392036.75,b0
765279836,4,72560,0,0,30.46,93428.70,38.68,710864.31,b0
765271387,5,72606,0,0,30.15,93455.43,39.84,508188.59,b0
765283665,6,72652,0,0,30.06,93428.63,40.34,281087.03,b0
765268824,7,72698,0,0,30.00,93465.02,39.92,548179.88,b0
765287253,8,72744,0,0,29.86,93439.48,40.16,399609.75,b0
765270362,1,72791,0,0,30.23,93439.74,40.08,820841.69,b0
765269850,2,72837,0,0,30.35,93446.58,39.10,493137.50,b0
765286747,3,72883,0,0,30.61,93476.90,38.89,393846.16,b0
765279836,4,72929,0,0,30.47,93428.04,38.67,712347.81,b0
765271387,5,72975,0,0,30.15,93454.05,39.83,507810.56,b0
765283665,6,73021,0,0,30.07,93429.45,40.34,280855.72,b0
765268824,7,73067,0,0,30.00,93464.84,39.92,550833.81,b0
765287253,8,73113,0,0,29.87,93441.13,40.17,398211.16,b0
765270362,1,73160,0,0,30.23,93441.52,40.05,813505.44,b0
765269850,2,73206,0,0,30.36,93447.31,39.09,502576.69,b0
765286747,3,73252,0,0,30.62,93475.67,38.87,393392.25,b0
765279836,4,73298,0,0,30.47,93427.70,38.67,713091.94,b0
765271387,5,73344,0,0,30.16,93455.18,39.83,505554.19,b0
765283665,6,73390,0,0,30.07,93428.43,40.35,279934.38,b0
765268824,7,73436,0,0,30.01,93463.95,39.92,549503.63,b0
765287253,8,73483,0,0,29.88,93439.55,40.18,400078.13,b0
765270362,1,73529,0,0,30.22,93441.27,40.06,812053.94,b0
765269850,2,73575,0,0,30.35,93446.04,39.10,498539.44,b0
765286747,3,73621,0,0,30.62,93475.13,38.84,396131.53,b0
765279836,4,73667,0,0,30.47,93426.25,38.65,719101.13,b0
765271387,5,73713,0,0,30.17,93455.20,39.81,508567.16,b0
765283665,6,73759,0,0,30.08,93428.14,40.36,282951.09,b0
765268824,7,73806,0,0,30.00,93464.45,39.95,551278.63,b0
765287253,8,73852,0,0,29.88,93440.29,40.18,397747.13,b0
765270362,1,73898,0,0,30.22,93438.55,40.06,823316.56,b0
765269850,2,73944,0,0,30.34,93446.02,39.09,496003.88,b0
765286747,3,73990,0,0,30.61,93475.64,38.84,394529.00,b0
765279836,4,74036,0,0,30.46,93425.13,38.61,718344.44,b0
765271387,5,74083,0,0,30.17,93453.98,39.80,507810.56,b0
765283665,6,74129,0,0,30.08,93426.39,40.34,279934.38,b0
765268824,7,74175,0,0,30.00,93465.56,39.95,551724.13,b0
765287253,8,74221,0,0,29.89,93439.40,40.19,400312.75,b0
765270362,1,74267,0,0,30.22,93442.49,40.03,831337.50,b0
765269850,2,74313,0,0,30.34,93447.41,39.09,502206.97,b0
765286747,3,74360,0,0,30.61,93475.28,38.82,395901.81,b0
765279836,4,74406,0,0,30.46,93427.82,38.62,715333.56,b0
765271387,5,74452,0,0,30.18,93455.47,39.83,507056.19,b0
765283665,6,74498,0,0,30.10,93428.14,40.37,281783.16,b0
765268824,7,74544,0,0,30.01,93462.51,39.93,548179.88,b0
765287253,8,74590,0,0,29.89,93439.98,40.19,399609.75,b0
765270362,1,74637,0,0,30.21,93441.77,40.03,816912.63,b0
765269850,2,74683,0,0,30.34,93446.70,39.09,496003.88,b0
765286747,3,74729,0,0,30.63,93476.05,38.80,398909.22,b0
765279836,4,74775,0,0,30.47,93427.70,38.60,719101.13,b0
765271387,5,74821,0,0,30.19,93456.05,39.80,506304.09,b0
765283665,6,74867,0,0,30.10,93428.68,40.38,280394.31,b0
765268824,7,74913,0,0,30.01,93464.50,39.94,547740.06,b0
765287253,8,74959,0,0,29.90,93439.45,40.20,397515.53,b0
765270362,1,75006,0,0,30.21,93440.64,40.04,819363.88,b0
765269850,2,75052,0,0,30.34,93444.56,39.08,498903.78,b0
765286747,3,75098,0,0,30.63,93475.70,38.80,396131.53,b0
765279836,4,75144,0,0,30.47,93426.63,38.60,719101.13,b0
765271387,5,75190,0,0,30.19,93456.23,39.79,506304.09,b0
765283665,6,75236,0,0,30.10,93428.36,40.38,279705.00,b0
765268824,7,75282,0,0,30.01,93466.32,39.95,544246.63,b0
765287253,8,75328,0,0,29.90,93438.93,40.19,399843.81,b0
765270362,1,75375,0,0,30.20,93439.37,40.03,818381.63,b0
765269850,2,75421,0,0,30.34,93446.89,39.07,497087.38,b0
765286747,3,75467,0,0,30.62,93477.29,38.78,399843.81,b0
765279836,4,75513,0,0,30.48,93426.46,38.60,720619.31,b0
765271387,5,75559,0,0,30.19,93456.43,39.80,506304.09,b0
765283665,6,75605,0,0,30.10,93429.43,40.37,279705.00,b0
765268824,7,75651,0,0,30.01,93464.14,39.96,548179.88,b0
765287253,8,75698,0,0,29.91,93440.37,40.20,397515.53,b0
765270362,1,75744,0,0,30.20,93441.13,40.04,818872.44,b0
765269850,2,75790,0,0,30.33,93446.84,39.07,498539.44,b0
765286747,3,75836,0,0,30.62,93473.87,38.77,399843.81,b0
765279836,4,75882,0,0,30.48,93427.36,38.58,721380.75,b0
765271387,5,75928,0,0,30.18,93454.41,39.80,507433.09,b0
765283665,6,75975,0,0,30.10,93429.19,40.37,280624.84,b0
765268824,7,76021,0,0,30.01,93465.23,39.96,548179.88,b0
765287253,8,76067,0,0,29.90,93440.35,40.20,399142.47,b0
765270362,1,76113,0,0,30.19,93440.74,40.03,821335.50,b0
765269850,2,76159,0,0,30.33,93447.04,39.08,501101.06,b0
765286747,3,76205,0,0,30.62,93473.67,38.76,398909.22,b0
765279836,4,76251,0,0,30.47,93428.41,38.57,723674.94,b0
765271387,5,76298,0,0,30.17,93457.74,39.79,508567.16,b0
765283665,6,76344,0,0,30.08,93428.81,40.38,282015.97,b0
765268824,7,76390,0,0,29.99,93464.63,39.94,548620.44,b0
765287253,8,76436,0,0,29.89,93441.21,40.21,398909.22,b0
765270362,1,76482,0,0,30.20,93440.41,40.04,821335.50,b0
765269850,2,76528,0,0,30.33,93443.99,39.06,503317.78,b0
765286747,3,76575,0,0,30.61,93474.91,38.76,401489.91,b0
765279836,4,76621,0,0,30.46,93425.48,38.55,725212.44,b0
765271387,5,76667,0,0,30.16,93455.70,39.77,507810.56,b0
765283665,6,76713,0,0,30.07,93427.72,40.38,280855.72,b0
765268824,7,76759,0,0,29.99,93463.16,39.96,548620.44,b0
765287253,8,76805,0,0,29.89,93440.51,40.20,399375.97,b0
765270362,1,76852,0,0,30.17,93438.81,40.02,819855.88,b0
765269850,2,76898,0,0,30.34,93447.23,39.07,499634.06,b0
765286747,3,76944,0,0,30.60,93476.33,38.74,401726.16,b0
765279836,4,76990,0,0,30.46,93427.63,38.57,719859.38,b0
765271387,5,77036,0,0,30.16,93454.98,39.77,510850.59,b0
765283665,6,77082,0,0,30.09,93428.91,40.35,282951.09,b0
765268824,7,77128,0,0,29.98,93464.20,39.95,550389.69,b0
765287253,8,77174,0,0,29.89,93439.78,40.18,400078.13,b0
765270362,1,77221,0,0,30.17,93437.74,40.05,820841.69,b0
765269850,2,77267,0,0,30.33,93447.02,39.07,500366.47,b0
765286747,3,77313,0,0,30.60,93474.88,38.72,400312.75,b0
765279836,4,77359,0,0,30.47,93427.86,38.54,724442.88,b0
765271387,5,77405,0,0,30.17,93454.49,39.77,506304.09,b0
765283665,6,77451,0,0,30.09,93429.35,40.35,282482.75,b0
765268824,7,77497,0,0,29.99,93466.05,39.96,549061.69,b0
765287253,8,77544,0,0,29.90,93438.73,40.19,399375.97,b0
765270362,1,77590,0,0,30.17,93440.06,40.04,822820.44,b0
765269850,2,77636,0,0,30.33,93445.94,39.06,501837.78,b0
765286747,3,77682,0,0,30.60,93475.79,38.73,399375.97,b0
765279836,4,77728,0,0,30.46,93428.16,38.55,731428.56,b0
765271387,5,77774,0,0,30.17,93454.34,39.75,511233.16,b0
765283665,6,77820,0,0,30.09,93428.45,40.37,282015.97,b0
765268824,7,77867,0,0,29.99,93464.27,39.96,550833.81,b0
765287253,8,77913,0,0,29.90,93439.99,40.17,399609.75,b0
765270362,1,77959,0,0,30.15,93437.45,40.04,836943.19,b0
765269850,2,78005,0,0,30.31,93446.95,39.07,503317.78,b0
765286747,3,78051,0,0,30.60,93476.48,38.73,400547.63,b0
765279836,4,78097,0,0,30.46,93429.59,38.53,729085.06,b0
765271387,5,78144,0,0,30.16,93455.20,39.75,509706.31,b0
765283665,6,78190,0,0,30.09,93427.53,40.36,282482.75,b0
765268824,7,78236,0,0,29.99,93466.05,39.93,552617.38,b0
765287253,8,78282,0,0,29.90,93439.98,40.16,400078.13,b0
765270362,1,78328,0,0,30.14,93439.38,40.04,835918.38,b0
765269850,2,78374,0,0,30.30,93446.18,39.06,503317.78,b0
765286747,3,78421,0,0,30.59,93475.21,38.71,401018.22,b0
765279836,4,78467,0,0,30.45,93427.18,38.54,729864.56,b0
765271387,5,78513,0,0,30.17,93455.56,39.75,514314.41,b0
765283665,6,78559,0,0,30.09,93430.01,40.35,282716.72,b0
765268824,7,78605,0,0,29.98,93465.47,39.95,551724.13,b0
765287253,8,78651,0,0,29.88,93439.76,40.17,402674.00,b0
765270362,1,78698,0,0,30.14,93438.45,40.04,834896.06,b0
765269850,2,78744,0,0,30.30,93445.66,39.06,501837.78,b0
765286747,3,78790,0,0,30.59,93475.92,38.71,402674.00,b0
765279836,4,78836,0,0,30.44,93425.72,38.53,732213.06,b0
765271387,5,78882,0,0,30.16,93453.21,39.73,513927.22,b0
765283665,6,78928,0,0,30.08,93428.32,40.32,283185.84,b0
765268824,7,78974,0,0,29.97,93467.23,39.92,554412.56,b0
765287253,8,79020,0,0,29.87,93442.05,40.16,400547.63,b0
765270362,1,79067,0,0,30.13,93438.76,40.03,839516.31,b0
765269850,2,79113,0,0,30.30,93444.75,39.05,504806.50,b0
765286747,3,79159,0,0,30.58,93476.25,38.70,404583.16,b0
765279836,4,79205,0,0,30.43,93425.70,38.51,731428.56,b0
765271387,5,79251,0,0,30.15,93455.12,39.71,513927.22,b0
765283665,6,79297,0,0,30.08,93429.19,40.32,283892.44,b0
765268824,7,79343,0,0,29.95,93463.35,39.93,553065.06,b0
765287253,8,79389,0,0,29.86,93441.80,40.16,402436.63,b0
765270362,1,79436,0,0,30.14,93440.25,40.06,827307.63,b0
765269850,2,79482,0,0,30.30,93445.83,39.06,510850.59,b0
765286747,3,79528,0,0,30.57,93475.33,38.70,402911.66,b0
765279836,4,79574,0,0,30.43,93427.11,38.53,733787.19,b0
765271387,5,79620,0,0,30.15,93455.83,39.72,515090.53,b0
765283665,6,79666,0,0,30.08,93430.23,40.30,285316.25,b0
765268824,7,79712,0,0,29.93,93463.84,39.93,552170.38,b0
765287253,8,79759,0,0,29.84,93440.70,40.13,400312.75,b0
765270362,1,79805,0,0,30.14,93438.84,40.05,827809.19,b0
765269850,2,79851,0,0,30.29,93444.91,39.07,505180.06,b0
765286747,3,79897,0,0,30.57,93474.79,38.70,405063.28,b0
765279836,4,79943,0,0,30.43,93426.38,38.52,736161.06,b0
765271387,5,79989,0,0,30.15,93456.17,39.70,516259.13,b0
765283665,6,80036,0,0,30.08,93427.96,40.28,283656.50,b0
765268824,7,80082,0,0,29.94,93464.94,39.92,551278.63,b0
765287253,8,80128,0,0,29.85,93439.83,40.13,402436.63,b0
765270362,1,80174,0,0,30.15,93437.60,40.06,830326.38,b0
765269850,2,80220,0,0,30.31,93448.71,39.08,504806.50,b0
765286747,3,80266,0,0,30.58,93473.54,38.69,405063.28,b0
765279836,4,80312,0,0,30.43,93426.02,38.52,735368.06,b0
765271387,5,80359,0,0,30.15,93456.72,39.70,514702.19,b0
765283665,6,80405,0,0,30.09,93428.96,40.28,283656.50,b0
765268824,7,80451,0,0,29.95,93463.90,39.90,553065.06,b0
765287253,8,80497,0,0,29.87,93440.77,40.14,404823.09,b0
765270362,1,80543,0,0,30.14,93438.66,40.06,829821.69,b0
765269850,2,80589,0,0,30.30,93445.12,39.08,504806.50,b0
765286747,3,80636,0,0,30.59,93473.75,38.71,405063.28,b0
765279836,4,80682,0,0,30.44,93426.09,38.53,736161.06,b0
765271387,5,80728,0,0,30.16,93453.58,39.71,515479.50,b0
765283665,6,80774,0,0,30.10,93428.51,40.27,283656.50,b0
765268824,7,80820,0,0,29.96,93463.75,39.92,556673.00,b0
765287253,8,80866,0,0,29.88,93439.55,40.14,401489.91,b0
765270362,1,80913,0,0,30.14,93439.38,40.07,833876.25,b0
765269850,2,80959,0,0,30.32,93446.42,39.09,505928.84,b0
765286747,3,81005,0,0,30.59,93474.66,38.68,404343.53,b0
765279836,4,81051,0,0,30.45,93425.26,38.53,734576.75,b0
765271387,5,81097,0,0,30.17,93455.77,39.72,515869.03,b0
765283665,6,81143,0,0,30.11,93428.92,40.30,283420.97,b0
765268824,7,81189,0,0,29.96,93463.02,39.91,554863.19,b0
765287253,8,81235,0,0,29.88,93439.05,40.12,403865.13,b0
765270362,1,81282,0,0,30.14,93439.01,40.08,831337.50,b0
765269850,2,81328,0,0,30.31,93445.88,39.09,505554.19,b0
765286747,3,81374,0,0,30.60,93477.21,38.71,407724.47,b0
765279836,4,81420,0,0,30.45,93425.07,38.52,734576.75,b0
765271387,5,81466,0,0,30.17,93454.16,39.73,512384.28,b0
765283665,6,81512,0,0,30.11,93427.74,40.29,285316.25,b0
765268824,7,81558,0,0,29.96,93462.33,39.94,552617.38,b0
765287253,8,81605,0,0,29.89,93438.69,40.13,402911.66,b0
765270362,1,81651,0,0,30.14,93439.73,40.08,830831.63,b0
765269850,2,81697,0,0,30.31,93444.99,39.09,504433.50,b0
765286747,3,81743,0,0,30.58,93475.00,38.72,407481.09,b0
765279836,4,81789,0,0,30.45,93426.51,38.55,736161.06,b0
765271387,5,81835,0,0,30.18,93455.47,39.73,513540.63,b0
765283665,6,81881,0,0,30.12,93426.88,40.30,283185.84,b0
765268824,7,81928,0,0,29.96,93463.77,39.95,550389.69,b0
765287253,8,81974,0,0,29.89,93439.05,40.14,403865.13,b0
765270362,1,82020,0,0,30.14,93439.01,40.10,830326.38,b0
765269850,2,82066,0,0,30.32,93445.91,39.11,507056.19,b0
765286747,3,82112,0,0,30.59,93474.48,38.72,407968.13,b0
765279836,4,82158,0,0,30.46,93427.63,38.54,736955.75,b0
765271387,5,82205,0,0,30.18,93453.88,39.75,511616.28,b0
765283665,6,82251,0,0,30.12,93427.65,40.32,285077.94,b0
765268824,7,82297,0,0,29.96,93463.21,39.94,552170.38,b0
765287253,8,82343,0,0,29.88,93440.98,40.14,403865.13,b0
765270362,1,82389,0,0,30.14,93437.73,40.11,843145.31,b0
765269850,2,82435,0,0,30.32,93446.80,39.11,506679.88,b0
765286747,3,82482,0,0,30.58,93473.02,38.71,408945.69,b0
765279836,4,82528,0,0,30.46,93426.35,38.54,743375.69,b0
765271387,5,82574,0,0,30.18,93454.98,39.75,514314.41,b0
765283665,6,82620,0,0,30.11,93427.55,40.34,284840.06,b0
765268824,7,82666,0,0,29.96,93464.30,39.93,555314.56,b0
765287253,8,82712,0,0,29.86,93441.30,40.13,402911.66,b0
765270362,1,82759,0,0,30.13,93439.12,40.10,833876.25,b0
765269850,2,82805,0,0,30.31,93444.61,39.11,507056.19,b0
765286747,3,82851,0,0,30.58,93474.45,38.72,407481.09,b0
765279836,4,82897,0,0,30.45,93426.13,38.54,738550.31,b0
765271387,5,82943,0,0,30.17,93453.45,39.78,517433.06,b0
765283665,6,82989,0,0,30.10,93427.79,40.34,285316.25,b0
765268824,7,83035,0,0,29.93,93462.56,39.94,555766.63,b0
765287253,8,83081,0,0,29.83,93440.48,40.12,406510.53,b0
765270362,1,83128,0,0,30.12,93439.09,40.10,836430.44,b0
765269850,2,83174,0,0,30.31,93447.08,39.10,508946.31,b0
765286747,3,83220,0,0,30.58,93476.23,38.70,410174.25,b0
765279836,4,83266,0,0,30.44,93428.77,38.53,740955.13,b0
765271387,5,83312,0,0,30.16,93456.08,39.73,517825.53,b0
765283665,6,83358,0,0,30.09,93428.37,40.32,285316.25,b0
765268824,7,83404,0,0,29.92,93464.13,39.94,557582.38,b0
765287253,8,83450,0,0,29.81,93437.71,40.12,406995.22,b0
765270362,1,83497,0,0,30.12,93437.47,40.10,835918.38,b0
765269850,2,83543,0,0,30.30,93445.64,39.10,514702.19,b0
765286747,3,83589,0,0,30.57,93472.79,38.69,409436.22,b0
765279836,4,83635,0,0,30.43,93426.04,38.53,738550.31,b0
765271387,5,83681,0,0,30.16,93454.45,39.76,515479.50,b0
765283665,6,83727,0,0,30.08,93427.05,40.30,285794.03,b0
765268824,7,83774,0,0,29.90,93462.62,39.93,557582.38,b0
765287253,8,83820,0,0,29.79,93440.14,40.09,407968.13,b0
765270362,1,83866,0,0,30.12,93437.84,40.10,842625.00,b0
765269850,2,83912,0,0,30.30,93445.82,39.09,516649.84,b0
765286747,3,83958,0,0,30.58,93475.88,38.69,410420.84,b0
765279836,4,84004,0,0,30.43,93427.30,38.52,744186.06,b0
765271387,5,84050,0,0,30.15,93455.24,39.73,517825.53,b0
765283665,6,84097,0,0,30.07,93428.97,40.28,287478.94,b0
765268824,7,84143,0,0,29.90,93464.60,39.93,557127.31,b0
765287253,8,84189,0,0,29.78,93438.69,40.08,407481.09,b0
765270362,1,84235,0,0,30.13,93437.16,40.10,836430.44,b0
765269850,2,84281,0,0,30.28,93446.82,39.11,512384.28,b0
765286747,3,84327,0,0,30.57,93475.87,38.70,410420.84,b0
765279836,4,84374,0,0,30.42,93428.30,38.53,748264.50,b0
765271387,5,84420,0,0,30.13,93455.13,39.73,520193.03,b0
765283665,6,84466,0,0,30.06,93429.74,40.26,287237.03,b0
765268824,7,84512,0,0,29.88,93463.08,39.93,555314.56,b0
765287253,8,84558,0,0,29.77,93439.19,40.07,409681.94,b0
765270362,1,84604,0,0,30.13,93439.66,40.10,837456.56,b0
765269850,2,84651,0,0,30.28,93446.44,39.09,508946.31,b0
765286747,3,84697,0,0,30.58,93474.07,38.70,410667.75,b0
765279836,4,84743,0,0,30.41,93425.92,38.51,744186.06,b0
765271387,5,84789,0,0,30.11,93454.48,39.71,518612.31,b0
765283665,6,84835,0,0,30.04,93430.05,40.24,287721.28,b0
765268824,7,84881,0,0,29.87,93463.05,39.92,559410.00,b0
765287253,8,84927,0,0,29.76,93438.44,40.06,409681.94,b0
765270362,1,84974,0,0,30.12,93438.37,40.12,839516.31,b0
765269850,2,85020,0,0,30.27,93444.80,39.10,516259.13,b0
765286747,3,85066,0,0,30.58,93475.34,38.69,412903.22,b0
765279836,4,85112,0,0,30.41,93424.70,38.51,748264.50,b0
765271387,5,85158,0,0,30.12,93454.51,39.70,520589.72,b0
765283665,6,85204,0,0,30.04,93429.20,40.22,288207.16,b0
765268824,7,85250,0,0,29.87,93464.31,39.92,558494.69,b0
765287253,8,85296,0,0,29.76,93440.91,40.06,409681.94,b0
765270362,1,85343,0,0,30.13,93439.31,40.13,842105.25,b0
765269850,2,85389,0,0,30.28,93442.86,39.09,517433.06,b0
765286747,3,85435,0,0,30.58,93476.08,38.70,412903.22,b0
765279836,4,85481,0,0,30.43,93426.57,38.51,747445.25,b0
765271387,5,85527,0,0,30.13,93455.87,39.71,522182.56,b0
765283665,6,85573,0,0,30.05,93427.52,40.20,289183.84,b0
765268824,7,85619,0,0,29.87,93464.50,39.91,561249.69,b0
765287253,8,85666,0,0,29.77,93438.46,40.05,410914.94,b0
765270362,1,85712,0,0,30.15,93438.86,40.10,837970.56,b0
765269850,2,85758,0,0,30.29,93445.62,39.09,511616.28,b0
765286747,3,85804,0,0,30.57,93475.33,38.67,413904.59,b0
765279836,4,85850,0,0,30.43,93426.59,38.53,744186.06,b0
765271387,5,85896,0,0,30.14,93457.34,39.68,520589.72,b0
765283665,6,85943,0,0,30.06,93428.47,40.20,290414.06,b0
765268824,7,85989,0,0,29.88,93462.90,39.89,562174.06,b0
765287253,8,86035,0,0,29.77,93440.09,40.06,409436.22,b0
765270362,1,86081,0,0,30.14,93437.77,40.11,852090.69,b0
765269850,2,86127,0,0,30.30,93444.74,39.12,514314.41,b0
765286747,3,86173,0,0,30.57,93474.95,38.68,412404.34,b0
765279836,4,86219,0,0,30.44,93427.32,38.52,745812.06,b0
765271387,5,86266,0,0,30.13,93453.38,39.71,522982.63,b0
765283665,6,86312,0,0,30.07,93430.00,40.19,289429.06,b0
765268824,7,86358,0,0,29.88,93463.46,39.91,557582.38,b0
765287253,8,86404,0,0,29.77,93440.26,40.08,411162.41,b0
765270362,1,86450,0,0,30.14,93438.65,40.11,839516.31,b0
765269850,2,86496,0,0,30.30,93445.30,39.09,511233.16,b0
765286747,3,86543,0,0,30.58,93476.43,38.68,414407.13,b0
765279836,4,86589,0,0,30.44,93428.08,38.52,748264.50,b0
765271387,5,86635,0,0,30.13,93455.34,39.69,522182.56,b0
765283665,6,86681,0,0,30.07,93429.27,40.19,289674.69,b0
765268824,7,86727,0,0,29.89,93464.20,39.92,559410.00,b0
765287253,8,86773,0,0,29.79,93439.78,40.07,411906.69,b0
765270362,1,86820,0,0,30.15,93437.26,40.12,841067.75,b0
765269850,2,86866,0,0,30.30,93446.36,39.11,514702.19,b0
765286747,3,86912,0,0,30.58,93475.34,38.70,415415.81,b0
765279836,4,86958,0,0,30.43,93427.48,38.53,748264.50,b0
765271387,5,87004,0,0,30.13,93455.52,39.69,522982.63,b0
765283665,6,87050,0,0,30.07,93427.27,40.17,291157.25,b0
765268824,7,87096,0,0,29.89,93462.96,39.91,563101.44,b0
765287253,8,87142,0,0,29.80,93438.21,40.07,410667.75,b0
765270362,1,87189,0,0,30.15,93438.14,40.11,839516.31,b0
765269850,2,87235,0,0,30.30,93446.72,39.10,519006.59,b0
765286747,3,87281,0,0,30.59,93476.99,38.70,416683.63,b0
765279836,4,87327,0,0,30.43,93426.57,38.51,746627.75,b0
765271387,5,87373,0,0,30.13,93456.95,39.68,524590.19,b0
765283665,6,87419,0,0,30.08,93430.23,40.18,289429.06,b0
765268824,7,87465,0,0,29.90,93463.70,39.92,560788.63,b0
765287253,8,87512,0,0,29.80,93439.10,40.07,413403.31,b0
765270362,1,87558,0,0,30.15,93439.96,40.12,841067.75,b0
765269850,2,87604,0,0,30.30,93444.94,39.12,512769.16,b0
765286747,3,87650,0,0,30.58,93475.00,38.71,416175.56,b0
765279836,4,87696,0,0,30.43,93426.04,38.53,748264.50,b0
765271387,5,87742,0,0,30.13,93455.87,39.68,524590.19,b0
765283665,6,87788,0,0,30.08,93428.45,40.15,291157.25,b0
765268824,7,87835,0,0,29.88,93465.45,39.92,561249.69,b0
765287253,8,87881,0,0,29.78,93439.76,40.08,413904.59,b0
765270362,1,87927,0,0,30.15,93440.16,40.13,837456.56,b0
765269850,2,87973,0,0,30.31,93448.87,39.11,514702.19,b0
765286747,3,88019,0,0,30.59,93477.20,38.70,415163.19,b0
765279836,4,88065,0,0,30.43,93426.94,38.53,749085.56,b0
765271387,5,88112,0,0,30.12,93455.64,39.69,521783.44,b0
765283665,6,88158,0,0,30.06,93429.35,40.15,292906.19,b0
765268824,7,88204,0,0,29.87,93463.96,39.93,562174.06,b0
765287253,8,88250,0,0,29.77,93439.70,40.06,413153.13,b0
765270362,1,88296,0,0,30.16,93438.61,40.12,841067.75,b0
765269850,2,88342,0,0,30.30,93446.00,39.13,512384.28,b0
765286747,3,88389,0,0,30.59,93475.57,38.71,416683.63,b0
765279836,4,88435,0,0,30.43,93427.66,38.53,742567.06,b0
765271387,5,88481,0,0,30.11,93454.84,39.67,527427.25,b0
765283665,6,88527,0,0,30.05,93429.43,40.14,292154.06,b0
765268824,7,88573,0,0,29.86,93461.88,39.91,564965.50,b0
765287253,8,88619,0,0,29.75,93439.30,40.05,416175.56,b0
765270362,1,88666,0,0,30.16,93438.23,40.14,834896.06,b0
765269850,2,88712,0,0,30.29,93445.95,39.13,515090.53,b0
765286747,3,88758,0,0,30.59,93474.49,38.72,411906.69,b0
765279836,4,88804,0,0,30.43,93428.16,38.54,747445.25,b0
765271387,5,88850,0,0,30.12,93457.01,39.67,525397.63,b0
765283665,6,88896,0,0,30.04,93429.91,40.14,291405.81,b0
765268824,7,88942,0,0,29.86,93464.80,39.90,566841.94,b0
765287253,8,88988,0,0,29.76,93442.36,40.05,415415.81,b0
765270362,1,89035,0,0,30.17,93440.94,40.13,848911.94,b0
765269850,2,89081,0,0,30.29,93447.55,39.14,516649.84,b0
765286747,3,89127,0,0,30.59,93478.26,38.72,414407.13,b0
765279836,4,89173,0,0,30.42,93427.77,38.54,752526.19,b0
765271387,5,89219,0,0,30.11,93457.34,39.66,525802.31,b0
765283665,6,89265,0,0,30.05,93429.66,40.13,291654.81,b0
765268824,7,89311,0,0,29.87,93466.49,39.91,568730.94,b0
765287253,8,89357,0,0,29.77,93440.43,40.05,414155.72,b0
765270362,1,89404,0,0,30.15,93439.45,40.13,842625.00,b0
765269850,2,89450,0,0,30.28,93446.80,39.11,513154.59,b0
765286747,3,89496,0,0,30.59,93476.80,38.71,416175.56,b0
765279836,4,89542,0,0,30.42,93428.66,38.54,748264.50,b0
765271387,5,89588,0,0,30.12,93456.29,39.66,525397.63,b0
765283665,6,89634,0,0,30.06,93429.56,40.12,290909.09,b0
765268824,7,89680,0,0,29.89,93465.83,39.91,567313.00,b0
765287253,8,89727,0,0,29.80,93441.06,40.06,416175.56,b0
765270362,1,89773,0,0,30.14,93439.55,40.13,836430.44,b0
765269850,2,89819,0,0,30.27,93446.59,39.13,514314.41,b0
765286747,3,89865,0,0,30.59,93477.35,38.71,416429.44,b0
765279836,4,89911,0,0,30.42,93430.11,38.54,750458.06,b0
765271387,5,89957,0,0,30.13,93457.45,39.65,525802.31,b0
765283665,6,90004,0,0,30.08,93429.57,40.13,291904.22,b0
765268824,7,90050,0,0,29.90,93465.69,39.91,563101.44,b0
765287253,8,90096,0,0,29.81,93440.21,40.06,414407.13,b0
765270362,1,90142,0,0,30.15,93442.98,40.12,839516.31,b0
765269850,2,90188,0,0,30.27,93448.02,39.13,513540.63,b0
765286747,3,90234,0,0,30.58,93477.69,38.70,416683.63,b0
765279836,4,90281,0,0,30.42,93430.09,38.52,744186.06,b0
765271387,5,90327,0,0,30.14,93455.72,39.66,529062.25,b0
765283665,6,90373,0,0,30.09,93429.12,40.15,292906.19,b0
765268824,7,90419,0,0,29.91,93466.67,39.94,567784.88,b0
765287253,8,90465,0,0,29.82,93441.86,40.06,414658.84,b0
765270362,1,90511,0,0,30.15,93440.64,40.13,837970.56,b0
765269850,2,90558,0,0,30.28,93448.60,39.13,513927.22,b0
765286747,3,90604,0,0,30.57,93478.54,38.70,417192.91,b0
765279836,4,90650,0,0,30.42,93430.26,38.52,751697.56,b0
765271387,5,90696,0,0,30.13,93456.77,39.65,524993.56,b0
765283665,6,90742,0,0,30.08,93431.19,40.11,292154.06,b0
765268824,7,90788,0,0,29.92,93465.05,39.94,568257.50,b0
765287253,8,90834,0,0,29.83,93440.98,40.06,414155.72,b0
765270362,1,90881,0,0,30.16,93440.52,40.13,848911.94,b0
765269850,2,90927,0,0,30.29,93446.83,39.15,515479.50,b0
765286747,3,90973,0,0,30.57,93478.01,38.70,418471.59,b0
765279836,4,91019,0,0,30.42,93431.34,38.52,744998.19,b0
765271387,5,91065,0,0,30.14,93454.84,39.64,525802.31,b0
765283665,6,91111,0,0,30.09,93431.42,40.12,291654.81,b0
765268824,7,91157,0,0,29.92,93466.67,39.94,566371.69,b0
765287253,8,91203,0,0,29.83,93441.19,40.08,416175.56,b0
765270362,1,91250,0,0,30.16,93438.77,40.13,836430.44,b0
765269850,2,91296,0,0,30.30,93447.77,39.13,513540.63,b0
765286747,3,91342,0,0,30.58,93478.03,38.68,415668.75,b0
765279836,4,91388,0,0,30.42,93427.95,38.52,753356.63,b0
765271387,5,91434,0,0,30.14,93456.48,39.66,529883.56,b0
765283665,6,91480,0,0,30.10,93430.78,40.12,294168.34,b0
765268824,7,91526,0,0,29.92,93467.77,39.92,562174.06,b0
765287253,8,91573,0,0,29.83,93441.88,40.11,414658.84,b0
765270362,1,91619,0,0,30.17,93441.16,40.14,844710.25,b0
765269850,2,91665,0,0,30.30,93448.15,39.12,514314.41,b0
765286747,3,91711,0,0,30.59,93479.16,38.69,417959.19,b0
765279836,4,91757,0,0,30.43,93429.24,38.51,752941.19,b0
765271387,5,91803,0,0,30.15,93456.50,39.65,530295.19,b0
765283665,6,91849,0,0,30.11,93430.70,40.11,293157.75,b0
765268824,7,91896,0,0,29.92,93468.51,39.93,564965.50,b0
765287253,8,91942,0,0,29.83,93441.19,40.09,414407.13,b0
765270362,1,91988,0,0,30.18,93439.79,40.13,837970.56,b0
765269850,2,92034,0,0,30.31,93448.17,39.12,515869.03,b0
765286747,3,92080,0,0,30.60,93478.48,38.67,416938.13,b0
765279836,4,92126,0,0,30.42,93428.68,38.52,751697.56,b0
765271387,5,92173,0,0,30.15,93458.14,39.65,527020.06,b0
765283665,6,92219,0,0,30.12,93431.15,40.12,292655.03,b0
765268824,7,92265,0,0,29.93,93465.08,39.93,565902.19,b0
765287253,8,92311,0,0,29.84,93442.99,40.10,415668.75,b0
765270362,1,92357,0,0,30.19,93439.98,40.12,834896.06,b0
765269850,2,92403,0,0,30.31,93447.83,39.11,513927.22,b0
765286747,3,92450,0,0,30.61,93477.78,38.67,417703.44,b0
765279836,4,92496,0,0,30.43,93429.59,38.54,755440.81,b0
765271387,5,92542,0,0,30.15,93456.35,39.64,529883.56,b0
765283665,6,92588,0,0,30.11,93429.33,40.11,293662.19,b0
765268824,7,92634,0,0,29.93,93466.71,39.94,566371.69,b0
765287253,8,92680,0,0,29.84,93442.63,40.11,414155.72,b0
765270362,1,92727,0,0,30.19,93442.51,40.12,847857.56,b0
765269850,2,92773,0,0,30.32,93447.86,39.13,513540.63,b0
765286747,3,92819,0,0,30.61,93479.05,38.67,416429.44,b0
765279836,4,92865,0,0,30.44,93429.46,38.51,750458.06,b0
765271387,5,92911,0,0,30.15,93457.97,39.62,529062.25,b0
765283665,6,92957,0,0,30.11,93430.23,40.09,293662.19,b0
765268824,7,93003,0,0,29.92,93465.79,39.93,566841.94,b0
765287253,8,93049,0,0,29.84,93442.81,40.11,413904.59,b0
765270362,1,93096,0,0,30.18,93440.68,40.13,847857.56,b0
765269850,2,93142,0,0,30.32,93446.96,39.11,518612.31,b0
765286747,3,93188,0,0,30.61,93478.88,38.67,418215.22,b0
765279836,4,93234,0,0,30.43,93429.27,38.50,752526.19,b0
765271387,5,93280,0,0,30.15,93456.73,39.64,532362.88,b0
765283665,6,93326,0,0,30.11,93430.23,40.10,291654.81,b0
765268824,7,93372,0,0,29.93,93468.01,39.94,566841.94,b0
765287253,8,93418,0,0,29.84,93442.84,40.10,414155.72,b0
765270362,1,93465,0,0,30.19,93440.37,40.12,837970.56,b0
765269850,2,93511,0,0,30.32,93449.45,39.11,517433.06,b0
765286747,3,93557,0,0,30.62,93476.73,38.68,417448.03,b0
765279836,4,93603,0,0,30.45,93428.44,38.53,744186.06,b0
765271387,5,93649,0,0,30.16,93456.94,39.63,527020.06,b0
765283665,6,93695,0,0,30.11,93429.88,40.10,293915.03,b0
765268824,7,93741,0,0,29.94,93465.32,39.93,562637.38,b0
765287253,8,93788,0,0,29.86,93442.89,40.12,416175.56,b0
765270362,1,93834,0,0,30.19,93440.02,40.11,846805.88,b0
765269850,2,93880,0,0,30.32,93445.91,39.12,513154.59,b0
765286747,3,93926,0,0,30.61,93477.96,38.67,415922.00,b0
765279836,4,93972,0,0,30.44,93429.33,38.51,750458.06,b0
765271387,5,94018,0,0,30.17,93456.81,39.64,528243.50,b0
765283665,6,94065,0,0,30.12,93430.13,40.08,293157.75,b0
765268824,7,94111,0,0,29.95,93466.25,39.93,561249.69,b0
765287253,8,94157,0,0,29.87,93442.02,40.10,413153.13,b0
765270362,1,94203,0,0,30.20,93441.85,40.10,835918.38,b0
765269850,2,94249,0,0,30.32,93447.88,39.11,514702.19,b0
765286747,3,94295,0,0,30.61,93478.67,38.67,417703.44,b0
765279836,4,94341,0,0,30.45,93428.64,38.52,751697.56,b0
765271387,5,94388,0,0,30.16,93457.67,39.63,525397.63,b0
765283665,6,94434,0,0,30.12,93429.81,40.10,290414.06,b0
765268824,7,94480,0,0,29.96,93466.84,39.93,564965.50,b0
765287253,8,94526,0,0,29.87,93441.67,40.10,413153.13,b0
765270362,1,94572,0,0,30.20,93443.63,40.09,834896.06,b0
765269850,2,94618,0,0,30.32,93447.87,39.12,512769.16,b0
765286747,3,94665,0,0,30.62,93477.27,38.70,417703.44,b0
765279836,4,94711,0,0,30.45,93429.01,38.52,751697.56,b0
765271387,5,94757,0,0,30.17,93456.66,39.63,524187.34,b0
765283665,6,94803,0,0,30.13,93428.60,40.12,292906.19,b0
765268824,7,94849,0,0,29.95,93464.62,39.92,563566.31,b0
765287253,8,94895,0,0,29.87,93442.05,40.10,412155.38,b0
765270362,1,94942,0,0,30.19,93441.77,40.10,835406.88,b0
765269850,2,94988,0,0,30.33,93447.55,39.11,511616.28,b0
765286747,3,95034,0,0,30.61,93475.27,38.67,415922.00,b0
765279836,4,95080,0,0,30.45,93428.66,38.53,752526.19,b0
765271387,5,95126,0,0,30.18,93455.64,39.66,528243.50,b0
765283665,6,95172,0,0,30.13,93429.17,40.11,290661.38,b0
765268824,7,95218,0,0,29.95,93466.25,39.94,563101.44,b0
765287253,8,95264,0,0,29.88,93442.41,40.09,412653.63,b0
765270362,1,95311,0,0,30.20,93442.59,40.09,844187.94,b0
765269850,2,95357,0,0,30.33,93447.91,39.12,518612.31,b0
765286747,3,95403,0,0,30.62,93476.57,38.67,416175.56,b0
765279836,4,95449,0,0,30.46,93428.52,38.54,752526.19,b0
765271387,5,95495,0,0,30.16,93456.96,39.64,528652.56,b0
765283665,6,95541,0,0,30.12,93429.08,40.11,291157.25,b0
765268824,7,95587,0,0,29.91,93466.82,39.93,562637.38,b0
765287253,8,95634,0,0,29.85,93442.16,40.09,414155.72,b0
765270362,1,95680,0,0,30.20,93442.05,40.09,839000.44,b0
765269850,2,95726,0,0,30.33,93448.09,39.11,514314.41,b0
765286747,3,95772,0,0,30.62,93476.02,38.67,416683.63,b0
765279836,4,95818,0,0,30.44,93427.33,38.53,744186.06,b0
765271387,5,95864,0,0,30.13,93456.76,39.65,528243.50,b0
765283665,6,95910,0,0,30.11,93431.26,40.11,291654.81,b0
765268824,7,95957,0,0,29.87,93465.58,39.92,565433.44,b0
765287253,8,96003,0,0,29.84,93442.09,40.07,412653.63,b0
765270362,1,96049,0,0,30.18,93440.14,40.10,834385.81,b0
765269850,2,96095,0,0,30.31,93446.91,39.11,515479.50,b0
765286747,3,96141,0,0,30.61,93477.59,38.70,418728.28,b0
765279836,4,96187,0,0,30.43,93430.87,38.51,752111.63,b0
765271387,5,96234,0,0,30.11,93454.66,39.62,529062.25,b0
765283665,6,96280,0,0,30.09,93429.88,40.09,292655.03,b0
765268824,7,96326,0,0,29.86,93466.80,39.90,567784.88,b0
765287253,8,96372,0,0,29.82,93443.12,40.06,415668.75,b0
765270362,1,96418,0,0,30.16,93440.20,40.09,839516.31,b0
765269850,2,96464,0,0,30.29,93448.09,39.12,513927.22,b0
765286747,3,96511,0,0,30.60,93477.74,38.67,417192.91,b0
765279836,4,96557,0,0,30.42,93428.48,38.51,751283.94,b0
765271387,5,96603,0,0,30.11,93456.22,39.62,525397.63,b0
765283665,6,96649,0,0,30.08,93431.49,40.07,292655.03,b0
765268824,7,96695,0,0,29.86,93465.70,39.91,564965.50,b0
765287253,8,96741,0,0,29.81,93442.34,40.04,415922.00,b0
765270362,1,96788,0,0,30.15,93441.54,40.09,843145.31,b0
765269850,2,96834,0,0,30.28,93447.70,39.11,516649.84,b0
765286747,3,96880,0,0,30.58,93477.16,38.69,416683.63,b0
765279836,4,96926,0,0,30.41,93427.70,38.54,754188.94,b0
765271387,5,96972,0,0,30.10,93456.89,39.62,530707.44,b0
765283665,6,97018,0,0,30.07,93428.71,40.07,293409.75,b0
765268824,7,97064,0,0,29.87,93465.20,39.91,564031.94,b0
765287253,8,97110,0,0,29.82,93442.92,40.05,417703.44,b0
765270362,1,97157,0,0,30.14,93440.41,40.10,851028.44,b0
765269850,2,97203,0,0,30.27,93446.20,39.10,516649.84,b0
765286747,3,97249,0,0,30.57,93476.03,38.65,418471.59,b0
765279836,4,97295,0,0,30.40,93427.66,38.53,754605.75,b0
765271387,5,97341,0,0,30.11,93458.95,39.64,530295.19,b0
765283665,6,97387,0,0,30.07,93431.37,40.06,294676.25,b0
765268824,7,97433,0,0,29.88,93463.80,39.93,566371.69,b0
765287253,8,97479,0,0,29.81,93439.85,40.04,415163.19,b0
765270362,1,97526,0,0,30.12,93441.23,40.08,843666.31,b0
765269850,2,97572,0,0,30.26,93446.37,39.11,514314.41,b0
765286747,3,97618,0,0,30.56,93476.17,38.67,419242.59,b0
765279836,4,97664,0,0,30.40,93426.57,38.52,744998.19,b0
765271387,5,97710,0,0,30.12,93456.29,39.63,530707.44,b0
765283665,6,97756,0,0,30.07,93431.27,40.06,293157.75,b0
765268824,7,97802,0,0,29.89,93464.01,39.92,570155.88,b0
765287253,8,97849,0,0,29.81,93441.29,40.04,415415.81,b0
765270362,1,97895,0,0,30.12,93440.11,40.07,846805.88,b0
765269850,2,97941,0,0,30.26,93445.64,39.09,520987.03,b0
765286747,3,97987,0,0,30.56,93475.63,38.65,420016.41,b0
765279836,4,98033,0,0,30.40,93426.75,38.52,752526.19,b0
765271387,5,98079,0,0,30.12,93456.17,39.63,527020.06,b0
765283665,6,98126,0,0,30.08,93430.48,40.06,293662.19,b0
765268824,7,98172,0,0,29.89,93465.65,39.92,568257.50,b0
765287253,8,98218,0,0,29.82,93443.48,40.03,416175.56,b0
765270362,1,98264,0,0,30.11,93441.89,40.09,838485.19,b0
765269850,2,98310,0,0,30.26,93447.60,39.11,515090.53,b0
765286747,3,98356,0,0,30.57,93476.56,38.66,421572.66,b0
765279836,4,98402,0,0,30.40,93427.86,38.52,753772.56,b0
765271387,5,98449,0,0,30.13,93456.74,39.63,530295.19,b0
765283665,6,98495,0,0,30.08,93429.59,40.05,295185.94,b0
765268824,7,98541,0,0,29.89,93464.95,39.91,570632.50,b0
765287253,8,98587,0,0,29.81,93440.22,40.03,416175.56,b0
765270362,1,98633,0,0,30.10,93438.97,40.09,836430.44,b0
765269850,2,98679,0,0,30.26,93446.53,39.10,518612.31,b0
765286747,3,98726,0,0,30.56,93474.36,38.67,420533.88,b0
765279836,4,98772,0,0,30.41,93429.85,38.52,758799.56,b0
765271387,5,98818,0,0,30.14,93456.80,39.62,528652.56,b0
765283665,6,98864,0,0,30.09,93428.91,40.05,293915.03,b0
765268824,7,98910,0,0,29.90,93464.62,39.91,565902.19,b0
765287253,8,98956,0,0,29.82,93440.97,40.03,415668.75,b0
765270362,1,99003,0,0,30.10,93437.89,40.09,845756.75,b0
765269850,2,99049,0,0,30.27,93445.14,39.12,515479.50,b0
765286747,3,99095,0,0,30.57,93476.38,38.67,418215.22,b0
765279836,4,99141,0,0,30.41,93428.09,38.52,756696.81,b0
765271387,5,99187,0,0,30.14,93457.89,39.63,528243.50,b0
765283665,6,99233,0,0,30.09,93429.52,40.05,295953.75,b0
765268824,7,99279,0,0,29.89,93463.13,39.90,568257.50,b0
765287253,8,99325,0,0,29.83,93441.53,40.04,418471.59,b0
765270362,1,99372,0,0,30.12,93437.98,40.10,837456.56,b0
765269850,2,99418,0,0,30.28,93447.52,39.11,518218.63,b0
765286747,3,99464,0,0,30.59,93476.99,38.68,417959.19,b0
765279836,4,99510,0,0,30.42,93429.38,38.52,755023.06,b0
765271387,5,99556,0,0,30.13,93455.64,39.62,531948.06,b0
765283665,6,99602,0,0,30.11,93430.52,40.04,295697.38,b0
765268824,7,99648,0,0,29.89,93465.48,39.90,566841.94,b0
765287253,8,99694,0,0,29.83,93440.27,40.02,416938.13,b0
765270362,1,99741,0,0,30.13,93439.45,40.10,837456.56,b0
765269850,2,99787,0,0,30.28,93444.84,39.11,518218.63,b0
765286747,3,99833,0,0,30.58,93476.43,38.67,418215.22,b0
765279836,4,99879,0,0,30.40,93426.59,38.53,753772.56,b0
765271387,5,99925,0,0,30.12,93455.96,39.63,533194.50,b0
765283665,6,99971,0,0,30.11,93429.10,40.03,295185.94,b0
765268824,7,100018,0,0,29.88,93463.63,39.89,568257.50,b0
765287253,8,100064,0,0,29.83,93440.63,40.01,418471.59,b0
765270362,1,100110,0,0,30.13,93439.30,40.13,836430.44,b0
765269850,2,100156,0,0,30.27,93446.41,39.14,513927.22,b0
765286747,3,100202,0,0,30.58,93474.81,38.69,417703.44,b0
765279836,4,100248,0,0,30.40,93429.11,38.54,759221.50,b0
765271387,5,100294,0,0,30.12,93456.11,39.61,529472.63,b0
765283665,6,100341,0,0,30.10,93428.71,40.03,294676.25,b0
765268824,7,100387,0,0,29.89,93466.55,39.90,567784.88,b0
765287253,8,100433,0,0,29.84,93439.77,40.03,418471.59,b0
765270362,1,100479,0,0,30.13,93439.48,40.13,836430.44,b0
765269850,2,100525,0,0,30.28,93446.80,39.16,511616.28,b0
765286747,3,100571,0,0,30.57,93475.87,38.68,417192.91,b0
765279836,4,100618,0,0,30.40,93428.22,38.54,755859.00,b0
765271387,5,100664,0,0,30.13,93457.97,39.62,531948.06,b0
765283665,6,100710,0,0,30.09,93428.63,40.02,294676.25,b0
765268824,7,100756,0,0,29.89,93464.55,39.90,570632.50,b0
765287253,8,100802,0,0,29.84,93442.12,40.01,418728.28,b0
765270362,1,100848,0,0,30.13,93438.61,40.12,837970.56,b0
765269850,2,100895,0,0,30.29,93447.91,39.14,515090.53,b0
765286747,3,100941,0,0,30.58,93476.61,38.71,419242.59,b0
765279836,4,100987,0,0,30.41,93426.98,38.54,755440.81,b0
765271387,5,101033,0,0,30.13,93455.15,39.63,531533.88,b0
765283665,6,101079,0,0,30.09,93427.53,40.01,294676.25,b0
765268824,7,101125,0,0,29.90,93466.80,39.89,570632.50,b0
765287253,8,101171,0,0,29.84,93441.91,40.00,417703.44,b0
765270362,1,101218,0,0,30.14,93440.95,40.13,836943.19,b0
765269850,2,101264,0,0,30.30,93446.35,39.15,514314.41,b0
765286747,3,101310,0,0,30.59,93477.91,38.71,416683.63,b0
765279836,4,101356,0,0,30.42,93427.41,38.56,756277.69,b0
765271387,5,101402,0,0,30.14,93457.73,39.62,531533.88,b0
765283665,6,101448,0,0,30.09,93430.05,40.01,295697.38,b0
765268824,7,101494,0,0,29.90,93465.16,39.88,570155.88,b0
765287253,8,101540,0,0,29.83,93439.22,40.03,418471.59,b0
765270362,1,101587,0,0,30.13,93439.31,40.13,845756.75,b0
765269850,2,101633,0,0,30.30,93446.01,39.16,514314.41,b0
765286747,3,101679,0,0,30.59,93477.53,38.72,417192.91,b0
765279836,4,101725,0,0,30.43,93428.38,38.57,743375.69,b0
765271387,5,101771,0,0,30.14,93455.73,39.63,531533.88,b0
765283665,6,101817,0,0,30.09,93428.40,40.01,295953.75,b0
765268824,7,101863,0,0,29.91,93463.55,39.90,566371.69,b0
765287253,8,101910,0,0,29.84,93439.80,40.00,418215.22,b0
765270362,1,101956,0,0,30.14,93439.16,40.14,846805.88,b0
765269850,2,102002,0,0,30.32,93448.39,39.15,514314.41,b0
765286747,3,102048,0,0,30.59,93475.19,38.72,417703.44,b0
765279836,4,102094,0,0,30.43,93427.48,38.56,754188.94,b0
765271387,5,102140,0,0,30.15,93455.78,39.64,531948.06,b0
765283665,6,102187,0,0,30.10,93427.26,40.03,294168.34,b0
765268824,7,102233,0,0,29.91,93465.94,39.87,567784.88,b0
765287253,8,102279,0,0,29.84,93440.16,39.97,419242.59,b0
765270362,1,102325,0,0,30.15,93441.20,40.15,835406.88,b0
765269850,2,102371,0,0,30.32,93446.26,39.17,513154.59,b0
765286747,3,102417,0,0,30.59,93476.30,38.73,419500.22,b0
765279836,4,102463,0,0,30.44,93425.73,38.57,752111.63,b0
765271387,5,102510,0,0,30.15,93456.90,39.64,528243.50,b0
765283665,6,102556,0,0,30.11,93430.73,40.04,294168.34,b0
765268824,7,102602,0,0,29.91,93465.18,39.88,567313.00,b0
765287253,8,102648,0,0,29.84,93439.43,39.99,418471.59,b0
765270362,1,102694,0,0,30.15,93438.71,40.16,835918.38,b0
765269850,2,102740,0,0,30.33,93446.66,39.16,512769.16,b0
765286747,3,102787,0,0,30.60,93475.41,38.72,417448.03,b0
765279836,4,102833,0,0,30.45,93427.01,38.60,753772.56,b0
765271387,5,102879,0,0,30.16,93454.62,39.63,531120.31,b0
765283665,6,102925,0,0,30.11,93427.67,40.03,293409.75,b0
765268824,7,102971,0,0,29.91,93463.58,39.89,569205.13,b0
765287253,8,103017,0,0,29.83,93439.41,40.00,419758.16,b0
765270362,1,103064,0,0,30.15,93439.27,40.14,835406.88,b0
765269850,2,103110,0,0,30.33,93445.94,39.16,511616.28,b0
765286747,3,103156,0,0,30.59,93475.03,38.74,416175.56,b0
765279836,4,103202,0,0,30.45,93428.47,38.58,752111.63,b0
765271387,5,103248,0,0,30.16,93456.24,39.67,529472.63,b0
765283665,6,103294,0,0,30.12,93429.08,40.05,292906.19,b0
765268824,7,103340,0,0,29.92,93464.30,39.89,568730.94,b0
765287253,8,103386,0,0,29.84,93440.52,39.98,418985.28,b0
765270362,1,103433,0,0,30.15,93440.50,40.17,846281.00,b0
765269850,2,103479,0,0,30.32,93445.56,39.17,512000.00,b0
765286747,3,103525,0,0,30.59,93476.66,38.74,416683.63,b0
765279836,4,103571,0,0,30.45,93426.85,38.60,757116.44,b0
765271387,5,103617,0,0,30.17,93454.72,39.67,528652.56,b0
765283665,6,103663,0,0,30.13,93429.17,40.06,293409.75,b0
765268824,7,103709,0,0,29.91,93463.95,39.89,564498.38,b0
765287253,8,103756,0,0,29.85,93440.88,40.00,419242.59,b0
765270362,1,103802,0,0,30.15,93439.95,40.14,842105.25,b0
765269850,2,103848,0,0,30.33,93445.94,39.14,517825.53,b0
765286747,3,103894,0,0,30.59,93475.94,38.74,416175.56,b0
765279836,4,103940,0,0,30.45,93426.85,38.58,752526.19,b0
765271387,5,103986,0,0,30.17,93454.37,39.67,525802.31,b0
765283665,6,104032,0,0,30.14,93428.53,40.09,292154.06,b0
765268824,7,104079,0,0,29.92,93464.48,39.91,562637.38,b0
765287253,8,104125,0,0,29.85,93440.88,39.97,418215.22,b0
765270362,1,104171,0,0,30.14,93438.65,40.14,845233.19,b0
765269850,2,104217,0,0,30.32,93446.45,39.15,517041.16,b0
765286747,3,104263,0,0,30.59,93475.39,38.73,418471.59,b0
765279836,4,104309,0,0,30.44,93426.44,38.59,754605.75,b0
765271387,5,104356,0,0,30.18,93457.48,39.66,523785.16,b0
765283665,6,104402,0,0,30.14,93428.89,40.11,291157.25,b0
765268824,7,104448,0,0,29.92,93466.13,39.93,560328.31,b0
765287253,8,104494,0,0,29.85,93440.71,39.98,416938.13,b0
765270362,1,104540,0,0,30.15,93435.99,40.13,844710.25,b0
765269850,2,104586,0,0,30.32,93446.27,39.13,516649.84,b0
765286747,3,104633,0,0,30.59,93474.84,38.74,417192.91,b0
765279836,4,104679,0,0,30.44,93427.54,38.58,752526.19,b0
765271387,5,104725,0,0,30.18,93456.23,39.68,524590.19,b0
765283665,6,104771,0,0,30.14,93427.85,40.12,293157.75,b0
765268824,7,104817,0,0,29.92,93464.15,39.94,560328.31,b0
765287253,8,104863,0,0,29.84,93439.80,40.00,415163.19,b0
765270362,1,104910,0,0,30.16,93440.00,40.14,844187.94,b0
765269850,2,104956,0,0,30.32,93445.73,39.13,516649.84,b0
765286747,3,105002,0,0,30.59,93476.28,38.73,417703.44,b0
765279836,4,105048,0,0,30.43,93426.21,38.56,753772.56,b0
765271387,5,105094,0,0,30.18,93455.11,39.70,525802.31,b0
765283665,6,105140,0,0,30.13,93427.75,40.13,293157.75,b0
765268824,7,105186,0,0,29.90,93463.89,39.93,564031.94,b0
765287253,8,105232,0,0,29.84,93439.06,40.00,414407.13,b0
765270362,1,105279,0,0,30.17,93439.00,40.13,830831.63,b0
765269850,2,105325,0,0,30.33,93446.48,39.12,512384.28,b0
765286747,3,105371,0,0,30.59,93476.45,38.69,417703.44,b0
765279836,4,105417,0,0,30.43,93426.57,38.56,755023.06,b0
765271387,5,105463,0,0,30.17,93455.24,39.70,527427.25,b0
765283665,6,105509,0,0,30.13,93428.09,40.12,293915.03,b0
765268824,7,105555,0,0,29.90,93463.89,39.95,562174.06,b0
765287253,8,105601,0,0,29.84,93441.38,40.00,416938.13,b0
765270362,1,105648,0,0,30.18,93439.05,40.14,833367.25,b0
765269850,2,105694,0,0,30.32,93446.63,39.12,517825.53,b0
765286747,3,105740,0,0,30.58,93475.00,38.70,419242.59,b0
765279836,4,105786,0,0,30.42,93426.66,38.57,754605.75,b0
765271387,5,105832,0,0,30.16,93455.71,39.68,528243.50,b0
765283665,6,105878,0,0,30.12,93428.15,40.11,292906.19,b0
765268824,7,105924,0,0,29.90,93466.80,39.95,561711.44,b0
765287253,8,105971,0,0,29.84,93440.84,40.02,416683.63,b0
765270362,1,106017,0,0,30.19,93440.37,40.13,833367.25,b0
765269850,2,106063,0,0,30.33,93447.55,39.12,513154.59,b0
765286747,3,106109,0,0,30.58,93474.44,38.70,420016.41,b0
765279836,4,106155,0,0,30.42,93426.84,38.55,756277.69,b0
765271387,5,106201,0,0,30.16,93454.97,39.68,527427.25,b0
765283665,6,106248,0,0,30.12,93428.89,40.10,293662.19,b0
765268824,7,106294,0,0,29.89,93463.68,39.92,563101.44,b0
765287253,8,106340,0,0,29.83,93442.24,40.04,416429.44,b0
765270362,1,106386,0,0,30.20,93441.52,40.10,834896.06,b0
765269850,2,106432,0,0,30.33,93446.87,39.11,515479.50,b0
765286747,3,106478,0,0,30.58,93475.55,38.69,420275.00,b0
765279836,4,106524,0,0,30.43,93428.16,38.54,753356.63,b0
765271387,5,106571,0,0,30.16,93455.32,39.66,531120.31,b0
765283665,6,106617,0,0,30.11,93427.21,40.09,293157.75,b0
765268824,7,106663,0,0,29.89,93463.66,39.93,561711.44,b0
765287253,8,106709,0,0,29.82,93438.82,40.03,415668.75,b0
765270362,1,106755,0,0,30.21,93442.08,40.12,851559.25,b0
765269850,2,106801,0,0,30.34,93444.92,39.10,516649.84,b0
765286747,3,106848,0,0,30.58,93474.10,38.69,420016.41,b0
765279836,4,106894,0,0,30.42,93424.35,38.54,751697.56,b0
765271387,5,106940,0,0,30.16,93455.86,39.66,528243.50,b0
765283665,6,106986,0,0,30.12,93428.15,40.07,295185.94,b0
765268824,7,107032,0,0,29.89,93464.77,39.95,565902.19,b0
765287253,8,107078,0,0,29.82,93440.24,40.02,418215.22,b0
765270362,1,107125,0,0,30.22,93439.63,40.13,845756.75,b0
765269850,2,107171,0,0,30.34,93447.06,39.13,515090.53,b0
765286747,3,107217,0,0,30.59,93474.13,38.68,421312.50,b0
765279836,4,107263,0,0,30.43,93426.73,38.56,756277.69,b0
765271387,5,107309,0,0,30.16,93456.04,39.64,528652.56,b0
765283665,6,107355,0,0,30.11,93429.35,40.07,294676.25,b0
765268824,7,107401,0,0,29.89,93463.11,39.93,560788.63,b0
765287253,8,107447,0,0,29.80,93440.37,40.03,416175.56,b0
765270362,1,107494,0,0,30.22,93441.09,40.12,835406.88,b0
765269850,2,107540,0,0,30.35,93447.83,39.11,517825.53,b0
765286747,3,107586,0,0,30.60,93476.50,38.68,418471.59,b0
765279836,4,107632,0,0,30.43,93424.59,38.54,757116.44,b0
765271387,5,107678,0,0,30.16,93455.86,39.64,528652.56,b0
765283665,6,107724,0,0,30.11,93427.56,40.06,293915.03,b0
765268824,7,107770,0,0,29.89,93463.48,39.93,560328.31,b0
765287253,8,107817,0,0,29.80,93439.65,40.03,421052.63,b0
765270362,1,107863,0,0,30.23,93441.52,40.11,835406.88,b0
765269850,2,107909,0,0,30.35,93446.76,39.10,522582.28,b0
765286747,3,107955,0,0,30.60,93474.51,38.66,421052.63,b0
765279836,4,108001,0,0,30.43,93426.91,38.53,756696.81,b0
765271387,5,108047,0,0,30.16,93455.18,39.64,527427.25,b0
765283665,6,108093,0,0,30.12,93429.93,40.03,295953.75,b0
765268824,7,108140,0,0,29.90,93462.61,39.92,561711.44,b0
765287253,8,108186,0,0,29.81,93439.14,40.03,418471.59,b0
765270362,1,108232,0,0,30.23,93440.60,40.10,846281.00,b0
765269850,2,108278,0,0,30.35,93445.48,39.10,515869.03,b0
765286747,3,108324,0,0,30.61,93475.09,38.68,422355.13,b0
765279836,4,108370,0,0,30.44,93426.24,38.54,755023.06,b0
765271387,5,108417,0,0,30.16,93453.55,39.64,529472.63,b0
765283665,6,108463,0,0,30.12,93428.03,40.03,293915.03,b0
765268824,7,108509,0,0,29.90,93462.08,39.93,561711.44,b0
765287253,8,108555,0,0,29.82,93438.65,40.03,417448.03,b0
765270362,1,108601,0,0,30.23,93440.10,40.12,851028.44,b0
765269850,2,108647,0,0,30.34,93444.39,39.09,519006.59,b0
765286747,3,108694,0,0,30.62,93474.59,38.65,422093.97,b0
765279836,4,108740,0,0,30.44,93426.64,38.54,761338.31,b0
765271387,5,108786,0,0,30.17,93455.22,39.63,531120.31,b0
765283665,6,108832,0,0,30.13,93428.80,40.04,295697.38,b0
765268824,7,108878,0,0,29.91,93465.40,39.94,564498.38,b0
765287253,8,108924,0,0,29.83,93439.41,40.04,416938.13,b0
765270362,1,108971,0,0,30.24,93439.93,40.10,848911.94,b0
765269850,2,109017,0,0,30.35,93444.23,39.10,522182.56,b0
765286747,3,109063,0,0,30.62,93474.23,38.67,421312.50,b0
765279836,4,109109,0,0,30.45,93427.04,38.52,753356.63,b0
765271387,5,109155,0,0,30.18,93455.46,39.64,531120.31,b0
765283665,6,109201,0,0,30.14,93427.80,40.02,293409.75,b0
765268824,7,109247,0,0,29.92,93463.06,39.94,562637.38,b0
765287253,8,109293,0,0,29.83,93439.38,40.05,418728.28,b0
765270362,1,109340,0,0,30.24,93439.60,40.10,835406.88,b0
765269850,2,109386,0,0,30.36,93445.53,39.10,513154.59,b0
765286747,3,109432,0,0,30.62,93472.62,38.67,421572.66,b0
765279836,4,109478,0,0,30.45,93424.54,38.53,759643.94,b0
765271387,5,109524,0,0,30.17,93455.07,39.62,528243.50,b0
765283665,6,109570,0,0,30.14,93426.58,40.01,294168.34,b0
765268824,7,109616,0,0,29.92,93463.42,39.94,563101.44,b0
765287253,8,109662,0,0,29.83,93439.23,40.04,419500.22,b0
765270362,1,109709,0,0,30.26,93438.63,40.09,848911.94,b0
765269850,2,109755,0,0,30.37,93447.19,39.09,520589.72,b0
765286747,3,109801,0,0,30.64,93475.02,38.66,421312.50,b0
765279836,4,109847,0,0,30.46,93426.70,38.55,759221.50,b0
765271387,5,109893,0,0,30.17,93453.65,39.62,529472.63,b0
765283665,6,109939,0,0,30.14,93426.55,40.02,295697.38,b0
765268824,7,109985,0,0,29.92,93460.86,39.93,566841.94,b0
765287253,8,110032,0,0,29.83,93439.38,40.04,418985.28,b0
765270362,1,110078,0,0,30.26,93440.44,40.09,840032.81,b0
765269850,2,110124,0,0,30.37,93445.78,39.09,517825.53,b0
765286747,3,110170,0,0,30.64,93471.25,38.65,420793.09,b0
765279836,4,110216,0,0,30.46,93425.48,38.52,755440.81,b0
765271387,5,110262,0,0,30.18,93454.23,39.63,531120.31,b0
765283665,6,110309,0,0,30.14,93428.05,40.01,296725.59,b0
765268824,7,110355,0,0,29.92,93462.88,39.95,560328.31,b0
765287253,8,110401,0,0,29.83,93438.85,40.03,416175.56,b0
765270362,1,110447,0,0,30.27,93436.90,40.08,844710.25,b0
765269850,2,110493,0,0,30.37,93444.17,39.10,521384.94,b0
765286747,3,110539,0,0,30.65,93473.97,38.66,420275.00,b0
765279836,4,110586,0,0,30.46,93424.59,38.51,759221.50,b0
765271387,5,110632,0,0,30.17,93453.27,39.62,529883.56,b0
765283665,6,110678,0,0,30.14,93428.74,40.00,294168.34,b0
765268824,7,110724,0,0,29.93,93462.73,39.92,563101.44,b0
765287253,8,110770,0,0,29.84,93439.41,40.04,417703.44,b0
765270362,1,110816,0,0,30.27,93436.93,40.08,836430.44,b0
765269850,2,110863,0,0,30.38,93443.33,39.08,516649.84,b0
765286747,3,110909,0,0,30.65,93473.08,38.65,419500.22,b0
765279836,4,110955,0,0,30.46,93425.67,38.52,757536.50,b0
765271387,5,111001,0,0,30.17,93453.78,39.62,527427.25,b0
765283665,6,111047,0,0,30.13,93429.69,39.98,294930.88,b0
765268824,7,111093,0,0,29.93,93463.63,39.92,561249.69,b0
765287253,8,111139,0,0,29.83,93435.66,40.03,416175.56,b0
765270362,1,111186,0,0,30.29,93438.81,40.06,838485.19,b0
765269850,2,111232,0,0,30.38,93445.13,39.07,512384.28,b0
765286747,3,111278,0,0,30.65,93473.97,38.66,421833.16,b0
765279836,4,111324,0,0,30.46,93424.60,38.52,759643.94,b0
765271387,5,111370,0,0,30.16,93451.61,39.58,530707.44,b0
765283665,6,111416,0,0,30.12,93426.94,39.98,294676.25,b0
765268824,7,111462,0,0,29.93,93462.95,39.92,564965.50,b0
765287253,8,111508,0,0,29.84,93439.06,40.04,419242.59,b0
765270362,1,111555,0,0,30.29,93437.73,40.07,827809.19,b0
765269850,2,111601,0,0,30.39,93444.96,39.08,516259.13,b0
765286747,3,111647,0,0,30.65,93475.05,38.65,421833.16,b0
765279836,4,111693,0,0,30.45,93425.62,38.50,760066.81,b0
765271387,5,111739,0,0,30.16,93453.05,39.58,529883.56,b0
765283665,6,111785,0,0,30.12,93425.73,39.96,296983.75,b0
765268824,7,111831,0,0,29.93,93462.56,39.92,566841.94,b0
765287253,8,111878,0,0,29.84,93437.84,40.03,420533.88,b0
765270362,1,111924,0,0,30.28,93438.95,40.06,839000.44,b0
765269850,2,111970,0,0,30.39,93445.31,39.09,512769.16,b0
765286747,3,112016,0,0,30.65,93474.86,38.65,422093.97,b0
765279836,4,112062,0,0,30.44,93426.46,38.53,757957.06,b0
765271387,5,112108,0,0,30.17,93454.18,39.60,530707.44,b0
765283665,6,112155,0,0,30.14,93427.09,39.95,296725.59,b0
765268824,7,112201,0,0,29.95,93462.46,39.92,567313.00,b0
765287253,8,112247,0,0,29.85,93437.67,40.04,419500.22,b0
765270362,1,112293,0,0,30.28,93437.50,40.05,829317.69,b0
765269850,2,112339,0,0,30.38,93443.84,39.07,519796.97,b0
765286747,3,112385,0,0,30.64,93472.13,38.65,422093.97,b0
765279836,4,112432,0,0,30.45,93425.23,38.51,760490.19,b0
765271387,5,112478,0,0,30.17,93453.27,39.60,529883.56,b0
765283665,6,112524,0,0,30.13,93427.05,39.96,296210.59,b0
765268824,7,112570,0,0,29.94,93462.43,39.90,566371.69,b0
765287253,8,112616,0,0,29.84,93434.95,40.01,421052.63,b0
765270362,1,112662,0,0,30.27,93438.72,40.03,830831.63,b0
765269850,2,112709,0,0,30.38,93445.98,39.06,519796.97,b0
765286747,3,112755,0,0,30.64,93471.77,38.64,422355.13,b0
765279836,4,112801,0,0,30.45,93425.62,38.52,758378.06,b0
765271387,5,112847,0,0,30.17,93452.02,39.58,531533.88,b0
765283665,6,112893,0,0,30.13,93427.05,39.95,296983.75,b0
765268824,7,112939,0,0,29.94,93461.15,39.89,568730.94,b0
765287253,8,112985,0,0,29.84,93439.23,40.02,421052.63,b0
765270362,1,113032,0,0,30.27,93437.43,40.03,848384.44,b0
765269850,2,113078,0,0,30.37,93444.35,39.05,519006.59,b0
765286747,3,113124,0,0,30.64,93473.21,38.64,421052.63,b0
765279836,4,113170,0,0,30.45,93424.88,38.50,760490.19,b0
765271387,5,113216,0,0,30.17,93454.00,39.60,531120.31,b0
765283665,6,113262,0,0,30.13,93425.77,39.95,296210.59,b0
765268824,7,113308,0,0,29.93,93462.00,39.88,565902.19,b0
765287253,8,113354,0,0,29.84,93438.70,40.01,421052.63,b0
765270362,1,113401,0,0,30.26,93437.38,40.02,844710.25,b0
765269850,2,113447,0,0,30.37,93445.42,39.07,514702.19,b0
765286747,3,113493,0,0,30.65,93474.70,38.60,421052.63,b0
765279836,4,113539,0,0,30.45,93424.69,38.49,760490.19,b0
765271387,5,113585,0,0,30.16,93451.93,39.57,531120.31,b0
765283665,6,113631,0,0,30.12,93424.80,39.95,299065.41,b0
765268824,7,113677,0,0,29.92,93460.52,39.87,564498.38,b0
765287253,8,113724,0,0,29.83,93439.38,40.00,421312.50,b0
765270362,1,113770,0,0,30.26,93438.46,40.02,845756.75,b0
765269850,2,113816,0,0,30.36,93444.10,39.07,520589.72,b0
765286747,3,113862,0,0,30.64,93472.87,38.62,422093.97,b0
765279836,4,113908,0,0,30.45,93427.18,38.50,761763.06,b0
765271387,5,113954,0,0,30.16,93452.82,39.57,533194.50,b0
765283665,6,114001,0,0,30.13,93426.29,39.93,297501.44,b0
765268824,7,114047,0,0,29.92,93463.41,39.88,567313.00,b0
765287253,8,114093,0,0,29.82,93438.11,39.99,420793.09,b0
765270362,1,114139,0,0,30.25,93438.22,40.01,830326.38,b0
765269850,2,114185,0,0,30.35,93444.27,39.05,512769.16,b0
765286747,3,114231,0,0,30.65,93473.79,38.65,422878.38,b0
765279836,4,114277,0,0,30.44,93424.66,38.49,760914.00,b0
765271387,5,114324,0,0,30.16,93454.80,39.58,533611.25,b0
765283665,6,114370,0,0,30.13,93427.70,39.93,297242.38,b0
765268824,7,114416,0,0,29.90,93462.81,39.88,570632.50,b0
765287253,8,114462,0,0,29.80,93435.71,39.98,421572.66,b0
765270362,1,114508,0,0,30.25,93438.38,40.00,844187.94,b0
765269850,2,114554,0,0,30.35,93444.08,39.05,521384.94,b0
765286747,3,114601,0,0,30.64,93471.79,38.60,423140.50,b0
765279836,4,114647,0,0,30.45,93424.88,38.50,758378.06,b0
765271387,5,114693,0,0,30.15,93453.65,39.56,532362.88,b0
765283665,6,114739,0,0,30.12,93426.41,39.90,297760.97,b0
765268824,7,114785,0,0,29.88,93462.91,39.86,570632.50,b0
765287253,8,114831,0,0,29.79,93436.93,39.97,422616.59,b0
765270362,1,114878,0,0,30.25,93436.60,39.99,836943.19,b0
765269850,2,114924,0,0,30.35,93446.06,39.05,515090.53,b0
765286747,3,114970,0,0,30.64,93474.48,38.61,424455.97,b0
765279836,4,115016,0,0,30.44,93426.82,38.48,758799.56,b0
765271387,5,115062,0,0,30.13,93452.12,39.59,531120.31,b0
765283665,6,115108,0,0,30.11,93426.25,39.90,298542.28,b0
765268824,7,115154,0,0,29.86,93461.17,39.86,570632.50,b0
765287253,8,115200,0,0,29.77,93437.95,39.96,425779.63,b0
765270362,1,115247,0,0,30.24,93437.46,40.00,833367.25,b0
765269850,2,115293,0,0,30.35,93444.44,39.03,515090.53,b0
765286747,3,115339,0,0,30.64,93473.94,38.60,423402.94,b0
765279836,4,115385,0,0,30.43,93423.17,38.49,764321.69,b0
765271387,5,115431,0,0,30.13,93454.75,39.55,536969.06,b0
765283665,6,115477,0,0,30.10,93425.98,39.90,297760.97,b0
765268824,7,115523,0,0,29.85,93462.40,39.85,567784.88,b0
765287253,8,115570,0,0,29.75,93436.43,39.96,425249.16,b0
765270362,1,115616,0,0,30.25,93438.03,39.99,843145.31,b0
765269850,2,115662,0,0,30.34,93444.23,39.03,519401.47,b0
765286747,3,115708,0,0,30.64,93472.67,38.59,425249.16,b0
765279836,4,115754,0,0,30.44,93426.08,38.49,762188.31,b0
765271387,5,115800,0,0,30.12,93453.98,39.57,536125.63,b0
765283665,6,115846,0,0,30.10,93426.90,39.88,299327.69,b0
765268824,7,115893,0,0,29.83,93462.16,39.86,568257.50,b0
765287253,8,115939,0,0,29.74,93436.94,39.95,426045.34,b0
765270362,1,115985,0,0,30.25,93438.22,39.99,831337.50,b0
765269850,2,116031,0,0,30.35,93444.98,39.05,517433.06,b0
765286747,3,116077,0,0,30.64,93474.12,38.60,423665.69,b0
765279836,4,116123,0,0,30.44,93425.20,38.47,763040.25,b0
765271387,5,116170,0,0,30.12,93454.52,39.57,535704.94,b0
765283665,6,116216,0,0,30.09,93425.40,39.87,300117.22,b0
765268824,7,116262,0,0,29.83,93461.03,39.82,571588.06,b0
765287253,8,116308,0,0,29.74,93436.93,39.95,425779.63,b0
765270362,1,116354,0,0,30.27,93439.05,39.98,834385.81,b0
765269850,2,116400,0,0,30.36,93444.47,39.05,524993.56,b0
765286747,3,116447,0,0,30.65,93473.98,38.60,423665.69,b0
765279836,4,116493,0,0,30.45,93426.29,38.49,765607.50,b0
765271387,5,116539,0,0,30.13,93453.51,39.58,537391.75,b0
765283665,6,116585,0,0,30.10,93426.77,39.86,299853.59,b0
765268824,7,116631,0,0,29.83,93463.43,39.84,569680.13,b0
765287253,8,116677,0,0,29.76,93440.02,39.96,425514.22,b0
765270362,1,116724,0,0,30.28,93438.38,39.99,833367.25,b0
765269850,2,116770,0,0,30.37,93445.41,39.03,520193.03,b0
765286747,3,116816,0,0,30.66,93473.27,38.57,426045.34,b0
765279836,4,116862,0,0,30.46,93426.53,38.48,762614.06,b0
765271387,5,116908,0,0,30.13,93453.88,39.53,539942.00,b0
765283665,6,116954,0,0,30.11,93425.37,39.86,300910.97,b0
765268824,7,117000,0,0,29.83,93460.88,39.84,569680.13,b0
765287253,8,117046,0,0,29.76,93436.65,39.95,424720.03,b0
765270362,1,117093,0,0,30.28,93439.49,39.99,833367.25,b0
765269850,2,117139,0,0,30.37,93445.61,39.04,523785.16,b0
765286747,3,117185,0,0,30.66,93473.30,38.57,423928.78,b0
765279836,4,117231,0,0,30.45,93426.87,38.48,763466.94,b0
765271387,5,117277,0,0,30.11,93453.77,39.55,538663.88,b0
765283665,6,117323,0,0,30.10,93427.43,39.85,299853.59,b0
765268824,7,117369,0,0,29.84,93462.75,39.85,569680.13,b0
765287253,8,117415,0,0,29.77,93437.73,39.96,426844.53,b0
765270362,1,117462,0,0,30.29,93438.10,39.98,845756.75,b0
765269850,2,117508,0,0,30.38,93445.09,39.04,518612.31,b0
765286747,3,117554,0,0,30.66,93473.99,38.57,425779.63,b0
765279836,4,117600,0,0,30.45,93425.80,38.47,767328.56,b0
765271387,5,117646,0,0,30.10,93454.58,39.55,536125.63,b0
765283665,6,117692,0,0,30.08,93427.09,39.85,300645.91,b0
765268824,7,117738,0,0,29.85,93462.22,39.85,571109.88,b0
765287253,8,117785,0,0,29.77,93437.56,39.96,426311.41,b0
765270362,1,117831,0,0,30.27,93439.08,39.98,843666.31,b0
765269850,2,117877,0,0,30.37,93445.07,39.04,521384.94,b0
765286747,3,117923,0,0,30.65,93474.86,38.56,424720.03,b0
765279836,4,117969,0,0,30.45,93424.71,38.47,766037.00,b0
765271387,5,118015,0,0,30.11,93454.45,39.51,536125.63,b0
765283665,6,118062,0,0,30.08,93428.32,39.82,301176.47,b0
765268824,7,118108,0,0,29.85,93461.12,39.86,573027.44,b0
765287253,8,118154,0,0,29.76,93439.16,39.97,426311.41,b0
765270362,1,118200,0,0,30.26,93436.51,39.96,834385.81,b0
765269850,2,118246,0,0,30.38,93445.63,39.04,523383.59,b0
765286747,3,118292,0,0,30.65,93474.86,38.56,426045.34,b0
765279836,4,118339,0,0,30.45,93425.96,38.48,765607.50,b0
765271387,5,118385,0,0,30.10,93453.18,39.54,536969.06,b0
765283665,6,118431,0,0,30.08,93429.54,39.83,301442.44,b0
765268824,7,118477,0,0,29.86,93462.45,39.85,572546.81,b0
765287253,8,118523,0,0,29.76,93436.27,39.96,427646.69,b0
765270362,1,118569,0,0,30.26,93439.35,39.96,833367.25,b0
765269850,2,118616,0,0,30.38,93444.91,39.04,517825.53,b0
765286747,3,118662,0,0,30.65,93473.24,38.56,422878.38,b0
765279836,4,118708,0,0,30.45,93426.50,38.48,772538.69,b0
765271387,5,118754,0,0,30.11,93454.13,39.56,536547.00,b0
765283665,6,118800,0,0,30.08,93426.13,39.82,301442.44,b0
765268824,7,118846,0,0,29.86,93462.64,39.88,570155.88,b0
765287253,8,118892,0,0,29.76,93438.59,39.96,428183.16,b0
765270362,1,118939,0,0,30.25,93436.08,39.97,836430.44,b0
765269850,2,118985,0,0,30.37,93446.31,39.03,518612.31,b0
765286747,3,119031,0,0,30.66,93474.18,38.58,423402.94,b0
765279836,4,119077,0,0,30.45,93427.20,38.50,767760.06,b0
765271387,5,119123,0,0,30.12,93455.93,39.56,539942.00,b0
765283665,6,119169,0,0,30.09,93426.77,39.84,304399.53,b0
765268824,7,119215,0,0,29.85,93461.70,39.86,570155.88,b0
765287253,8,119261,0,0,29.76,93437.34,39.96,428720.97,b0
765270362,1,119308,0,0,30.26,93437.94,39.97,844187.94,b0
765269850,2,119354,0,0,30.37,93445.78,39.02,519006.59,b0
765286747,3,119400,0,0,30.66,93473.48,38.58,424192.22,b0
765279836,4,119446,0,0,30.45,93425.24,38.47,765607.50,b0
765271387,5,119492,0,0,30.12,93453.82,39.54,538663.88,b0
765283665,6,119538,0,0,30.10,93428.73,39.83,303048.25,b0
765268824,7,119584,0,0,29.86,93462.80,39.86,570155.88,b0
765287253,8,119631,0,0,29.76,93437.73,39.97,427111.56,b0
765270362,1,119677,0,0,30.28,93439.14,39.98,839516.31,b0
765269850,2,119723,0,0,30.38,93444.94,39.04,524993.56,b0
765286747,3,119769,0,0,30.67,93472.98,38.58,425249.16,b0
765279836,4,119815,0,0,30.46,93425.83,38.49,767760.06,b0
765271387,5,119861,0,0,30.13,93453.91,39.53,542085.75,b0
765283665,6,119908,0,0,30.11,93427.52,39.83,301975.81,b0
765268824,7,119954,0,0,29.86,93462.26,39.86,574474.06,b0
765287253,8,120000,0,0,29.77,93438.45,39.96,430071.41,b0
765270362,1,120046,0,0,30.29,93438.66,39.96,836943.19,b0
765269850,2,120092,0,0,30.40,93446.06,39.04,520987.03,b0
765286747,3,120138,0,0,30.68,93473.57,38.57,425779.63,b0
765279836,4,120184,0,0,30.47,93425.71,38.49,771665.44,b0
765271387,5,120231,0,0,30.14,93453.95,39.56,541226.19,b0
765283665,6,120277,0,0,30.12,93429.25,39.83,304943.41,b0
765268824,7,120323,0,0,29.86,93463.20,39.87,570632.50,b0
765287253,8,120369,0,0,29.78,93437.08,39.99,430885.75,b0
765270362,1,120415,0,0,30.30,93439.38,39.96,846281.00,b0
765269850,2,120461,0,0,30.41,93447.19,39.01,519006.59,b0
765286747,3,120508,0,0,30.69,93473.41,38.57,425779.63,b0
765279836,4,120554,0,0,30.47,93424.30,38.48,767760.06,b0
765271387,5,120600,0,0,30.15,93454.58,39.54,537815.13,b0
765283665,6,120646,0,0,30.13,93427.92,39.83,303317.53,b0
765268824,7,120692,0,0,29.87,93463.05,39.85,572546.81,b0
765287253,8,120738,0,0,29.79,93436.92,39.96,429800.63,b0
765270362,1,120785,0,0,30.30,93439.24,39.98,844710.25,b0
765269850,2,120831,0,0,30.41,93445.79,39.01,517825.53,b0
765286747,3,120877,0,0,30.69,93473.23,38.58,424720.03,b0
765279836,4,120923,0,0,30.49,93424.91,38.48,766897.56,b0
765271387,5,120969,0,0,30.16,93453.55,39.54,541226.19,b0
765283665,6,121015,0,0,30.13,93427.77,39.83,304128.31,b0
765268824,7,121061,0,0,29.89,93461.29,39.86,573991.06,b0
765287253,8,121107,0,0,29.79,93437.30,39.97,429800.63,b0
765270362,1,121154,0,0,30.30,93438.00,39.97,838485.19,b0
765269850,2,121200,0,0,30.43,93445.85,39.01,530707.44,b0
765286747,3,121246,0,0,30.70,93473.43,38.59,423402.94,b0
765279836,4,121292,0,0,30.50,93426.59,38.47,765607.50,b0
765271387,5,121338,0,0,30.17,93454.49,39.55,540369.38,b0
765283665,6,121384,0,0,30.13,93426.70,39.83,301975.81,b0
765268824,7,121430,0,0,29.90,93464.60,39.88,577878.13,b0
765287253,8,121477,0,0,29.80,93438.23,39.97,429260.13,b0
765270362,1,121523,0,0,30.30,93436.20,39.95,848384.44,b0
765269850,2,121569,0,0,30.43,93445.31,39.01,524187.34,b0
765286747,3,121615,0,0,30.70,93473.43,38.56,423928.78,b0
765279836,4,121661,0,0,30.51,93426.45,38.47,767328.56,b0
765271387,5,121707,0,0,30.17,93454.37,39.53,539515.25,b0
765283665,6,121753,0,0,30.14,93427.13,39.84,303317.53,b0
765268824,7,121800,0,0,29.90,93461.90,39.88,573991.06,b0
765287253,8,121846,0,0,29.81,93437.35,39.97,429530.19,b0
765270362,1,121892,0,0,30.31,93439.47,39.95,836943.19,b0
765269850,2,121938,0,0,30.44,93443.93,39.01,519401.47,b0
765286747,3,121984,0,0,30.70,93474.69,38.57,425249.16,b0
765279836,4,122030,0,0,30.51,93424.30,38.47,768624.50,b0
765271387,5,122077,0,0,30.17,93452.57,39.54,539515.25,b0
765283665,6,122123,0,0,30.14,93426.81,39.84,302779.41,b0
765268824,7,122169,0,0,29.91,93463.39,39.86,572067.06,b0
765287253,8,122215,0,0,29.80,93437.51,39.95,428720.97,b0
765270362,1,122261,0,0,30.31,93439.66,39.94,845756.75,b0
765269850,2,122307,0,0,30.44,93445.18,39.00,523785.16,b0
765286747,3,122354,0,0,30.70,93473.99,38.56,426311.41,b0
765279836,4,122400,0,0,30.52,93428.31,38.46,767328.56,b0
765271387,5,122446,0,0,30.18,93455.48,39.55,538663.88,b0
765283665,6,122492,0,0,30.13,93428.13,39.83,302243.22,b0
765268824,7,122538,0,0,29.91,93462.48,39.89,572067.06,b0
765287253,8,122584,0,0,29.81,93439.85,39.96,429800.63,b0
765270362,1,122631,0,0,30.31,93437.86,39.94,844187.94,b0
765269850,2,122677,0,0,30.43,93445.34,39.01,523785.16,b0
765286747,3,122723,0,0,30.71,93475.44,38.54,424984.44,b0
765279836,4,122769,0,0,30.50,93424.27,38.47,767328.56,b0
765271387,5,122815,0,0,30.16,93453.75,39.54,538239.19,b0
765283665,6,122861,0,0,30.13,93425.05,39.83,302511.09,b0
765268824,7,122907,0,0,29.92,93462.68,39.87,571109.88,b0
765287253,8,122953,0,0,29.80,93438.05,39.97,427378.97,b0
765270362,1,123000,0,0,30.31,93438.60,39.93,833367.25,b0
765269850,2,123046,0,0,30.43,93444.45,38.98,524590.19,b0
765286747,3,123092,0,0,30.71,93474.56,38.55,426844.53,b0
765279836,4,123138,0,0,30.51,93426.10,38.46,760490.19,b0
765271387,5,123184,0,0,30.16,93454.48,39.55,538663.88,b0
765283665,6,123230,0,0,30.13,93427.41,39.84,303048.25,b0
765268824,7,123276,0,0,29.92,93462.13,39.87,570155.88,b0
765287253,8,123322,0,0,29.82,93438.84,39.96,426844.53,b0
765270362,1,123369,0,0,30.33,93438.67,39.91,840032.81,b0
765269850,2,123415,0,0,30.44,93443.95,38.98,522582.28,b0
765286747,3,123461,0,0,30.71,93474.90,38.55,426844.53,b0
765279836,4,123507,0,0,30.51,93427.16,38.45,769924.81,b0
765271387,5,123553,0,0,30.17,93453.78,39.54,541226.19,b0
765283665,6,123599,0,0,30.14,93428.38,39.85,301708.91,b0
765268824,7,123645,0,0,29.93,93463.81,39.90,574957.88,b0
765287253,8,123692,0,0,29.83,93439.55,39.99,428990.38,b0
765270362,1,123738,0,0,30.33,93438.31,39.93,840550.00,b0
765269850,2,123784,0,0,30.44,93445.38,38.97,525397.63,b0
765286747,3,123830,0,0,30.71,93473.30,38.53,425514.22,b0
765279836,4,123876,0,0,30.51,93426.97,38.45,769057.44,b0
765271387,5,123922,0,0,30.18,93454.39,39.54,539089.25,b0
765283665,6,123969,0,0,30.15,93427.75,39.85,302779.41,b0
765268824,7,124015,0,0,29.92,93462.52,39.88,571588.06,b0
765287253,8,124061,0,0,29.84,93440.15,39.97,429800.63,b0
765270362,1,124107,0,0,30.33,93436.88,39.91,834385.81,b0
765269850,2,124153,0,0,30.45,93446.12,38.96,518612.31,b0
765286747,3,124199,0,0,30.71,93475.45,38.55,426045.34,b0
765279836,4,124245,0,0,30.51,93425.94,38.45,767328.56,b0
765271387,5,124292,0,0,30.18,93453.38,39.55,540369.38,b0
765283665,6,124338,0,0,30.15,93426.31,39.84,304128.31,b0
765268824,7,124384,0,0,29.92,93464.16,39.87,572067.06,b0
765287253,8,124430,0,0,29.83,93440.63,39.97,428990.38,b0
765270362,1,124476,0,0,30.33,93437.24,39.91,849440.06,b0
765269850,2,124522,0,0,30.45,93445.07,38.96,519401.47,b0
765286747,3,124569,0,0,30.71,93475.10,38.53,427111.56,b0
765279836,4,124615,0,0,30.53,93426.90,38.44,767328.56,b0
765271387,5,124661,0,0,30.18,93454.98,39.54,540797.44,b0
765283665,6,124707,0,0,30.15,93427.93,39.84,302243.22,b0
765268824,7,124753,0,0,29.93,93463.63,39.85,574474.06,b0
765287253,8,124799,0,0,29.83,93440.27,39.97,429530.19,b0
765270362,1,124846,0,0,30.33,93440.14,39.90,853155.56,b0
765269850,2,124892,0,0,30.45,93444.52,38.96,517041.16,b0
765286747,3,124938,0,0,30.71,93475.10,38.53,426045.34,b0
765279836,4,124984,0,0,30.53,93428.73,38.44,766467.06,b0
765271387,5,125030,0,0,30.19,93454.15,39.53,538239.19,b0
765283665,6,125076,0,0,30.15,93427.40,39.85,304671.22,b0
765268824,7,125122,0,0,29.94,93464.75,39.86,574474.06,b0
765287253,8,125168,0,0,29.83,93439.94,39.96,430613.97,b0
765270362,1,125215,0,0,30.32,93438.65,39.89,836430.44,b0
765269850,2,125261,0,0,30.46,93446.52,38.95,518218.63,b0
765286747,3,125307,0,0,30.71,93474.91,38.52,426577.78,b0
765279836,4,125353,0,0,30.53,93426.41,38.45,766897.56,b0
765271387,5,125399,0,0,30.19,93454.87,39.55,538663.88,b0
765283665,6,125445,0,0,30.15,93426.70,39.85,303048.25,b0
765268824,7,125491,0,0,29.94,93463.30,39.84,573991.06,b0
765287253,8,125538,0,0,29.83,93439.41,39.95,430613.97,b0
765270362,1,125584,0,0,30.33,93438.31,39.89,846805.88,b0
765269850,2,125630,0,0,30.46,93446.52,38.93,520193.03,b0
765286747,3,125676,0,0,30.71,93474.74,38.50,423140.50,b0
765279836,4,125722,0,0,30.54,93427.33,38.44,769490.88,b0
765271387,5,125768,0,0,30.19,93452.55,39.53,539942.00,b0
765283665,6,125814,0,0,30.16,93428.38,39.85,303587.31,b0
765268824,7,125861,0,0,29.94,93462.42,39.86,574474.06,b0
765287253,8,125907,0,0,29.84,93438.90,39.95,430885.75,b0
765270362,1,125953,0,0,30.33,93439.74,39.89,837970.56,b0
765269850,2,125999,0,0,30.45,93447.20,38.95,518612.31,b0
765286747,3,126045,0,0,30.71,93475.28,38.51,425249.16,b0
765279836,4,126091,0,0,30.54,93428.23,38.45,767328.56,b0
765271387,5,126138,0,0,30.21,93454.05,39.54,540369.38,b0
765283665,6,126184,0,0,30.17,93429.39,39.85,303317.53,b0
765268824,7,126230,0,0,29.96,93463.75,39.85,572546.81,b0
765287253,8,126276,0,0,29.85,93438.56,39.95,428451.88,b0
765270362,1,126322,0,0,30.33,93438.67,39.89,836430.44,b0
765269850,2,126368,0,0,30.46,93446.51,38.93,525802.31,b0
765286747,3,126415,0,0,30.72,93474.59,38.50,427111.56,b0
765279836,4,126461,0,0,30.54,93428.05,38.43,767760.06,b0
765271387,5,126507,0,0,30.21,93453.17,39.53,543380.19,b0
765283665,6,126553,0,0,30.18,93426.41,39.85,304128.31,b0
765268824,7,126599,0,0,29.96,93464.31,39.85,575928.00,b0
765287253,8,126645,0,0,29.86,93439.30,39.95,429530.19,b0
765270362,1,126692,0,0,30.33,93438.33,39.88,845756.75,b0
765269850,2,126738,0,0,30.46,93447.24,38.92,524590.19,b0
765286747,3,126784,0,0,30.72,93474.97,38.50,426045.34,b0
765279836,4,126830,0,0,30.54,93428.05,38.44,770359.25,b0
765271387,5,126876,0,0,30.22,93454.12,39.52,539515.25,b0
765283665,6,126922,0,0,30.19,93429.04,39.85,303048.25,b0
765268824,7,126968,0,0,29.96,93463.23,39.84,573508.81,b0
765287253,8,127014,0,0,29.87,93439.35,39.96,428720.97,b0
765270362,1,127061,0,0,30.33,93440.86,39.85,846281.00,b0
765269850,2,127107,0,0,30.46,93446.34,38.93,522982.63,b0
765286747,3,127153,0,0,30.72,93474.97,38.48,425514.22,b0
765279836,4,127199,0,0,30.54,93426.09,38.41,769924.81,b0
765271387,5,127245,0,0,30.23,93453.31,39.54,538663.88,b0
765283665,6,127291,0,0,30.20,93428.76,39.85,303317.53,b0
765268824,7,127337,0,0,29.97,93462.70,39.84,570155.88,b0
765287253,8,127383,0,0,29.88,93440.83,39.96,428720.97,b0
765270362,1,127430,0,0,30.33,93438.68,39.85,837456.56,b0
765269850,2,127476,0,0,30.46,93446.52,38.91,525802.31,b0
765286747,3,127522,0,0,30.73,93474.82,38.48,428183.16,b0
765279836,4,127568,0,0,30.54,93427.37,38.41,774291.13,b0
765271387,5,127614,0,0,30.23,93454.59,39.52,539942.00,b0
765283665,6,127660,0,0,30.20,93427.32,39.84,301975.81,b0
765268824,7,127706,0,0,29.97,93463.82,39.84,566841.94,b0
765287253,8,127753,0,0,29.89,93441.56,39.96,428183.16,b0
765270362,1,127799,0,0,30.34,93438.91,39.85,844710.25,b0
765269850,2,127845,0,0,30.47,93446.75,38.91,523383.59,b0
765286747,3,127891,0,0,30.72,93474.97,38.47,428183.16,b0
765279836,4,127937,0,0,30.55,93428.09,38.41,772538.69,b0
765271387,5,127983,0,0,30.23,93453.31,39.50,540797.44,b0
765283665,6,128030,0,0,30.20,93428.39,39.86,301975.81,b0
765268824,7,128076,0,0,29.98,93462.59,39.85,573508.81,b0
765287253,8,128122,0,0,29.89,93442.10,39.97,427111.56,b0
765270362,1,128168,0,0,30.35,93438.24,39.85,847857.56,b0
765269850,2,128214,0,0,30.47,93444.45,38.91,517433.06,b0
765286747,3,128260,0,0,30.74,93475.20,38.48,427914.75,b0
765279836,4,128306,0,0,30.56,93427.81,38.40,769057.44,b0
765271387,5,128353,0,0,30.23,93453.85,39.51,540369.38,b0
765283665,6,128399,0,0,30.20,93428.76,39.83,303587.31,b0
765268824,7,128445,0,0,29.97,93464.16,39.84,568730.94,b0
765287253,8,128491,0,0,29.89,93439.43,39.96,426844.53,b0
765270362,1,128537,0,0,30.35,93440.26,39.83,841586.19,b0
765269850,2,128583,0,0,30.49,93446.27,38.89,517825.53,b0
765286747,3,128630,0,0,30.75,93475.95,38.45,425249.16,b0
765279836,4,128676,0,0,30.57,93428.55,38.40,771229.50,b0
765271387,5,128722,0,0,30.23,93454.74,39.50,540369.38,b0
765283665,6,128768,0,0,30.20,93428.82,39.84,303587.31,b0
765268824,7,128814,0,0,29.98,93464.73,39.85,569205.13,b0
765287253,8,128860,0,0,29.89,93439.61,39.96,427378.97,b0
765270362,1,128907,0,0,30.36,93439.56,39.84,842625.00,b0
765269850,2,128953,0,0,30.50,93448.13,38.89,523785.16,b0
765286747,3,128999,0,0,30.76,93475.27,38.45,425514.22,b0
765279836,4,129045,0,0,30.58,93428.61,38.39,767760.06,b0
765271387,5,129091,0,0,30.24,93456.80,39.49,541226.19,b0
765283665,6,129137,0,0,30.21,93427.78,39.84,301442.44,b0
765268824,7,129183,0,0,29.98,93463.31,39.85,568257.50,b0
765287253,8,129229,0,0,29.90,93440.35,39.98,426577.78,b0
765270362,1,129276,0,0,30.37,93438.20,39.84,845233.19,b0
765269850,2,129322,0,0,30.51,93447.44,38.90,521384.94,b0
765286747,3,129368,0,0,30.77,93477.81,38.46,426311.41,b0
765279836,4,129414,0,0,30.58,93428.62,38.39,770794.13,b0
765271387,5,129460,0,0,30.25,93455.41,39.50,540369.38,b0
765283665,6,129506,0,0,30.21,93429.09,39.83,304128.31,b0
765268824,7,129552,0,0,29.99,93463.70,39.84,569680.13,b0
765287253,8,129599,0,0,29.91,93439.31,39.95,428183.16,b0
765270362,1,129645,0,0,30.38,93438.83,39.81,839516.31,b0
765269850,2,129691,0,0,30.51,93445.68,38.88,520589.72,b0
765286747,3,129737,0,0,30.77,93475.50,38.44,426311.41,b0
765279836,4,129783,0,0,30.58,93427.01,38.37,767760.06,b0
765271387,5,129829,0,0,30.25,93456.69,39.49,539942.00,b0
765283665,6,129875,0,0,30.22,93428.95,39.82,303587.31,b0
765268824,7,129922,0,0,30.00,93464.47,39.84,571588.06,b0
765287253,8,129968,0,0,29.91,93440.04,39.97,426577.78,b0
765270362,1,130014,0,0,30.40,93440.89,39.83,838485.19,b0
765269850,2,130060,0,0,30.52,93447.11,38.87,520589.72,b0
765286747,3,130106,0,0,30.77,93474.58,38.46,425779.63,b0
765279836,4,130152,0,0,30.58,93427.19,38.37,771229.50,b0
765271387,5,130199,0,0,30.25,93455.09,39.48,539089.25,b0
765283665,6,130245,0,0,30.22,93428.44,39.83,303317.53,b0
765268824,7,130291,0,0,30.02,93465.98,39.83,569205.13,b0
765287253,8,130337,0,0,29.92,93441.48,39.96,425779.63,b0
765270362,1,130383,0,0,30.39,93440.84,39.81,842625.00,b0
765269850,2,130429,0,0,30.52,93447.47,38.87,522182.56,b0
765286747,3,130476,0,0,30.77,93477.27,38.45,426045.34,b0
765279836,4,130522,0,0,30.58,93426.68,38.37,768624.50,b0
765271387,5,130568,0,0,30.26,93455.86,39.49,539089.25,b0
765283665,6,130614,0,0,30.22,93429.20,39.85,301442.44,b0
765268824,7,130660,0,0,30.02,93465.83,39.83,566841.94,b0
765287253,8,130706,0,0,29.93,93440.62,39.94,425514.22,b0
765270362,1,130753,0,0,30.39,93438.15,39.81,827809.19,b0
765269850,2,130799,0,0,30.51,93446.40,38.89,519796.97,b0
765286747,3,130845,0,0,30.76,93477.62,38.46,425249.16,b0
765279836,4,130891,0,0,30.59,93429.56,38.37,767328.56,b0
765271387,5,130937,0,0,30.26,93456.57,39.48,537391.75,b0
765283665,6,130983,0,0,30.22,93428.84,39.83,301176.47,b0
765268824,7,131029,0,0,30.03,93465.66,39.84,562637.38,b0
765287253,8,131075,0,0,29.93,93440.08,39.94,427646.69,b0
765270362,1,131122,0,0,30.40,93439.63,39.82,834385.81,b0
765269850,2,131168,0,0,30.52,93448.06,38.87,520193.03,b0
765286747,3,131214,0,0,30.77,93475.48,38.43,426844.53,b0
765279836,4,131260,0,0,30.59,93426.90,38.35,765178.38,b0
765271387,5,131306,0,0,30.26,93456.05,39.49,540369.38,b0
765283665,6,131352,0,0,30.22,93428.80,39.83,303587.31,b0
765268824,7,131398,0,0,30.03,93464.77,39.82,569205.13,b0
765287253,8,131444,0,0,29.93,93441.34,39.95,425779.63,b0
765270362,1,131491,0,0,30.41,93439.31,39.80,834385.81,b0
765269850,2,131537,0,0,30.53,93448.95,38.85,514314.41,b0
765286747,3,131583,0,0,30.78,93476.77,38.43,423665.69,b0
765279836,4,131629,0,0,30.60,93428.90,38.36,768624.50,b0
765271387,5,131675,0,0,30.25,93455.45,39.49,537815.13,b0
765283665,6,131721,0,0,30.22,93429.48,39.81,301176.47,b0
765268824,7,131768,0,0,30.03,93464.95,39.84,562637.38,b0
765287253,8,131814,0,0,29.93,93440.98,39.95,425514.22,b0
765270362,1,131860,0,0,30.42,93439.91,39.80,829821.69,b0
765269850,2,131906,0,0,30.53,93447.20,38.85,512769.16,b0
765286747,3,131952,0,0,30.79,93477.55,38.43,426577.78,b0
765279836,4,131998,0,0,30.61,93428.78,38.36,763466.94,b0
765271387,5,132045,0,0,30.26,93458.16,39.48,539942.00,b0
765283665,6,132091,0,0,30.22,93427.88,39.80,304128.31,b0
765268824,7,132137,0,0,30.03,93464.96,39.81,565902.19,b0
765287253,8,132183,0,0,29.94,93442.44,39.94,427111.56,b0
765270362,1,132229,0,0,30.43,93440.70,39.79,835918.38,b0
765269850,2,132275,0,0,30.54,93447.23,38.85,513154.59,b0
765286747,3,132322,0,0,30.80,93477.20,38.43,424192.22,b0
765279836,4,132368,0,0,30.61,93429.16,38.36,767328.56,b0
765271387,5,132414,0,0,30.26,93456.03,39.46,539942.00,b0
765283665,6,132460,0,0,30.23,93430.49,39.80,303048.25,b0
765268824,7,132506,0,0,30.04,93465.73,39.80,566371.69,b0
765287253,8,132552,0,0,29.94,93441.02,39.93,425779.63,b0
765270362,1,132599,0,0,30.43,93439.97,39.79,816912.63,b0
765269850,2,132645,0,0,30.54,93448.49,38.84,515479.50,b0
765286747,3,132691,0,0,30.80,93478.13,38.42,421833.16,b0
765279836,4,132737,0,0,30.61,93429.68,38.32,765607.50,b0
765271387,5,132783,0,0,30.27,93456.06,39.45,539515.25,b0
765283665,6,132829,0,0,30.23,93429.82,39.79,303048.25,b0
765268824,7,132875,0,0,30.05,93465.38,39.79,566841.94,b0
765287253,8,132921,0,0,29.94,93441.20,39.92,426844.53,b0
765270362,1,132968,0,0,30.43,93440.34,39.78,827809.19,b0
765269850,2,133014,0,0,30.55,93448.88,38.81,513154.59,b0
765286747,3,133060,0,0,30.81,93478.14,38.42,424720.03,b0
765279836,4,133106,0,0,30.61,93428.08,38.33,763466.94,b0
765271387,5,133152,0,0,30.27,93457.88,39.46,539089.25,b0
765283665,6,133198,0,0,30.24,93430.83,39.78,304128.31,b0
765268824,7,133244,0,0,30.07,93466.54,39.78,564031.94,b0
765287253,8,133290,0,0,29.94,93442.27,39.91,428451.88,b0
765270362,1,133337,0,0,30.43,93440.34,39.79,827809.19,b0
765269850,2,133383,0,0,30.54,93449.36,38.82,516259.13,b0
765286747,3,133429,0,0,30.80,93478.11,38.41,425249.16,b0
765279836,4,133475,0,0,30.62,93430.60,38.33,762614.06,b0
765271387,5,133521,0,0,30.28,93457.78,39.46,539089.25,b0
765283665,6,133567,0,0,30.25,93431.74,39.78,302243.22,b0
765268824,7,133613,0,0,30.06,93466.34,39.79,564965.50,b0
765287253,8,133660,0,0,29.95,93441.59,39.91,427914.75,b0
765270362,1,133706,0,0,30.42,93440.48,39.77,826306.25,b0
765269850,2,133752,0,0,30.53,93448.61,38.83,514702.19,b0
765286747,3,133798,0,0,30.80,93478.11,38.41,423140.50,b0
765279836,4,133844,0,0,30.62,93429.91,38.33,764321.69,b0
765271387,5,133890,0,0,30.29,93458.38,39.45,537815.13,b0
765283665,6,133937,0,0,30.26,93432.06,39.79,301708.91,b0
765268824,7,133983,0,0,30.07,93467.66,39.78,562174.06,b0
765287253,8,134029,0,0,29.96,93444.66,39.89,425779.63,b0
765270362,1,134075,0,0,30.43,93442.83,39.76,822820.44,b0
765269850,2,134121,0,0,30.53,93449.85,38.81,516259.13,b0
765286747,3,134167,0,0,30.81,93477.95,38.41,423928.78,b0
765279836,4,134213,0,0,30.62,93432.60,38.32,767328.56,b0
765271387,5,134260,0,0,30.30,93459.35,39.45,536125.63,b0
765283665,6,134306,0,0,30.26,93431.14,39.77,302243.22,b0
765268824,7,134352,0,0,30.08,93469.33,39.75,564498.38,b0
765287253,8,134398,0,0,29.96,93445.20,39.88,426577.78,b0
765270362,1,134444,0,0,30.43,93442.48,39.75,832351.13,b0
765269850,2,134490,0,0,30.54,93451.33,38.80,516649.84,b0
765286747,3,134537,0,0,30.81,93478.34,38.39,422878.38,b0
765279836,4,134583,0,0,30.63,93429.79,38.32,760490.19,b0
765271387,5,134629,0,0,30.31,93459.39,39.43,537391.75,b0
765283665,6,134675,0,0,30.26,93432.63,39.78,301176.47,b0
765268824,7,134721,0,0,30.08,93467.50,39.74,565433.44,b0
765287253,8,134767,0,0,29.96,93445.39,39.87,428183.16,b0
765270362,1,134814,0,0,30.43,93444.48,39.73,827307.63,b0
765269850,2,134860,0,0,30.55,93451.20,38.81,515869.03,b0
765286747,3,134906,0,0,30.82,93480.52,38.40,422878.38,b0
765279836,4,134952,0,0,30.64,93429.27,38.32,761338.31,b0
765271387,5,134998,0,0,30.31,93458.48,39.43,536547.00,b0
765283665,6,135044,0,0,30.27,93431.61,39.76,303048.25,b0
765268824,7,135090,0,0,30.07,93468.57,39.74,568730.94,b0
765287253,8,135136,0,0,29.95,93443.92,39.87,425779.63,b0
765270362,1,135183,0,0,30.44,93443.98,39.76,825806.44,b0
765269850,2,135229,0,0,30.56,93451.04,38.82,513927.22,b0
765286747,3,135275,0,0,30.83,93479.29,38.40,420793.09,b0
765279836,4,135321,0,0,30.64,93431.12,38.31,762188.31,b0
765271387,5,135367,0,0,30.31,93459.78,39.42,541226.19,b0
765283665,6,135413,0,0,30.27,93432.83,39.73,301975.81,b0
765268824,7,135459,0,0,30.08,93468.22,39.71,566841.94,b0
765287253,8,135506,0,0,29.96,93444.30,39.85,424720.03,b0
765270362,1,135552,0,0,30.44,93443.63,39.75,827809.19,b0
765269850,2,135598,0,0,30.56,93452.69,38.80,508946.31,b0
765286747,3,135644,0,0,30.83,93480.39,38.40,420533.88,b0
765279836,4,135690,0,0,30.65,93431.34,38.31,763040.25,b0
765271387,5,135736,0,0,30.32,93459.25,39.42,539089.25,b0
765283665,6,135782,0,0,30.29,93433.38,39.75,302243.22,b0
765268824,7,135829,0,0,30.08,93467.69,39.71,566841.94,b0
765287253,8,135875,0,0,29.97,93444.85,39.82,427111.56,b0
765270362,1,135921,0,0,30.45,93445.08,39.74,824808.69,b0
765269850,2,135967,0,0,30.57,93452.55,38.80,513154.59,b0
765286747,3,136013,0,0,30.84,93480.96,38.41,420016.41,b0
765279836,4,136059,0,0,30.66,93431.04,38.30,757957.06,b0
765271387,5,136106,0,0,30.32,93461.99,39.41,536969.06,b0
765283665,6,136152,0,0,30.28,93433.35,39.73,301708.91,b0
765268824,7,136198,0,0,30.09,93468.45,39.70,568730.94,b0
765287253,8,136244,0,0,29.98,93445.05,39.82,427646.69,b0
765270362,1,136290,0,0,30.46,93443.00,39.74,812537.19,b0
765269850,2,136336,0,0,30.57,93449.52,38.80,515479.50,b0
765286747,3,136382,0,0,30.85,93480.43,38.40,419242.59,b0
765279836,4,136429,0,0,30.67,93431.77,38.31,760490.19,b0
765271387,5,136475,0,0,30.33,93460.98,39.39,539089.25,b0
765283665,6,136521,0,0,30.30,93433.33,39.72,302511.09,b0
765268824,7,136567,0,0,30.09,93468.45,39.70,568730.94,b0
765287253,8,136613,0,0,29.99,93446.55,39.80,426311.41,b0
765270362,1,136660,0,0,30.46,93444.09,39.74,826306.25,b0
765269850,2,136706,0,0,30.59,93453.34,38.79,512000.00,b0
765286747,3,136752,0,0,30.85,93480.63,38.41,419500.22,b0
765279836,4,136798,0,0,30.67,93430.17,38.29,763894.06,b0
765271387,5,136844,0,0,30.34,93459.96,39.37,534446.75,b0
765283665,6,136890,0,0,30.30,93433.34,39.70,302511.09,b0
765268824,7,136936,0,0,30.10,93469.75,39.67,565433.44,b0
765287253,8,136982,0,0,29.99,93444.59,39.80,427646.69,b0
765270362,1,137029,0,0,30.46,93444.62,39.73,822324.81,b0
765269850,2,137075,0,0,30.59,93453.49,38.78,513927.22,b0
765286747,3,137121,0,0,30.85,93478.28,38.40,418471.59,b0
765279836,4,137167,0,0,30.68,93430.02,38.27,757957.06,b0
765271387,5,137213,0,0,30.35,93461.10,39.38,535284.88,b0
765283665,6,137259,0,0,30.30,93432.28,39.71,302243.22,b0
765268824,7,137305,0,0,30.11,93469.79,39.67,566841.94,b0
765287253,8,137351,0,0,30.01,93445.18,39.79,427111.56,b0
765270362,1,137398,0,0,30.46,93445.01,39.73,822324.81,b0
765269850,2,137444,0,0,30.58,93450.80,38.79,514314.41,b0
765286747,3,137490,0,0,30.85,93479.92,38.40,419758.16,b0
765279836,4,137536,0,0,30.69,93429.37,38.29,752526.19,b0
765271387,5,137582,0,0,30.35,93461.10,39.35,536125.63,b0
765283665,6,137628,0,0,30.30,93432.64,39.71,301708.91,b0
765268824,7,137674,0,0,30.11,93469.63,39.66,567313.00,b0
765287253,8,137721,0,0,30.00,93446.41,39.77,427646.69,b0
765270362,1,137767,0,0,30.45,93444.02,39.72,812537.19,b0
765269850,2,137813,0,0,30.57,93450.57,38.78,511616.28,b0
765286747,3,137859,0,0,30.85,93479.36,38.40,420533.88,b0
765279836,4,137905,0,0,30.68,93431.99,38.26,759643.94,b0
765271387,5,137951,0,0,30.35,93458.76,39.36,535284.88,b0
765283665,6,137998,0,0,30.30,93432.66,39.69,300910.97,b0
765268824,7,138044,0,0,30.11,93469.63,39.65,566841.94,b0
765287253,8,138090,0,0,30.00,93445.69,39.79,425779.63,b0
765270362,1,138136,0,0,30.45,93443.29,39.71,813021.06,b0
765269850,2,138182,0,0,30.58,93450.61,38.76,512384.28,b0
765286747,3,138228,0,0,30.85,93482.23,38.36,419758.16,b0
765279836,4,138274,0,0,30.67,93429.44,38.27,757957.06,b0
765271387,5,138321,0,0,30.34,93459.98,39.35,537391.75,b0
765283665,6,138367,0,0,30.30,93432.62,39.71,300117.22,b0
765268824,7,138413,0,0,30.11,93469.25,39.63,564031.94,b0
765287253,8,138459,0,0,29.99,93445.50,39.77,425249.16,b0
765270362,1,138505,0,0,30.46,93443.70,39.70,825307.25,b0
765269850,2,138551,0,0,30.58,93450.63,38.77,510468.59,b0
765286747,3,138598,0,0,30.84,93481.31,38.35,418985.28,b0
765279836,4,138644,0,0,30.68,93432.57,38.25,756696.81,b0
765271387,5,138690,0,0,30.34,93458.53,39.34,535704.94,b0
765283665,6,138736,0,0,30.30,93433.30,39.67,300645.91,b0
765268824,7,138782,0,0,30.11,93468.18,39.63,562174.06,b0
765287253,8,138828,0,0,30.00,93444.79,39.77,426045.34,b0
765270362,1,138875,0,0,30.46,93443.57,39.70,826306.25,b0
765269850,2,138921,0,0,30.60,93452.13,38.75,510850.59,b0
765286747,3,138967,0,0,30.85,93481.35,38.37,418728.28,b0
765279836,4,139013,0,0,30.69,93431.34,38.25,755440.81,b0
765271387,5,139059,0,0,30.35,93461.28,39.34,533194.50,b0
765283665,6,139105,0,0,30.31,93434.48,39.68,302243.22,b0
765268824,7,139151,0,0,30.12,93469.66,39.62,566841.94,b0
765287253,8,139197,0,0,30.01,93445.89,39.76,428183.16,b0
765270362,1,139244,0,0,30.47,93442.72,39.69,822324.81,b0
765269850,2,139290,0,0,30.61,93452.37,38.74,511233.16,b0
765286747,3,139336,0,0,30.86,93480.48,38.34,419242.59,b0
765279836,4,139382,0,0,30.69,93430.29,38.24,755440.81,b0
765271387,5,139428,0,0,30.37,93462.11,39.34,531948.06,b0
765283665,6,139474,0,0,30.31,93435.38,39.67,300645.91,b0
765268824,7,139520,0,0,30.12,93470.56,39.60,565433.44,b0
765287253,8,139567,0,0,30.00,93445.69,39.77,426577.78,b0
765270362,1,139613,0,0,30.48,93442.94,39.67,828311.44,b0
765269850,2,139659,0,0,30.61,93453.60,38.74,511233.16,b0
765286747,3,139705,0,0,30.86,93480.13,38.33,419500.22,b0
765279836,4,139751,0,0,30.70,93432.66,38.22,757116.44,b0
765271387,5,139797,0,0,30.37,93459.79,39.34,534446.75,b0
765283665,6,139843,0,0,30.30,93432.49,39.67,299590.41,b0
765268824,7,139890,0,0,30.11,93469.43,39.59,566841.94,b0
765287253,8,139936,0,0,29.98,93444.16,39.75,426844.53,b0
765270362,1,139982,0,0,30.46,93442.49,39.67,820841.69,b0
765269850,2,140028,0,0,30.60,93449.98,38.74,510087.19,b0
765286747,3,140074,0,0,30.86,93480.84,38.32,418728.28,b0
765279836,4,140120,0,0,30.70,93428.72,38.22,753356.63,b0
765271387,5,140167,0,0,30.36,93459.02,39.31,533611.25,b0
765283665,6,140213,0,0,30.29,93431.77,39.66,299065.41,b0
765268824,7,140259,0,0,30.11,93468.70,39.60,566841.94,b0
765287253,8,140305,0,0,29.98,93445.78,39.75,428183.16,b0
765270362,1,140351,0,0,30.46,93443.74,39.65,823813.38,b0
765269850,2,140397,0,0,30.59,93450.48,38.73,511233.16,b0
765286747,3,140444,0,0,30.86,93479.40,38.30,418471.59,b0
765279836,4,140490,0,0,30.70,93427.65,38.21,754605.75,b0
765271387,5,140536,0,0,30.36,93460.30,39.31,532778.38,b0
765283665,6,140582,0,0,30.29,93431.11,39.66,301176.47,b0
765268824,7,140628,0,0,30.12,93469.65,39.60,564498.38,b0
765287253,8,140674,0,0,29.98,93444.72,39.74,426577.78,b0
765270362,1,140721,0,0,30.45,93441.90,39.64,818381.63,b0
765269850,2,140767,0,0,30.59,93448.15,38.72,509706.31,b0
765286747,3,140813,0,0,30.86,93479.96,38.29,417192.91,b0
765279836,4,140859,0,0,30.69,93428.50,38.20,757957.06,b0
765271387,5,140905,0,0,30.36,93458.85,39.32,536969.06,b0
765283665,6,140951,0,0,30.30,93431.02,39.67,300645.91,b0
765268824,7,140997,0,0,30.12,93467.85,39.59,563101.44,b0
765287253,8,141043,0,0,30.00,93445.51,39.73,426311.41,b0
765270362,1,141090,0,0,30.45,93441.73,39.64,818381.63,b0
765269850,2,141136,0,0,30.58,93450.98,38.70,509706.31,b0
765286747,3,141182,0,0,30.86,93479.24,38.27,417703.44,b0
765279836,4,141228,0,0,30.70,93430.33,38.19,752526.19,b0
765271387,5,141274,0,0,30.37,93460.19,39.30,532362.88,b0
765283665,6,141320,0,0,30.30,93432.49,39.65,300645.91,b0
765268824,7,141366,0,0,30.13,93467.72,39.58,563101.44,b0
765287253,8,141412,0,0,30.00,93443.55,39.74,425514.22,b0
765270362,1,141459,0,0,30.46,93442.66,39.63,821335.50,b0
765269850,2,141505,0,0,30.58,93448.29,38.70,509706.31,b0
765286747,3,141551,0,0,30.88,93479.10,38.26,417192.91,b0
765279836,4,141597,0,0,30.71,93429.83,38.20,757116.44,b0
765271387,5,141643,0,0,30.38,93458.99,39.32,532778.38,b0
765283665,6,141689,0,0,30.32,93431.39,39.64,301442.44,b0
765268824,7,141735,0,0,30.14,93468.84,39.58,563566.31,b0
765287253,8,141782,0,0,30.01,93444.28,39.74,424984.44,b0
765270362,1,141828,0,0,30.47,93443.08,39.64,820348.50,b0
765269850,2,141874,0,0,30.58,93449.38,38.68,507433.09,b0
765286747,3,141920,0,0,30.88,93479.48,38.28,416938.13,b0
765279836,4,141966,0,0,30.71,93428.45,38.19,755440.81,b0
765271387,5,142012,0,0,30.39,93456.89,39.32,531533.88,b0
765283665,6,142059,0,0,30.32,93431.21,39.64,298020.97,b0
765268824,7,142105,0,0,30.15,93466.90,39.59,562637.38,b0
765287253,8,142151,0,0,30.01,93442.88,39.75,424192.22,b0
765270362,1,142197,0,0,30.46,93441.60,39.63,816912.63,b0
765269850,2,142243,0,0,30.58,93447.58,38.69,508946.31,b0
765286747,3,142289,0,0,30.88,93479.66,38.25,415922.00,b0
765279836,4,142335,0,0,30.72,93428.09,38.19,753356.63,b0
765271387,5,142382,0,0,30.39,93458.00,39.32,532778.38,b0
765283665,6,142428,0,0,30.33,93430.41,39.63,296210.59,b0
765268824,7,142474,0,0,30.16,93467.66,39.59,561249.69,b0
765287253,8,142520,0,0,30.02,93442.37,39.76,424455.97,b0
765270362,1,142566,0,0,30.48,93442.94,39.63,816424.19,b0
765269850,2,142612,0,0,30.58,93447.59,38.69,507810.56,b0
765286747,3,142659,0,0,30.88,93477.68,38.26,415668.75,b0
765279836,4,142705,0,0,30.73,93426.00,38.18,750458.06,b0
765271387,5,142751,0,0,30.40,93458.95,39.31,529883.56,b0
765283665,6,142797,0,0,30.34,93431.05,39.63,297242.38,b0
765268824,7,142843,0,0,30.17,93468.23,39.57,563101.44,b0
765287253,8,142889,0,0,30.04,93442.60,39.75,423402.94,b0
765270362,1,142936,0,0,30.46,93441.95,39.64,821335.50,b0
765269850,2,142982,0,0,30.57,93449.49,38.69,508946.31,b0
765286747,3,143028,0,0,30.89,93477.34,38.25,415163.19,b0
765279836,4,143074,0,0,30.72,93427.05,38.19,752526.19,b0
765271387,5,143120,0,0,30.41,93458.97,39.31,528652.56,b0
765283665,6,143166,0,0,30.34,93432.17,39.67,298020.97,b0
765268824,7,143212,0,0,30.18,93468.08,39.59,561711.44,b0
765287253,8,143258,0,0,30.05,93443.88,39.77,423402.94,b0
765270362,1,143305,0,0,30.45,93442.07,39.62,815448.94,b0
765269850,2,143351,0,0,30.56,93448.76,38.67,508188.59,b0
765286747,3,143397,0,0,30.89,93480.59,38.25,415163.19,b0
765279836,4,143443,0,0,30.72,93427.02,38.17,753772.56,b0
765271387,5,143489,0,0,30.41,93459.72,39.33,531120.31,b0
765283665,6,143535,0,0,30.35,93432.56,39.67,296467.88,b0
765268824,7,143581,0,0,30.19,93467.39,39.60,559410.00,b0
765287253,8,143628,0,0,30.05,93442.66,39.77,423140.50,b0
765270362,1,143674,0,0,30.45,93440.30,39.61,805823.31,b0
765269850,2,143720,0,0,30.56,93448.23,38.69,508946.31,b0
765286747,3,143766,0,0,30.87,93477.29,38.23,415668.75,b0
765279836,4,143812,0,0,30.72,93425.24,38.14,752941.19,b0
765271387,5,143858,0,0,30.41,93460.45,39.31,527835.06,b0
765283665,6,143904,0,0,30.34,93430.30,39.65,297242.38,b0
765268824,7,143951,0,0,30.20,93469.41,39.60,558951.94,b0
765287253,8,143997,0,0,30.06,93443.22,39.78,424720.03,b0
765270362,1,144043,0,0,30.47,93440.90,39.58,814962.19,b0
765269850,2,144089,0,0,30.57,93447.52,38.69,501101.06,b0
765286747,3,144135,0,0,30.88,93480.38,38.23,414155.72,b0
765279836,4,144181,0,0,30.72,93426.52,38.15,741760.25,b0
765271387,5,144228,0,0,30.40,93458.43,39.31,527427.25,b0
765283665,6,144274,0,0,30.34,93430.89,39.66,297760.97,b0
765268824,7,144320,0,0,30.20,93469.26,39.59,559410.00,b0
765287253,8,144366,0,0,30.07,93442.16,39.78,421052.63,b0
765270362,1,144412,0,0,30.47,93441.64,39.60,820841.69,b0
765269850,2,144458,0,0,30.57,93448.60,38.68,504061.03,b0
765286747,3,144504,0,0,30.89,93477.91,38.22,414155.72,b0
765279836,4,144551,0,0,30.73,93428.19,38.14,751697.56,b0
765271387,5,144597,0,0,30.40,93458.25,39.30,530707.44,b0
765283665,6,144643,0,0,30.36,93431.59,39.64,297501.44,b0
765268824,7,144689,0,0,30.21,93468.55,39.58,561249.69,b0
765287253,8,144735,0,0,30.08,93443.28,39.76,422616.59,b0
765270362,1,144782,0,0,30.47,93441.28,39.60,815448.94,b0
765269850,2,144828,0,0,30.57,93448.24,38.68,506679.88,b0
765286747,3,144874,0,0,30.90,93478.84,38.22,411162.41,b0
765279836,4,144920,0,0,30.74,93428.38,38.13,748264.50,b0
765271387,5,144966,0,0,30.42,93460.48,39.29,528243.50,b0
765283665,6,145012,0,0,30.36,93432.49,39.66,298281.38,b0
765268824,7,145058,0,0,30.21,93468.76,39.56,560788.63,b0
765287253,8,145104,0,0,30.08,93443.47,39.76,422355.13,b0
765270362,1,145151,0,0,30.47,93442.55,39.60,819363.88,b0
765269850,2,145197,0,0,30.56,93449.09,38.67,499634.06,b0
765286747,3,145243,0,0,30.91,93477.77,38.24,411658.28,b0
765279836,4,145289,0,0,30.74,93428.23,38.13,749085.56,b0
765271387,5,145335,0,0,30.42,93458.86,39.27,527835.06,b0
765283665,6,145381,0,0,30.37,93432.29,39.63,297760.97,b0
765268824,7,145427,0,0,30.22,93469.70,39.58,560328.31,b0
765287253,8,145473,0,0,30.09,93445.48,39.78,423928.78,b0
765270362,1,145520,0,0,30.47,93442.38,39.59,811089.13,b0
765269850,2,145566,0,0,30.56,93449.63,38.67,504433.50,b0
765286747,3,145612,0,0,30.91,93479.42,38.24,412155.38,b0
765279836,4,145658,0,0,30.73,93427.65,38.14,745812.06,b0
765271387,5,145704,0,0,30.42,93459.07,39.27,527020.06,b0
765283665,6,145750,0,0,30.38,93432.37,39.62,297242.38,b0
765268824,7,145796,0,0,30.22,93469.32,39.57,556673.00,b0
765287253,8,145843,0,0,30.10,93444.96,39.76,421833.16,b0
765270362,1,145889,0,0,30.47,93442.55,39.59,816424.19,b0
765269850,2,145935,0,0,30.55,93448.87,38.69,505928.84,b0
765286747,3,145981,0,0,30.91,93479.23,38.23,411658.28,b0
765279836,4,146027,0,0,30.74,93427.66,38.13,746627.75,b0
765271387,5,146073,0,0,30.44,93461.31,39.27,529883.56,b0
765283665,6,146120,0,0,30.39,93434.02,39.63,296983.75,b0
765268824,7,146166,0,0,30.23,93467.01,39.55,557582.38,b0
765287253,8,146212,0,0,30.11,93444.09,39.74,421312.50,b0
765270362,1,146258,0,0,30.47,93442.91,39.59,813505.44,b0
765269850,2,146304,0,0,30.54,93451.53,38.69,507056.19,b0
765286747,3,146350,0,0,30.92,93481.78,38.23,409927.94,b0
765279836,4,146397,0,0,30.74,93429.99,38.15,743375.69,b0
765271387,5,146443,0,0,30.44,93461.16,39.27,528652.56,b0
765283665,6,146489,0,0,30.39,93433.01,39.59,297242.38,b0
765268824,7,146535,0,0,30.24,93468.66,39.53,557127.31,b0
765287253,8,146581,0,0,30.12,93444.31,39.71,420016.41,b0
765270362,1,146627,0,0,30.47,93442.72,39.59,814476.06,b0
765269850,2,146674,0,0,30.54,93448.84,38.68,503689.13,b0
765286747,3,146720,0,0,30.92,93479.78,38.23,408212.09,b0
765279836,4,146766,0,0,30.74,93429.10,38.15,742567.06,b0
765271387,5,146812,0,0,30.44,93458.84,39.25,525397.63,b0
765283665,6,146858,0,0,30.39,93432.48,39.60,297760.97,b0
765268824,7,146904,0,0,30.25,93471.61,39.52,558494.69,b0
765287253,8,146950,0,0,30.13,93442.90,39.72,423402.94,b0
765270362,1,146997,0,0,30.47,93442.19,39.58,813505.44,b0
765269850,2,147043,0,0,30.54,93452.23,38.69,503689.13,b0
765286747,3,147089,0,0,30.92,93482.69,38.25,407724.47,b0
765279836,4,147135,0,0,30.75,93429.50,38.16,740955.13,b0
765271387,5,147181,0,0,30.45,93461.04,39.25,524993.56,b0
765283665,6,147227,0,0,30.41,93431.34,39.60,296725.59,b0
765268824,7,147273,0,0,30.26,93471.83,39.52,556673.00,b0
765287253,8,147319,0,0,30.13,93443.81,39.68,423140.50,b0
765270362,1,147366,0,0,30.47,93443.79,39.59,814476.06,b0
765269850,2,147412,0,0,30.53,93450.23,38.70,495284.16,b0
765286747,3,147458,0,0,30.92,93478.71,38.23,408456.31,b0
765279836,4,147504,0,0,30.74,93429.83,38.15,738550.31,b0
765271387,5,147550,0,0,30.45,93460.17,39.24,526613.50,b0
765283665,6,147596,0,0,30.42,93432.88,39.57,296467.88,b0
765268824,7,147642,0,0,30.26,93472.20,39.51,558951.94,b0
765287253,8,147689,0,0,30.14,93443.13,39.68,420016.41,b0
765270362,1,147735,0,0,30.47,93443.27,39.57,811571.25,b0
765269850,2,147781,0,0,30.53,93448.61,38.72,500000.00,b0
765286747,3,147827,0,0,30.93,93481.09,38.25,405544.56,b0
765279836,4,147873,0,0,30.75,93430.24,38.18,732213.06,b0
765271387,5,147919,0,0,30.46,93460.57,39.21,524187.34,b0
765283665,6,147965,0,0,30.42,93434.33,39.56,296467.88,b0
765268824,7,148012,0,0,30.26,93469.67,39.49,556219.44,b0
765287253,8,148058,0,0,30.15,93444.05,39.66,420793.09,b0
765270362,1,148104,0,0,30.46,93442.85,39.58,806775.63,b0
765269850,2,148150,0,0,30.53,93450.03,38.73,496003.88,b0
765286747,3,148196,0,0,30.93,93480.73,38.23,407968.13,b0
765279836,4,148242,0,0,30.75,93426.30,38.18,736161.06,b0
765271387,5,148289,0,0,30.47,93459.58,39.22,524993.56,b0
765283665,6,148335,0,0,30.42,93433.46,39.57,296725.59,b0
765268824,7,148381,0,0,30.27,93470.25,39.49,556219.44,b0
765287253,8,148427,0,0,30.16,93444.42,39.65,421833.16,b0
765270362,1,148473,0,0,30.46,93440.49,39.57,805823.31,b0
765269850,2,148519,0,0,30.52,93450.38,38.71,496003.88,b0
765286747,3,148566,0,0,30.93,93480.00,38.23,408212.09,b0
765279836,4,148612,0,0,30.76,93428.84,38.18,733787.19,b0
765271387,5,148658,0,0,30.47,93461.56,39.21,524187.34,b0
765283665,6,148704,0,0,30.43,93432.98,39.55,296467.88,b0
765268824,7,148750,0,0,30.28,93468.31,39.46,558494.69,b0
765287253,8,148796,0,0,30.16,93443.91,39.65,420275.00,b0
765270362,1,148843,0,0,30.46,93441.95,39.57,812053.94,b0
765269850,2,148889,0,0,30.52,93448.39,38.76,500366.47,b0
765286747,3,148935,0,0,30.92,93478.20,38.23,405303.78,b0
765279836,4,148981,0,0,30.76,93428.31,38.17,731428.56,b0
765271387,5,149027,0,0,30.48,93460.34,39.20,524590.19,b0
765283665,6,149073,0,0,30.42,93430.81,39.55,295697.38,b0
765268824,7,149119,0,0,30.28,93467.21,39.43,553962.69,b0
765287253,8,149165,0,0,30.17,93444.48,39.62,419500.22,b0
765270362,1,149212,0,0,30.46,93443.36,39.60,805348.00,b0
765269850,2,149258,0,0,30.52,93449.08,38.74,498539.44,b0
765286747,3,149304,0,0,30.94,93479.49,38.24,407238.03,b0
765279836,4,149350,0,0,30.76,93428.66,38.18,732213.06,b0
765271387,5,149396,0,0,30.48,93458.21,39.18,523383.59,b0
765283665,6,149442,0,0,30.42,93431.48,39.54,295185.94,b0
765268824,7,149488,0,0,30.29,93469.43,39.43,557582.38,b0
765287253,8,149534,0,0,30.18,93444.86,39.62,420275.00,b0
765270362,1,149581,0,0,30.46,93443.91,39.58,800625.50,b0
765269850,2,149627,0,0,30.51,93448.35,38.74,500000.00,b0
765286747,3,149673,0,0,30.94,93479.33,38.22,405544.56,b0
765279836,4,149719,0,0,30.75,93428.46,38.18,736161.06,b0
765271387,5,149765,0,0,30.48,93458.76,39.19,522982.63,b0
765283665,6,149811,0,0,30.43,93431.37,39.53,295953.75,b0
765268824,7,149857,0,0,30.30,93468.02,39.41,557127.31,b0
765287253,8,149904,0,0,30.18,93444.34,39.61,421833.16,b0
765270362,1,149950,0,0,30.46,93442.31,39.58,802979.81,b0
765269850,2,149996,0,0,30.51,93449.58,38.72,493137.50,b0
765286747,3,150042,0,0,30.94,93480.21,38.23,403149.59,b0
765279836,4,150088,0,0,30.75,93426.48,38.15,733787.19,b0
765271387,5,150134,0,0,30.49,93459.16,39.19,522582.28,b0
765283665,6,150181,0,0,30.43,93431.20,39.55,294168.34,b0
765268824,7,150227,0,0,30.31,93469.14,39.41,556673.00,b0
765287253,8,150273,0,0,30.18,93441.66,39.58,421572.66,b0
765270362,1,150319,0,0,30.45,93442.43,39.58,791803.63,b0
765269850,2,150365,0,0,30.49,93448.82,38.72,492426.06,b0
765286747,3,150411,0,0,30.93,93478.74,38.22,404823.09,b0
765279836,4,150458,0,0,30.75,93427.39,38.17,734576.75,b0
765271387,5,150504,0,0,30.49,93459.72,39.17,524187.34,b0
765283665,6,150550,0,0,30.44,93431.84,39.53,296725.59,b0
765268824,7,150596,0,0,30.31,93466.04,39.40,555314.56,b0
765287253,8,150642,0,0,30.18,93442.37,39.57,421833.16,b0
765270362,1,150688,0,0,30.44,93439.33,39.58,805348.00,b0
765269850,2,150735,0,0,30.49,93448.27,38.74,496003.88,b0
765286747,3,150781,0,0,30.92,93478.18,38.22,406995.22,b0
765279836,4,150827,0,0,30.75,93426.46,38.15,734576.75,b0
765271387,5,150873,0,0,30.49,93459.15,39.16,523785.16,b0
765283665,6,150919,0,0,30.43,93432.14,39.50,296467.88,b0
765268824,7,150965,0,0,30.29,93467.24,39.39,558038.13,b0
765287253,8,151011,0,0,30.17,93441.44,39.56,421833.16,b0
765270362,1,151058,0,0,30.43,93438.72,39.59,802036.44,b0
765269850,2,151104,0,0,30.48,93448.76,38.76,497812.34,b0
765286747,3,151150,0,0,30.93,93477.30,38.20,402911.66,b0
765279836,4,151196,0,0,30.73,93428.36,38.14,736161.06,b0
765271387,5,151242,0,0,30.48,93458.40,39.17,524993.56,b0
765283665,6,151288,0,0,30.43,93431.09,39.49,296467.88,b0
765268824,7,151334,0,0,30.29,93467.61,39.36,555766.63,b0
765287253,8,151380,0,0,30.17,93442.53,39.54,422616.59,b0
765270362,1,151427,0,0,30.44,93439.66,39.60,806299.19,b0
765269850,2,151473,0,0,30.48,93449.12,38.77,494208.50,b0
765286747,3,151519,0,0,30.93,93477.66,38.20,403865.13,b0
765279836,4,151565,0,0,30.73,93426.02,38.13,736955.75,b0
765271387,5,151611,0,0,30.49,93458.81,39.15,524590.19,b0
765283665,6,151657,0,0,30.43,93428.53,39.47,296983.75,b0
765268824,7,151703,0,0,30.30,93466.55,39.35,560328.31,b0
765287253,8,151750,0,0,30.17,93442.52,39.53,424455.97,b0
765270362,1,151796,0,0,30.43,93441.23,39.60,801095.25,b0
765269850,2,151842,0,0,30.49,93449.30,38.75,500733.50,b0
765286747,3,151888,0,0,30.92,93476.91,38.21,405785.63,b0
765279836,4,151934,0,0,30.74,93427.30,38.13,740151.81,b0
765271387,5,151980,0,0,30.49,93457.37,39.13,529472.63,b0
765283665,6,152026,0,0,30.44,93431.66,39.48,297242.38,b0
765268824,7,152073,0,0,30.30,93466.36,39.34,560328.31,b0
765287253,8,152119,0,0,30.17,93440.92,39.50,424455.97,b0
765270362,1,152165,0,0,30.42,93440.45,39.60,802036.44,b0
765269850,2,152211,0,0,30.48,93447.52,38.78,496364.53,b0
765286747,3,152257,0,0,30.91,93477.96,38.20,406268.59,b0
765279836,4,152303,0,0,30.74,93427.16,38.12,736955.75,b0
765271387,5,152350,0,0,30.49,93456.50,39.11,526613.50,b0
765283665,6,152396,0,0,30.43,93430.68,39.46,297501.44,b0
765268824,7,152442,0,0,30.29,93464.72,39.33,560788.63,b0
765287253,8,152488,0,0,30.16,93440.69,39.50,425249.16,b0
765270362,1,152534,0,0,30.41,93440.25,39.60,807730.25,b0
765269850,2,152580,0,0,30.49,93447.88,38.77,500366.47,b0
765286747,3,152627,0,0,30.90,93478.31,38.20,407238.03,b0
765279836,4,152673,0,0,30.73,93425.48,38.13,735368.06,b0
765271387,5,152719,0,0,30.49,93457.03,39.13,527835.06,b0
765283665,6,152765,0,0,30.42,93430.41,39.44,300381.34,b0
765268824,7,152811,0,0,30.29,93466.17,39.32,561249.69,b0
765287253,8,152857,0,0,30.14,93441.89,39.47,428720.97,b0
765270362,1,152904,0,0,30.41,93440.92,39.61,797352.56,b0
765269850,2,152950,0,0,30.47,93447.80,38.80,498903.78,b0
765286747,3,152996,0,0,30.88,93476.78,38.20,407238.03,b0
765279836,4,153042,0,0,30.71,93425.58,38.13,737752.19,b0
765271387,5,153088,0,0,30.48,93457.86,39.10,531948.06,b0
765283665,6,153134,0,0,30.41,93428.54,39.44,298803.63,b0
765268824,7,153180,0,0,30.27,93466.64,39.30,562174.06,b0
765287253,8,153226,0,0,30.13,93439.71,39.47,427914.75,b0
765270362,1,153273,0,0,30.39,93439.56,39.61,801095.25,b0
765269850,2,153319,0,0,30.45,93445.76,38.78,502576.69,b0
765286747,3,153365,0,0,30.87,93476.57,38.20,407238.03,b0
765279836,4,153411,0,0,30.69,93426.18,38.10,742567.06,b0
765271387,5,153457,0,0,30.46,93460.61,39.11,530707.44,b0
765283665,6,153503,0,0,30.40,93429.32,39.42,299590.41,b0
765268824,7,153549,0,0,30.27,93468.06,39.30,563101.44,b0
765287253,8,153595,0,0,30.13,93438.82,39.47,427646.69,b0
765270362,1,153642,0,0,30.37,93440.36,39.63,806775.63,b0
765269850,2,153688,0,0,30.44,93446.60,38.80,500366.47,b0
765286747,3,153734,0,0,30.87,93475.32,38.19,410174.25,b0
765279836,4,153780,0,0,30.68,93429.16,38.10,740955.13,b0
765271387,5,153826,0,0,30.43,93457.72,39.08,531533.88,b0
765283665,6,153872,0,0,30.39,93429.94,39.41,300381.34,b0
765268824,7,153918,0,0,30.25,93466.16,39.28,561711.44,b0
765287253,8,153965,0,0,30.13,93440.05,39.46,429800.63,b0
765270362,1,154011,0,0,30.38,93440.21,39.62,814476.06,b0
765269850,2,154057,0,0,30.44,93447.52,38.78,500366.47,b0
765286747,3,154103,0,0,30.88,93475.90,38.19,409681.94,b0
765279836,4,154149,0,0,30.68,93425.75,38.10,742567.06,b0
765271387,5,154195,0,0,30.41,93457.41,39.07,533194.50,b0
765283665,6,154242,0,0,30.39,93430.45,39.39,301442.44,b0
765268824,7,154288,0,0,30.22,93465.34,39.27,566841.94,b0
765287253,8,154334,0,0,30.10,93438.18,39.45,430613.97,b0
765270362,1,154380,0,0,30.38,93438.97,39.63,805823.31,b0
765269850,2,154426,0,0,30.45,93446.83,38.79,505554.19,b0
765286747,3,154472,0,0,30.89,93476.65,38.19,409190.81,b0
765279836,4,154518,0,0,30.68,93426.63,38.11,742567.06,b0
765271387,5,154565,0,0,30.41,93457.02,39.06,535704.94,b0
765283665,6,154611,0,0,30.37,93429.44,39.38,301708.91,b0
765268824,7,154657,0,0,30.20,93465.05,39.27,568257.50,b0
765287253,8,154703,0,0,30.08,93440.43,39.42,430613.97,b0
765270362,1,154749,0,0,30.37,93439.82,39.65,811571.25,b0
765269850,2,154795,0,0,30.46,93445.80,38.81,504806.50,b0
765286747,3,154842,0,0,30.90,93476.84,38.17,410420.84,b0
765279836,4,154888,0,0,30.68,93426.45,38.11,743375.69,b0
765271387,5,154934,0,0,30.41,93457.55,39.05,535704.94,b0
765283665,6,154980,0,0,30.36,93430.05,39.38,301176.47,b0
765268824,7,155026,0,0,30.19,93465.41,39.26,567784.88,b0
765287253,8,155072,0,0,30.07,93440.20,39.41,434450.56,b0
765270362,1,155119,0,0,30.37,93437.86,39.62,804873.25,b0
765269850,2,155165,0,0,30.46,93446.88,38.82,502206.97,b0
765286747,3,155211,0,0,30.89,93477.18,38.18,411410.22,b0
765279836,4,155257,0,0,30.68,93426.83,38.10,743375.69,b0
765271387,5,155303,0,0,30.41,93456.70,39.06,536125.63,b0
765283665,6,155349,0,0,30.36,93429.45,39.37,303317.53,b0
765268824,7,155395,0,0,30.21,93464.92,39.26,570632.50,b0
765287253,8,155441,0,0,30.08,93442.58,39.43,434727.22,b0
765270362,1,155488,0,0,30.36,93440.45,39.64,815448.94,b0
765269850,2,155534,0,0,30.45,93447.57,38.83,505554.19,b0
765286747,3,155580,0,0,30.88,93477.68,38.19,410174.25,b0
765279836,4,155626,0,0,30.67,93425.69,38.11,743375.69,b0
765271387,5,155672,0,0,30.42,93457.85,39.06,534028.69,b0
765283665,6,155718,0,0,30.37,93430.32,39.36,303317.53,b0
765268824,7,155764,0,0,30.23,93467.73,39.25,568730.94,b0
765287253,8,155811,0,0,30.10,93439.95,39.42,433622.69,b0
765270362,1,155857,0,0,30.35,93439.17,39.67,803925.44,b0
765269850,2,155903,0,0,30.44,93446.80,38.81,500366.47,b0
765286747,3,155949,0,0,30.88,93475.51,38.19,411658.28,b0
765279836,4,155995,0,0,30.68,93427.19,38.10,744186.06,b0
765271387,5,156041,0,0,30.44,93456.89,39.05,536547.00,b0
765283665,6,156087,0,0,30.38,93430.36,39.37,303587.31,b0
765268824,7,156134,0,0,30.23,93467.73,39.25,573027.44,b0
765287253,8,156180,0,0,30.10,93442.10,39.42,435837.41,b0
765270362,1,156226,0,0,30.35,93439.37,39.65,804399.06,b0
765269850,2,156272,0,0,30.45,93447.02,38.81,508567.16,b0
765286747,3,156318,0,0,30.88,93476.77,38.19,412404.34,b0
765279836,4,156364,0,0,30.68,93425.39,38.10,744186.06,b0
765271387,5,156411,0,0,30.44,93458.16,39.05,538239.19,b0
765283665,6,156457,0,0,30.38,93430.18,39.35,305489.25,b0
765268824,7,156503,0,0,30.23,93465.57,39.25,571588.06,b0
765287253,8,156549,0,0,30.08,93440.62,39.40,434174.25,b0
765270362,1,156595,0,0,30.35,93440.26,39.65,803925.44,b0
765269850,2,156641,0,0,30.45,93448.47,38.81,503689.13,b0
765286747,3,156688,0,0,30.87,93475.66,38.18,413403.31,b0
765279836,4,156734,0,0,30.68,93428.08,38.10,747445.25,b0
765271387,5,156780,0,0,30.44,93457.98,39.05,539089.25,b0
765283665,6,156826,0,0,30.36,93430.70,39.36,304943.41,b0
765268824,7,156872,0,0,30.23,93467.91,39.26,572067.06,b0
765287253,8,156918,0,0,30.06,93441.95,39.39,435837.41,b0
765270362,1,156965,0,0,30.33,93440.81,39.66,822324.81,b0
765269850,2,157011,0,0,30.44,93447.67,38.84,509326.03,b0
765286747,3,157057,0,0,30.83,93476.59,38.18,414658.84,b0
765279836,4,157103,0,0,30.64,93428.43,38.09,745812.06,b0
765271387,5,157149,0,0,30.44,93457.22,39.05,540369.38,b0
765283665,6,157195,0,0,30.34,93429.98,39.34,305762.91,b0
765268824,7,157241,0,0,30.21,93466.92,39.26,573508.81,b0
765287253,8,157287,0,0,30.03,93442.05,39.41,436394.63,b0
765270362,1,157334,0,0,30.32,93441.48,39.67,825806.44,b0
765269850,2,157380,0,0,30.41,93448.10,38.82,504061.03,b0
765286747,3,157426,0,0,30.81,93475.98,38.18,416175.56,b0
765279836,4,157472,0,0,30.64,93428.58,38.10,743375.69,b0
765271387,5,157518,0,0,30.42,93456.92,39.04,539089.25,b0
765283665,6,157564,0,0,30.33,93430.41,39.34,308248.03,b0
765268824,7,157610,0,0,30.19,93467.40,39.24,572546.81,b0
765287253,8,157656,0,0,30.02,93440.76,39.40,436673.78,b0
765270362,1,157703,0,0,30.31,93440.74,39.67,812053.94,b0
765269850,2,157749,0,0,30.41,93447.93,38.83,507433.09,b0
765286747,3,157795,0,0,30.80,93474.71,38.18,415415.81,b0
765279836,4,157841,0,0,30.63,93430.88,38.10,753356.63,b0
765271387,5,157887,0,0,30.41,93457.94,39.04,541655.63,b0
765283665,6,157933,0,0,30.34,93429.98,39.34,306586.81,b0
765268824,7,157979,0,0,30.21,93468.55,39.25,577389.31,b0
765287253,8,158026,0,0,30.04,93442.95,39.39,437793.94,b0
765270362,1,158072,0,0,30.30,93438.70,39.67,826306.25,b0
765269850,2,158118,0,0,30.41,93448.45,38.82,508567.16,b0
765286747,3,158164,0,0,30.81,93478.88,38.17,417448.03,b0
765279836,4,158210,0,0,30.64,93428.20,38.09,752526.19,b0
765271387,5,158256,0,0,30.42,93458.51,39.02,542085.75,b0
765283665,6,158303,0,0,30.35,93432.02,39.34,307138.56,b0
765268824,7,158349,0,0,30.20,93465.78,39.25,574957.88,b0
765287253,8,158395,0,0,30.04,93440.47,39.42,440904.19,b0
765270362,1,158441,0,0,30.30,93440.12,39.67,820841.69,b0
765269850,2,158487,0,0,30.41,93448.61,38.82,508946.31,b0
765286747,3,158533,0,0,30.81,93477.25,38.19,418985.28,b0
765279836,4,158579,0,0,30.63,93428.91,38.10,757536.50,b0
765271387,5,158626,0,0,30.42,93458.32,39.02,543813.06,b0
765283665,6,158672,0,0,30.36,93431.22,39.34,306037.06,b0
765268824,7,158718,0,0,30.21,93466.55,39.25,577389.31,b0
765287253,8,158764,0,0,30.06,93442.34,39.41,440335.41,b0
765270362,1,158810,0,0,30.31,93442.13,39.70,813021.06,b0
765269850,2,158856,0,0,30.42,93448.11,38.84,514314.41,b0
765286747,3,158903,0,0,30.82,93475.48,38.17,415163.19,b0
765279836,4,158949,0,0,30.64,93430.36,38.09,760914.00,b0
765271387,5,158995,0,0,30.42,93455.47,39.02,543813.06,b0
765283665,6,159041,0,0,30.36,93429.49,39.33,309085.41,b0
765268824,7,159087,0,0,30.22,93466.04,39.24,577389.31,b0
765287253,8,159133,0,0,30.08,93442.38,39.42,439484.97,b0
765270362,1,159180,0,0,30.31,93438.57,39.68,825307.25,b0
765269850,2,159226,0,0,30.44,93447.15,38.83,507056.19,b0
765286747,3,159272,0,0,30.83,93476.41,38.19,416938.13,b0
765279836,4,159318,0,0,30.64,93428.59,38.10,757957.06,b0
765271387,5,159364,0,0,30.42,93457.28,39.02,544680.88,b0
765283665,6,159410,0,0,30.36,93430.73,39.35,308526.66,b0
765268824,7,159456,0,0,30.22,93466.26,39.24,579841.44,b0
765287253,8,159502,0,0,30.09,93440.98,39.43,440904.19,b0
765270362,1,159549,0,0,30.31,93437.88,39.69,818381.63,b0
765269850,2,159595,0,0,30.44,93446.63,38.83,515090.53,b0
765286747,3,159641,0,0,30.82,93475.69,38.20,417703.44,b0
765279836,4,159687,0,0,30.64,93426.25,38.09,758378.06,b0
765271387,5,159733,0,0,30.43,93458.08,39.04,545987.75,b0
765283665,6,159779,0,0,30.37,93430.80,39.34,311625.06,b0
765268824,7,159825,0,0,30.23,93464.64,39.25,579841.44,b0
765287253,8,159872,0,0,30.10,93440.13,39.43,442619.41,b0
765270362,1,159918,0,0,30.31,93439.30,39.71,823316.56,b0
765269850,2,159964,0,0,30.45,93445.95,38.85,510087.19,b0
765286747,3,160010,0,0,30.83,93476.06,38.20,417192.91,b0
765279836,4,160056,0,0,30.65,93425.76,38.11,755023.06,b0
765271387,5,160102,0,0,30.44,93456.36,39.02,544680.88,b0
765283665,6,160148,0,0,30.37,93429.26,39.34,310491.22,b0
765268824,7,160195,0,0,30.23,93466.27,39.22,579841.44,b0
765287253,8,160241,0,0,30.10,93439.07,39.42,441189.16,b0
765270362,1,160287,0,0,30.31,93438.03,39.71,828311.44,b0
765269850,2,160333,0,0,30.46,93446.70,38.85,508567.16,b0
765286747,3,160379,0,0,30.84,93476.98,38.22,416175.56,b0
765279836,4,160425,0,0,30.66,93426.91,38.12,756277.69,b0
765271387,5,160472,0,0,30.45,93455.68,39.02,546424.75,b0
765283665,6,160518,0,0,30.39,93429.91,39.35,309646.22,b0
765268824,7,160564,0,0,30.23,93464.10,39.24,577878.13,b0
765287253,8,160610,0,0,30.10,93440.86,39.43,444927.22,b0
765270362,1,160656,0,0,30.32,93439.01,39.71,827307.63,b0
765269850,2,160702,0,0,30.47,93445.30,38.85,512769.16,b0
765286747,3,160749,0,0,30.84,93475.37,38.22,415668.75,b0
765279836,4,160795,0,0,30.67,93426.23,38.11,756696.81,b0
765271387,5,160841,0,0,30.45,93456.80,39.02,546862.50,b0
765283665,6,160887,0,0,30.38,93429.52,39.35,309927.38,b0
765268824,7,160933,0,0,30.23,93464.65,39.23,579349.38,b0
765287253,8,160979,0,0,30.09,93439.20,39.43,444348.00,b0
765270362,1,161026,0,0,30.33,93438.68,39.75,833876.25,b0
765269850,2,161072,0,0,30.47,93445.67,38.85,509326.03,b0
765286747,3,161118,0,0,30.84,93476.09,38.21,416429.44,b0
765279836,4,161164,0,0,30.67,93424.29,38.14,757536.50,b0
765271387,5,161210,0,0,30.45,93455.35,39.03,546862.50,b0
765283665,6,161256,0,0,30.38,93430.23,39.33,309646.22,b0
765268824,7,161302,0,0,30.23,93465.73,39.23,580334.38,b0
765287253,8,161348,0,0,30.09,93439.92,39.42,443482.03,b0
765270362,1,161395,0,0,30.34,93439.45,39.74,827307.63,b0
765269850,2,161441,0,0,30.47,93444.99,38.85,515090.53,b0
765286747,3,161487,0,0,30.85,93475.05,38.23,417192.91,b0
765279836,4,161533,0,0,30.68,93425.04,38.14,758799.56,b0
765271387,5,161579,0,0,30.45,93455.49,39.02,549061.69,b0
765283665,6,161625,0,0,30.38,93428.06,39.33,312480.94,b0
765268824,7,161671,0,0,30.23,93464.66,39.23,583808.44,b0
765287253,8,161717,0,0,30.08,93439.02,39.40,444348.00,b0
765270362,1,161764,0,0,30.34,93439.80,39.74,829317.69,b0
765269850,2,161810,0,0,30.48,93447.15,38.86,516259.13,b0
765286747,3,161856,0,0,30.85,93476.49,38.23,418215.22,b0
765279836,4,161902,0,0,30.69,93424.72,38.15,763466.94,b0
765271387,5,161948,0,0,30.45,93456.58,39.02,549503.63,b0
765283665,6,161994,0,0,30.39,93427.24,39.34,309646.22,b0
765268824,7,162041,0,0,30.23,93465.92,39.22,581322.75,b0
765287253,8,162087,0,0,30.10,93438.70,39.39,445798.88,b0
765270362,1,162133,0,0,30.34,93438.73,39.72,831337.50,b0
765269850,2,162179,0,0,30.48,93446.95,38.84,517433.06,b0
765286747,3,162225,0,0,30.85,93475.58,38.22,418728.28,b0
765279836,4,162271,0,0,30.69,93425.61,38.15,762614.06,b0
765271387,5,162317,0,0,30.46,93456.65,39.01,551724.13,b0
765283665,6,162364,0,0,30.40,93429.55,39.34,311057.09,b0
765268824,7,162410,0,0,30.23,93464.10,39.23,583808.44,b0
765287253,8,162456,0,0,30.11,93439.82,39.42,445217.41,b0
765270362,1,162502,0,0,30.33,93437.78,39.73,824808.69,b0
765269850,2,162548,0,0,30.47,93445.50,38.85,512769.16,b0
765286747,3,162594,0,0,30.84,93476.83,38.21,419242.59,b0
765279836,4,162641,0,0,30.68,93423.59,38.14,763040.25,b0
765271387,5,162687,0,0,30.46,93454.73,39.02,552170.38,b0
765283665,6,162733,0,0,30.41,93428.51,39.33,310773.91,b0
765268824,7,162779,0,0,30.24,93465.96,39.23,585310.06,b0
765287253,8,162825,0,0,30.12,93438.43,39.42,443770.31,b0
765270362,1,162871,0,0,30.33,93437.78,39.73,821829.88,b0
765269850,2,162918,0,0,30.47,93446.56,38.83,520193.03,b0
765286747,3,162964,0,0,30.84,93476.63,38.22,418985.28,b0
765279836,4,163010,0,0,30.68,93427.01,38.14,762188.31,b0
765271387,5,163056,0,0,30.47,93456.19,39.01,551278.63,b0
765283665,6,163102,0,0,30.41,93427.16,39.34,311340.84,b0
765268824,7,163148,0,0,30.25,93466.52,39.21,584808.69,b0
765287253,8,163194,0,0,30.13,93440.58,39.43,444637.44,b0
765270362,1,163241,0,0,30.33,93438.52,39.72,833367.25,b0
765269850,2,163287,0,0,30.47,93447.63,38.83,517041.16,b0
765286747,3,163333,0,0,30.84,93476.81,38.22,420533.88,b0
765279836,4,163379,0,0,30.68,93427.72,38.14,760490.19,b0
765271387,5,163425,0,0,30.47,93456.36,39.00,551278.63,b0
765283665,6,163471,0,0,30.42,93428.96,39.32,312480.94,b0
765268824,7,163517,0,0,30.25,93464.53,39.22,584808.69,b0
765287253,8,163563,0,0,30.13,93437.93,39.42,445507.94,b0
765270362,1,163610,0,0,30.33,93438.67,39.74,833367.25,b0
765269850,2,163656,0,0,30.46,93444.92,38.83,518612.31,b0
765286747,3,163702,0,0,30.84,93474.83,38.22,422878.38,b0
765279836,4,163748,0,0,30.68,93425.57,38.12,765607.50,b0
765271387,5,163794,0,0,30.48,93457.89,38.99,550833.81,b0
765283665,6,163840,0,0,30.43,93428.88,39.33,312767.25,b0
765268824,7,163886,0,0,30.24,93465.06,39.24,586819.50,b0
765287253,8,163933,0,0,30.14,93439.55,39.43,444927.22,b0
765270362,1,163979,0,0,30.33,93438.50,39.72,830326.38,b0
765269850,2,164025,0,0,30.46,93446.34,38.83,517825.53,b0
765286747,3,164071,0,0,30.84,93478.08,38.21,421312.50,b0
765279836,4,164117,0,0,30.69,93425.26,38.12,767760.06,b0
765271387,5,164163,0,0,30.48,93455.72,39.00,551278.63,b0
765283665,6,164209,0,0,30.43,93428.58,39.33,311340.84,b0
765268824,7,164256,0,0,30.25,93466.54,39.24,580334.38,b0
765287253,8,164302,0,0,30.14,93438.85,39.44,443770.31,b0
765270362,1,164348,0,0,30.33,93437.98,39.71,835406.88,b0
765269850,2,164394,0,0,30.46,93446.54,38.83,511616.28,b0
765286747,3,164440,0,0,30.83,93477.16,38.19,421833.16,b0
765279836,4,164486,0,0,30.68,93425.21,38.12,766897.56,b0
765271387,5,164533,0,0,30.49,93455.98,39.00,550833.81,b0
765283665,6,164579,0,0,30.43,93429.44,39.35,312195.13,b0
765268824,7,164625,0,0,30.26,93466.56,39.23,586315.50,b0
765287253,8,164671,0,0,30.15,93440.84,39.43,443194.13,b0
765270362,1,164717,0,0,30.33,93440.32,39.72,837970.56,b0
765269850,2,164763,0,0,30.47,93447.28,38.82,515090.53,b0
765286747,3,164810,0,0,30.83,93475.52,38.21,422616.59,b0
765279836,4,164856,0,0,30.67,93426.77,38.10,764321.69,b0
765271387,5,164902,0,0,30.49,93454.73,39.00,550833.81,b0
765283665,6,164948,0,0,30.44,93428.27,39.35,311625.06,b0
765268824,7,164994,0,0,30.25,93467.07,39.22,583309.63,b0
765287253,8,165040,0,0,30.16,93440.85,39.43,441474.47,b0
765270362,1,165087,0,0,30.34,93440.34,39.73,836430.44,b0
765269850,2,165133,0,0,30.47,93448.16,38.85,515869.03,b0
765286747,3,165179,0,0,30.83,93474.81,38.18,422616.59,b0
765279836,4,165225,0,0,30.67,93425.54,38.11,765178.38,b0
765271387,5,165271,0,0,30.49,93456.13,39.01,550833.81,b0
765283665,6,165317,0,0,30.44,93428.34,39.35,309927.38,b0
765268824,7,165363,0,0,30.25,93464.71,39.22,581322.75,b0
765287253,8,165409,0,0,30.17,93441.80,39.42,443194.13,b0
765270362,1,165456,0,0,30.33,93437.24,39.72,841067.75,b0
765269850,2,165502,0,0,30.47,93447.81,38.82,520193.03,b0
765286747,3,165548,0,0,30.84,93476.10,38.17,423402.94,b0
765279836,4,165594,0,0,30.67,93424.99,38.11,769490.88,b0
765271387,5,165640,0,0,30.50,93457.63,38.99,553513.50,b0
765283665,6,165686,0,0,30.45,93429.09,39.35,310491.22,b0
765268824,7,165732,0,0,30.25,93467.29,39.25,583309.63,b0
765287253,8,165778,0,0,30.16,93439.60,39.42,442619.41,b0
765270362,1,165825,0,0,30.34,93440.01,39.74,833367.25,b0
765269850,2,165871,0,0,30.48,93447.68,38.80,521384.94,b0
765286747,3,165917,0,0,30.84,93476.46,38.18,423665.69,b0
765279836,4,165963,0,0,30.68,93427.00,38.09,765607.50,b0
765271387,5,166009,0,0,30.50,93456.91,39.00,551278.63,b0
765283665,6,166055,0,0,30.44,93428.14,39.35,312195.13,b0
765268824,7,166102,0,0,30.25,93468.52,39.22,583309.63,b0
765287253,8,166148,0,0,30.15,93440.11,39.42,444348.00,b0
765270362,1,166194,0,0,30.34,93440.73,39.74,832351.13,b0
765269850,2,166240,0,0,30.49,93447.54,38.82,521384.94,b0
765286747,3,166286,0,0,30.83,93476.80,38.19,423140.50,b0
765279836,4,166332,0,0,30.67,93424.66,38.10,766897.56,b0
765271387,5,166379,0,0,30.50,93457.44,38.99,555314.56,b0
765283665,6,166425,0,0,30.44,93427.75,39.33,310773.91,b0
765268824,7,166471,0,0,30.24,93466.33,39.24,586315.50,b0
765287253,8,166517,0,0,30.14,93441.72,39.40,444637.44,b0
765270362,1,166563,0,0,30.34,93439.80,39.73,832351.13,b0
765269850,2,166609,0,0,30.49,93447.04,38.82,520193.03,b0
765286747,3,166656,0,0,30.83,93477.34,38.18,421572.66,b0
765279836,4,166702,0,0,30.68,93426.30,38.10,769057.44,b0
765271387,5,166748,0,0,30.50,93457.27,38.98,552617.38,b0
765283665,6,166794,0,0,30.44,93429.71,39.33,311057.09,b0
765268824,7,166840,0,0,30.24,93464.48,39.24,586315.50,b0
765287253,8,166886,0,0,30.15,93441.55,39.41,443770.31,b0
765270362,1,166933,0,0,30.33,93438.34,39.72,828814.25,b0
765269850,2,166979,0,0,30.49,93447.91,38.79,515090.53,b0
765286747,3,167025,0,0,30.82,93476.38,38.17,425514.22,b0
765279836,4,167071,0,0,30.68,93427.72,38.10,774730.50,b0
765271387,5,167117,0,0,30.50,93456.59,38.98,554412.56,b0
765283665,6,167163,0,0,30.43,93428.58,39.33,311625.06,b0
765268824,7,167209,0,0,30.24,93466.51,39.24,587830.06,b0
765287253,8,167255,0,0,30.15,93439.94,39.40,444927.22,b0
765270362,1,167302,0,0,30.33,93439.41,39.73,828311.44,b0
765269850,2,167348,0,0,30.49,93447.34,38.82,522582.28,b0
765286747,3,167394,0,0,30.82,93476.02,38.20,425249.16,b0
765279836,4,167440,0,0,30.67,93427.69,38.08,775170.31,b0
765271387,5,167486,0,0,30.49,93455.09,38.97,555766.63,b0
765283665,6,167532,0,0,30.44,93430.26,39.32,311909.84,b0
765268824,7,167578,0,0,30.23,93465.92,39.23,586315.50,b0
765287253,8,167624,0,0,30.15,93442.45,39.40,443482.03,b0
765270362,1,167671,0,0,30.34,93438.95,39.74,839000.44,b0
765269850,2,167717,0,0,30.48,93447.68,38.81,516259.13,b0
765286747,3,167763,0,0,30.83,93478.21,38.17,426311.41,b0
765279836,4,167809,0,0,30.66,93427.27,38.10,772538.69,b0
765271387,5,167855,0,0,30.50,93458.52,38.98,555766.63,b0
765283665,6,167901,0,0,30.44,93428.48,39.32,312195.13,b0
765268824,7,167947,0,0,30.23,93466.11,39.23,586819.50,b0
765287253,8,167994,0,0,30.14,93440.27,39.39,444348.00,b0
765270362,1,168040,0,0,30.34,93439.12,39.74,824310.75,b0
765269850,2,168086,0,0,30.48,93447.52,38.78,520193.03,b0
765286747,3,168132,0,0,30.82,93476.93,38.19,427111.56,b0
765279836,4,168178,0,0,30.66,93427.97,38.08,777377.13,b0
765271387,5,168224,0,0,30.49,93454.69,38.97,557127.31,b0
765283665,6,168271,0,0,30.44,93429.00,39.31,313054.13,b0
765268824,7,168317,0,0,30.23,93466.84,39.21,586315.50,b0
765287253,8,168363,0,0,30.15,93441.36,39.40,447259.22,b0
765270362,1,168409,0,0,30.34,93438.05,39.72,830326.38,b0
765269850,2,168455,0,0,30.49,93447.02,38.79,521783.44,b0
765286747,3,168501,0,0,30.82,93478.02,38.16,426045.34,b0
765279836,4,168547,0,0,30.66,93426.17,38.08,776934.75,b0
765271387,5,168594,0,0,30.49,93456.13,38.95,557127.31,b0
765283665,6,168640,0,0,30.44,93430.28,39.31,311625.06,b0
765268824,7,168686,0,0,30.23,93466.10,39.22,586315.50,b0
765287253,8,168732,0,0,30.15,93442.45,39.38,446381.88,b0
765270362,1,168778,0,0,30.35,93440.07,39.71,848911.94,b0
765269850,2,168824,0,0,30.50,93448.83,38.79,517825.53,b0
765286747,3,168871,0,0,30.82,93477.81,38.17,426577.78,b0
765279836,4,168917,0,0,30.65,93426.15,38.08,780934.25,b0
765271387,5,168963,0,0,30.49,93458.84,38.95,557582.38,b0
765283665,6,169009,0,0,30.45,93430.20,39.30,311909.84,b0
765268824,7,169055,0,0,30.24,93467.06,39.24,586315.50,b0
765287253,8,169101,0,0,30.15,93440.84,39.38,445217.41,b0
765270362,1,169148,0,0,30.34,93438.73,39.72,829821.69,b0
765269850,2,169194,0,0,30.48,93445.91,38.79,520193.03,b0
765286747,3,169240,0,0,30.81,93475.82,38.16,428183.16,b0
765279836,4,169286,0,0,30.65,93426.85,38.06,774730.50,b0
765271387,5,169332,0,0,30.50,93455.82,38.95,558038.13,b0
765283665,6,169378,0,0,30.46,93430.77,39.31,311909.84,b0
765268824,7,169424,0,0,30.24,93465.20,39.23,586315.50,b0
765287253,8,169470,0,0,30.16,93440.85,39.38,445798.88,b0
765270362,1,169517,0,0,30.35,93442.00,39.72,847331.38,b0
765269850,2,169563,0,0,30.50,93449.19,38.77,523383.59,b0
765286747,3,169609,0,0,30.82,93477.10,38.17,424984.44,b0
765279836,4,169655,0,0,30.65,93427.94,38.08,779151.63,b0
765271387,5,169701,0,0,30.51,93455.35,38.94,554863.19,b0
765283665,6,169747,0,0,30.46,93429.91,39.30,313054.13,b0
765268824,7,169793,0,0,30.23,93465.03,39.21,586819.50,b0
765287253,8,169840,0,0,30.16,93441.57,39.39,447259.22,b0
765270362,1,169886,0,0,30.35,93441.64,39.71,845233.19,b0
765269850,2,169932,0,0,30.50,93446.16,38.77,523785.16,b0
765286747,3,169978,0,0,30.83,93478.21,38.18,428990.38,b0
765279836,4,170024,0,0,30.67,93428.73,38.07,772538.69,b0
765271387,5,170070,0,0,30.51,93456.97,38.94,558038.13,b0
765283665,6,170116,0,0,30.44,93429.95,39.30,312767.25,b0
765268824,7,170163,0,0,30.24,93466.31,39.22,587324.38,b0
765287253,8,170209,0,0,30.14,93441.32,39.38,446673.94,b0
765270362,1,170255,0,0,30.34,93440.52,39.72,832858.88,b0
765269850,2,170301,0,0,30.50,93447.78,38.78,522582.28,b0
765286747,3,170347,0,0,30.82,93477.27,38.15,428183.16,b0
765279836,4,170393,0,0,30.67,93428.01,38.07,780934.25,b0
765271387,5,170440,0,0,30.50,93456.02,38.94,561249.69,b0
765283665,6,170486,0,0,30.43,93430.18,39.28,313341.50,b0
765268824,7,170532,0,0,30.23,93466.09,39.22,585812.38,b0
765287253,8,170578,0,0,30.13,93441.67,39.38,448140.03,b0
765270362,1,170624,0,0,30.33,93440.86,39.71,836943.19,b0
765269850,2,170670,0,0,30.50,93446.36,38.78,524187.34,b0
765286747,3,170717,0,0,30.81,93477.97,38.17,428183.16,b0
765279836,4,170763,0,0,30.66,93427.24,38.08,775610.69,b0
765271387,5,170809,0,0,30.49,93456.16,38.93,557582.38,b0
765283665,6,170855,0,0,30.42,93432.04,39.27,315951.88,b0
765268824,7,170901,0,0,30.23,93467.19,39.23,587324.38,b0
765287253,8,170947,0,0,30.12,93439.32,39.35,446090.19,b0
765270362,1,170994,0,0,30.33,93440.28,39.72,847857.56,b0
765269850,2,171040,0,0,30.51,93448.89,38.76,524187.34,b0
765286747,3,171086,0,0,30.79,93476.46,38.16,428720.97,b0
765279836,4,171132,0,0,30.66,93427.80,38.08,778707.25,b0
765271387,5,171178,0,0,30.50,93457.44,38.91,562174.06,b0
765283665,6,171224,0,0,30.41,93429.27,39.27,314496.31,b0
765268824,7,171270,0,0,30.22,93467.71,39.20,590371.88,b0
765287253,8,171316,0,0,30.12,93443.05,39.35,449319.88,b0
765270362,1,171363,0,0,30.33,93439.39,39.70,843666.31,b0
765269850,2,171409,0,0,30.50,93447.07,38.76,520987.03,b0
765286747,3,171455,0,0,30.80,93477.38,38.16,431157.91,b0
765279836,4,171501,0,0,30.66,93427.62,38.06,782276.56,b0
765271387,5,171547,0,0,30.49,93457.39,38.92,562174.06,b0
765283665,6,171593,0,0,30.41,93428.32,39.25,314206.81,b0
765268824,7,171639,0,0,30.22,93467.34,39.21,588844.19,b0
765287253,8,171685,0,0,30.11,93441.97,39.33,449024.34,b0
765270362,1,171732,0,0,30.31,93440.01,39.72,845756.75,b0
765269850,2,171778,0,0,30.48,93447.51,38.75,527427.25,b0
765286747,3,171824,0,0,30.78,93477.67,38.16,431703.22,b0
765279836,4,171870,0,0,30.64,93429.47,38.08,779596.50,b0
765271387,5,171916,0,0,30.48,93457.50,38.92,558494.69,b0
765283665,6,171962,0,0,30.40,93429.85,39.24,315951.88,b0
765268824,7,172008,0,0,30.21,93466.74,39.21,591394.75,b0
765287253,8,172055,0,0,30.10,93441.74,39.33,450803.44,b0
765270362,1,172101,0,0,30.29,93440.98,39.71,833367.25,b0
765269850,2,172147,0,0,30.46,93446.88,38.76,522582.28,b0
765286747,3,172193,0,0,30.77,93479.07,38.16,432249.91,b0
765279836,4,172239,0,0,30.61,93428.61,38.07,781828.56,b0
765271387,5,172285,0,0,30.46,93459.31,38.90,564498.38,b0
765283665,6,172332,0,0,30.39,93430.32,39.25,314496.31,b0
765268824,7,172378,0,0,30.20,93465.99,39.19,592935.75,b0
765287253,8,172424,0,0,30.09,93442.62,39.32,451698.28,b0
765270362,1,172470,0,0,30.30,93440.63,39.71,855293.38,b0
765269850,2,172516,0,0,30.45,93447.89,38.73,527427.25,b0
765286747,3,172562,0,0,30.76,93477.79,38.16,433347.44,b0
765279836,4,172608,0,0,30.60,93427.50,38.05,785426.63,b0
765271387,5,172655,0,0,30.45,93458.58,38.89,562174.06,b0
765283665,6,172701,0,0,30.39,93431.41,39.24,315951.88,b0
765268824,7,172747,0,0,30.19,93468.14,39.19,591394.75,b0
765287253,8,172793,0,0,30.09,93440.45,39.33,451997.34,b0
765270362,1,172839,0,0,30.29,93440.09,39.71,841586.19,b0
765269850,2,172885,0,0,30.44,93448.95,38.75,524590.19,b0
765286747,3,172932,0,0,30.76,93477.98,38.15,432523.75,b0
765279836,4,172978,0,0,30.60,93428.72,38.04,784975.06,b0
765271387,5,173024,0,0,30.45,93458.05,38.90,562637.38,b0
765283665,6,173070,0,0,30.39,93431.03,39.23,317420.97,b0
765268824,7,173116,0,0,30.20,93467.42,39.19,595002.88,b0
765287253,8,173162,0,0,30.10,93443.52,39.30,452296.81,b0
765270362,1,173209,0,0,30.28,93441.26,39.69,842625.00,b0
765269850,2,173255,0,0,30.44,93449.47,38.72,531120.31,b0
765286747,3,173301,0,0,30.75,93476.66,38.16,435559.34,b0
765279836,4,173347,0,0,30.59,93429.42,38.05,786784.50,b0
765271387,5,173393,0,0,30.46,93458.94,38.90,565902.19,b0
765283665,6,173439,0,0,30.40,93432.69,39.21,317420.97,b0
765268824,7,173485,0,0,30.20,93466.14,39.18,596562.75,b0
765287253,8,173531,0,0,30.10,93441.20,39.32,453498.66,b0
765270362,1,173578,0,0,30.26,93438.84,39.70,850498.31,b0
765269850,2,173624,0,0,30.41,93448.80,38.72,524993.56,b0
765286747,3,173670,0,0,30.74,93477.19,38.14,436394.63,b0
765279836,4,173716,0,0,30.59,93429.39,38.06,787692.31,b0
765271387,5,173762,0,0,30.46,93457.16,38.89,569680.13,b0
765283665,6,173808,0,0,30.40,93430.77,39.20,319500.78,b0
765268824,7,173854,0,0,30.21,93467.66,39.18,595002.88,b0
765287253,8,173901,0,0,30.11,93441.24,39.31,453197.63,b0
765270362,1,173947,0,0,30.26,93440.44,39.70,854757.94,b0
765269850,2,173993,0,0,30.40,93448.60,38.73,527835.06,b0
765286747,3,174039,0,0,30.75,93478.12,38.15,435559.34,b0
765279836,4,174085,0,0,30.59,93429.23,38.06,786784.50,b0
765271387,5,174131,0,0,30.46,93456.66,38.87,568257.50,b0
765283665,6,174177,0,0,30.42,93430.38,39.21,318903.78,b0
765268824,7,174224,0,0,30.22,93468.04,39.19,595002.88,b0
765287253,8,174270,0,0,30.12,93442.89,39.32,454404.25,b0
765270362,1,174316,0,0,30.27,93441.38,39.70,859601.25,b0
765269850,2,174362,0,0,30.41,93447.93,38.73,530707.44,b0
765286747,3,174408,0,0,30.77,93477.63,38.14,435004.25,b0
765279836,4,174454,0,0,30.60,93429.11,38.04,788147.00,b0
765271387,5,174501,0,0,30.47,93459.06,38.89,569680.13,b0
765283665,6,174547,0,0,30.41,93430.72,39.20,319500.78,b0
765268824,7,174593,0,0,30.22,93465.72,39.18,598655.38,b0
765287253,8,174639,0,0,30.12,93440.05,39.31,456226.34,b0
765270362,1,174685,0,0,30.27,93439.43,39.71,848384.44,b0
765269850,2,174731,0,0,30.43,93448.01,38.74,529062.25,b0
765286747,3,174778,0,0,30.78,93478.57,38.15,434727.22,b0
765279836,4,174824,0,0,30.62,93428.66,38.07,791344.69,b0
765271387,5,174870,0,0,30.47,93459.23,38.88,566841.94,b0
765283665,6,174916,0,0,30.41,93430.14,39.20,318903.78,b0
765268824,7,174962,0,0,30.24,93467.21,39.18,599180.81,b0
765287253,8,175008,0,0,30.13,93441.51,39.33,457142.84,b0
765270362,1,175055,0,0,30.28,93440.91,39.70,849968.88,b0
765269850,2,175101,0,0,30.43,93446.41,38.74,527427.25,b0
765286747,3,175147,0,0,30.77,93477.28,38.14,436394.63,b0
765279836,4,175193,0,0,30.62,93428.32,38.05,790428.38,b0
765271387,5,175239,0,0,30.47,93458.15,38.86,569680.13,b0
765283665,6,175285,0,0,30.41,93430.36,39.20,319800.13,b0
765268824,7,175331,0,0,30.24,93468.30,39.17,599707.19,b0
765287253,8,175377,0,0,30.14,93440.09,39.31,455010.00,b0
765270362,1,175424,0,0,30.28,93442.31,39.70,858520.25,b0
765269850,2,175470,0,0,30.44,93449.12,38.75,533194.50,b0
765286747,3,175516,0,0,30.77,93478.72,38.14,436673.78,b0
765279836,4,175562,0,0,30.62,93427.97,38.04,789971.06,b0
765271387,5,175608,0,0,30.47,93459.05,38.88,570632.50,b0
765283665,6,175654,0,0,30.42,93430.23,39.19,319202.00,b0
765268824,7,175700,0,0,30.25,93467.62,39.18,598655.38,b0
765287253,8,175746,0,0,30.15,93442.82,39.32,453498.66,b0
765270362,1,175793,0,0,30.28,93441.26,39.69,844187.94,b0
765269850,2,175839,0,0,30.43,93446.94,38.75,527020.06,b0
765286747,3,175885,0,0,30.76,93477.62,38.16,438074.88,b0
765279836,4,175931,0,0,30.61,93427.73,38.06,795031.06,b0
765271387,5,175977,0,0,30.48,93457.48,38.85,567313.00,b0
765283665,6,176023,0,0,30.43,93430.84,39.20,322215.22,b0
765268824,7,176069,0,0,30.25,93467.62,39.16,595521.94,b0
765287253,8,176116,0,0,30.16,93441.95,39.30,454404.25,b0
765270362,1,176162,0,0,30.28,93440.03,39.71,846805.88,b0
765269850,2,176208,0,0,30.44,93447.50,38.73,534446.75,b0
765286747,3,176254,0,0,30.77,93477.47,38.16,439202.22,b0
765279836,4,176300,0,0,30.63,93429.75,38.04,792723.06,b0
765271387,5,176346,0,0,30.49,93458.97,38.86,569205.13,b0
765283665,6,176393,0,0,30.42,93430.44,39.20,321003.13,b0
765268824,7,176439,0,0,30.26,93469.30,39.16,596562.75,b0
765287253,8,176485,0,0,30.16,93441.59,39.32,455617.34,b0
765270362,1,176531,0,0,30.29,93440.43,39.70,845756.75,b0
765269850,2,176577,0,0,30.45,93447.53,38.73,530707.44,b0
765286747,3,176623,0,0,30.79,93479.87,38.16,437513.34,b0
765279836,4,176669,0,0,30.63,93428.88,38.04,794568.38,b0
765271387,5,176716,0,0,30.49,93459.37,38.89,567784.88,b0
765283665,6,176762,0,0,30.43,93432.11,39.19,319500.78,b0
765268824,7,176808,0,0,30.26,93468.39,39.17,596562.75,b0
765287253,8,176854,0,0,30.16,93442.30,39.32,454404.25,b0
765270362,1,176900,0,0,30.29,93442.40,39.72,856903.75,b0
765269850,2,176946,0,0,30.45,93448.07,38.73,534865.50,b0
765286747,3,176993,0,0,30.79,93477.72,38.17,440051.56,b0
765279836,4,177039,0,0,30.64,93429.68,38.06,798284.94,b0
765271387,5,177085,0,0,30.49,93457.77,38.88,567784.88,b0
765283665,6,177131,0,0,30.43,93432.70,39.19,321003.13,b0
765268824,7,177177,0,0,30.26,93468.76,39.17,596041.94,b0
765287253,8,177223,0,0,30.16,93442.11,39.30,455617.34,b0
765270362,1,177270,0,0,30.28,93440.72,39.72,846805.88,b0
765269850,2,177316,0,0,30.44,93448.59,38.73,529472.63,b0
765286747,3,177362,0,0,30.79,93478.07,38.16,439202.22,b0
765279836,4,177408,0,0,30.63,93427.65,38.07,794106.25,b0
765271387,5,177454,0,0,30.50,93457.45,38.89,569680.13,b0
765283665,6,177500,0,0,30.42,93431.32,39.19,320701.53,b0
765268824,7,177546,0,0,30.25,93467.44,39.16,595521.94,b0
765287253,8,177592,0,0,30.16,93443.73,39.29,456226.34,b0
765270362,1,177639,0,0,30.28,93441.10,39.71,849968.88,b0
765269850,2,177685,0,0,30.44,93449.30,38.72,535284.88,b0
765286747,3,177731,0,0,30.79,93478.63,38.16,435837.41,b0
765279836,4,177777,0,0,30.64,93427.14,38.04,798751.94,b0
765271387,5,177823,0,0,30.50,93458.86,38.87,568257.50,b0
765283665,6,177869,0,0,30.42,93430.77,39.18,321305.31,b0
765268824,7,177915,0,0,30.25,93469.09,39.16,597607.25,b0
765287253,8,177962,0,0,30.15,93440.84,39.29,457142.84,b0
765270362,1,178008,0,0,30.29,93442.73,39.71,861771.50,b0
765269850,2,178054,0,0,30.45,93449.70,38.74,535704.94,b0
765286747,3,178100,0,0,30.80,93479.55,38.16,439202.22,b0
765279836,4,178146,0,0,30.64,93429.86,38.06,796422.31,b0
765271387,5,178192,0,0,30.49,93457.39,38.87,569680.13,b0
765283665,6,178238,0,0,30.42,93431.48,39.19,320400.50,b0
765268824,7,178285,0,0,30.24,93466.68,39.15,600762.69,b0
765287253,8,178331,0,0,30.15,93444.42,39.28,461157.41,b0
765270362,1,178377,0,0,30.28,93439.48,39.71,845756.75,b0
765269850,2,178423,0,0,30.45,93447.02,38.75,531120.31,b0
765286747,3,178469,0,0,30.80,93479.74,38.15,438637.81,b0
765279836,4,178515,0,0,30.65,93430.59,38.05,798751.94,b0
765271387,5,178562,0,0,30.48,93460.04,38.86,570632.50,b0
765283665,6,178608,0,0,30.42,93428.50,39.19,320400.50,b0
765268824,7,178654,0,0,30.23,93466.66,39.15,597084.56,b0
765287253,8,178700,0,0,30.15,93443.70,39.27,457755.94,b0
765270362,1,178746,0,0,30.29,93440.42,39.72,860685.00,b0
765269850,2,178792,0,0,30.45,93447.54,38.74,540797.44,b0
765286747,3,178839,0,0,30.80,93477.57,38.16,435837.41,b0
765279836,4,178885,0,0,30.64,93427.69,38.05,801095.25,b0
765271387,5,178931,0,0,30.49,93457.58,38.85,569205.13,b0
765283665,6,178977,0,0,30.43,93431.37,39.18,321911.34,b0
765268824,7,179023,0,0,30.23,93466.84,39.13,598655.38,b0
765287253,8,179069,0,0,30.14,93442.24,39.27,460224.72,b0
765270362,1,179116,0,0,30.29,93440.97,39.73,844710.25,b0
765269850,2,179162,0,0,30.46,93446.71,38.74,531533.88,b0
765286747,3,179208,0,0,30.81,93478.52,38.17,437233.13,b0
765279836,4,179254,0,0,30.64,93427.16,38.06,795494.25,b0
765271387,5,179300,0,0,30.49,93459.54,38.87,569680.13,b0
765283665,6,179346,0,0,30.42,93431.52,39.17,322519.69,b0
765268824,7,179392,0,0,30.22,93466.26,39.12,604486.44,b0
765287253,8,179438,0,0,30.15,93441.73,39.24,456531.44,b0
765270362,1,179485,0,0,30.30,93441.39,39.72,853155.56,b0
765269850,2,179531,0,0,30.47,93447.09,38.76,535284.88,b0
765286747,3,179577,0,0,30.81,93479.05,38.19,436953.28,b0
765279836,4,179623,0,0,30.64,93426.59,38.06,791344.69,b0
765271387,5,179669,0,0,30.49,93458.26,38.85,572546.81,b0
765283665,6,179715,0,0,30.43,93430.48,39.18,322824.72,b0
765268824,7,179761,0,0,30.22,93468.41,39.15,601821.94,b0
765287253,8,179807,0,0,30.14,93440.80,39.24,459605.03,b0
765270362,1,179854,0,0,30.30,93441.71,39.72,859601.25,b0
765269850,2,179900,0,0,30.47,93446.92,38.75,534446.75,b0
765286747,3,179946,0,0,30.80,93477.95,38.18,436115.84,b0
765279836,4,179992,0,0,30.64,93429.50,38.06,789971.06,b0
765271387,5,180038,0,0,30.49,93458.45,38.85,571109.88,b0
765283665,6,180084,0,0,30.42,93429.92,39.17,321305.31,b0
765268824,7,180130,0,0,30.22,93467.14,39.12,603417.81,b0
765287253,8,180177,0,0,30.15,93442.99,39.24,459605.03,b0
765270362,1,180223,0,0,30.30,93441.39,39.73,856366.31,b0
765269850,2,180269,0,0,30.47,93448.73,38.76,534028.69,b0
765286747,3,180315,0,0,30.80,93479.01,38.18,438637.81,b0
765279836,4,180361,0,0,30.64,93428.77,38.06,797352.56,b0
765271387,5,180407,0,0,30.49,93460.45,38.84,573508.81,b0
765283665,6,180454,0,0,30.43,93430.88,39.15,320701.53,b0
765268824,7,180500,0,0,30.22,93466.97,39.12,600234.44,b0
765287253,8,180546,0,0,30.15,93444.94,39.23,459914.66,b0
765270362,1,180592,0,0,30.30,93442.64,39.73,845233.19,b0
765269850,2,180638,0,0,30.47,93448.70,38.75,534865.50,b0
765286747,3,180684,0,0,30.79,93479.34,38.18,436953.28,b0
765279836,4,180730,0,0,30.64,93427.85,38.06,795031.06,b0
765271387,5,180777,0,0,30.49,93457.74,38.85,574474.06,b0
765283665,6,180823,0,0,30.44,93430.77,39.16,322824.72,b0
765268824,7,180869,0,0,30.22,93468.44,39.12,602352.94,b0
765287253,8,180915,0,0,30.15,93443.54,39.23,458678.63,b0
765270362,1,180961,0,0,30.30,93442.45,39.73,861771.50,b0
765269850,2,181007,0,0,30.47,93449.77,38.73,537815.13,b0
765286747,3,181054,0,0,30.79,93479.49,38.18,438356.16,b0
765279836,4,181100,0,0,30.63,93428.36,38.06,799219.50,b0
765271387,5,181146,0,0,30.49,93457.92,38.84,573508.81,b0
765283665,6,181192,0,0,30.44,93431.34,39.15,322519.69,b0
765268824,7,181238,0,0,30.22,93468.41,39.13,599707.19,b0
765287253,8,181284,0,0,30.14,93444.03,39.21,458678.63,b0
765270362,1,181331,0,0,30.31,93442.49,39.73,846805.88,b0
765269850,2,181377,0,0,30.47,93448.70,38.73,538663.88,b0
765286747,3,181423,0,0,30.78,93480.20,38.17,438637.81,b0
765279836,4,181469,0,0,30.62,93428.86,38.06,795494.25,b0
765271387,5,181515,0,0,30.50,93460.49,38.84,571109.88,b0
765283665,6,181561,0,0,30.44,93431.30,39.15,323743.28,b0
765268824,7,181607,0,0,30.22,93467.88,39.13,600234.44,b0
765287253,8,181653,0,0,30.14,93442.41,39.23,460535.19,b0
765270362,1,181700,0,0,30.31,93442.89,39.70,853155.56,b0
765269850,2,181746,0,0,30.47,93448.52,38.75,536547.00,b0
765286747,3,181792,0,0,30.79,93478.44,38.14,442332.63,b0
765279836,4,181838,0,0,30.64,93430.16,38.06,800625.50,b0
765271387,5,181884,0,0,30.49,93456.85,38.82,572546.81,b0
765283665,6,181930,0,0,30.44,93430.95,39.14,323436.50,b0
765268824,7,181976,0,0,30.22,93468.06,39.11,601291.81,b0
765287253,8,182023,0,0,30.14,93441.88,39.22,459914.66,b0
765270362,1,182069,0,0,30.32,93441.14,39.73,861771.50,b0
765269850,2,182115,0,0,30.47,93450.14,38.75,536547.00,b0
765286747,3,182161,0,0,30.81,93477.95,38.17,439768.09,b0
765279836,4,182207,0,0,30.65,93430.23,38.08,797818.44,b0
765271387,5,182253,0,0,30.50,93459.26,38.84,573027.44,b0
765283665,6,182299,0,0,30.45,93431.61,39.16,321911.34,b0
765268824,7,182346,0,0,30.22,93469.14,39.13,598655.38,b0
765287253,8,182392,0,0,30.14,93444.38,39.21,460535.19,b0
765270362,1,182438,0,0,30.33,93440.84,39.72,865595.94,b0
765269850,2,182484,0,0,30.48,93447.66,38.72,539942.00,b0
765286747,3,182530,0,0,30.81,93478.34,38.15,439768.09,b0
765279836,4,182576,0,0,30.66,93428.14,38.06,794568.38,b0
765271387,5,182623,0,0,30.50,93459.23,38.82,572546.81,b0
765283665,6,182669,0,0,30.45,93429.45,39.15,322519.69,b0
765268824,7,182715,0,0,30.22,93467.70,39.12,602352.94,b0
765287253,8,182761,0,0,30.13,93442.74,39.22,458678.63,b0
765270362,1,182807,0,0,30.33,93439.97,39.72,865595.94,b0
765269850,2,182853,0,0,30.48,93448.77,38.74,536547.00,b0
765286747,3,182900,0,0,30.81,93477.98,38.16,438637.81,b0
765279836,4,182946,0,0,30.66,93428.35,38.05,797818.44,b0
765271387,5,182992,0,0,30.50,93459.76,38.82,572067.06,b0
765283665,6,183038,0,0,30.45,93430.68,39.17,322215.22,b0
765268824,7,183084,0,0,30.22,93467.86,39.13,602352.94,b0
765287253,8,183130,0,0,30.13,93441.84,39.21,460535.19,b0
765270362,1,183177,0,0,30.34,93442.34,39.71,854223.13,b0
765269850,2,183223,0,0,30.49,93449.51,38.71,532778.38,b0
765286747,3,183269,0,0,30.82,93477.48,38.16,439202.22,b0
765279836,4,183315,0,0,30.67,93427.66,38.04,800625.50,b0
765271387,5,183361,0,0,30.49,93459.16,38.81,575442.56,b0
765283665,6,183407,0,0,30.45,93431.39,39.15,322824.72,b0
765268824,7,183453,0,0,30.22,93468.78,39.12,603417.81,b0
765287253,8,183499,0,0,30.13,93442.39,39.21,460224.72,b0
765270362,1,183546,0,0,30.35,93441.64,39.72,862315.81,b0
765269850,2,183592,0,0,30.49,93448.27,38.72,533194.50,b0
765286747,3,183638,0,0,30.83,93476.41,38.16,440335.41,b0
765279836,4,183684,0,0,30.68,93429.66,38.06,798284.94,b0
765271387,5,183730,0,0,30.49,93459.73,38.81,573508.81,b0
765283665,6,183776,0,0,30.45,93430.17,39.13,324667.09,b0
765268824,7,183822,0,0,30.23,93470.62,39.12,602352.94,b0
765287253,8,183868,0,0,30.13,93442.93,39.21,462406.88,b0
765270362,1,183915,0,0,30.35,93441.16,39.72,848911.94,b0
765269850,2,183961,0,0,30.49,93448.09,38.72,537815.13,b0
765286747,3,184007,0,0,30.84,93478.78,38.15,440335.41,b0
765279836,4,184053,0,0,30.67,93426.58,38.05,799219.50,b0
765271387,5,184099,0,0,30.50,93458.50,38.82,573027.44,b0
765283665,6,184145,0,0,30.45,93428.97,39.11,324050.63,b0
765268824,7,184191,0,0,30.23,93469.72,39.13,600234.44,b0
765287253,8,184238,0,0,30.14,93442.59,39.22,461157.41,b0
765270362,1,184284,0,0,30.36,93441.36,39.70,860685.00,b0
765269850,2,184330,0,0,30.50,93449.00,38.73,536969.06,b0
765286747,3,184376,0,0,30.84,93477.88,38.16,440335.41,b0
765279836,4,184422,0,0,30.68,93430.04,38.04,799687.63,b0
765271387,5,184468,0,0,30.50,93458.19,38.82,574474.06,b0
765283665,6,184515,0,0,30.46,93431.74,39.13,324050.63,b0
765268824,7,184561,0,0,30.22,93468.96,39.14,602352.94,b0
765287253,8,184607,0,0,30.13,93442.37,39.19,462406.88,b0
765270362,1,184653,0,0,30.37,93442.33,39.71,862315.81,b0
765269850,2,184699,0,0,30.50,93449.90,38.71,540369.38,b0
765286747,3,184745,0,0,30.85,93477.92,38.14,442046.19,b0
765279836,4,184792,0,0,30.68,93428.46,38.04,800625.50,b0
765271387,5,184838,0,0,30.49,93458.66,38.82,575928.00,b0
765283665,6,184884,0,0,30.46,93432.45,39.13,323743.28,b0
765268824,7,184930,0,0,30.21,93468.38,39.11,603417.81,b0
765287253,8,184976,0,0,30.14,93443.66,39.22,462406.88,b0
765270362,1,185022,0,0,30.38,93441.82,39.70,863952.75,b0
765269850,2,185069,0,0,30.50,93448.47,38.72,542516.56,b0
765286747,3,185115,0,0,30.85,93480.46,38.15,440051.56,b0
765279836,4,185161,0,0,30.69,93428.65,38.05,803452.31,b0
765271387,5,185207,0,0,30.49,93460.59,38.82,577389.31,b0
765283665,6,185253,0,0,30.46,93431.53,39.13,324976.19,b0
765268824,7,185299,0,0,30.21,93469.29,39.11,601821.94,b0
765287253,8,185345,0,0,30.14,93445.09,39.23,464926.22,b0
765270362,1,185392,0,0,30.38,93443.84,39.69,861227.94,b0
765269850,2,185438,0,0,30.51,93450.85,38.71,537815.13,b0
765286747,3,185484,0,0,30.86,93479.94,38.13,441474.47,b0
765279836,4,185530,0,0,30.69,93429.73,38.05,798751.94,b0
765271387,5,185576,0,0,30.49,93458.66,38.81,577389.31,b0
765283665,6,185622,0,0,30.46,93431.38,39.13,324667.09,b0
765268824,7,185668,0,0,30.22,93466.41,39.12,605022.19,b0
765287253,8,185714,0,0,30.15,93444.94,39.21,465560.34,b0
765270362,1,185761,0,0,30.39,93441.73,39.69,859601.25,b0
765269850,2,185807,0,0,30.52,93450.35,38.70,536969.06,b0
765286747,3,185853,0,0,30.85,93478.84,38.14,439484.97,b0
765279836,4,185899,0,0,30.70,93429.63,38.05,802507.81,b0
765271387,5,185945,0,0,30.50,93457.61,38.80,577389.31,b0
765283665,6,185991,0,0,30.46,93432.09,39.10,323436.50,b0
765268824,7,186037,0,0,30.22,93467.89,39.11,605022.19,b0
765287253,8,186084,0,0,30.14,93443.48,39.21,464609.81,b0
765270362,1,186130,0,0,30.40,93442.13,39.68,856366.31,b0
765269850,2,186176,0,0,30.53,93451.09,38.71,538663.88,b0
765286747,3,186222,0,0,30.86,93479.41,38.14,440904.19,b0
765279836,4,186268,0,0,30.70,93427.26,38.02,802036.44,b0
765271387,5,186314,0,0,30.51,93458.39,38.81,576901.44,b0
765283665,6,186360,0,0,30.47,93430.70,39.11,326530.63,b0
765268824,7,186407,0,0,30.24,93468.14,39.12,606096.50,b0
765287253,8,186453,0,0,30.15,93444.04,39.21,463348.41,b0
765270362,1,186499,0,0,30.40,93443.23,39.68,859601.25,b0
765269850,2,186545,0,0,30.53,93449.15,38.70,537391.75,b0
765286747,3,186591,0,0,30.87,93479.79,38.14,440619.63,b0
765279836,4,186637,0,0,30.70,93428.73,38.04,802507.81,b0
765271387,5,186684,0,0,30.51,93461.80,38.80,577878.13,b0
765283665,6,186730,0,0,30.47,93431.25,39.12,327156.56,b0
765268824,7,186776,0,0,30.25,93469.97,39.14,604486.44,b0
765287253,8,186822,0,0,30.15,93443.18,39.20,462093.88,b0
765270362,1,186868,0,0,30.40,93443.59,39.69,856366.31,b0
765269850,2,186914,0,0,30.53,93448.61,38.72,536125.63,b0
765286747,3,186961,0,0,30.86,93478.70,38.12,440619.63,b0
765279836,4,187007,0,0,30.70,93427.45,38.02,797818.44,b0
765271387,5,187053,0,0,30.50,93459.80,38.81,579841.44,b0
765283665,6,187099,0,0,30.47,93431.80,39.10,324667.09,b0
765268824,7,187145,0,0,30.26,93471.09,39.12,608799.06,b0
765287253,8,187191,0,0,30.15,93443.18,39.22,462093.88,b0
765270362,1,187238,0,0,30.41,93443.28,39.66,860142.81,b0
765269850,2,187284,0,0,30.53,93449.70,38.70,537815.13,b0
765286747,3,187330,0,0,30.87,93479.79,38.12,440904.19,b0
765279836,4,187376,0,0,30.69,93431.90,38.02,803925.44,b0
765271387,5,187422,0,0,30.51,93460.00,38.80,582314.50,b0
765283665,6,187468,0,0,30.47,93431.95,39.10,325285.91,b0
765268824,7,187514,0,0,30.27,93471.33,39.11,608256.63,b0
765287253,8,187560,0,0,30.16,93444.09,39.22,465560.34,b0
765270362,1,187607,0,0,30.41,93445.44,39.66,861771.50,b0
765269850,2,187653,0,0,30.54,93450.09,38.68,538239.19,b0
765286747,3,187699,0,0,30.87,93479.62,38.13,441189.16,b0
765279836,4,187745,0,0,30.70,93430.68,38.01,807730.25,b0
765271387,5,187791,0,0,30.50,93458.72,38.80,579349.38,b0
765283665,6,187837,0,0,30.46,93433.14,39.10,325907.06,b0
765268824,7,187883,0,0,30.26,93469.66,39.13,606635.06,b0
765287253,8,187929,0,0,30.17,93444.30,39.22,465243.06,b0
765270362,1,187976,0,0,30.41,93443.65,39.67,862860.75,b0
765269850,2,188022,0,0,30.54,93449.55,38.67,538239.19,b0
765286747,3,188068,0,0,30.87,93479.44,38.10,442619.41,b0
765279836,4,188114,0,0,30.70,93432.48,38.00,801095.25,b0
765271387,5,188160,0,0,30.51,93462.50,38.80,580334.38,b0
765283665,6,188206,0,0,30.46,93432.97,39.09,326843.28,b0
765268824,7,188252,0,0,30.26,93469.12,39.12,607715.13,b0
765287253,8,188299,0,0,30.16,93443.02,39.22,466514.81,b0
765270362,1,188345,0,0,30.42,93443.13,39.63,867245.38,b0
765269850,2,188391,0,0,30.54,93449.01,38.68,540369.38,b0
765286747,3,188437,0,0,30.87,93479.98,38.10,443194.13,b0
765279836,4,188483,0,0,30.69,93428.31,38.00,802507.81,b0
765271387,5,188529,0,0,30.51,93461.42,38.80,580828.13,b0
765283665,6,188576,0,0,30.47,93433.92,39.09,326218.53,b0
765268824,7,188622,0,0,30.27,93470.09,39.13,606096.50,b0
765287253,8,188668,0,0,30.18,93444.69,39.21,465560.34,b0
765270362,1,188714,0,0,30.43,93443.90,39.62,862860.75,b0
765269850,2,188760,0,0,30.53,93449.34,38.65,532362.88,b0
765286747,3,188806,0,0,30.87,93479.09,38.10,442906.56,b0
765279836,4,188852,0,0,30.70,93431.59,37.99,803452.31,b0
765271387,5,188899,0,0,30.50,93460.51,38.79,579349.38,b0
765283665,6,188945,0,0,30.47,93432.17,39.06,329048.84,b0
765268824,7,188991,0,0,30.28,93468.50,39.12,606096.50,b0
765287253,8,189037,0,0,30.18,93443.62,39.22,463034.13,b0
765270362,1,189083,0,0,30.42,93442.45,39.63,868348.50,b0
765269850,2,189129,0,0,30.54,93451.34,38.66,538239.19,b0
765286747,3,189176,0,0,30.88,93480.39,38.06,442906.56,b0
765279836,4,189222,0,0,30.69,93429.94,38.00,811571.25,b0
765271387,5,189268,0,0,30.52,93459.02,38.78,579349.38,b0
765283665,6,189314,0,0,30.48,93430.64,39.08,326218.53,b0
765268824,7,189360,0,0,30.30,93470.55,39.10,612074.13,b0
765287253,8,189406,0,0,30.20,93444.39,39.22,462406.88,b0
765270362,1,189453,0,0,30.45,93445.44,39.62,866145.06,b0
765269850,2,189499,0,0,30.55,93450.30,38.67,537391.75,b0
765286747,3,189545,0,0,30.89,93480.77,38.09,444637.44,b0
765279836,4,189591,0,0,30.70,93430.12,37.98,804399.06,b0
765271387,5,189637,0,0,30.52,93460.81,38.79,582314.50,b0
765283665,6,189683,0,0,30.48,93432.09,39.07,327156.56,b0
765268824,7,189729,0,0,30.31,93467.85,39.11,605022.19,b0
765287253,8,189775,0,0,30.21,93444.25,39.23,462406.88,b0
765270362,1,189822,0,0,30.46,93444.96,39.61,862860.75,b0
765269850,2,189868,0,0,30.55,93449.05,38.65,540797.44,b0
765286747,3,189914,0,0,30.89,93480.06,38.09,444348.00,b0
765279836,4,189960,0,0,30.69,93429.03,37.97,806775.63,b0
765271387,5,190006,0,0,30.52,93458.66,38.77,580828.13,b0
765283665,6,190052,0,0,30.49,93430.96,39.04,324976.19,b0
765268824,7,190098,0,0,30.32,93468.46,39.12,606096.50,b0
765287253,8,190145,0,0,30.22,93445.19,39.22,463978.25,b0
765270362,1,190191,0,0,30.45,93442.58,39.61,864499.81,b0
765269850,2,190237,0,0,30.56,93452.12,38.65,534028.69,b0
765286747,3,190283,0,0,30.89,93479.70,38.07,443770.31,b0
765279836,4,190329,0,0,30.70,93429.09,37.99,812537.19,b0
765271387,5,190375,0,0,30.53,93460.16,38.80,580828.13,b0
765283665,6,190421,0,0,30.51,93433.62,39.06,328415.66,b0
765268824,7,190468,0,0,30.34,93469.97,39.09,606096.50,b0
765287253,8,190514,0,0,30.23,93445.58,39.22,463348.41,b0
765270362,1,190560,0,0,30.45,93444.60,39.59,857980.75,b0
765269850,2,190606,0,0,30.56,93449.63,38.64,539089.25,b0
765286747,3,190652,0,0,30.90,93480.98,38.06,442906.56,b0
765279836,4,190698,0,0,30.71,93430.20,37.98,811089.13,b0
765271387,5,190745,0,0,30.54,93458.82,38.78,578858.13,b0
765283665,6,190791,0,0,30.52,93433.17,39.07,327470.41,b0
765268824,7,190837,0,0,30.35,93469.65,39.09,603951.63,b0
765287253,8,190883,0,0,30.23,93444.88,39.21,463663.13,b0
765270362,1,190929,0,0,30.46,93445.16,39.58,862860.75,b0
765269850,2,190975,0,0,30.57,93450.56,38.64,542516.56,b0
765286747,3,191022,0,0,30.91,93481.20,38.04,445217.41,b0
765279836,4,191068,0,0,30.71,93429.13,37.96,807252.69,b0
765271387,5,191114,0,0,30.55,93459.41,38.78,579349.38,b0
765283665,6,191160,0,0,30.52,93431.03,39.05,325596.19,b0
765268824,7,191206,0,0,30.35,93468.38,39.09,602884.88,b0
765287253,8,191252,0,0,30.24,93444.34,39.22,462406.88,b0
765270362,1,191299,0,0,30.45,93445.30,39.58,861771.50,b0
765269850,2,191345,0,0,30.56,93451.43,38.64,537391.75,b0
765286747,3,191391,0,0,30.91,93480.66,38.06,444637.44,b0
765279836,4,191437,0,0,30.72,93431.17,37.97,809646.19,b0
765271387,5,191483,0,0,30.56,93460.21,38.80,581322.75,b0
765283665,6,191529,0,0,30.52,93433.74,39.07,324976.19,b0
765268824,7,191575,0,0,30.36,93471.34,39.10,601291.81,b0
765287253,8,191621,0,0,30.24,93445.45,39.22,462093.88,b0
765270362,1,191668,0,0,30.45,93443.13,39.56,861771.50,b0
765269850,2,191714,0,0,30.56,93450.90,38.61,540797.44,b0
765286747,3,191760,0,0,30.91,93481.36,38.03,444637.44,b0
765279836,4,191806,0,0,30.72,93428.45,37.95,812537.19,b0
765271387,5,191852,0,0,30.57,93459.38,38.80,577878.13,b0
765283665,6,191898,0,0,30.53,93433.15,39.06,325285.91,b0
765268824,7,191944,0,0,30.36,93468.63,39.10,606096.50,b0
765287253,8,191990,0,0,30.24,93444.38,39.19,464293.81,b0
765270362,1,192037,0,0,30.45,93444.77,39.55,864499.81,b0
765269850,2,192083,0,0,30.56,93450.37,38.61,541226.19,b0
765286747,3,192129,0,0,30.91,93480.68,38.03,443770.31,b0
765279836,4,192175,0,0,30.73,93429.40,37.95,806775.63,b0
765271387,5,192221,0,0,30.57,93460.10,38.79,579349.38,b0
765283665,6,192267,0,0,30.53,93431.48,39.05,326530.63,b0
765268824,7,192313,0,0,30.37,93468.28,39.09,608256.63,b0
765287253,8,192360,0,0,30.26,93445.13,39.21,461781.28,b0
765270362,1,192406,0,0,30.45,93443.70,39.54,867796.63,b0
765269850,2,192452,0,0,30.57,93450.38,38.62,544246.63,b0
765286747,3,192498,0,0,30.92,93481.23,38.01,444348.00,b0
765279836,4,192544,0,0,30.73,93430.48,37.95,808687.06,b0
765271387,5,192590,0,0,30.57,93460.06,38.77,577878.13,b0
765283665,6,192637,0,0,30.53,93433.09,39.05,324976.19,b0
765268824,7,192683,0,0,30.37,93469.55,39.10,605022.19,b0
765287253,8,192729,0,0,30.25,93445.63,39.20,460846.09,b0
765270362,1,192775,0,0,30.46,93443.57,39.53,867796.63,b0
765269850,2,192821,0,0,30.57,93453.08,38.61,539942.00,b0
765286747,3,192867,0,0,30.93,93482.34,38.01,446381.88,b0
765279836,4,192914,0,0,30.72,93427.75,37.94,810126.56,b0
765271387,5,192960,0,0,30.57,93460.58,38.75,583808.44,b0
765283665,6,193006,0,0,30.52,93433.74,39.05,325907.06,b0
765268824,7,193052,0,0,30.36,93470.07,39.07,603417.81,b0
765287253,8,193098,0,0,30.25,93444.39,39.21,465243.06,b0
765270362,1,193144,0,0,30.46,93443.04,39.54,866694.88,b0
765269850,2,193191,0,0,30.57,93450.58,38.61,539089.25,b0
765286747,3,193237,0,0,30.93,93480.01,38.02,444927.22,b0
765279836,4,193283,0,0,30.73,93429.40,37.93,810607.56,b0
765271387,5,193329,0,0,30.56,93461.28,38.76,583309.63,b0
765283665,6,193375,0,0,30.53,93433.27,39.06,327470.41,b0
765268824,7,193421,0,0,30.37,93469.36,39.07,604486.44,b0
765287253,8,193467,0,0,30.25,93444.74,39.19,463663.13,b0
765270362,1,193514,0,0,30.47,93444.71,39.54,865595.94,b0
765269850,2,193560,0,0,30.59,93452.41,38.61,539515.25,b0
765286747,3,193606,0,0,30.93,93480.74,38.01,446381.88,b0
765279836,4,193652,0,0,30.74,93430.16,37.92,812537.19,b0
765271387,5,193698,0,0,30.56,93458.39,38.75,581818.19,b0
765283665,6,193744,0,0,30.53,93432.73,39.03,326843.28,b0
765268824,7,193790,0,0,30.37,93469.90,39.06,604486.44,b0
765287253,8,193836,0,0,30.25,93443.49,39.17,461781.28,b0
765270362,1,193883,0,0,30.48,93442.58,39.54,861227.94,b0
765269850,2,193929,0,0,30.58,93451.52,38.62,536969.06,b0
765286747,3,193975,0,0,30.94,93481.13,37.99,445217.41,b0
765279836,4,194021,0,0,30.74,93427.85,37.93,809166.31,b0
765271387,5,194067,0,0,30.57,93457.60,38.77,580828.13,b0
765283665,6,194113,0,0,30.54,93433.77,39.03,328731.94,b0
765268824,7,194159,0,0,30.37,93467.21,39.05,603951.63,b0
765287253,8,194206,0,0,30.26,93446.23,39.16,463663.13,b0
765270362,1,194252,0,0,30.48,93444.55,39.53,862860.75,b0
765269850,2,194298,0,0,30.59,93451.02,38.60,538239.19,b0
765286747,3,194344,0,0,30.94,93479.85,38.00,446673.94,b0
765279836,4,194390,0,0,30.74,93428.42,37.93,813021.06,b0
765271387,5,194436,0,0,30.58,93457.66,38.75,581322.75,b0
765283665,6,194482,0,0,30.54,93431.81,39.04,327784.91,b0
765268824,7,194529,0,0,30.38,93467.62,39.04,606096.50,b0
765287253,8,194575,0,0,30.27,93444.09,39.18,463034.13,b0
765270362,1,194621,0,0,30.48,93442.42,39.51,866145.06,b0
765269850,2,194667,0,0,30.59,93451.02,38.59,542516.56,b0
765286747,3,194713,0,0,30.95,93480.78,37.98,444927.22,b0
765279836,4,194759,0,0,30.75,93428.63,37.93,813021.06,b0
765271387,5,194806,0,0,30.59,93458.59,38.75,581322.75,b0
765283665,6,194852,0,0,30.56,93431.41,39.01,329048.84,b0
765268824,7,194898,0,0,30.39,93467.80,39.03,607715.13,b0
765287253,8,194944,0,0,30.27,93444.80,39.17,463663.13,b0
765270362,1,194990,0,0,30.49,93442.45,39.52,863952.75,b0
765269850,2,195036,0,0,30.59,93451.73,38.56,541655.63,b0
765286747,3,195083,0,0,30.95,93479.88,37.98,444927.22,b0
765279836,4,195129,0,0,30.75,93429.51,37.92,805823.31,b0
765271387,5,195175,0,0,30.60,93460.08,38.75,581322.75,b0
765283665,6,195221,0,0,30.57,93431.32,39.02,326218.53,b0
765268824,7,195267,0,0,30.40,93467.32,39.01,604486.44,b0
765287253,8,195313,0,0,30.29,93445.58,39.16,463663.13,b0
765270362,1,195360,0,0,30.49,93443.74,39.51,863952.75,b0
765269850,2,195406,0,0,30.60,93450.88,38.58,538663.88,b0
765286747,3,195452,0,0,30.95,93481.70,37.97,445507.94,b0
765279836,4,195498,0,0,30.75,93429.51,37.91,809646.19,b0
765271387,5,195544,0,0,30.60,93458.11,38.76,579841.44,b0
765283665,6,195590,0,0,30.57,93428.50,39.02,327156.56,b0
765268824,7,195636,0,0,30.41,93466.05,39.03,606096.50,b0
765287253,8,195682,0,0,30.29,93445.23,39.15,463034.13,b0
765270362,1,195729,0,0,30.50,93444.14,39.50,859601.25,b0
765269850,2,195775,0,0,30.61,93450.73,38.57,538239.19,b0
765286747,3,195821,0,0,30.96,93480.47,37.97,445217.41,b0
765279836,4,195867,0,0,30.75,93428.64,37.90,808208.38,b0
765271387,5,195913,0,0,30.61,93457.10,38.75,576414.31,b0
765283665,6,195959,0,0,30.57,93431.55,39.02,326843.28,b0
765268824,7,196005,0,0,30.41,93467.90,39.02,607715.13,b0
765287253,8,196051,0,0,30.30,93444.17,39.14,463348.41,b0
765270362,1,196098,0,0,30.50,93444.13,39.49,857441.94,b0
765269850,2,196144,0,0,30.61,93450.40,38.57,541655.63,b0
765286747,3,196190,0,0,30.96,93480.12,37.96,444348.00,b0
765279836,4,196236,0,0,30.76,93428.49,37.91,803925.44,b0
765271387,5,196282,0,0,30.61,93455.90,38.73,579349.38,b0
765283665,6,196328,0,0,30.57,93429.44,39.00,326530.63,b0
765268824,7,196375,0,0,30.42,93465.74,39.01,607715.13,b0
765287253,8,196421,0,0,30.31,93445.32,39.15,461781.28,b0
765270362,1,196467,0,0,30.50,93444.69,39.51,854223.13,b0
765269850,2,196513,0,0,30.61,93451.48,38.57,536547.00,b0
765286747,3,196559,0,0,30.96,93481.02,37.96,443482.03,b0
765279836,4,196605,0,0,30.76,93429.76,37.90,807252.69,b0
765271387,5,196652,0,0,30.62,93456.80,38.72,581322.75,b0
765283665,6,196698,0,0,30.58,93427.58,39.01,326218.53,b0
765268824,7,196744,0,0,30.43,93465.78,38.99,603417.81,b0
765287253,8,196790,0,0,30.32,93444.96,39.14,462406.88,b0
765270362,1,196836,0,0,30.50,93443.61,39.48,860685.00,b0
765269850,2,196882,0,0,30.61,93450.23,38.55,535284.88,b0
765286747,3,196929,0,0,30.97,93481.21,37.95,444348.00,b0
765279836,4,196975,0,0,30.76,93428.51,37.90,807252.69,b0
765271387,5,197021,0,0,30.63,93460.28,38.72,577389.31,b0
765283665,6,197067,0,0,30.58,93427.04,39.01,324667.09,b0
765268824,7,197113,0,0,30.44,93465.48,39.01,607174.63,b0
765287253,8,197159,0,0,30.33,93446.07,39.13,463034.13,b0
765270362,1,197206,0,0,30.51,93444.20,39.47,854757.94,b0
765269850,2,197252,0,0,30.63,93451.55,38.57,536547.00,b0
765286747,3,197298,0,0,30.97,93481.76,37.94,443194.13,b0
765279836,4,197344,0,0,30.76,93429.76,37.88,808208.38,b0
765271387,5,197390,0,0,30.63,93457.42,38.72,578367.69,b0
765283665,6,197436,0,0,30.59,93429.60,38.99,324358.56,b0
765268824,7,197482,0,0,30.45,93467.13,39.00,601291.81,b0
765287253,8,197528,0,0,30.33,93446.45,39.14,461157.41,b0
765270362,1,197575,0,0,30.52,93443.90,39.46,855293.38,b0
765269850,2,197621,0,0,30.63,93450.47,38.55,536125.63,b0
765286747,3,197667,0,0,30.96,93480.66,37.94,442906.56,b0
765279836,4,197713,0,0,30.76,93427.27,37.88,810126.56,b0
765271387,5,197759,0,0,30.63,93455.97,38.71,576901.44,b0
765283665,6,197805,0,0,30.59,93428.51,38.99,323743.28,b0
765268824,7,197851,0,0,30.45,93464.59,38.98,602884.88,b0
765287253,8,197897,0,0,30.34,93446.30,39.12,461157.41,b0
765270362,1,197944,0,0,30.53,93443.22,39.45,858520.25,b0
765269850,2,197990,0,0,30.65,93451.80,38.56,536125.63,b0
765286747,3,198036,0,0,30.97,93479.60,37.93,442046.19,b0
765279836,4,198082,0,0,30.77,93427.46,37.88,802979.81,b0
765271387,5,198128,0,0,30.63,93455.30,38.70,575442.56,b0
765283665,6,198174,0,0,30.60,93429.12,38.99,324667.09,b0
765268824,7,198220,0,0,30.47,93467.20,38.98,601291.81,b0
765287253,8,198267,0,0,30.35,93446.86,39.12,459914.66,b0
765270362,1,198313,0,0,30.54,93444.35,39.45,854223.13,b0
765269850,2,198359,0,0,30.64,93449.46,38.55,535704.94,b0
765286747,3,198405,0,0,30.97,93480.68,37.94,442046.19,b0
765279836,4,198451,0,0,30.76,93427.78,37.88,809166.31,b0
765271387,5,198497,0,0,30.63,93456.38,38.70,575928.00,b0
765283665,6,198544,0,0,30.59,93429.46,38.98,324358.56,b0
765268824,7,198590,0,0,30.46,93466.27,38.95,599180.81,b0
765287253,8,198636,0,0,30.35,93445.25,39.11,459295.81,b0
765270362,1,198682,0,0,30.54,93443.67,39.46,855829.50,b0
765269850,2,198728,0,0,30.65,93452.70,38.54,534865.50,b0
765286747,3,198774,0,0,30.96,93481.38,37.92,443482.03,b0
765279836,4,198820,0,0,30.77,93426.95,37.88,809166.31,b0
765271387,5,198867,0,0,30.64,93455.51,38.69,576414.31,b0
765283665,6,198913,0,0,30.59,93426.52,38.98,323436.50,b0
765268824,7,198959,0,0,30.47,93462.85,38.96,598655.38,b0
765287253,8,199005,0,0,30.35,93445.43,39.11,461157.41,b0
765270362,1,199051,0,0,30.55,93442.80,39.43,851028.44,b0
765269850,2,199097,0,0,30.65,93448.43,38.53,533611.25,b0
765286747,3,199144,0,0,30.97,93480.68,37.92,442906.56,b0
765279836,4,199190,0,0,30.77,93426.02,37.88,810126.56,b0
765271387,5,199236,0,0,30.64,93456.06,38.69,578367.69,b0
765283665,6,199282,0,0,30.59,93429.40,38.97,327470.41,b0
765268824,7,199328,0,0,30.47,93464.84,38.94,602352.94,b0
765287253,8,199374,0,0,30.34,93445.04,39.09,460846.09,b0
765270362,1,199421,0,0,30.55,93442.63,39.44,853689.06,b0
765269850,2,199467,0,0,30.66,93449.73,38.50,534028.69,b0
765286747,3,199513,0,0,30.97,93481.77,37.93,443770.31,b0
765279836,4,199559,0,0,30.77,93426.41,37.88,804873.25,b0
765271387,5,199605,0,0,30.63,93457.26,38.67,577389.31,b0
765283665,6,199651,0,0,30.58,93428.62,38.95,326218.53,b0
765268824,7,199697,0,0,30.46,93465.73,38.96,601291.81,b0
765287253,8,199743,0,0,30.35,93446.84,39.11,460535.19,b0
765270362,1,199790,0,0,30.56,93443.94,39.43,854223.13,b0
765269850,2,199836,0,0,30.65,93446.83,38.52,535284.88,b0
765286747,3,199882,0,0,30.97,93479.63,37.90,441760.13,b0
765279836,4,199928,0,0,30.78,93427.15,37.86,802979.81,b0
765271387,5,199974,0,0,30.64,93455.89,38.67,576901.44,b0
765283665,6,200020,0,0,30.59,93429.91,38.95,325596.19,b0
765268824,7,200066,0,0,30.47,93466.30,38.94,600762.69,b0
765287253,8,200113,0,0,30.36,93444.56,39.08,460224.72,b0
765270362,1,200159,0,0,30.55,93442.84,39.42,854223.13,b0
765269850,2,200205,0,0,30.66,93448.84,38.51,536547.00,b0
765286747,3,200251,0,0,30.98,93479.81,37.93,442332.63,b0
765279836,4,200297,0,0,30.79,93427.92,37.87,812053.94,b0
765271387,5,200343,0,0,30.63,93455.13,38.67,578858.13,b0
765283665,6,200389,0,0,30.59,93427.09,38.94,325596.19,b0
765268824,7,200436,0,0,30.47,93466.13,38.90,602352.94,b0
765287253,8,200482,0,0,30.36,93445.09,39.10,460846.09,b0
765270362,1,200528,0,0,30.56,93443.75,39.42,853689.06,b0
765269850,2,200574,0,0,30.67,93447.41,38.52,534446.75,b0
765286747,3,200620,0,0,30.98,93479.65,37.89,444348.00,b0
765279836,4,200666,0,0,30.78,93427.38,37.87,803452.31,b0
765271387,5,200713,0,0,30.63,93453.69,38.69,580334.38,b0
765283665,6,200759,0,0,30.59,93426.96,38.94,325907.06,b0
765268824,7,200805,0,0,30.46,93463.56,38.92,600234.44,b0
765287253,8,200851,0,0,30.36,93444.93,39.07,462406.88,b0
765270362,1,200897,0,0,30.56,93443.97,39.41,848384.44,b0
765269850,2,200943,0,0,30.66,93448.46,38.51,535284.88,b0
765286747,3,200990,0,0,30.99,93478.41,37.91,440904.19,b0
765279836,4,201036,0,0,30.78,93427.56,37.85,802036.44,b0
765271387,5,201082,0,0,30.63,93454.40,38.67,578858.13,b0
765283665,6,201128,0,0,30.60,93428.07,38.92,324667.09,b0
765268824,7,201174,0,0,30.48,93465.80,38.90,600762.69,b0
765287253,8,201220,0,0,30.37,93444.79,39.05,461157.41,b0
765270362,1,201267,0,0,30.56,93443.39,39.39,854223.13,b0
765269850,2,201313,0,0,30.65,93449.49,38.51,533194.50,b0
765286747,3,201359,0,0,30.99,93478.96,37.91,444637.44,b0
765279836,4,201405,0,0,30.79,93428.28,37.85,803452.31,b0
765271387,5,201451,0,0,30.64,93455.89,38.66,576901.44,b0
765283665,6,201497,0,0,30.60,93426.35,38.91,323743.28,b0
765268824,7,201543,0,0,30.48,93464.17,38.89,601821.94,b0
765287253,8,201589,0,0,30.39,93446.63,39.05,460846.09,b0
765270362,1,201636,0,0,30.54,93440.95,39.39,857441.94,b0
765269850,2,201682,0,0,30.64,93448.91,38.49,536969.06,b0
765286747,3,201728,0,0,30.99,93481.28,37.91,442619.41,b0
765279836,4,201774,0,0,30.78,93426.10,37.85,807730.25,b0
765271387,5,201820,0,0,30.64,93455.55,38.65,578858.13,b0
765283665,6,201866,0,0,30.62,93427.19,38.92,327156.56,b0
765268824,7,201912,0,0,30.49,93463.47,38.87,605558.81,b0
765287253,8,201958,0,0,30.39,93443.95,39.04,463034.13,b0
765270362,1,202005,0,0,30.52,93442.83,39.39,853689.06,b0
765269850,2,202051,0,0,30.62,93449.73,38.48,536969.06,b0
765286747,3,202097,0,0,30.98,93479.45,37.89,445798.88,b0
765279836,4,202143,0,0,30.78,93426.44,37.84,813505.44,b0
765271387,5,202189,0,0,30.65,93454.15,38.65,582811.63,b0
765283665,6,202235,0,0,30.61,93425.30,38.91,325907.06,b0
765268824,7,202281,0,0,30.48,93465.63,38.87,602884.88,b0
765287253,8,202328,0,0,30.39,93446.64,39.03,463034.13,b0
765270362,1,202374,0,0,30.51,93443.46,39.37,860685.00,b0
765269850,2,202420,0,0,30.61,93448.59,38.47,540369.38,b0
765286747,3,202466,0,0,30.97,93479.98,37.88,445217.41,b0
765279836,4,202512,0,0,30.78,93428.42,37.85,808208.38,b0
765271387,5,202558,0,0,30.65,93456.83,38.64,584308.13,b0
765283665,6,202605,0,0,30.60,93425.58,38.90,327784.91,b0
765268824,7,202651,0,0,30.48,93465.09,38.86,606635.06,b0
765287253,8,202697,0,0,30.39,93445.21,39.02,463034.13,b0
765270362,1,202743,0,0,30.51,93442.77,39.37,857980.75,b0
765269850,2,202789,0,0,30.61,93450.59,38.47,538239.19,b0
765286747,3,202835,0,0,30.97,93477.99,37.87,446673.94,b0
765279836,4,202881,0,0,30.78,93426.63,37.84,813990.44,b0
765271387,5,202928,0,0,30.64,93453.20,38.60,582811.63,b0
765283665,6,202974,0,0,30.61,93429.04,38.90,327156.56,b0
765268824,7,203020,0,0,30.48,93465.98,38.85,607174.63,b0
765287253,8,203066,0,0,30.40,93446.30,39.00,463034.13,b0
765270362,1,203112,0,0,30.52,93444.07,39.35,863952.75,b0
765269850,2,203158,0,0,30.60,93448.39,38.47,539942.00,b0
765286747,3,203205,0,0,30.98,93480.55,37.87,448140.03,b0
765279836,4,203251,0,0,30.78,93425.74,37.84,818872.44,b0
765271387,5,203297,0,0,30.65,93455.61,38.62,584808.69,b0
765283665,6,203343,0,0,30.61,93427.69,38.89,328731.94,b0
765268824,7,203389,0,0,30.49,93464.55,38.83,608256.63,b0
765287253,8,203435,0,0,30.40,93443.99,39.00,464926.22,b0
765270362,1,203482,0,0,30.51,93442.95,39.35,865047.50,b0
765269850,2,203528,0,0,30.62,93449.16,38.46,541226.19,b0
765286747,3,203574,0,0,30.97,93479.60,37.86,449615.81,b0
765279836,4,203620,0,0,30.78,93426.98,37.82,815936.25,b0
765271387,5,203666,0,0,30.65,93455.45,38.61,586315.50,b0
765283665,6,203712,0,0,30.63,93426.77,38.87,328099.97,b0
765268824,7,203758,0,0,30.49,93464.56,38.82,608256.63,b0
765287253,8,203804,0,0,30.42,93444.57,38.98,463978.25,b0
765270362,1,203851,0,0,30.50,93441.44,39.34,867245.38,b0
765269850,2,203897,0,0,30.61,93447.54,38.45,542085.75,b0
765286747,3,203943,0,0,30.97,93479.79,37.83,451698.28,b0
765279836,4,203989,0,0,30.79,93427.57,37.81,821829.88,b0
765271387,5,204035,0,0,30.67,93455.17,38.61,586315.50,b0
765283665,6,204081,0,0,30.64,93426.30,38.88,328099.97,b0
765268824,7,204127,0,0,30.50,93466.05,38.82,610978.50,b0
765287253,8,204174,0,0,30.42,93445.87,38.97,464293.81,b0
765270362,1,204220,0,0,30.50,93443.79,39.33,862860.75,b0
765269850,2,204266,0,0,30.61,93448.07,38.46,547740.06,b0
765286747,3,204312,0,0,30.98,93480.55,37.85,450803.44,b0
765279836,4,204358,0,0,30.79,93428.48,37.80,822324.81,b0
765271387,5,204404,0,0,30.68,93455.26,38.60,587324.38,b0
765283665,6,204450,0,0,30.65,93426.77,38.88,330003.22,b0
765268824,7,204497,0,0,30.51,93463.91,38.81,610432.19,b0
765287253,8,204543,0,0,30.43,93444.62,38.94,465560.34,b0
765270362,1,204589,0,0,30.51,93442.58,39.34,868348.50,b0
765269850,2,204635,0,0,30.62,93449.73,38.44,545551.44,b0
765286747,3,204681,0,0,31.00,93478.45,37.83,451399.59,b0
765279836,4,204727,0,0,30.80,93427.27,37.81,820841.69,b0
765271387,5,204774,0,0,30.69,93455.34,38.59,583808.44,b0
765283665,6,204820,0,0,30.64,93425.30,38.86,329366.34,b0
765268824,7,204866,0,0,30.51,93463.91,38.78,608256.63,b0
765287253,8,204912,0,0,30.43,93446.44,38.92,464609.81,b0
765270362,1,204958,0,0,30.52,93443.17,39.33,865595.94,b0
765269850,2,205004,0,0,30.63,93448.50,38.43,542948.06,b0
765286747,3,205051,0,0,30.99,93479.50,37.83,450803.44,b0
765279836,4,205097,0,0,30.81,93426.77,37.78,819855.88,b0
765271387,5,205143,0,0,30.71,93456.15,38.59,587830.06,b0
765283665,6,205189,0,0,30.66,93429.58,38.84,330322.59,b0
765268824,7,205235,0,0,30.51,93465.00,38.78,610432.19,b0
765287253,8,205281,0,0,30.44,93444.11,38.93,467793.50,b0
765270362,1,205328,0,0,30.52,93444.28,39.33,865595.94,b0
765269850,2,205374,0,0,30.64,93449.08,38.43,544680.88,b0
765286747,3,205420,0,0,31.00,93480.96,37.84,451399.59,b0
765279836,4,205466,0,0,30.81,93425.89,37.77,820348.50,b0
765271387,5,205512,0,0,30.71,93455.13,38.58,586819.50,b0
765283665,6,205558,0,0,30.67,93429.12,38.85,328731.94,b0
765268824,7,205604,0,0,30.52,93465.59,38.77,612623.38,b0
765287253,8,205650,0,0,30.44,93444.28,38.90,465878.06,b0
765270362,1,205697,0,0,30.52,93442.99,39.33,870008.50,b0
765269850,2,205743,0,0,30.64,93449.25,38.42,545551.44,b0
765286747,3,205789,0,0,30.99,93478.09,37.82,448729.19,b0
765279836,4,205835,0,0,30.81,93426.26,37.80,821335.50,b0
765271387,5,205881,0,0,30.72,93456.24,38.57,588336.69,b0
765283665,6,205927,0,0,30.67,93427.89,38.85,328415.66,b0
765268824,7,205973,0,0,30.51,93464.11,38.76,612074.13,b0
765287253,8,206019,0,0,30.45,93445.58,38.90,466833.81,b0
765270362,1,206066,0,0,30.52,93444.46,39.33,870008.50,b0
765269850,2,206112,0,0,30.65,93450.55,38.43,547740.06,b0
765286747,3,206158,0,0,31.00,93478.99,37.81,452896.94,b0
765279836,4,206204,0,0,30.82,93426.27,37.78,819855.88,b0
765271387,5,206250,0,0,30.72,93453.93,38.58,586819.50,b0
765283665,6,206296,0,0,30.68,93430.14,38.84,329684.47,b0
765268824,7,206342,0,0,30.51,93465.20,38.75,612623.38,b0
765287253,8,206389,0,0,30.44,93445.21,38.87,467793.50,b0
765270362,1,206435,0,0,30.53,93441.97,39.32,870563.25,b0
765269850,2,206481,0,0,30.66,93448.98,38.43,545551.44,b0
765286747,3,206527,0,0,31.00,93480.42,37.82,451997.34,b0
765279836,4,206573,0,0,30.83,93426.34,37.77,822324.81,b0
765271387,5,206619,0,0,30.73,93455.41,38.55,588336.69,b0
765283665,6,206666,0,0,30.68,93430.30,38.83,329048.84,b0
765268824,7,206712,0,0,30.51,93466.10,38.73,612623.38,b0
765287253,8,206758,0,0,30.44,93445.18,38.87,470372.06,b0
765270362,1,206804,0,0,30.53,93444.16,39.32,869454.44,b0
765269850,2,206850,0,0,30.66,93449.37,38.42,545987.75,b0
765286747,3,206896,0,0,31.01,93480.47,37.81,451698.28,b0
765279836,4,206942,0,0,30.83,93426.69,37.76,822324.81,b0
765271387,5,206989,0,0,30.73,93456.27,38.52,586315.50,b0
765283665,6,207035,0,0,30.66,93427.46,38.83,330963.16,b0
765268824,7,207081,0,0,30.50,93466.61,38.71,612623.38,b0
765287253,8,207127,0,0,30.43,93444.80,38.84,471672.03,b0
765270362,1,207173,0,0,30.53,93442.52,39.30,866145.06,b0
765269850,2,207219,0,0,30.67,93448.52,38.42,545987.75,b0
765286747,3,207266,0,0,31.00,93478.83,37.81,452296.81,b0
765279836,4,207312,0,0,30.83,93428.69,37.78,820348.50,b0
765271387,5,207358,0,0,30.73,93456.67,38.54,587324.38,b0
765283665,6,207404,0,0,30.67,93428.99,38.82,330322.59,b0
765268824,7,207450,0,0,30.51,93467.72,38.72,615939.88,b0
765287253,8,207496,0,0,30.43,93446.40,38.82,471998.16,b0
765270362,1,207543,0,0,30.53,93445.77,39.32,872231.69,b0
765269850,2,207589,0,0,30.66,93449.37,38.42,545987.75,b0
765286747,3,207635,0,0,31.00,93481.32,37.82,449615.81,b0
765279836,4,207681,0,0,30.82,93425.22,37.75,818872.44,b0
765271387,5,207727,0,0,30.73,93456.64,38.53,589352.50,b0
765283665,6,207773,0,0,30.66,93427.81,38.81,331284.38,b0
765268824,7,207819,0,0,30.50,93465.87,38.68,615384.63,b0
765287253,8,207865,0,0,30.43,93445.16,38.82,470372.06,b0
765270362,1,207912,0,0,30.52,93442.65,39.32,873347.56,b0
765269850,2,207958,0,0,30.67,93449.03,38.42,547300.94,b0
765286747,3,208004,0,0,31.00,93481.16,37.82,452596.69,b0
765279836,4,208050,0,0,30.83,93427.23,37.75,820348.50,b0
765271387,5,208096,0,0,30.73,93456.13,38.51,588844.19,b0
765283665,6,208142,0,0,30.67,93428.05,38.79,331284.38,b0
765268824,7,208188,0,0,30.50,93466.59,38.67,615939.88,b0
765287253,8,208235,0,0,30.43,93446.25,38.78,472324.72,b0
765270362,1,208281,0,0,30.52,93443.74,39.31,873906.56,b0
765269850,2,208327,0,0,30.67,93448.67,38.41,545987.75,b0
765286747,3,208373,0,0,30.99,93480.04,37.79,452596.69,b0
765279836,4,208419,0,0,30.83,93427.96,37.76,823813.38,b0
765271387,5,208465,0,0,30.73,93456.85,38.51,588336.69,b0
765283665,6,208511,0,0,30.67,93428.77,38.79,331606.22,b0
765268824,7,208558,0,0,30.49,93467.47,38.69,619292.44,b0
765287253,8,208604,0,0,30.42,93446.38,38.78,471998.16,b0
765270362,1,208650,0,0,30.52,93444.07,39.30,870008.50,b0
765269850,2,208696,0,0,30.68,93449.26,38.43,543813.06,b0
765286747,3,208742,0,0,31.00,93480.80,37.79,453498.66,b0
765279836,4,208788,0,0,30.83,93426.16,37.76,825806.44,b0
765271387,5,208835,0,0,30.73,93457.38,38.50,590882.88,b0
765283665,6,208881,0,0,30.68,93432.23,38.77,331928.69,b0
765268824,7,208927,0,0,30.47,93464.67,38.66,616496.06,b0
765287253,8,208973,0,0,30.41,93447.06,38.74,473635.53,b0
765270362,1,209019,0,0,30.53,93444.11,39.30,868348.50,b0
765269850,2,209065,0,0,30.67,93449.59,38.42,547300.94,b0
765286747,3,209111,0,0,31.00,93481.89,37.81,453800.13,b0
765279836,4,209158,0,0,30.82,93426.49,37.76,828814.25,b0
765271387,5,209204,0,0,30.73,93459.69,38.49,588844.19,b0
765283665,6,209250,0,0,30.67,93429.34,38.76,333224.88,b0
765268824,7,209296,0,0,30.47,93465.92,38.66,617053.31,b0
765287253,8,209342,0,0,30.41,93447.05,38.77,472651.75,b0
765270362,1,209389,0,0,30.53,93443.77,39.30,870008.50,b0
765269850,2,209435,0,0,30.68,93448.55,38.41,550389.69,b0
765286747,3,209481,0,0,31.00,93480.80,37.80,454404.25,b0
765279836,4,209527,0,0,30.82,93428.83,37.76,827809.19,b0
765271387,5,209573,0,0,30.73,93458.65,38.47,591394.75,b0
765283665,6,209619,0,0,30.68,93429.79,38.76,331928.69,b0
765268824,7,209665,0,0,30.46,93466.09,38.64,619292.44,b0
765287253,8,209711,0,0,30.41,93445.98,38.75,473635.53,b0
765270362,1,209758,0,0,30.54,93445.78,39.31,874466.25,b0
765269850,2,209804,0,0,30.68,93448.02,38.40,546862.50,b0
765286747,3,209850,0,0,31.01,93479.58,37.80,452896.94,b0
765279836,4,209896,0,0,30.83,93428.31,37.74,822820.44,b0
765271387,5,209942,0,0,30.72,93456.44,38.46,592935.75,b0
765283665,6,209988,0,0,30.68,93429.77,38.74,330642.56,b0
765268824,7,210034,0,0,30.46,93467.00,38.64,619292.44,b0
765287253,8,210080,0,0,30.40,93445.60,38.74,472651.75,b0
765270362,1,210127,0,0,30.53,93442.37,39.30,876712.31,b0
765269850,2,210173,0,0,30.69,93450.90,38.40,548620.44,b0
765286747,3,210219,0,0,31.02,93479.06,37.80,452896.94,b0
765279836,4,210265,0,0,30.83,93427.23,37.75,826806.63,b0
765271387,5,210311,0,0,30.72,93455.71,38.46,590371.88,b0
765283665,6,210357,0,0,30.68,93430.33,38.73,331928.69,b0
765268824,7,210403,0,0,30.46,93466.45,38.65,620418.06,b0
765287253,8,210450,0,0,30.40,93446.32,38.74,473964.38,b0
765270362,1,210496,0,0,30.55,93445.66,39.31,871674.81,b0
765269850,2,210542,0,0,30.67,93449.23,38.39,545551.44,b0
765286747,3,210588,0,0,31.02,93481.76,37.80,451399.59,b0
765279836,4,210634,0,0,30.84,93431.59,37.77,824310.75,b0
765271387,5,210680,0,0,30.73,93459.19,38.44,593451.19,b0
765283665,6,210727,0,0,30.69,93430.39,38.72,332899.88,b0
765268824,7,210773,0,0,30.46,93465.73,38.64,620418.06,b0
765287253,8,210819,0,0,30.41,93447.41,38.73,474623.41,b0
765270362,1,210865,0,0,30.56,93445.90,39.30,875587.88,b0
765269850,2,210911,0,0,30.69,93449.65,38.37,547740.06,b0
765286747,3,210957,0,0,31.02,93481.05,37.81,453197.63,b0
765279836,4,211003,0,0,30.83,93427.23,37.74,826806.63,b0
765271387,5,211050,0,0,30.73,93457.94,38.45,593451.19,b0
765283665,6,211096,0,0,30.69,93429.33,38.72,332899.88,b0
765268824,7,211142,0,0,30.47,93467.20,38.64,620418.06,b0
765287253,8,211188,0,0,30.40,93447.38,38.73,477946.31,b0
765270362,1,211234,0,0,30.56,93445.01,39.29,876149.75,b0
765269850,2,211280,0,0,30.70,93451.13,38.38,548179.88,b0
765286747,3,211327,0,0,31.02,93481.77,37.80,451997.34,b0
765279836,4,211373,0,0,30.84,93426.38,37.73,825806.44,b0
765271387,5,211419,0,0,30.74,93458.13,38.45,593451.19,b0
765283665,6,211465,0,0,30.70,93430.65,38.71,332899.88,b0
765268824,7,211511,0,0,30.47,93467.22,38.63,617053.31,b0
765287253,8,211557,0,0,30.40,93448.46,38.71,476611.59,b0
765270362,1,211604,0,0,30.55,93447.13,39.30,871674.81,b0
765269850,2,211650,0,0,30.70,93449.87,38.40,547300.94,b0
765286747,3,211696,0,0,31.02,93482.66,37.81,452296.81,b0
765279836,4,211742,0,0,30.84,93430.16,37.73,826806.63,b0
765271387,5,211788,0,0,30.73,93459.36,38.44,593967.50,b0
765283665,6,211834,0,0,30.69,93430.73,38.69,334531.19,b0
765268824,7,211880,0,0,30.47,93467.23,38.62,618170.81,b0
765287253,8,211926,0,0,30.40,93447.55,38.73,478281.19,b0
765270362,1,211973,0,0,30.55,93445.84,39.30,877275.63,b0
765269850,2,212019,0,0,30.70,93450.93,38.39,552170.38,b0
765286747,3,212065,0,0,31.02,93482.11,37.80,453800.13,b0
765279836,4,212111,0,0,30.84,93429.64,37.74,820841.69,b0
765271387,5,212157,0,0,30.74,93458.85,38.43,593967.50,b0
765283665,6,212203,0,0,30.68,93430.14,38.70,333876.75,b0
765268824,7,212249,0,0,30.47,93467.95,38.63,621547.81,b0
765287253,8,212296,0,0,30.40,93449.00,38.71,476611.59,b0
765270362,1,212342,0,0,30.54,93445.96,39.30,878404.44,b0
765269850,2,212388,0,0,30.70,93450.95,38.38,547740.06,b0
765286747,3,212434,0,0,31.01,93482.09,37.80,451997.34,b0
765279836,4,212480,0,0,30.85,93430.40,37.74,825806.44,b0
765271387,5,212526,0,0,30.74,93460.31,38.44,594484.75,b0
765283665,6,212572,0,0,30.68,93430.33,38.71,333224.88,b0
765268824,7,212619,0,0,30.47,93467.92,38.64,620418.06,b0
765287253,8,212665,0,0,30.40,93449.36,38.73,477611.94,b0
765270362,1,212711,0,0,30.54,93446.31,39.30,872789.25,b0
765269850,2,212757,0,0,30.70,93449.52,38.37,551278.63,b0
765286747,3,212803,0,0,31.01,93483.52,37.80,453197.63,b0
765279836,4,212849,0,0,30.85,93430.76,37.72,826306.25,b0
765271387,5,212896,0,0,30.74,93459.75,38.42,589861.75,b0
765283665,6,212942,0,0,30.68,93431.55,38.69,333224.88,b0
765268824,7,212988,0,0,30.46,93468.45,38.64,620982.44,b0
765287253,8,213034,0,0,30.40,93447.91,38.70,475947.00,b0
765270362,1,213080,0,0,30.53,93445.92,39.30,875026.69,b0
765269850,2,213126,0,0,30.70,93450.79,38.38,551278.63,b0
765286747,3,213173,0,0,31.01,93482.09,37.77,455010.00,b0
765279836,4,213219,0,0,30.86,93432.94,37.72,825307.25,b0
765271387,5,213265,0,0,30.73,93459.36,38.42,595002.88,b0
765283665,6,213311,0,0,30.68,93430.82,38.69,332575.50,b0
765268824,7,213357,0,0,30.46,93469.70,38.63,618170.81,b0
765287253,8,213403,0,0,30.40,93447.91,38.71,477278.03,b0
765270362,1,213450,0,0,30.54,93446.50,39.28,878404.44,b0
765269850,2,213496,0,0,30.71,93453.67,38.36,547740.06,b0
765286747,3,213542,0,0,31.00,93482.25,37.78,453197.63,b0
765279836,4,213588,0,0,30.85,93429.33,37.73,823316.56,b0
765271387,5,213634,0,0,30.73,93458.98,38.40,592935.75,b0
765283665,6,213680,0,0,30.69,93433.21,38.69,333550.50,b0
765268824,7,213726,0,0,30.46,93468.96,38.64,621547.81,b0
765287253,8,213772,0,0,30.40,93448.62,38.71,477946.31,b0
765270362,1,213819,0,0,30.54,93446.69,39.30,878404.44,b0
765269850,2,213865,0,0,30.71,93450.66,38.35,551278.63,b0
765286747,3,213911,0,0,31.01,93483.52,37.78,451997.34,b0
765279836,4,213957,0,0,30.86,93432.58,37.70,821335.50,b0
765271387,5,214003,0,0,30.73,93459.54,38.42,591907.50,b0
765283665,6,214049,0,0,30.70,93433.83,38.68,332575.50,b0
765268824,7,214095,0,0,30.44,93468.16,38.62,622114.19,b0
765287253,8,214141,0,0,30.39,93449.13,38.71,479625.28,b0
765270362,1,214188,0,0,30.56,93447.16,39.29,879536.19,b0
765269850,2,214234,0,0,30.73,93452.87,38.37,550389.69,b0
765286747,3,214280,0,0,31.02,93482.84,37.78,454706.94,b0
765279836,4,214326,0,0,30.86,93430.98,37.70,820841.69,b0
765271387,5,214372,0,0,30.73,93461.87,38.40,593967.50,b0
765283665,6,214418,0,0,30.70,93433.12,38.68,332251.78,b0
765268824,7,214464,0,0,30.42,93470.29,38.63,625534.50,b0
765287253,8,214511,0,0,30.37,93448.00,38.66,480638.34,b0
765270362,1,214557,0,0,30.57,93447.41,39.29,876149.75,b0
765269850,2,214603,0,0,30.74,93452.52,38.35,550833.81,b0
765286747,3,214649,0,0,31.03,93485.05,37.79,453197.63,b0
765279836,4,214695,0,0,30.87,93430.86,37.72,828814.25,b0
765271387,5,214741,0,0,30.73,93460.95,38.40,597084.56,b0
765283665,6,214788,0,0,30.70,93431.73,38.67,335847.81,b0
765268824,7,214834,0,0,30.41,93472.97,38.63,625534.50,b0
765287253,8,214880,0,0,30.35,93448.64,38.68,481655.69,b0
765270362,1,214926,0,0,30.59,93449.66,39.29,870563.25,b0
765269850,2,214972,0,0,30.74,93452.91,38.35,545987.75,b0
765286747,3,215018,0,0,31.04,93483.45,37.78,454102.00,b0
765279836,4,215064,0,0,30.87,93432.98,37.71,826306.25,b0
765271387,5,215111,0,0,30.73,93462.00,38.40,600762.69,b0
765283665,6,215157,0,0,30.70,93435.11,38.68,333224.88,b0
765268824,7,215203,0,0,30.39,93471.08,38.61,626683.00,b0
765287253,8,215249,0,0,30.35,93447.55,38.70,478952.28,b0
765270362,1,215295,0,0,30.60,93447.55,39.29,868901.13,b0
765269850,2,215341,0,0,30.76,93454.23,38.35,550833.81,b0
765286747,3,215388,0,0,31.05,93483.11,37.80,451698.28,b0
765279836,4,215434,0,0,30.87,93432.66,37.70,826806.63,b0
765271387,5,215480,0,0,30.72,93461.43,38.38,601291.81,b0
765283665,6,215526,0,0,30.70,93436.02,38.66,334203.66,b0
765268824,7,215572,0,0,30.39,93470.17,38.61,627258.81,b0
765287253,8,215618,0,0,30.35,93450.05,38.67,481655.69,b0
765270362,1,215665,0,0,30.61,93449.77,39.27,876712.31,b0
765269850,2,215711,0,0,30.77,93452.84,38.36,548620.44,b0
765286747,3,215757,0,0,31.06,93484.25,37.78,451101.31,b0
765279836,4,215803,0,0,30.87,93431.23,37.70,828814.25,b0
765271387,5,215849,0,0,30.71,93462.80,38.38,599707.19,b0
765283665,6,215895,0,0,30.70,93435.30,38.65,335188.22,b0
765268824,7,215941,0,0,30.36,93472.41,38.61,626108.25,b0
765287253,8,215987,0,0,30.33,93449.30,38.66,482677.34,b0
765270362,1,216034,0,0,30.62,93449.28,39.29,870563.25,b0
765269850,2,216080,0,0,30.76,93452.80,38.33,549503.63,b0
765286747,3,216126,0,0,31.07,93484.25,37.78,451698.28,b0
765279836,4,216172,0,0,30.87,93432.45,37.69,830831.63,b0
765271387,5,216218,0,0,30.71,93462.05,38.39,599707.19,b0
765283665,6,216264,0,0,30.69,93433.24,38.67,335188.22,b0
765268824,7,216310,0,0,30.35,93473.66,38.62,628413.63,b0
765287253,8,216357,0,0,30.33,93451.25,38.67,480977.00,b0
765270362,1,216403,0,0,30.63,93450.76,39.27,878969.94,b0
765269850,2,216449,0,0,30.77,93455.18,38.34,549503.63,b0
765286747,3,216495,0,0,31.07,93485.54,37.78,452596.69,b0
765279836,4,216541,0,0,30.88,93433.04,37.69,829317.69,b0
765271387,5,216587,0,0,30.70,93462.18,38.37,602884.88,b0
765283665,6,216633,0,0,30.69,93435.05,38.65,335188.22,b0
765268824,7,216680,0,0,30.36,93472.76,38.62,629572.69,b0
765287253,8,216726,0,0,30.33,93450.53,38.71,482336.31,b0
765270362,1,216772,0,0,30.62,93448.42,39.26,869454.44,b0
765269850,2,216818,0,0,30.76,93455.70,38.33,551724.13,b0
765286747,3,216864,0,0,31.08,93485.74,37.78,452596.69,b0
765279836,4,216910,0,0,30.88,93432.67,37.71,824310.75,b0
765271387,5,216957,0,0,30.71,93462.58,38.33,597084.56,b0
765283665,6,217003,0,0,30.69,93433.80,38.64,336510.03,b0
765268824,7,217049,0,0,30.36,93474.42,38.64,628992.63,b0
765287253,8,217095,0,0,30.33,93451.79,38.67,483018.88,b0
765270362,1,217141,0,0,30.62,93450.36,39.26,868901.13,b0
765269850,2,217187,0,0,30.77,93455.88,38.32,550389.69,b0
765286747,3,217234,0,0,31.07,93486.25,37.77,453498.66,b0
765279836,4,217280,0,0,30.88,93433.61,37.69,830326.38,b0
765271387,5,217326,0,0,30.71,93463.52,38.35,602884.88,b0
765283665,6,217372,0,0,30.70,93436.14,38.63,335847.81,b0
765268824,7,217418,0,0,30.37,93474.45,38.63,628992.63,b0
765287253,8,217464,0,0,30.33,93452.33,38.69,483703.34,b0
765270362,1,217511,0,0,30.62,93451.25,39.27,873906.56,b0
765269850,2,217557,0,0,30.76,93455.12,38.30,551724.13,b0
765286747,3,217603,0,0,31.07,93486.60,37.77,453197.63,b0
765279836,4,217649,0,0,30.88,93433.56,37.69,831844.00,b0
765271387,5,217695,0,0,30.71,93463.49,38.38,603951.63,b0
765283665,6,217741,0,0,30.68,93435.29,38.62,336510.03,b0
765268824,7,217787,0,0,30.37,93475.73,38.68,628413.63,b0
765287253,8,217833,0,0,30.32,93451.59,38.70,483703.34,b0
765270362,1,217880,0,0,30.62,93449.45,39.24,882378.31,b0
765269850,2,217926,0,0,30.77,93456.97,38.32,552170.38,b0
765286747,3,217972,0,0,31.05,93485.09,37.76,452596.69,b0
765279836,4,218018,0,0,30.87,93434.60,37.69,833367.25,b0
765271387,5,218064,0,0,30.69,93464.28,38.33,600762.69,b0
765283665,6,218110,0,0,30.66,93435.30,38.62,337842.28,b0
765268824,7,218156,0,0,30.37,93474.81,38.65,630736.06,b0
765287253,8,218202,0,0,30.33,93452.68,38.71,484046.31,b0
765270362,1,218249,0,0,30.62,93452.37,39.24,872789.25,b0
765269850,2,218295,0,0,30.78,93458.59,38.28,552170.38,b0
765286747,3,218341,0,0,31.05,93487.07,37.75,452896.94,b0
765279836,4,218387,0,0,30.86,93435.46,37.66,832351.13,b0
765271387,5,218433,0,0,30.69,93464.05,38.34,603417.81,b0
765283665,6,218479,0,0,30.66,93435.81,38.60,335517.69,b0
765268824,7,218525,0,0,30.36,93474.05,38.66,631319.38,b0
765287253,8,218572,0,0,30.31,93452.99,38.69,485423.09,b0
765270362,1,218618,0,0,30.63,93453.47,39.25,876712.31,b0
765269850,2,218664,0,0,30.77,93454.83,38.28,553513.50,b0
765286747,3,218710,0,0,31.06,93488.73,37.73,453800.13,b0
765279836,4,218756,0,0,30.86,93437.25,37.66,826806.63,b0
765271387,5,218802,0,0,30.68,93464.16,38.36,603417.81,b0
765283665,6,218849,0,0,30.67,93437.30,38.61,336842.09,b0
765268824,7,218895,0,0,30.36,93476.60,38.66,632489.19,b0
765287253,8,218941,0,0,30.31,93451.56,38.70,485078.16,b0
765270362,1,218987,0,0,30.63,93452.58,39.23,877839.69,b0
765269850,2,219033,0,0,30.78,93458.63,38.27,550389.69,b0
765286747,3,219079,0,0,31.06,93489.63,37.73,455010.00,b0
765279836,4,219125,0,0,30.86,93436.71,37.64,835406.88,b0
765271387,5,219172,0,0,30.68,93465.10,38.35,607174.63,b0
765283665,6,219218,0,0,30.67,93437.15,38.61,335517.69,b0
765268824,7,219264,0,0,30.36,93477.68,38.68,634841.94,b0
765287253,8,219310,0,0,30.32,93455.14,38.72,484733.72,b0
765270362,1,219356,0,0,30.62,93453.26,39.21,871674.81,b0
765269850,2,219402,0,0,30.77,93459.29,38.26,550833.81,b0
765286747,3,219449,0,0,31.06,93489.27,37.74,453197.63,b0
765279836,4,219495,0,0,30.87,93436.40,37.63,831844.00,b0
765271387,5,219541,0,0,30.68,93462.60,38.36,602352.94,b0
765283665,6,219587,0,0,30.67,93435.71,38.61,337508.25,b0
765268824,7,219633,0,0,30.36,93478.77,38.68,629572.69,b0
765287253,8,219679,0,0,30.30,93453.31,38.72,484389.78,b0
765270362,1,219726,0,0,30.61,93452.80,39.21,877275.63,b0
765269850,2,219772,0,0,30.74,93459.50,38.25,553962.69,b0
765286747,3,219818,0,0,31.06,93488.91,37.72,458987.00,b0
765279836,4,219864,0,0,30.86,93437.59,37.64,834385.81,b0
765271387,5,219910,0,0,30.68,93465.59,38.34,604486.44,b0
765283665,6,219956,0,0,30.66,93438.32,38.59,338848.44,b0
765268824,7,220002,0,0,30.36,93478.94,38.70,631319.38,b0
765287253,8,220048,0,0,30.30,93454.36,38.74,487502.97,b0
765270362,1,220095,0,0,30.59,93453.63,39.19,878404.44,b0
765269850,2,220141,0,0,30.72,93460.12,38.23,553962.69,b0
765286747,3,220187,0,0,31.06,93489.09,37.72,456836.94,b0
765279836,4,220233,0,0,30.85,93437.75,37.63,836430.44,b0
765271387,5,220279,0,0,30.67,93466.07,38.36,607174.63,b0
765283665,6,220325,0,0,30.66,93437.92,38.60,338848.44,b0
765268824,7,220371,0,0,30.36,93478.02,38.69,632489.19,b0
765287253,8,220418,0,0,30.31,93452.61,38.74,486807.69,b0
765270362,1,220464,0,0,30.59,93451.79,39.18,877275.63,b0
765269850,2,220510,0,0,30.72,93459.05,38.25,549061.69,b0
765286747,3,220556,0,0,31.06,93490.88,37.70,455921.63,b0
765279836,4,220602,0,0,30.85,93436.13,37.64,830326.38,b0
765271387,5,220648,0,0,30.66,93465.69,38.38,606635.06,b0
765283665,6,220694,0,0,30.66,93436.52,38.61,338177.00,b0
765268824,7,220741,0,0,30.36,93476.95,38.69,634841.94,b0
765287253,8,220787,0,0,30.31,93452.81,38.76,487851.34,b0
765270362,1,220833,0,0,30.60,93452.59,39.20,873906.56,b0
765269850,2,220879,0,0,30.72,93457.80,38.24,548620.44,b0
765286747,3,220925,0,0,31.06,93489.09,37.71,454706.94,b0
765279836,4,220971,0,0,30.86,93436.52,37.64,837456.56,b0
765271387,5,221018,0,0,30.67,93463.74,38.38,605558.81,b0
765283665,6,221064,0,0,30.65,93438.59,38.59,338177.00,b0
765268824,7,221110,0,0,30.37,93479.34,38.70,632489.19,b0
765287253,8,221156,0,0,30.31,93453.53,38.76,487502.97,b0
765270362,1,221202,0,0,30.61,93452.09,39.19,875587.88,b0
765269850,2,221248,0,0,30.74,93456.80,38.26,550389.69,b0
765286747,3,221295,0,0,31.07,93488.59,37.72,456836.94,b0
765279836,4,221341,0,0,30.87,93436.59,37.65,835406.88,b0
765271387,5,221387,0,0,30.67,93463.23,38.38,607715.13,b0
765283665,6,221433,0,0,30.65,93437.28,38.61,339860.59,b0
765268824,7,221479,0,0,30.37,93475.18,38.72,636617.94,b0
765287253,8,221525,0,0,30.30,93452.39,38.77,488200.25,b0
765270362,1,221572,0,0,30.62,93452.15,39.20,874466.25,b0
765269850,2,221618,0,0,30.74,93456.63,38.25,553065.06,b0
765286747,3,221664,0,0,31.07,93486.63,37.71,456226.34,b0
765279836,4,221710,0,0,30.88,93435.56,37.66,833876.25,b0
765271387,5,221756,0,0,30.67,93463.05,38.39,607174.63,b0
765283665,6,221802,0,0,30.65,93435.74,38.61,338848.44,b0
765268824,7,221848,0,0,30.38,93476.48,38.74,631903.75,b0
765287253,8,221894,0,0,30.30,93451.68,38.77,487502.97,b0
765270362,1,221941,0,0,30.63,93450.95,39.21,872231.69,b0
765269850,2,221987,0,0,30.74,93453.99,38.26,550389.69,b0
765286747,3,222033,0,0,31.08,93486.84,37.71,455010.00,b0
765279836,4,222079,0,0,30.90,93434.77,37.66,832858.88,b0
765271387,5,222125,0,0,30.68,93461.69,38.40,603417.81,b0
765283665,6,222171,0,0,30.66,93437.25,38.63,339185.16,b0
765268824,7,222217,0,0,30.39,93473.63,38.75,634252.06,b0
765287253,8,222263,0,0,30.32,93451.23,38.79,486114.41,b0
765270362,1,222310,0,0,30.63,93450.05,39.18,871674.81,b0
765269850,2,222356,0,0,30.74,93453.06,38.27,551278.63,b0
765286747,3,222402,0,0,31.10,93486.16,37.71,456836.94,b0
765279836,4,222448,0,0,30.91,93433.89,37.65,835918.38,b0
765271387,5,222494,0,0,30.69,93463.91,38.43,604486.44,b0
765283665,6,222540,0,0,30.67,93435.02,38.64,339185.16,b0
765268824,7,222586,0,0,30.41,93473.87,38.75,633075.75,b0
765287253,8,222633,0,0,30.33,93449.29,38.80,486807.69,b0
765270362,1,222679,0,0,30.63,93448.80,39.20,871674.81,b0
765269850,2,222725,0,0,30.74,93453.97,38.26,548179.88,b0
765286747,3,222771,0,0,31.10,93487.62,37.70,453498.66,b0
765279836,4,222817,0,0,30.91,93434.98,37.66,835918.38,b0
765271387,5,222863,0,0,30.70,93461.30,38.42,604486.44,b0
765283665,6,222910,0,0,30.68,93435.63,38.64,336842.09,b0
765268824,7,222956,0,0,30.42,93470.82,38.76,635432.81,b0
765287253,8,223002,0,0,30.34,93450.56,38.81,483703.34,b0
765270362,1,223048,0,0,30.63,93448.62,39.20,871118.69,b0
765269850,2,223094,0,0,30.73,93454.65,38.26,549061.69,b0
765286747,3,223140,0,0,31.11,93485.67,37.71,453498.66,b0
765279836,4,223186,0,0,30.92,93432.16,37.65,828814.25,b0
765271387,5,223233,0,0,30.71,93464.01,38.41,598655.38,b0
765283665,6,223279,0,0,30.67,93433.62,38.65,334859.38,b0
765268824,7,223325,0,0,30.42,93472.84,38.79,631903.75,b0
765287253,8,223371,0,0,30.34,93450.75,38.81,484733.72,b0
765270362,1,223417,0,0,30.63,93450.97,39.19,870563.25,b0
765269850,2,223463,0,0,30.72,93455.34,38.27,544680.88,b0
765286747,3,223510,0,0,31.10,93484.20,37.70,453498.66,b0
765279836,4,223556,0,0,30.91,93432.52,37.67,828814.25,b0
765271387,5,223602,0,0,30.71,93462.41,38.45,604486.44,b0
765283665,6,223648,0,0,30.68,93434.01,38.65,336510.03,b0
765268824,7,223694,0,0,30.43,93469.58,38.79,629572.69,b0
765287253,8,223740,0,0,30.35,93452.74,38.82,484733.72,b0
765270362,1,223787,0,0,30.62,93448.39,39.18,868348.50,b0
765269850,2,223833,0,0,30.72,93453.71,38.28,546862.50,b0
765286747,3,223879,0,0,31.11,93484.04,37.70,451698.28,b0
765279836,4,223925,0,0,30.91,93433.05,37.64,829821.69,b0
765271387,5,223971,0,0,30.71,93460.80,38.45,599707.19,b0
765283665,6,224017,0,0,30.67,93432.52,38.65,336178.59,b0
765268824,7,224063,0,0,30.42,93468.12,38.79,628413.63,b0
765287253,8,224109,0,0,30.34,93448.77,38.83,482336.31,b0
765270362,1,224156,0,0,30.62,93446.77,39.19,867245.38,b0
765269850,2,224202,0,0,30.71,93451.73,38.27,549503.63,b0
765286747,3,224248,0,0,31.11,93482.97,37.70,451698.28,b0
765279836,4,224294,0,0,30.92,93432.71,37.64,827307.63,b0
765271387,5,224340,0,0,30.71,93459.23,38.46,598130.81,b0
765283665,6,224386,0,0,30.67,93431.61,38.66,336510.03,b0
765268824,7,224432,0,0,30.43,93469.60,38.79,630736.06,b0
765287253,8,224479,0,0,30.34,93448.06,38.85,484389.78,b0
765270362,1,224525,0,0,30.62,93445.70,39.18,869454.44,b0
765269850,2,224571,0,0,30.72,93449.61,38.28,544246.63,b0
765286747,3,224617,0,0,31.10,93481.87,37.68,450803.44,b0
765279836,4,224663,0,0,30.91,93431.43,37.64,825806.44,b0
765271387,5,224709,0,0,30.71,93459.38,38.47,597607.25,b0
765283665,6,224755,0,0,30.67,93430.38,38.66,335517.69,b0
765268824,7,224802,0,0,30.44,93467.99,38.79,628992.63,b0
765287253,8,224848,0,0,30.34,93446.83,38.85,483703.34,b0
765270362,1,224894,0,0,30.63,93445.93,39.18,871674.81,b0
765269850,2,224940,0,0,30.73,93451.25,38.27,545987.75,b0
765286747,3,224986,0,0,31.10,93482.23,37.68,452296.81,b0
765279836,4,225032,0,0,30.91,93428.92,37.63,825806.44,b0
765271387,5,225079,0,0,30.71,93458.34,38.44,600762.69,b0
765283665,6,225125,0,0,30.67,93428.42,38.66,337508.25,b0
765268824,7,225171,0,0,30.45,93467.86,38.79,626108.25,b0
765287253,8,225217,0,0,30.35,93445.79,38.84,483018.88,b0
765270362,1,225263,0,0,30.64,93444.91,39.18,867796.63,b0
765269850,2,225309,0,0,30.74,93450.76,38.28,547740.06,b0
765286747,3,225356,0,0,31.11,93481.70,37.67,449615.81,b0
765279836,4,225402,0,0,30.92,93428.59,37.62,821829.88,b0
765271387,5,225448,0,0,30.72,93458.94,38.46,599707.19,b0
765283665,6,225494,0,0,30.69,93430.00,38.66,335188.22,b0
765268824,7,225540,0,0,30.46,93464.08,38.80,626108.25,b0
765287253,8,225586,0,0,30.36,93444.92,38.85,481995.75,b0
765270362,1,225633,0,0,30.65,93445.37,39.18,865595.94,b0
765269850,2,225679,0,0,30.73,93448.23,38.27,542085.75,b0
765286747,3,225725,0,0,31.12,93479.22,37.68,448434.41,b0
765279836,4,225771,0,0,30.92,93429.13,37.60,825307.25,b0
765271387,5,225817,0,0,30.72,93457.66,38.44,599707.19,b0
765283665,6,225863,0,0,30.68,93430.64,38.66,336510.03,b0
765268824,7,225909,0,0,30.46,93464.63,38.80,626683.00,b0
765287253,8,225955,0,0,30.36,93448.32,38.85,484389.78,b0
765270362,1,226002,0,0,30.66,93445.20,39.17,864499.81,b0
765269850,2,226048,0,0,30.74,93449.32,38.28,545551.44,b0
765286747,3,226094,0,0,31.12,93481.21,37.69,449024.34,b0
765279836,4,226140,0,0,30.92,93428.27,37.63,822324.81,b0
765271387,5,226186,0,0,30.72,93457.46,38.45,600762.69,b0
765283665,6,226232,0,0,30.68,93430.48,38.67,333876.75,b0
765268824,7,226278,0,0,30.46,93465.52,38.80,628413.63,b0
765287253,8,226324,0,0,30.36,93447.07,38.86,483018.88,b0
765270362,1,226371,0,0,30.66,93444.33,39.16,862860.75,b0
765269850,2,226417,0,0,30.74,93447.90,38.27,545115.81,b0
765286747,3,226463,0,0,31.13,93478.16,37.68,449912.13,b0
765279836,4,226509,0,0,30.93,93429.21,37.62,819855.88,b0
765271387,5,226555,0,0,30.72,93456.77,38.44,599180.81,b0
765283665,6,226601,0,0,30.68,93429.08,38.69,335517.69,b0
765268824,7,226647,0,0,30.46,93464.07,38.77,627258.81,b0
765287253,8,226694,0,0,30.36,93446.35,38.85,487155.09,b0
765270362,1,226740,0,0,30.67,93445.84,39.17,862860.75,b0
765269850,2,226786,0,0,30.73,93449.50,38.29,541226.19,b0
765286747,3,226832,0,0,31.14,93481.09,37.66,447552.44,b0
765279836,4,226878,0,0,30.94,93429.77,37.64,814962.19,b0
765271387,5,226924,0,0,30.72,93457.68,38.45,595521.94,b0
765283665,6,226971,0,0,30.69,93431.28,38.67,335847.81,b0
765268824,7,227017,0,0,30.46,93467.53,38.79,630736.06,b0
765287253,8,227063,0,0,30.36,93447.60,38.84,482677.34,b0
765270362,1,227109,0,0,30.67,93443.48,39.17,862860.75,b0
765269850,2,227155,0,0,30.73,93447.89,38.27,539089.25,b0
765286747,3,227201,0,0,31.14,93480.73,37.67,444058.97,b0
765279836,4,227247,0,0,30.94,93429.27,37.63,814962.19,b0
765271387,5,227294,0,0,30.73,93458.96,38.44,600234.44,b0
765283665,6,227340,0,0,30.70,93430.80,38.67,336510.03,b0
765268824,7,227386,0,0,30.46,93465.53,38.78,627258.81,b0
765287253,8,227432,0,0,30.36,93444.75,38.85,484046.31,b0
765270362,1,227478,0,0,30.68,93443.92,39.17,856366.31,b0
765269850,2,227524,0,0,30.73,93447.54,38.28,540369.38,b0
765286747,3,227571,0,0,31.14,93479.30,37.68,445217.41,b0
765279836,4,227617,0,0,30.94,93427.80,37.61,816912.63,b0
765271387,5,227663,0,0,30.73,93457.36,38.44,600234.44,b0
765283665,6,227709,0,0,30.69,93428.25,38.67,333224.88,b0
765268824,7,227755,0,0,30.47,93466.13,38.78,627835.69,b0
765287253,8,227801,0,0,30.36,93445.12,38.85,483360.88,b0
765270362,1,227848,0,0,30.68,93445.89,39.17,850498.31,b0
765269850,2,227894,0,0,30.73,93448.43,38.28,540797.44,b0
765286747,3,227940,0,0,31.15,93478.97,37.67,443770.31,b0
765279836,4,227986,0,0,30.94,93427.66,37.64,812053.94,b0
765271387,5,228032,0,0,30.73,93455.92,38.44,599180.81,b0
765283665,6,228078,0,0,30.70,93430.48,38.66,335517.69,b0
765268824,7,228124,0,0,30.47,93464.67,38.76,628413.63,b0
765287253,8,228170,0,0,30.37,93445.50,38.85,483360.88,b0
765270362,1,228217,0,0,30.68,93445.19,39.17,851028.44,b0
765269850,2,228263,0,0,30.73,93447.49,38.28,540369.38,b0
765286747,3,228309,0,0,31.16,93479.36,37.67,442332.63,b0
765279836,4,228355,0,0,30.95,93428.59,37.61,813990.44,b0
765271387,5,228401,0,0,30.73,93455.80,38.44,595002.88,b0
765283665,6,228447,0,0,30.70,93428.90,38.66,335847.81,b0
765268824,7,228493,0,0,30.48,93465.27,38.77,627835.69,b0
765287253,8,228540,0,0,30.38,93447.86,38.83,484733.72,b0
765270362,1,228586,0,0,30.69,93444.14,39.17,848911.94,b0
765269850,2,228632,0,0,30.73,93449.12,38.29,536969.06,b0
765286747,3,228678,0,0,31.16,93480.26,37.70,440051.56,b0
765279836,4,228724,0,0,30.95,93428.41,37.62,814476.06,b0
765271387,5,228770,0,0,30.73,93455.59,38.44,598655.38,b0
765283665,6,228816,0,0,30.71,93430.37,38.65,335188.22,b0
765268824,7,228863,0,0,30.49,93464.93,38.77,626683.00,b0
765287253,8,228909,0,0,30.39,93445.55,38.82,482677.34,b0
765270362,1,228955,0,0,30.68,93442.15,39.18,853155.56,b0
765269850,2,229001,0,0,30.72,93447.66,38.31,538663.88,b0
765286747,3,229047,0,0,31.16,93475.39,37.69,440051.56,b0
765279836,4,229093,0,0,30.95,93428.39,37.61,813021.06,b0
765271387,5,229140,0,0,30.74,93456.00,38.44,599707.19,b0
765283665,6,229186,0,0,30.71,93428.41,38.66,335517.69,b0
765268824,7,229232,0,0,30.49,93464.19,38.75,627258.81,b0
765287253,8,229278,0,0,30.37,93446.05,38.84,483703.34,b0
765270362,1,229324,0,0,30.68,93444.66,39.17,851028.44,b0
765269850,2,229370,0,0,30.72,93445.34,38.30,539089.25,b0
765286747,3,229417,0,0,31.16,93478.27,37.68,440619.63,b0
765279836,4,229463,0,0,30.95,93428.94,37.61,811089.13,b0
765271387,5,229509,0,0,30.74,93456.73,38.43,602352.94,b0
765283665,6,229555,0,0,30.71,93429.12,38.66,334859.38,b0
765268824,7,229601,0,0,30.50,93464.59,38.75,626108.25,b0
765287253,8,229647,0,0,30.38,93445.52,38.84,482677.34,b0
765270362,1,229694,0,0,30.68,93444.98,39.16,844187.94,b0
765269850,2,229740,0,0,30.71,93445.27,38.31,537815.13,b0
765286747,3,229786,0,0,31.16,93478.10,37.67,440051.56,b0
765279836,4,229832,0,0,30.95,93426.59,37.61,810607.56,b0
765271387,5,229878,0,0,30.75,93457.49,38.44,597607.25,b0
765283665,6,229924,0,0,30.71,93427.89,38.66,333550.50,b0
765268824,7,229970,0,0,30.51,93466.09,38.75,622114.19,b0
765287253,8,230016,0,0,30.39,93445.03,38.85,482677.34,b0
765270362,1,230063,0,0,30.67,93443.65,39.17,846805.88,b0
765269850,2,230109,0,0,30.71,93446.71,38.32,534865.50,b0
765286747,3,230155,0,0,31.15,93478.27,37.68,438356.16,b0
765279836,4,230201,0,0,30.96,93427.55,37.61,807252.69,b0
765271387,5,230247,0,0,30.76,93458.44,38.44,595521.94,b0
765283665,6,230293,0,0,30.72,93427.46,38.65,334203.66,b0
765268824,7,230339,0,0,30.52,93465.77,38.76,623819.69,b0
765287253,8,230385,0,0,30.41,93446.16,38.85,483360.88,b0
765270362,1,230432,0,0,30.66,93443.79,39.16,845756.75,b0
765269850,2,230478,0,0,30.71,93446.53,38.32,536969.06,b0
765286747,3,230524,0,0,31.16,93479.00,37.66,438919.84,b0
765279836,4,230570,0,0,30.96,93427.72,37.61,806775.63,b0
765271387,5,230616,0,0,30.76,93457.77,38.44,597084.56,b0
765283665,6,230662,0,0,30.73,93428.47,38.66,335188.22,b0
765268824,7,230708,0,0,30.52,93464.32,38.75,624390.25,b0
765287253,8,230755,0,0,30.41,93444.38,38.85,481995.75,b0
765270362,1,230801,0,0,30.66,93443.79,39.16,846281.00,b0
765269850,2,230847,0,0,30.71,93447.95,38.30,532362.88,b0
765286747,3,230893,0,0,31.17,93478.30,37.66,439202.22,b0
765279836,4,230939,0,0,30.96,93428.11,37.63,804873.25,b0
765271387,5,230985,0,0,30.76,93456.16,38.45,592935.75,b0
765283665,6,231032,0,0,30.73,93427.91,38.66,334203.66,b0
765268824,7,231078,0,0,30.52,93464.70,38.75,625534.50,b0
765287253,8,231124,0,0,30.42,93445.83,38.83,482677.34,b0
765270362,1,231170,0,0,30.66,93445.39,39.16,842625.00,b0
765269850,2,231216,0,0,30.70,93447.02,38.32,534865.50,b0
765286747,3,231262,0,0,31.17,93477.40,37.67,438919.84,b0
765279836,4,231308,0,0,30.97,93428.68,37.61,807252.69,b0
765271387,5,231355,0,0,30.78,93456.78,38.45,594484.75,b0
765283665,6,231401,0,0,30.74,93428.38,38.67,334203.66,b0
765268824,7,231447,0,0,30.54,93466.59,38.76,623819.69,b0
765287253,8,231493,0,0,30.42,93445.67,38.84,482336.31,b0
765270362,1,231539,0,0,30.64,93441.73,39.17,844710.25,b0
765269850,2,231585,0,0,30.69,93448.05,38.30,534028.69,b0
765286747,3,231632,0,0,31.16,93477.55,37.67,438356.16,b0
765279836,4,231678,0,0,30.96,93426.49,37.63,806299.19,b0
765271387,5,231724,0,0,30.77,93455.68,38.43,594484.75,b0
765283665,6,231770,0,0,30.73,93426.99,38.65,333550.50,b0
765268824,7,231816,0,0,30.54,93465.49,38.72,624390.25,b0
765287253,8,231862,0,0,30.41,93444.37,38.84,480638.34,b0
765270362,1,231909,0,0,30.63,93442.73,39.14,845756.75,b0
765269850,2,231955,0,0,30.67,93445.28,38.30,533611.25,b0
765286747,3,232001,0,0,31.14,93478.76,37.65,438074.88,b0
765279836,4,232047,0,0,30.94,93427.27,37.61,810126.56,b0
765271387,5,232093,0,0,30.77,93456.36,38.43,597084.56,b0
765283665,6,232139,0,0,30.71,93428.07,38.66,334203.66,b0
765268824,7,232185,0,0,30.53,93464.73,38.72,625534.50,b0
765287253,8,232231,0,0,30.41,93444.89,38.82,480300.19,b0
765270362,1,232278,0,0,30.61,93444.92,39.15,844710.25,b0
765269850,2,232324,0,0,30.63,93448.17,38.33,527835.06,b0
765286747,3,232370,0,0,31.12,93477.05,37.64,438074.88,b0
765279836,4,232416,0,0,30.92,93427.70,37.58,809166.31,b0
765271387,5,232462,0,0,30.74,93455.66,38.41,596041.94,b0
765283665,6,232508,0,0,30.70,93428.91,38.64,335517.69,b0
765268824,7,232554,0,0,30.52,93464.85,38.71,624390.25,b0
765287253,8,232601,0,0,30.39,93445.20,38.82,481995.75,b0
765270362,1,232647,0,0,30.58,93443.33,39.14,847331.38,b0
765269850,2,232693,0,0,30.60,93447.66,38.32,538239.19,b0
765286747,3,232739,0,0,31.10,93479.52,37.64,440619.63,b0
765279836,4,232785,0,0,30.89,93427.02,37.57,810126.56,b0
765271387,5,232831,0,0,30.72,93456.98,38.41,593451.19,b0
765283665,6,232877,0,0,30.68,93428.87,38.64,334859.38,b0
765268824,7,232924,0,0,30.49,93463.86,38.71,624961.88,b0
765287253,8,232970,0,0,30.38,93443.93,38.82,483360.88,b0
765270362,1,233016,0,0,30.56,93442.00,39.14,848911.94,b0
765269850,2,233062,0,0,30.58,93448.64,38.33,537815.13,b0
765286747,3,233108,0,0,31.09,93477.52,37.63,441474.47,b0
765279836,4,233154,0,0,30.87,93427.11,37.56,808208.38,b0
765271387,5,233201,0,0,30.70,93455.77,38.41,597607.25,b0
765283665,6,233247,0,0,30.68,93428.66,38.65,334531.19,b0
765268824,7,233293,0,0,30.49,93465.29,38.70,623819.69,b0
765287253,8,233339,0,0,30.39,93444.83,38.82,481995.75,b0
765270362,1,233385,0,0,30.55,93445.52,39.15,846281.00,b0
765269850,2,233431,0,0,30.55,93448.90,38.34,534865.50,b0
765286747,3,233478,0,0,31.10,93479.52,37.63,442046.19,b0
765279836,4,233524,0,0,30.86,93425.09,37.59,815448.94,b0
765271387,5,233570,0,0,30.69,93456.07,38.41,595521.94,b0
765283665,6,233616,0,0,30.67,93428.02,38.63,334203.66,b0
765268824,7,233662,0,0,30.48,93464.37,38.69,624390.25,b0
765287253,8,233708,0,0,30.38,93444.29,38.81,484046.31,b0
765270362,1,233755,0,0,30.55,93444.05,39.16,849968.88,b0
765269850,2,233801,0,0,30.54,93448.14,38.35,531120.31,b0
765286747,3,233847,0,0,31.08,93479.29,37.63,441474.47,b0
765279836,4,233893,0,0,30.85,93429.33,37.57,815448.94,b0
765271387,5,233939,0,0,30.68,93455.08,38.40,597084.56,b0
765283665,6,233985,0,0,30.67,93428.94,38.63,336178.59,b0
765268824,7,234031,0,0,30.49,93464.93,38.70,626683.00,b0
765287253,8,234077,0,0,30.39,93446.27,38.81,483703.34,b0
765270362,1,234124,0,0,30.53,93442.16,39.16,847857.56,b0
765269850,2,234170,0,0,30.52,93448.06,38.36,538239.19,b0
765286747,3,234216,0,0,31.08,93479.63,37.62,442906.56,b0
765279836,4,234262,0,0,30.83,93427.23,37.57,812537.19,b0
765271387,5,234308,0,0,30.69,93454.43,38.41,597607.25,b0
765283665,6,234354,0,0,30.67,93427.91,38.63,335517.69,b0
765268824,7,234400,0,0,30.50,93465.15,38.70,626683.00,b0
765287253,8,234446,0,0,30.39,93444.14,38.80,481995.75,b0
765270362,1,234493,0,0,30.52,93444.08,39.17,846281.00,b0
765269850,2,234539,0,0,30.52,93445.88,38.36,538239.19,b0
765286747,3,234585,0,0,31.06,93478.66,37.61,444348.00,b0
765279836,4,234631,0,0,30.81,93427.52,37.58,813505.44,b0
765271387,5,234677,0,0,30.68,93454.20,38.41,597607.25,b0
765283665,6,234723,0,0,30.66,93425.97,38.64,337174.84,b0
765268824,7,234769,0,0,30.50,93465.32,38.68,628992.63,b0
765287253,8,234816,0,0,30.39,93445.91,38.81,484046.31,b0
765270362,1,234862,0,0,30.50,93442.36,39.16,852090.69,b0
765269850,2,234908,0,0,30.51,93448.69,38.36,536969.06,b0
765286747,3,234954,0,0,31.03,93477.66,37.62,442619.41,b0
765279836,4,235000,0,0,30.79,93426.84,37.59,816424.19,b0
765271387,5,235046,0,0,30.67,93453.92,38.41,598130.81,b0
765283665,6,235093,0,0,30.64,93427.62,38.63,335847.81,b0
765268824,7,235139,0,0,30.48,93465.25,38.69,626108.25,b0
765287253,8,235185,0,0,30.37,93444.24,38.79,485423.09,b0
765270362,1,235231,0,0,30.49,93441.96,39.20,851559.25,b0
765269850,2,235277,0,0,30.50,93447.41,38.38,533611.25,b0
765286747,3,235323,0,0,31.01,93477.05,37.61,443482.03,b0
765279836,4,235369,0,0,30.78,93427.87,37.58,815448.94,b0
765271387,5,235416,0,0,30.66,93453.38,38.41,599180.81,b0
765283665,6,235462,0,0,30.63,93426.41,38.64,336178.59,b0
765268824,7,235508,0,0,30.46,93464.26,38.69,627258.81,b0
765287253,8,235554,0,0,30.35,93444.90,38.80,483360.88,b0
765270362,1,235600,0,0,30.50,93442.52,39.21,846281.00,b0
765269850,2,235646,0,0,30.51,93448.89,38.40,534028.69,b0
765286747,3,235693,0,0,30.99,93477.72,37.63,444348.00,b0
765279836,4,235739,0,0,30.76,93426.36,37.60,809646.19,b0
765271387,5,235785,0,0,30.65,93455.25,38.43,598130.81,b0
765283665,6,235831,0,0,30.62,93427.38,38.62,337174.84,b0
765268824,7,235877,0,0,30.45,93464.41,38.69,627835.69,b0
765287253,8,235923,0,0,30.34,93445.04,38.80,486460.81,b0
765270362,1,235970,0,0,30.48,93441.70,39.21,855293.38,b0
765269850,2,236016,0,0,30.50,93448.66,38.41,537815.13,b0
765286747,3,236062,0,0,30.97,93477.45,37.63,444927.22,b0
765279836,4,236108,0,0,30.75,93426.31,37.62,815448.94,b0
765271387,5,236154,0,0,30.63,93454.60,38.43,597607.25,b0
765283665,6,236200,0,0,30.60,93425.81,38.63,338512.41,b0
765268824,7,236246,0,0,30.44,93464.91,38.68,626108.25,b0
765287253,8,236292,0,0,30.33,93444.45,38.78,485423.09,b0
765270362,1,236339,0,0,30.47,93442.38,39.21,855293.38,b0
765269850,2,236385,0,0,30.50,93445.08,38.46,534028.69,b0
765286747,3,236431,0,0,30.96,93478.14,37.63,446090.19,b0
765279836,4,236477,0,0,30.75,93425.77,37.64,813990.44,b0
765271387,5,236523,0,0,30.64,93455.86,38.45,599180.81,b0
765283665,6,236569,0,0,30.59,93426.20,38.63,338177.00,b0
765268824,7,236615,0,0,30.43,93463.07,38.68,630736.06,b0
765287253,8,236662,0,0,30.31,93445.14,38.79,488200.25,b0
765270362,1,236708,0,0,30.48,93440.96,39.24,856366.31,b0
765269850,2,236754,0,0,30.50,93446.88,38.45,541226.19,b0
765286747,3,236800,0,0,30.97,93478.55,37.66,445507.94,b0
765279836,4,236846,0,0,30.76,93426.36,37.65,818872.44,b0
765271387,5,236892,0,0,30.63,93457.22,38.43,601821.94,b0
765283665,6,236938,0,0,30.59,93428.20,38.64,338177.00,b0
765268824,7,236985,0,0,30.43,93464.16,38.70,631319.38,b0
765287253,8,237031,0,0,30.32,93443.38,38.81,491009.34,b0
765270362,1,237077,0,0,30.48,93439.55,39.23,853689.06,b0
765269850,2,237123,0,0,30.51,93446.22,38.49,539942.00,b0
765286747,3,237169,0,0,31.00,93477.19,37.68,446381.88,b0
765279836,4,237215,0,0,30.77,93425.71,37.65,816424.19,b0
765271387,5,237262,0,0,30.63,93453.29,38.45,599180.81,b0
765283665,6,237308,0,0,30.60,93426.70,38.66,339185.16,b0
765268824,7,237354,0,0,30.44,93461.45,38.70,629572.69,b0
765287253,8,237400,0,0,30.33,93443.23,38.81,487155.09,b0
765270362,1,237446,0,0,30.50,93441.97,39.27,852622.81,b0
765269850,2,237492,0,0,30.53,93449.16,38.50,538663.88,b0
765286747,3,237539,0,0,31.02,93477.25,37.67,449615.81,b0
765279836,4,237585,0,0,30.79,93426.34,37.68,818872.44,b0
765271387,5,237631,0,0,30.65,93454.51,38.45,602352.94,b0
765283665,6,237677,0,0,30.63,93424.80,38.67,337842.28,b0
765268824,7,237723,0,0,30.44,93464.21,38.71,628413.63,b0
765287253,8,237769,0,0,30.35,93443.64,38.83,486807.69,b0
765270362,1,237816,0,0,30.50,93440.91,39.29,853155.56,b0
765269850,2,237862,0,0,30.54,93446.70,38.51,540369.38,b0
765286747,3,237908,0,0,31.03,93478.02,37.67,447259.22,b0
765279836,4,237954,0,0,30.80,93427.09,37.69,819855.88,b0
765271387,5,238000,0,0,30.66,93453.02,38.47,603951.63,b0
765283665,6,238046,0,0,30.65,93426.23,38.68,339860.59,b0
765268824,7,238092,0,0,30.46,93462.63,38.72,629572.69,b0
765287253,8,238138,0,0,30.37,93442.99,38.83,487502.97,b0
765270362,1,238185,0,0,30.52,93441.01,39.30,850498.31,b0
765269850,2,238231,0,0,30.56,93446.23,38.53,541226.19,b0
765286747,3,238277,0,0,31.04,93477.69,37.70,446381.88,b0
765279836,4,238323,0,0,30.82,93425.06,37.71,819363.88,b0
765271387,5,238369,0,0,30.69,93456.02,38.49,601291.81,b0
765283665,6,238415,0,0,30.67,93427.91,38.69,339522.53,b0
765268824,7,238461,0,0,30.47,93463.42,38.71,631903.75,b0
765287253,8,238507,0,0,30.38,93442.85,38.85,488899.50,b0
765270362,1,238554,0,0,30.53,93443.39,39.31,854757.94,b0
765269850,2,238600,0,0,30.56,93447.33,38.53,538663.88,b0
765286747,3,238646,0,0,31.05,93477.53,37.72,448729.19,b0
765279836,4,238692,0,0,30.82,93426.11,37.72,819855.88,b0
765271387,5,238738,0,0,30.70,93455.73,38.49,602884.88,b0
765283665,6,238784,0,0,30.67,93425.21,38.70,336842.09,b0
765268824,7,238830,0,0,30.48,93463.45,38.73,631319.38,b0
765287253,8,238877,0,0,30.38,93443.57,38.84,488200.25,b0
765270362,1,238923,0,0,30.52,93442.45,39.30,851028.44,b0
765269850,2,238969,0,0,30.56,93444.66,38.54,539942.00,b0
765286747,3,239015,0,0,31.03,93477.48,37.71,447552.44,b0
765279836,4,239061,0,0,30.81,93427.52,37.72,820841.69,b0
765271387,5,239107,0,0,30.69,93454.99,38.50,602884.88,b0
765283665,6,239154,0,0,30.67,93428.22,38.70,339522.53,b0
765268824,7,239200,0,0,30.46,93460.66,38.74,632489.19,b0
765287253,8,239246,0,0,30.36,93443.15,38.85,489600.75,b0
765270362,1,239292,0,0,30.52,93442.49,39.32,856903.75,b0
765269850,2,239338,0,0,30.57,93448.77,38.54,539942.00,b0
765286747,3,239384,0,0,31.02,93477.62,37.73,448729.19,b0
765279836,4,239430,0,0,30.80,93426.02,37.72,821829.88,b0
765271387,5,239477,0,0,30.68,93454.37,38.51,604486.44,b0
765283665,6,239523,0,0,30.64,93425.10,38.70,340538.75,b0
765268824,7,239569,0,0,30.46,93463.01,38.72,629572.69,b0
765287253,8,239615,0,0,30.35,93443.63,38.85,490304.03,b0
765270362,1,239661,0,0,30.51,93441.85,39.31,850498.31,b0
765269850,2,239707,0,0,30.55,93445.66,38.54,542516.56,b0
765286747,3,239754,0,0,31.00,93478.45,37.73,447552.44,b0
765279836,4,239800,0,0,30.78,93428.25,37.72,822324.81,b0
765271387,5,239846,0,0,30.68,93456.13,38.49,604486.44,b0
765283665,6,239892,0,0,30.63,93426.97,38.69,339860.59,b0
765268824,7,239938,0,0,30.47,93464.14,38.75,632489.19,b0
765287253,8,239984,0,0,30.35,93443.80,38.84,488899.50,b0
765270362,1,240031,0,0,30.48,93440.44,39.34,852622.81,b0
765269850,2,240077,0,0,30.54,93448.68,38.55,541655.63,b0
765286747,3,240123,0,0,30.98,93479.81,37.72,447259.22,b0
765279836,4,240169,0,0,30.76,93426.72,37.72,821829.88,b0
765271387,5,240215,0,0,30.67,93454.52,38.48,606096.50,b0
765283665,6,240261,0,0,30.63,93427.63,38.70,338848.44,b0
765268824,7,240307,0,0,30.48,93464.55,38.72,633663.38,b0
765287253,8,240353,0,0,30.36,93444.22,38.86,490656.44,b0
765270362,1,240400,0,0,30.47,93442.55,39.33,856903.75,b0
765269850,2,240446,0,0,30.54,93448.13,38.57,541655.63,b0
765286747,3,240492,0,0,30.97,93479.79,37.72,449024.34,b0
765279836,4,240538,0,0,30.77,93428.20,37.73,824808.69,b0
765271387,5,240584,0,0,30.68,93455.43,38.50,603951.63,b0
765283665,6,240630,0,0,30.64,93426.73,38.71,341219.59,b0
765268824,7,240676,0,0,30.48,93465.45,38.73,632489.19,b0
765287253,8,240723,0,0,30.38,93444.99,38.86,491362.75,b0
765270362,1,240769,0,0,30.47,93441.66,39.36,858520.25,b0
765269850,2,240815,0,0,30.54,93447.57,38.58,542085.75,b0
765286747,3,240861,0,0,30.98,93476.76,37.74,449319.88,b0
765279836,4,240907,0,0,30.78,93426.97,37.73,825307.25,b0
765271387,5,240953,0,0,30.70,93454.66,38.50,602884.88,b0
765283665,6,240999,0,0,30.66,93427.46,38.71,339860.59,b0
765268824,7,241046,0,0,30.50,93463.70,38.75,632489.19,b0
765287253,8,241092,0,0,30.40,93445.23,38.85,491009.34,b0
765270362,1,241138,0,0,30.47,93442.38,39.35,853155.56,b0
765269850,2,241184,0,0,30.53,93448.25,38.58,544246.63,b0
765286747,3,241230,0,0,30.98,93478.02,37.74,450803.44,b0
765279836,4,241276,0,0,30.78,93427.73,37.74,818381.63,b0
765271387,5,241323,0,0,30.71,93455.09,38.51,602884.88,b0
765283665,6,241369,0,0,30.67,93427.56,38.71,340199.34,b0
765268824,7,241415,0,0,30.51,93463.55,38.75,633075.75,b0
765287253,8,241461,0,0,30.41,93443.84,38.84,488549.63,b0
765270362,1,241507,0,0,30.46,93442.83,39.35,856903.75,b0
765269850,2,241553,0,0,30.53,93447.00,38.60,542516.56,b0
765286747,3,241600,0,0,30.98,93477.48,37.75,451698.28,b0
765279836,4,241646,0,0,30.78,93427.16,37.74,828311.44,b0
765271387,5,241692,0,0,30.72,93455.90,38.52,607174.63,b0
765283665,6,241738,0,0,30.69,93428.47,38.73,339185.16,b0
765268824,7,241784,0,0,30.52,93464.69,38.76,630153.88,b0
765287253,8,241830,0,0,30.42,93443.72,38.87,491716.69,b0
765270362,1,241877,0,0,30.46,93442.32,39.37,854757.94,b0
765269850,2,241923,0,0,30.53,93447.00,38.59,539942.00,b0
765286747,3,241969,0,0,30.98,93478.22,37.77,454102.00,b0
765279836,4,242015,0,0,30.78,93426.84,37.75,828814.25,b0
765271387,5,242061,0,0,30.74,93456.71,38.51,607174.63,b0
765283665,6,242107,0,0,30.70,93427.29,38.73,340878.84,b0
765268824,7,242153,0,0,30.52,93463.78,38.74,634252.06,b0
765287253,8,242199,0,0,30.44,93444.64,38.87,491716.69,b0
765270362,1,242246,0,0,30.45,93442.07,39.37,855293.38,b0
765269850,2,242292,0,0,30.53,93449.16,38.58,545987.75,b0
765286747,3,242338,0,0,30.99,93478.60,37.76,453498.66,b0
765279836,4,242384,0,0,30.78,93425.55,37.76,830831.63,b0
765271387,5,242430,0,0,30.75,93457.13,38.51,602884.88,b0
765283665,6,242476,0,0,30.71,93427.55,38.71,340199.34,b0
765268824,7,242522,0,0,30.54,93465.48,38.72,632489.19,b0
765287253,8,242568,0,0,30.45,93443.09,38.86,490304.03,b0
765270362,1,242615,0,0,30.45,93441.73,39.37,852622.81,b0
765269850,2,242661,0,0,30.54,93449.03,38.58,544680.88,b0
765286747,3,242707,0,0,31.00,93476.65,37.76,454706.94,b0
765279836,4,242753,0,0,30.79,93425.98,37.76,829317.69,b0
765271387,5,242799,0,0,30.76,93458.13,38.51,605022.19,b0
765283665,6,242845,0,0,30.72,93427.62,38.73,339522.53,b0
765268824,7,242891,0,0,30.55,93464.80,38.75,634841.94,b0
765287253,8,242938,0,0,30.45,93445.04,38.86,491716.69,b0
765270362,1,242984,0,0,30.46,93442.66,39.38,853155.56,b0
765269850,2,243030,0,0,30.55,93446.20,38.59,545115.81,b0
765286747,3,243076,0,0,31.01,93478.30,37.77,452896.94,b0
765279836,4,243122,0,0,30.81,93426.97,37.79,827307.63,b0
765271387,5,243168,0,0,30.76,93456.52,38.52,601821.94,b0
765283665,6,243215,0,0,30.72,93428.52,38.73,339522.53,b0
765268824,7,243261,0,0,30.56,93465.55,38.74,630736.06,b0
765287253,8,243307,0,0,30.47,93447.42,38.85,491009.34,b0
765270362,1,243353,0,0,30.46,93442.83,39.40,855293.38,b0
765269850,2,243399,0,0,30.56,93448.77,38.60,544246.63,b0
765286747,3,243445,0,0,31.00,93477.93,37.78,454102.00,b0
765279836,4,243491,0,0,30.81,93428.93,37.77,833367.25,b0
765271387,5,243538,0,0,30.77,93455.34,38.50,602884.88,b0
765283665,6,243584,0,0,30.72,93428.20,38.72,340538.75,b0
765268824,7,243630,0,0,30.56,93465.73,38.74,630736.06,b0
765287253,8,243676,0,0,30.47,93446.88,38.85,488549.63,b0
765270362,1,243722,0,0,30.45,93442.07,39.41,859060.38,b0
765269850,2,243768,0,0,30.57,93448.24,38.61,546862.50,b0
765286747,3,243815,0,0,31.00,93478.29,37.78,451997.34,b0
765279836,4,243861,0,0,30.81,93428.59,37.78,829317.69,b0
765271387,5,243907,0,0,30.77,93454.26,38.51,603951.63,b0
765283665,6,243953,0,0,30.72,93427.16,38.73,339860.59,b0
765268824,7,243999,0,0,30.55,93464.43,38.73,631319.38,b0
765287253,8,244045,0,0,30.47,93446.00,38.85,493137.50,b0
765270362,1,244092,0,0,30.46,93443.04,39.42,863406.44,b0
765269850,2,244138,0,0,30.58,93449.91,38.62,545115.81,b0
765286747,3,244184,0,0,31.01,93478.84,37.79,451399.59,b0
765279836,4,244230,0,0,30.81,93426.98,37.78,827307.63,b0
765271387,5,244276,0,0,30.78,93456.82,38.52,604486.44,b0
765283665,6,244322,0,0,30.73,93429.34,38.73,339185.16,b0
765268824,7,244368,0,0,30.56,93466.27,38.72,631319.38,b0
765287253,8,244414,0,0,30.47,93445.65,38.85,491009.34,b0
765270362,1,244461,0,0,30.47,93443.23,39.41,856903.75,b0
765269850,2,244507,0,0,30.58,93450.78,38.62,542516.56,b0
765286747,3,244553,0,0,31.01,93480.12,37.80,451698.28,b0
765279836,4,244599,0,0,30.82,93427.91,37.79,828814.25,b0
765271387,5,244645,0,0,30.78,93457.53,38.49,602352.94,b0
765283665,6,244691,0,0,30.74,93430.52,38.73,340199.34,b0
765268824,7,244737,0,0,30.55,93467.71,38.72,636617.94,b0
765287253,8,244784,0,0,30.47,93447.62,38.82,489600.75,b0
765270362,1,244830,0,0,30.48,93442.78,39.43,865047.50,b0
765269850,2,244876,0,0,30.58,93450.09,38.62,546424.75,b0
765286747,3,244922,0,0,31.02,93478.34,37.81,451698.28,b0
765279836,4,244968,0,0,30.82,93428.64,37.80,821335.50,b0
765271387,5,245014,0,0,30.78,93457.70,38.50,605558.81,b0
765283665,6,245060,0,0,30.75,93429.89,38.72,340199.34,b0
765268824,7,245107,0,0,30.55,93468.60,38.72,635432.81,b0
765287253,8,245153,0,0,30.48,93448.16,38.83,488200.25,b0
765270362,1,245199,0,0,30.50,93443.25,39.44,858520.25,b0
765269850,2,245245,0,0,30.59,93451.37,38.62,543813.06,b0
765286747,3,245291,0,0,31.04,93480.38,37.80,449615.81,b0
765279836,4,245337,0,0,30.82,93429.36,37.80,828311.44,b0
765271387,5,245384,0,0,30.77,93457.28,38.49,605558.81,b0
765283665,6,245430,0,0,30.75,93430.84,38.71,340878.84,b0
765268824,7,245476,0,0,30.54,93466.40,38.69,631903.75,b0
765287253,8,245522,0,0,30.48,93447.46,38.83,489249.88,b0
765270362,1,245568,0,0,30.52,93444.60,39.47,859601.25,b0
765269850,2,245614,0,0,30.60,93450.35,38.64,542516.56,b0
765286747,3,245661,0,0,31.05,93481.14,37.82,449615.81,b0
765279836,4,245707,0,0,30.83,93428.48,37.82,828311.44,b0
765271387,5,245753,0,0,30.77,93456.03,38.48,605022.19,b0
765283665,6,245799,0,0,30.76,93429.85,38.71,340538.75,b0
765268824,7,245845,0,0,30.56,93466.82,38.71,631903.75,b0
765287253,8,245891,0,0,30.48,93448.91,38.81,490304.03,b0
765270362,1,245938,0,0,30.52,93444.79,39.44,857980.75,b0
765269850,2,245984,0,0,30.60,93450.52,38.62,546862.50,b0
765286747,3,246030,0,0,31.05,93482.23,37.82,450803.44,b0
765279836,4,246076,0,0,30.81,93429.84,37.80,827809.19,b0
765271387,5,246122,0,0,30.79,93457.58,38.47,605558.81,b0
765283665,6,246168,0,0,30.77,93431.17,38.70,343278.59,b0
765268824,7,246214,0,0,30.57,93466.88,38.73,631319.38,b0
765287253,8,246260,0,0,30.49,93447.68,38.81,491716.69,b0
765270362,1,246307,0,0,30.51,93445.47,39.45,862860.75,b0
765269850,2,246353,0,0,30.59,93451.73,38.63,543813.06,b0
765286747,3,246399,0,0,31.03,93480.53,37.81,449615.81,b0
765279836,4,246445,0,0,30.81,93429.66,37.78,821335.50,b0
765271387,5,246491,0,0,30.78,93457.18,38.47,603951.63,b0
765283665,6,246537,0,0,30.77,93431.12,38.69,339860.59,b0
765268824,7,246583,0,0,30.57,93468.34,38.70,631319.38,b0
765287253,8,246629,0,0,30.49,93448.03,38.79,492426.06,b0
765270362,1,246676,0,0,30.50,93444.69,39.45,860685.00,b0
765269850,2,246722,0,0,30.59,93451.00,38.63,545987.75,b0
765286747,3,246768,0,0,31.02,93479.97,37.80,450803.44,b0
765279836,4,246814,0,0,30.81,93429.13,37.80,827307.63,b0
765271387,5,246860,0,0,30.79,93458.33,38.45,602884.88,b0
765283665,6,246906,0,0,30.76,93431.45,38.69,341219.59,b0
765268824,7,246952,0,0,30.57,93467.96,38.70,632489.19,b0
765287253,8,246999,0,0,30.48,93448.16,38.80,491009.34,b0
765270362,1,247045,0,0,30.51,93444.91,39.44,855293.38,b0
765269850,2,247091,0,0,30.60,93451.42,38.63,539942.00,b0
765286747,3,247137,0,0,31.03,93481.43,37.81,449615.81,b0
765279836,4,247183,0,0,30.82,93428.98,37.79,828814.25,b0
765271387,5,247229,0,0,30.78,93457.55,38.47,604486.44,b0
765283665,6,247276,0,0,30.76,93431.05,38.69,340538.75,b0
765268824,7,247322,0,0,30.54,93467.48,38.68,635432.81,b0
765287253,8,247368,0,0,30.46,93446.69,38.78,489600.75,b0
765270362,1,247414,0,0,30.52,93445.30,39.45,859601.25,b0
765269850,2,247460,0,0,30.60,93450.17,38.62,545987.75,b0
765286747,3,247506,0,0,31.03,93482.88,37.80,452896.94,b0
765279836,4,247553,0,0,30.82,93429.16,37.80,829317.69,b0
765271387,5,247599,0,0,30.78,93459.69,38.44,607715.13,b0
765283665,6,247645,0,0,30.76,93430.34,38.67,340538.75,b0
765268824,7,247691,0,0,30.54,93468.93,38.68,635432.81,b0
765287253,8,247737,0,0,30.47,93449.93,38.76,492426.06,b0
765270362,1,247783,0,0,30.54,93446.14,39.44,855829.50,b0
765269850,2,247830,0,0,30.61,93451.47,38.61,545987.75,b0
765286747,3,247876,0,0,31.04,93480.22,37.80,451997.34,b0
765279836,4,247922,0,0,30.82,93429.35,37.80,825307.25,b0
765271387,5,247968,0,0,30.79,93459.01,38.45,607715.13,b0
765283665,6,248014,0,0,30.77,93431.84,38.67,340199.34,b0
765268824,7,248060,0,0,30.54,93467.66,38.65,634841.94,b0
765287253,8,248106,0,0,30.47,93446.88,38.77,491716.69,b0
765270362,1,248153,0,0,30.53,93444.52,39.45,857980.75,b0
765269850,2,248199,0,0,30.63,93450.66,38.59,546862.50,b0
765286747,3,248245,0,0,31.05,93481.30,37.81,451399.59,b0
765279836,4,248291,0,0,30.83,93429.05,37.80,834896.06,b0
765271387,5,248337,0,0,30.79,93457.93,38.44,606635.06,b0
765283665,6,248383,0,0,30.76,93429.30,38.67,341561.03,b0
765268824,7,248429,0,0,30.53,93464.38,38.67,634252.06,b0
765287253,8,248475,0,0,30.46,93446.13,38.76,493850.97,b0
765270362,1,248522,0,0,30.53,93445.41,39.44,859601.25,b0
765269850,2,248568,0,0,30.64,93451.22,38.62,546424.75,b0
765286747,3,248614,0,0,31.04,93480.39,37.82,452596.69,b0
765279836,4,248660,0,0,30.83,93428.88,37.81,828311.44,b0
765271387,5,248706,0,0,30.79,93457.04,38.42,607715.13,b0
765283665,6,248752,0,0,30.76,93429.61,38.66,341903.19,b0
765268824,7,248798,0,0,30.53,93466.91,38.67,636617.94,b0
765287253,8,248845,0,0,30.47,93447.95,38.75,492781.53,b0
765270362,1,248891,0,0,30.54,93443.27,39.45,859601.25,b0
765269850,2,248937,0,0,30.64,93451.43,38.61,545987.75,b0
765286747,3,248983,0,0,31.04,93480.93,37.80,448140.03,b0
765279836,4,249029,0,0,30.84,93428.18,37.80,828311.44,b0
765271387,5,249075,0,0,30.80,93458.52,38.43,608256.63,b0
765283665,6,249121,0,0,30.77,93427.91,38.65,342589.50,b0
765268824,7,249168,0,0,30.55,93468.42,38.66,637212.19,b0
765287253,8,249214,0,0,30.46,93446.34,38.74,494208.50,b0
765270362,1,249260,0,0,30.54,93443.12,39.45,862860.75,b0
765269850,2,249306,0,0,30.64,93449.46,38.59,547300.94,b0
765286747,3,249352,0,0,31.06,93479.55,37.82,450803.44,b0
765279836,4,249398,0,0,30.84,93427.85,37.79,831337.50,b0
765271387,5,249445,0,0,30.80,93456.94,38.40,609342.44,b0
765283665,6,249491,0,0,30.76,93429.30,38.65,341903.19,b0
765268824,7,249537,0,0,30.54,93466.40,38.65,637212.19,b0
765287253,8,249583,0,0,30.47,93448.51,38.73,493850.97,b0
765270362,1,249629,0,0,30.54,93444.55,39.44,845756.75,b0
765269850,2,249675,0,0,30.65,93451.09,38.59,543380.19,b0
765286747,3,249722,0,0,31.05,93482.77,37.79,449615.81,b0
765279836,4,249768,0,0,30.86,93430.80,37.80,825806.44,b0
765271387,5,249814,0,0,30.81,93458.59,38.41,608799.06,b0
765283665,6,249860,0,0,30.76,93430.90,38.64,341903.19,b0
765268824,7,249906,0,0,30.55,93466.98,38.64,635432.81,b0
765287253,8,249952,0,0,30.48,93447.80,38.74,495284.16,b0
765270362,1,249999,0,0,30.54,93444.35,39.42,855829.50,b0
765269850,2,250045,0,0,30.65,93451.09,38.59,549503.63,b0
765286747,3,250091,0,0,31.06,93481.53,37.79,451997.34,b0
765279836,4,250137,0,0,30.86,93429.20,37.79,837970.56,b0
765271387,5,250183,0,0,30.80,93455.18,38.40,609342.44,b0
765283665,6,250229,0,0,30.76,93429.80,38.63,342589.50,b0
765268824,7,250275,0,0,30.56,93466.83,38.64,636024.88,b0
765287253,8,250321,0,0,30.46,93446.51,38.73,495284.16,b0
765270362,1,250368,0,0,30.54,93445.63,39.43,863952.75,b0
765269850,2,250414,0,0,30.66,93451.31,38.60,548620.44,b0
765286747,3,250460,0,0,31.06,93479.73,37.80,450505.94,b0
765279836,4,250506,0,0,30.87,93429.77,37.79,827809.19,b0
765271387,5,250552,0,0,30.81,93458.05,38.39,611525.81,b0
765283665,6,250598,0,0,30.75,93429.77,38.63,344317.41,b0
765268824,7,250644,0,0,30.55,93465.52,38.62,636617.94,b0
765287253,8,250690,0,0,30.45,93447.72,38.71,495284.16,b0
765270362,1,250737,0,0,30.53,93444.13,39.43,863406.44,b0
765269850,2,250783,0,0,30.66,93449.70,38.58,544680.88,b0
765286747,3,250829,0,0,31.04,93480.20,37.79,451698.28,b0
765279836,4,250875,0,0,30.86,93428.30,37.78,828311.44,b0
765271387,5,250921,0,0,30.79,93457.09,38.38,610978.50,b0
765283665,6,250967,0,0,30.74,93429.77,38.60,344317.41,b0
765268824,7,251013,0,0,30.54,93466.57,38.63,637212.19,b0
765287253,8,251060,0,0,30.44,93445.36,38.72,493850.97,b0
765270362,1,251106,0,0,30.53,93442.70,39.41,859601.25,b0
765269850,2,251152,0,0,30.66,93449.88,38.57,541226.19,b0
765286747,3,251198,0,0,31.04,93481.27,37.79,452296.81,b0
765279836,4,251244,0,0,30.86,93429.36,37.78,831337.50,b0
765271387,5,251290,0,0,30.79,93457.93,38.38,612074.13,b0
765283665,6,251337,0,0,30.74,93429.13,38.60,341219.59,b0
765268824,7,251383,0,0,30.55,93466.42,38.62,640200.06,b0
765287253,8,251429,0,0,30.45,93445.77,38.71,497449.59,b0
765270362,1,251475,0,0,30.53,93443.62,39.40,861771.50,b0
765269850,2,251521,0,0,30.66,93449.88,38.56,548179.88,b0
765286747,3,251567,0,0,31.04,93479.49,37.80,452296.81,b0
765279836,4,251613,0,0,30.86,93428.11,37.79,832351.13,b0
765271387,5,251660,0,0,30.79,93457.09,38.39,614277.13,b0
765283665,6,251706,0,0,30.76,93427.47,38.59,344665.09,b0
765268824,7,251752,0,0,30.55,93468.26,38.62,637807.56,b0
765287253,8,251798,0,0,30.45,93446.84,38.71,498175.63,b0
765270362,1,251844,0,0,30.54,93445.11,39.41,859060.38,b0
765269850,2,251890,0,0,30.67,93450.62,38.55,551278.63,b0
765286747,3,251937,0,0,31.05,93480.96,37.79,451698.28,b0
765279836,4,251983,0,0,30.87,93428.91,37.76,832858.88,b0
765271387,5,252029,0,0,30.80,93458.02,38.36,610978.50,b0
765283665,6,252075,0,0,30.77,93430.26,38.58,344317.41,b0
765268824,7,252121,0,0,30.55,93466.07,38.61,640200.06,b0
765287253,8,252167,0,0,30.45,93445.77,38.71,496364.53,b0
765270362,1,252214,0,0,30.56,93444.10,39.41,867245.38,b0
765269850,2,252260,0,0,30.68,93449.98,38.56,547740.06,b0
765286747,3,252306,0,0,31.07,93480.85,37.81,450803.44,b0
765279836,4,252352,0,0,30.88,93429.80,37.78,832858.88,b0
765271387,5,252398,0,0,30.81,93458.97,38.36,612623.38,b0
765283665,6,252444,0,0,30.77,93429.90,38.59,343278.59,b0
765268824,7,252490,0,0,30.54,93466.40,38.61,638404.00,b0
765287253,8,252536,0,0,30.44,93447.52,38.68,496364.53,b0
765270362,1,252583,0,0,30.57,93445.06,39.41,863406.44,b0
765269850,2,252629,0,0,30.69,93449.28,38.55,550833.81,b0
765286747,3,252675,0,0,31.07,93479.06,37.80,452296.81,b0
765279836,4,252721,0,0,30.88,93428.59,37.77,831337.50,b0
765271387,5,252767,0,0,30.81,93458.60,38.35,612623.38,b0
765283665,6,252813,0,0,30.77,93429.70,38.60,345362.56,b0
765268824,7,252859,0,0,30.52,93467.05,38.62,641403.06,b0
765287253,8,252906,0,0,30.42,93446.40,38.70,497449.59,b0
765270362,1,252952,0,0,30.57,93444.92,39.40,862315.81,b0
765269850,2,252998,0,0,30.69,93448.05,38.54,546862.50,b0
765286747,3,253044,0,0,31.08,93481.43,37.80,450803.44,b0
765279836,4,253090,0,0,30.87,93430.34,37.75,830326.38,b0
765271387,5,253136,0,0,30.80,93458.16,38.35,613724.88,b0
765283665,6,253182,0,0,30.76,93429.61,38.57,346062.84,b0
765268824,7,253229,0,0,30.51,93465.91,38.61,642006.25,b0
765287253,8,253275,0,0,30.40,93446.85,38.69,498175.63,b0
765270362,1,253321,0,0,30.58,93447.09,39.40,861771.50,b0
765269850,2,253367,0,0,30.69,93448.41,38.53,550389.69,b0
765286747,3,253413,0,0,31.07,93480.48,37.79,453197.63,b0
765279836,4,253459,0,0,30.88,93431.08,37.76,830831.63,b0
765271387,5,253506,0,0,30.79,93458.30,38.34,615939.88,b0
765283665,6,253552,0,0,30.75,93428.98,38.57,348536.41,b0
765268824,7,253598,0,0,30.51,93466.63,38.60,640801.00,b0
765287253,8,253644,0,0,30.39,93446.47,38.67,498903.78,b0
765270362,1,253690,0,0,30.56,93444.14,39.39,859601.25,b0
765269850,2,253736,0,0,30.68,93449.27,38.53,551724.13,b0
765286747,3,253783,0,0,31.06,93480.80,37.79,453800.13,b0
765279836,4,253829,0,0,30.87,93428.52,37.73,841586.19,b0
765271387,5,253875,0,0,30.78,93457.55,38.34,615384.63,b0
765283665,6,253921,0,0,30.73,93430.09,38.57,346062.84,b0
765268824,7,253967,0,0,30.51,93466.08,38.61,642610.63,b0
765287253,8,254013,0,0,30.39,93446.63,38.67,499634.06,b0
765270362,1,254060,0,0,30.56,93444.47,39.39,861771.50,b0
765269850,2,254106,0,0,30.69,93449.81,38.51,549503.63,b0
765286747,3,254152,0,0,31.06,93480.47,37.79,453800.13,b0
765279836,4,254198,0,0,30.87,93429.78,37.75,841067.75,b0
765271387,5,254244,0,0,30.78,93460.41,38.35,618170.81,b0
765283665,6,254290,0,0,30.74,93431.09,38.55,349249.66,b0
765268824,7,254336,0,0,30.50,93465.88,38.59,640200.06,b0
765287253,8,254382,0,0,30.38,93446.08,38.66,502946.97,b0
765270362,1,254429,0,0,30.58,93446.55,39.38,853689.06,b0
765269850,2,254475,0,0,30.69,93450.38,38.50,551278.63,b0
765286747,3,254521,0,0,31.07,93481.75,37.78,452596.69,b0
765279836,4,254567,0,0,30.87,93429.78,37.75,833876.25,b0
765271387,5,254613,0,0,30.78,93460.23,38.32,617053.31,b0
765283665,6,254659,0,0,30.74,93429.09,38.54,346414.06,b0
765268824,7,254705,0,0,30.50,93466.98,38.61,641403.06,b0
765287253,8,254751,0,0,30.39,93447.34,38.69,499634.06,b0
765270362,1,254798,0,0,30.59,93445.17,39.39,858520.25,b0
765269850,2,254844,0,0,30.70,93449.88,38.51,550833.81,b0
765286747,3,254890,0,0,31.08,93479.80,37.78,453800.13,b0
765279836,4,254936,0,0,30.88,93430.21,37.75,840550.00,b0
765271387,5,254982,0,0,30.79,93457.04,38.32,617611.56,b0
765283665,6,255028,0,0,30.75,93431.48,38.56,348180.91,b0
765268824,7,255075,0,0,30.51,93466.27,38.60,640801.00,b0
765287253,8,255121,0,0,30.40,93447.02,38.70,501837.78,b0
765270362,1,255167,0,0,30.58,93444.77,39.38,861227.94,b0
765269850,2,255213,0,0,30.71,93449.41,38.51,552170.38,b0
765286747,3,255259,0,0,31.08,93482.13,37.78,451997.34,b0
765279836,4,255305,0,0,30.88,93428.39,37.75,832858.88,b0
765271387,5,255352,0,0,30.79,93457.23,38.32,616496.06,b0
765283665,6,255398,0,0,30.75,93430.07,38.54,345712.34,b0
765268824,7,255444,0,0,30.53,93465.80,38.60,645039.38,b0
765287253,8,255490,0,0,30.41,93445.98,38.69,501101.06,b0
765270362,1,255536,0,0,30.57,93444.71,39.38,865595.94,b0
765269850,2,255582,0,0,30.70,93448.30,38.50,549503.63,b0
765286747,3,255628,0,0,31.07,93480.85,37.77,453800.13,b0
765279836,4,255675,0,0,30.89,93428.97,37.74,835406.88,b0
765271387,5,255721,0,0,30.80,93457.85,38.33,616496.06,b0
765283665,6,255767,0,0,30.75,93432.02,38.54,348892.69,b0
765268824,7,255813,0,0,30.54,93467.50,38.59,641403.06,b0
765287253,8,255859,0,0,30.42,93448.37,38.72,498539.44,b0
765270362,1,255905,0,0,30.58,93446.01,39.38,858520.25,b0
765269850,2,255952,0,0,30.70,93449.70,38.49,550389.69,b0
765286747,3,255998,0,0,31.07,93482.83,37.77,454404.25,b0
765279836,4,256044,0,0,30.89,93429.51,37.73,836943.19,b0
765271387,5,256090,0,0,30.81,93460.56,38.32,617611.56,b0
765283665,6,256136,0,0,30.75,93427.38,38.54,345712.34,b0
765268824,7,256182,0,0,30.54,93466.04,38.61,643216.06,b0
765287253,8,256228,0,0,30.43,93446.77,38.71,498539.44,b0
765270362,1,256275,0,0,30.59,93446.42,39.36,865047.50,b0
765269850,2,256321,0,0,30.71,93448.66,38.49,550389.69,b0
765286747,3,256367,0,0,31.07,93481.76,37.78,453498.66,b0
765279836,4,256413,0,0,30.89,93430.41,37.73,837970.56,b0
765271387,5,256459,0,0,30.81,93457.55,38.33,614277.13,b0
765283665,6,256505,0,0,30.76,93430.87,38.54,346062.84,b0
765268824,7,256551,0,0,30.56,93467.39,38.60,640200.06,b0
765287253,8,256597,0,0,30.43,93448.22,38.72,498903.78,b0
765270362,1,256644,0,0,30.59,93445.52,39.36,866145.06,b0
765269850,2,256690,0,0,30.72,93447.99,38.49,550833.81,b0
765286747,3,256736,0,0,31.09,93482.17,37.76,456226.34,b0
765279836,4,256782,0,0,30.90,93430.84,37.72,839000.44,b0
765271387,5,256828,0,0,30.82,93459.23,38.32,615384.63,b0
765283665,6,256874,0,0,30.77,93431.84,38.55,346062.84,b0
765268824,7,256920,0,0,30.57,93468.87,38.61,639600.25,b0
765287253,8,256967,0,0,30.45,93447.90,38.71,497812.34,b0
765270362,1,257013,0,0,30.60,93444.17,39.36,861771.50,b0
765269850,2,257059,0,0,30.72,93448.90,38.47,551724.13,b0
765286747,3,257105,0,0,31.10,93480.41,37.76,456531.44,b0
765279836,4,257151,0,0,30.91,93429.09,37.73,842625.00,b0
765271387,5,257197,0,0,30.83,93458.94,38.31,614277.13,b0
765283665,6,257244,0,0,30.77,93430.10,38.56,345013.47,b0
765268824,7,257290,0,0,30.58,93467.99,38.63,640200.06,b0
765287253,8,257336,0,0,30.46,93447.04,38.72,499268.66,b0
765270362,1,257382,0,0,30.60,93445.43,39.36,863952.75,b0
765269850,2,257428,0,0,30.73,93451.79,38.47,552170.38,b0
765286747,3,257474,0,0,31.11,93479.55,37.75,455313.47,b0
765279836,4,257520,0,0,30.91,93429.82,37.73,840032.81,b0
765271387,5,257567,0,0,30.83,93458.41,38.33,613173.63,b0
765283665,6,257613,0,0,30.78,93429.48,38.55,343970.44,b0
765268824,7,257659,0,0,30.58,93466.74,38.60,642006.25,b0
765287253,8,257705,0,0,30.47,93446.16,38.72,498175.63,b0
765270362,1,257751,0,0,30.60,93444.35,39.35,865047.50,b0
765269850,2,257797,0,0,30.73,93447.67,38.46,551278.63,b0
765286747,3,257844,0,0,31.11,93478.84,37.76,453800.13,b0
765279836,4,257890,0,0,30.92,93427.52,37.72,844187.94,b0
765271387,5,257936,0,0,30.84,93458.64,38.34,610978.50,b0
765283665,6,257982,0,0,30.78,93428.78,38.56,345013.47,b0
765268824,7,258028,0,0,30.58,93466.02,38.61,637212.19,b0
765287253,8,258074,0,0,30.47,93446.00,38.72,498175.63,b0
765270362,1,258121,0,0,30.61,93445.84,39.35,864499.81,b0
765269850,2,258167,0,0,30.73,93446.98,38.45,550833.81,b0
765286747,3,258213,0,0,31.11,93479.20,37.74,453800.13,b0
765279836,4,258259,0,0,30.92,93428.26,37.71,835918.38,b0
765271387,5,258305,0,0,30.84,93457.41,38.33,613173.63,b0
765283665,6,258351,0,0,30.79,93429.38,38.55,343970.44,b0
765268824,7,258397,0,0,30.59,93466.77,38.62,636024.88,b0
765287253,8,258443,0,0,30.47,93443.84,38.71,499634.06,b0
765270362,1,258490,0,0,30.61,93445.64,39.35,863952.75,b0
765269850,2,258536,0,0,30.73,93448.23,38.43,552170.38,b0
765286747,3,258582,0,0,31.12,93478.50,37.75,456226.34,b0
765279836,4,258628,0,0,30.93,93429.00,37.70,845756.75,b0
765271387,5,258674,0,0,30.85,93459.20,38.33,610432.19,b0
765283665,6,258720,0,0,30.79,93428.55,38.56,343970.44,b0
765268824,7,258766,0,0,30.60,93467.15,38.61,635432.81,b0
765287253,8,258813,0,0,30.48,93445.32,38.70,495643.75,b0
765270362,1,258859,0,0,30.62,93446.24,39.34,862315.81,b0
765269850,2,258905,0,0,30.73,93447.67,38.45,549503.63,b0
765286747,3,258951,0,0,31.11,93479.20,37.73,453800.13,b0
765279836,4,258997,0,0,30.94,93428.88,37.71,837970.56,b0
765271387,5,259043,0,0,30.85,93455.47,38.33,613724.88,b0
765283665,6,259089,0,0,30.80,93429.70,38.55,345013.47,b0
765268824,7,259136,0,0,30.60,93466.97,38.59,634252.06,b0
765287253,8,259182,0,0,30.49,93446.41,38.74,497449.59,b0
765270362,1,259228,0,0,30.61,93444.78,39.32,863952.75,b0
765269850,2,259274,0,0,30.72,93449.27,38.43,550389.69,b0
765286747,3,259320,0,0,31.11,93478.84,37.73,457449.19,b0
765279836,4,259366,0,0,30.93,93428.31,37.71,842625.00,b0
765271387,5,259413,0,0,30.85,93455.69,38.33,613724.88,b0
765283665,6,259459,0,0,30.81,93429.02,38.58,341561.03,b0
765268824,7,259505,0,0,30.61,93466.83,38.61,634841.94,b0
765287253,8,259551,0,0,30.50,93446.27,38.71,494566.53,b0
765270362,1,259597,0,0,30.62,93443.55,39.32,866694.88,b0
765269850,2,259643,0,0,30.73,93448.40,38.41,551278.63,b0
765286747,3,259690,0,0,31.12,93479.57,37.73,455010.00,b0
765279836,4,259736,0,0,30.94,93428.53,37.71,839516.31,b0
765271387,5,259782,0,0,30.86,93457.51,38.33,612074.13,b0
765283665,6,259828,0,0,30.82,93430.19,38.56,343278.59,b0
765268824,7,259874,0,0,30.60,93466.63,38.60,636024.88,b0
765287253,8,259920,0,0,30.50,93445.57,38.71,495643.75,b0
765270362,1,259967,0,0,30.61,93444.23,39.32,861771.50,b0
765269850,2,260013,0,0,30.73,93448.21,38.41,548620.44,b0
765286747,3,260059,0,0,31.12,93478.16,37.72,456226.34,b0
765279836,4,260105,0,0,30.94,93427.63,37.68,841586.19,b0
765271387,5,260151,0,0,30.86,93457.19,38.32,608256.63,b0
765283665,6,260197,0,0,30.81,93429.63,38.57,341903.19,b0
765268824,7,260243,0,0,30.61,93466.28,38.60,630736.06,b0
765287253,8,260289,0,0,30.51,93445.59,38.71,494925.09,b0
765270362,1,260336,0,0,30.61,93444.79,39.32,866694.88,b0
765269850,2,260382,0,0,30.72,93446.06,38.41,550389.69,b0
765286747,3,260428,0,0,31.13,93478.90,37.72,454706.94,b0
765279836,4,260474,0,0,30.94,93427.63,37.69,844710.25,b0
765271387,5,260520,0,0,30.86,93456.11,38.31,609342.44,b0
765283665,6,260566,0,0,30.82,93428.25,38.56,341219.59,b0
765268824,7,260612,0,0,30.61,93468.48,38.62,633663.38,b0
765287253,8,260658,0,0,30.51,93446.30,38.71,496003.88,b0
765270362,1,260705,0,0,30.62,93443.73,39.32,865047.50,b0
765269850,2,260751,0,0,30.73,93446.63,38.40,549503.63,b0
765286747,3,260797,0,0,31.13,93480.16,37.71,457755.94,b0
765279836,4,260843,0,0,30.94,93428.74,37.66,837970.56,b0
765271387,5,260889,0,0,30.87,93457.56,38.31,609886.81,b0
765283665,6,260935,0,0,30.83,93428.16,38.55,343970.44,b0
765268824,7,260981,0,0,30.62,93465.59,38.60,634252.06,b0
765287253,8,261028,0,0,30.52,93446.16,38.70,492781.53,b0
765270362,1,261074,0,0,30.63,93444.53,39.30,862860.75,b0
765269850,2,261120,0,0,30.74,93448.09,38.41,549061.69,b0
765286747,3,261166,0,0,31.14,93479.83,37.72,456226.34,b0
765279836,4,261212,0,0,30.95,93428.41,37.67,837970.56,b0
765271387,5,261258,0,0,30.87,93458.33,38.32,609342.44,b0
765283665,6,261305,0,0,30.83,93429.11,38.56,339185.16,b0
765268824,7,261351,0,0,30.63,93466.73,38.60,632489.19,b0
765287253,8,261397,0,0,30.53,93447.63,38.72,494208.50,b0
765270362,1,261443,0,0,30.64,93444.73,39.29,861227.94,b0
765269850,2,261489,0,0,30.75,93446.70,38.39,549503.63,b0
765286747,3,261535,0,0,31.14,93477.66,37.70,455313.47,b0
765279836,4,261581,0,0,30.95,93427.51,37.67,847331.38,b0
765271387,5,261628,0,0,30.87,93456.90,38.31,608799.06,b0
765283665,6,261674,0,0,30.83,93429.64,38.56,343624.16,b0
765268824,7,261720,0,0,30.63,93466.74,38.63,628413.63,b0
765287253,8,261766,0,0,30.53,93445.31,38.72,494925.09,b0
765270362,1,261812,0,0,30.64,93445.48,39.30,863406.44,b0
765269850,2,261858,0,0,30.76,93447.44,38.39,546862.50,b0
765286747,3,261905,0,0,31.14,93479.66,37.68,458063.06,b0
765279836,4,261951,0,0,30.95,93429.48,37.66,840032.81,b0
765271387,5,261997,0,0,30.88,93457.80,38.29,608256.63,b0
765283665,6,262043,0,0,30.83,93429.25,38.56,342589.50,b0
765268824,7,262089,0,0,30.64,93466.38,38.61,629572.69,b0
765287253,8,262135,0,0,30.53,93447.27,38.69,492426.06,b0
765270362,1,262182,0,0,30.65,93445.02,39.30,861771.50,b0
765269850,2,262228,0,0,30.76,93446.58,38.40,549946.31,b0
765286747,3,262274,0,0,31.15,93477.52,37.67,458678.63,b0
765279836,4,262320,0,0,30.96,93427.55,37.65,840032.81,b0
765271387,5,262366,0,0,30.87,93456.70,38.30,608799.06,b0
765283665,6,262412,0,0,30.83,93428.90,38.55,339522.53,b0
765268824,7,262458,0,0,30.64,93466.76,38.60,630153.88,b0
765287253,8,262504,0,0,30.54,93445.68,38.69,491362.75,b0
765270362,1,262551,0,0,30.66,93442.73,39.29,857980.75,b0
765269850,2,262597,0,0,30.77,93446.80,38.38,549503.63,b0
765286747,3,262643,0,0,31.16,93476.84,37.69,456226.34,b0
765279836,4,262689,0,0,30.96,93428.83,37.64,840550.00,b0
765271387,5,262735,0,0,30.87,93454.71,38.30,608799.06,b0
765283665,6,262781,0,0,30.83,93429.61,38.54,341219.59,b0
765268824,7,262827,0,0,30.63,93465.83,38.58,627835.69,b0
765287253,8,262874,0,0,30.54,93446.57,38.69,493493.97,b0
765270362,1,262920,0,0,30.67,93444.59,39.28,864499.81,b0
765269850,2,262966,0,0,30.78,93446.67,38.38,548179.88,b0
765286747,3,263012,0,0,31.16,93479.73,37.68,457142.84,b0
765279836,4,263058,0,0,30.97,93428.88,37.64,838485.19,b0
765271387,5,263104,0,0,30.88,93456.91,38.28,607174.63,b0
765283665,6,263150,0,0,30.83,93428.57,38.54,343278.59,b0
765268824,7,263197,0,0,30.63,93465.10,38.57,631319.38,b0
765287253,8,263243,0,0,30.53,93445.84,38.68,492781.53,b0
765270362,1,263289,0,0,30.69,93446.12,39.27,862860.75,b0
765269850,2,263335,0,0,30.79,93448.16,38.37,549946.31,b0
765286747,3,263381,0,0,31.17,93477.04,37.66,454102.00,b0
765279836,4,263427,0,0,30.98,93429.27,37.65,835406.88,b0
765271387,5,263474,0,0,30.87,93456.70,38.27,608799.06,b0
765283665,6,263520,0,0,30.84,93429.16,38.55,340538.75,b0
765268824,7,263566,0,0,30.63,93467.10,38.59,628413.63,b0
765287253,8,263612,0,0,30.53,93444.77,38.71,492426.06,b0
765270362,1,263658,0,0,30.70,93444.35,39.28,860685.00,b0
765269850,2,263704,0,0,30.80,93448.19,38.37,547740.06,b0
765286747,3,263750,0,0,31.17,93479.20,37.67,453498.66,b0
765279836,4,263797,0,0,30.98,93428.38,37.64,838485.19,b0
765271387,5,263843,0,0,30.88,93456.60,38.28,610432.19,b0
765283665,6,263889,0,0,30.84,93427.91,38.53,341219.59,b0
765268824,7,263935,0,0,30.64,93468.77,38.58,628992.63,b0
765287253,8,263981,0,0,30.54,93446.22,38.69,491716.69,b0
765270362,1,264028,0,0,30.69,93444.31,39.26,859060.38,b0
765269850,2,264074,0,0,30.80,93447.82,38.37,547740.06,b0
765286747,3,264120,0,0,31.17,93477.42,37.65,455010.00,b0
765279836,4,264166,0,0,30.99,93429.50,37.63,836943.19,b0
765271387,5,264212,0,0,30.89,93457.17,38.29,606096.50,b0
765283665,6,264258,0,0,30.84,93429.56,38.53,339185.16,b0
765268824,7,264304,0,0,30.64,93464.96,38.56,627835.69,b0
765287253,8,264350,0,0,30.55,93446.06,38.67,492071.13,b0
765270362,1,264397,0,0,30.70,93445.47,39.25,859060.38,b0
765269850,2,264443,0,0,30.80,93448.73,38.36,542085.75,b0
765286747,3,264489,0,0,31.18,93477.81,37.66,453498.66,b0
765279836,4,264535,0,0,31.00,93428.99,37.61,833876.25,b0
765271387,5,264581,0,0,30.90,93457.79,38.28,605022.19,b0
765283665,6,264627,0,0,30.85,93428.54,38.52,338177.00,b0
765268824,7,264673,0,0,30.65,93466.63,38.55,628992.63,b0
765287253,8,264719,0,0,30.55,93447.70,38.68,492426.06,b0
765270362,1,264766,0,0,30.69,93442.91,39.25,856366.31,b0
765269850,2,264812,0,0,30.80,93449.26,38.34,544246.63,b0
765286747,3,264858,0,0,31.18,93477.63,37.65,454102.00,b0
765279836,4,264904,0,0,31.01,93429.23,37.61,830326.38,b0
765271387,5,264950,0,0,30.90,93458.85,38.26,604486.44,b0
765283665,6,264996,0,0,30.86,93429.90,38.54,338848.44,b0
765268824,7,265042,0,0,30.66,93467.95,38.56,625534.50,b0
765287253,8,265089,0,0,30.54,93444.62,38.68,491009.34,b0
765270362,1,265135,0,0,30.70,93444.01,39.24,854757.94,b0
765269850,2,265181,0,0,30.79,93448.66,38.36,545115.81,b0
765286747,3,265227,0,0,31.19,93479.63,37.63,452896.94,b0
765279836,4,265273,0,0,31.01,93430.66,37.62,833876.25,b0
765271387,5,265319,0,0,30.90,93457.07,38.26,602884.88,b0
765283665,6,265366,0,0,30.86,93429.00,38.53,337174.84,b0
765268824,7,265412,0,0,30.67,93467.23,38.57,628413.63,b0
765287253,8,265458,0,0,30.55,93445.73,38.66,490304.03,b0
765270362,1,265504,0,0,30.70,93445.11,39.25,858520.25,b0
765269850,2,265550,0,0,30.78,93448.28,38.33,544246.63,b0
765286747,3,265596,0,0,31.18,93477.65,37.65,452296.81,b0
765279836,4,265643,0,0,31.00,93429.21,37.61,832351.13,b0
765271387,5,265689,0,0,30.90,93455.84,38.26,603417.81,b0
765283665,6,265735,0,0,30.86,93428.84,38.52,337174.84,b0
765268824,7,265781,0,0,30.67,93465.59,38.57,627258.81,b0
765287253,8,265827,0,0,30.55,93445.90,38.66,488899.50,b0
765270362,1,265873,0,0,30.69,93445.22,39.22,865047.50,b0
765269850,2,265920,0,0,30.78,93447.55,38.35,546424.75,b0
765286747,3,265966,0,0,31.18,93478.35,37.64,451101.31,b0
765279836,4,266012,0,0,31.00,93428.48,37.60,836430.44,b0
765271387,5,266058,0,0,30.91,93457.30,38.26,601821.94,b0
765283665,6,266104,0,0,30.86,93429.02,38.52,338848.44,b0
765268824,7,266150,0,0,30.67,93466.88,38.55,630153.88,b0
765287253,8,266196,0,0,30.55,93445.20,38.67,490656.44,b0
765270362,1,266243,0,0,30.68,93444.83,39.22,853689.06,b0
765269850,2,266289,0,0,30.79,93448.48,38.35,544246.63,b0
765286747,3,266335,0,0,31.18,93480.51,37.63,453498.66,b0
765279836,4,266381,0,0,31.00,93428.63,37.58,832351.13,b0
765271387,5,266427,0,0,30.91,93457.67,38.27,602884.88,b0
765283665,6,266473,0,0,30.87,93429.15,38.51,338177.00,b0
765268824,7,266519,0,0,30.67,93468.16,38.53,631319.38,b0
765287253,8,266565,0,0,30.56,93446.12,38.64,491362.75,b0
765270362,1,266612,0,0,30.68,93444.12,39.21,859060.38,b0
765269850,2,266658,0,0,30.78,93448.09,38.33,546424.75,b0
765286747,3,266704,0,0,31.18,93478.71,37.62,457142.84,b0
765279836,4,266750,0,0,31.00,93429.38,37.58,832858.88,b0
765271387,5,266796,0,0,30.92,93457.20,38.26,602352.94,b0
765283665,6,266842,0,0,30.88,93431.02,38.51,340538.75,b0
765268824,7,266888,0,0,30.68,93465.45,38.53,627835.69,b0
765287253,8,266935,0,0,30.56,93447.02,38.64,491362.75,b0
765270362,1,266981,0,0,30.69,93444.31,39.19,859601.25,b0
765269850,2,267027,0,0,30.79,93447.95,38.32,547300.94,b0
765286747,3,267073,0,0,31.19,93478.91,37.63,452896.94,b0
765279836,4,267119,0,0,31.00,93429.19,37.58,834385.81,b0
765271387,5,267165,0,0,30.92,93456.66,38.26,601821.94,b0
765283665,6,267211,0,0,30.88,93427.80,38.51,337508.25,b0
765268824,7,267258,0,0,30.69,93468.24,38.52,627258.81,b0
765287253,8,267304,0,0,30.57,93447.04,38.63,493850.97,b0
765270362,1,267350,0,0,30.69,93445.78,39.18,861771.50,b0
765269850,2,267396,0,0,30.80,93448.16,38.33,546424.75,b0
765286747,3,267442,0,0,31.19,93479.30,37.61,454404.25,b0
765279836,4,267488,0,0,31.01,93429.77,37.57,831844.00,b0
765271387,5,267535,0,0,30.93,93457.96,38.24,602352.94,b0
765283665,6,267581,0,0,30.89,93430.70,38.52,337174.84,b0
765268824,7,267627,0,0,30.70,93468.25,38.52,628413.63,b0
765287253,8,267673,0,0,30.57,93446.15,38.64,488200.25,b0
765270362,1,267719,0,0,30.70,93444.93,39.20,857980.75,b0
765269850,2,267765,0,0,30.80,93448.37,38.33,547300.94,b0
765286747,3,267812,0,0,31.20,93478.78,37.60,456226.34,b0
765279836,4,267858,0,0,31.01,93429.41,37.56,833876.25,b0
765271387,5,267904,0,0,30.92,93457.38,38.24,602884.88,b0
765283665,6,267950,0,0,30.89,93429.10,38.50,336842.09,b0
765268824,7,267996,0,0,30.70,93467.52,38.51,627258.81,b0
765287253,8,268042,0,0,30.59,93448.33,38.63,490656.44,b0
765270362,1,268089,0,0,30.71,93444.98,39.17,862860.75,b0
765269850,2,268135,0,0,30.81,93448.74,38.32,546862.50,b0
765286747,3,268181,0,0,31.21,93477.54,37.60,452896.94,b0
765279836,4,268227,0,0,31.01,93430.13,37.55,833876.25,b0
765271387,5,268273,0,0,30.93,93456.53,38.23,603417.81,b0
765283665,6,268319,0,0,30.89,93430.32,38.48,340199.34,b0
765268824,7,268365,0,0,30.71,93469.22,38.49,626683.00,b0
765287253,8,268411,0,0,30.58,93448.69,38.62,490656.44,b0
765270362,1,268458,0,0,30.72,93446.10,39.19,861227.94,b0
765269850,2,268504,0,0,30.81,93449.63,38.31,546424.75,b0
765286747,3,268550,0,0,31.21,93480.61,37.60,455921.63,b0
765279836,4,268596,0,0,31.01,93427.46,37.55,833876.25,b0
765271387,5,268642,0,0,30.93,93456.01,38.22,603951.63,b0
765283665,6,268688,0,0,30.89,93429.15,38.48,336510.03,b0
765268824,7,268734,0,0,30.71,93467.58,38.51,629572.69,b0
765287253,8,268780,0,0,30.59,93446.74,38.60,491009.34,b0
765270362,1,268827,0,0,30.72,93443.22,39.19,858520.25,b0
765269850,2,268873,0,0,30.83,93450.79,38.31,545551.44,b0
765286747,3,268919,0,0,31.21,93476.65,37.58,452896.94,b0
765279836,4,268965,0,0,31.02,93430.02,37.57,839516.31,b0
765271387,5,269011,0,0,30.94,93457.67,38.22,601821.94,b0
765283665,6,269057,0,0,30.89,93427.19,38.47,339522.53,b0
765268824,7,269103,0,0,30.72,93467.25,38.49,630153.88,b0
765287253,8,269150,0,0,30.60,93446.58,38.60,491009.34,b0
765270362,1,269196,0,0,30.72,93443.06,39.19,856366.31,b0
765269850,2,269242,0,0,30.81,93449.84,38.31,547740.06,b0
765286747,3,269288,0,0,31.21,93478.65,37.60,453197.63,b0
765279836,4,269334,0,0,31.02,93429.85,37.56,836430.44,b0
765271387,5,269380,0,0,30.93,93455.84,38.20,602884.88,b0
765283665,6,269427,0,0,30.89,93431.28,38.48,339522.53,b0
765268824,7,269473,0,0,30.73,93466.38,38.50,627258.81,b0
765287253,8,269519,0,0,30.61,93446.63,38.61,491716.69,b0
765270362,1,269565,0,0,30.73,93444.88,39.15,855829.50,b0
765269850,2,269611,0,0,30.83,93449.89,38.30,548179.88,b0
765286747,3,269657,0,0,31.21,93477.54,37.59,454404.25,b0
765279836,4,269704,0,0,31.02,93430.19,37.55,829821.69,b0
765271387,5,269750,0,0,30.94,93457.30,38.21,603951.63,b0
765283665,6,269796,0,0,30.90,93431.18,38.49,337842.28,b0
765268824,7,269842,0,0,30.74,93467.70,38.49,627258.81,b0
765287253,8,269888,0,0,30.61,93445.73,38.58,491009.34,b0
765270362,1,269934,0,0,30.73,93443.98,39.18,856366.31,b0
765269850,2,269981,0,0,30.83,93450.07,38.31,546424.75,b0
765286747,3,270027,0,0,31.21,93478.12,37.58,455010.00,b0
765279836,4,270073,0,0,31.02,93430.02,37.54,830326.38,b0
765271387,5,270119,0,0,30.94,93458.02,38.21,602352.94,b0
765283665,6,270165,0,0,30.90,93430.09,38.46,337842.28,b0
765268824,7,270211,0,0,30.74,93466.98,38.47,628413.63,b0
765287253,8,270257,0,0,30.62,93446.30,38.58,488200.25,b0
765270362,1,270304,0,0,30.73,93445.06,39.15,861771.50,b0
765269850,2,270350,0,0,30.83,93449.00,38.29,548620.44,b0
765286747,3,270396,0,0,31.20,93477.90,37.57,456226.34,b0
765279836,4,270442,0,0,31.01,93429.62,37.54,834385.81,b0
765271387,5,270488,0,0,30.94,93457.85,38.22,603951.63,b0
765283665,6,270534,0,0,30.90,93431.01,38.46,340199.34,b0
765268824,7,270580,0,0,30.75,93469.35,38.46,631319.38,b0
765287253,8,270626,0,0,30.62,93447.37,38.60,490304.03,b0
765270362,1,270673,0,0,30.73,93444.92,39.16,860142.81,b0
765269850,2,270719,0,0,30.83,93449.54,38.29,547740.06,b0
765286747,3,270765,0,0,31.21,93479.37,37.58,456836.94,b0
765279836,4,270811,0,0,31.02,93430.55,37.53,830831.63,b0
765271387,5,270857,0,0,30.94,93460.00,38.19,605022.19,b0
765283665,6,270903,0,0,30.90,93429.91,38.44,338177.00,b0
765268824,7,270949,0,0,30.74,93468.25,38.46,626683.00,b0
765287253,8,270996,0,0,30.62,93447.02,38.57,490656.44,b0
765270362,1,271042,0,0,30.74,93444.06,39.15,856903.75,b0
765269850,2,271088,0,0,30.83,93449.54,38.29,546424.75,b0
765286747,3,271134,0,0,31.22,93478.68,37.58,455617.34,b0
765279836,4,271180,0,0,31.02,93429.83,37.51,834385.81,b0
765271387,5,271226,0,0,30.93,93458.34,38.18,603951.63,b0
765283665,6,271273,0,0,30.90,93431.36,38.42,340878.84,b0
765268824,7,271319,0,0,30.74,93466.80,38.43,628992.63,b0
765287253,8,271365,0,0,30.62,93447.73,38.56,491716.69,b0
765270362,1,271411,0,0,30.74,93444.94,39.13,860142.81,b0
765269850,2,271457,0,0,30.83,93450.09,38.27,550389.69,b0
765286747,3,271503,0,0,31.22,93478.87,37.58,454102.00,b0
765279836,4,271550,0,0,31.02,93429.69,37.52,839000.44,b0
765271387,5,271596,0,0,30.94,93457.89,38.19,604486.44,b0
765283665,6,271642,0,0,30.90,93428.35,38.43,341219.59,b0
765268824,7,271688,0,0,30.74,93467.34,38.45,629572.69,b0
765287253,8,271734,0,0,30.62,93445.59,38.54,490656.44,b0
765270362,1,271780,0,0,30.74,93445.66,39.14,859601.25,b0
765269850,2,271826,0,0,30.84,93451.38,38.26,549503.63,b0
765286747,3,271873,0,0,31.22,93479.77,37.56,456836.94,b0
765279836,4,271919,0,0,31.02,93429.50,37.53,833876.25,b0
765271387,5,271965,0,0,30.95,93458.62,38.19,603951.63,b0
765283665,6,272011,0,0,30.91,93430.41,38.43,340199.34,b0
765268824,7,272057,0,0,30.75,93466.27,38.43,636617.94,b0
765287253,8,272103,0,0,30.64,93446.71,38.56,489249.88,b0
765270362,1,272150,0,0,30.73,93447.20,39.13,861227.94,b0
765269850,2,272196,0,0,30.83,93449.18,38.27,550833.81,b0
765286747,3,272242,0,0,31.21,93479.37,37.55,455617.34,b0
765279836,4,272288,0,0,31.02,93430.02,37.51,843666.31,b0
765271387,5,272334,0,0,30.97,93459.63,38.17,605558.81,b0
765283665,6,272380,0,0,30.93,93431.27,38.43,338177.00,b0
765268824,7,272426,0,0,30.77,93467.24,38.43,630736.06,b0
765287253,8,272472,0,0,30.64,93447.27,38.54,490656.44,b0
765270362,1,272519,0,0,30.72,93444.12,39.12,862860.75,b0
765269850,2,272565,0,0,30.83,93450.79,38.24,549061.69,b0
765286747,3,272611,0,0,31.22,93479.02,37.54,458678.63,b0
765279836,4,272657,0,0,31.03,93430.25,37.51,845756.75,b0
765271387,5,272703,0,0,30.97,93457.70,38.17,607715.13,b0
765283665,6,272749,0,0,30.93,93430.55,38.42,338512.41,b0
765268824,7,272795,0,0,30.77,93467.45,38.42,631903.75,b0
765287253,8,272842,0,0,30.66,93447.66,38.54,492071.13,b0
765270362,1,272888,0,0,30.72,93444.84,39.12,858520.25,b0
765269850,2,272934,0,0,30.83,93449.37,38.25,548179.88,b0
765286747,3,272980,0,0,31.21,93479.19,37.55,458063.06,b0
765279836,4,273026,0,0,31.03,93431.13,37.49,838485.19,b0
765271387,5,273072,0,0,30.97,93458.77,38.18,606096.50,b0
765283665,6,273118,0,0,30.92,93429.45,38.41,338177.00,b0
765268824,7,273165,0,0,30.77,93468.73,38.40,627258.81,b0
765287253,8,273211,0,0,30.66,93447.66,38.53,490304.03,b0
765270362,1,273257,0,0,30.72,93445.55,39.13,863406.44,b0
765269850,2,273303,0,0,30.83,93451.71,38.24,548620.44,b0
765286747,3,273349,0,0,31.20,93478.07,37.52,458987.00,b0
765279836,4,273395,0,0,31.02,93430.58,37.49,840032.81,b0
765271387,5,273442,0,0,30.98,93457.05,38.14,606096.50,b0
765283665,6,273488,0,0,30.92,93429.09,38.41,339522.53,b0
765268824,7,273534,0,0,30.79,93467.86,38.39,630736.06,b0
765287253,8,273580,0,0,30.67,93446.09,38.53,492426.06,b0
765270362,1,273626,0,0,30.71,93445.35,39.11,859601.25,b0
765269850,2,273672,0,0,30.82,93449.70,38.23,552170.38,b0
765286747,3,273719,0,0,31.21,93478.80,37.52,457755.94,b0
765279836,4,273765,0,0,31.01,93428.74,37.49,847857.56,b0
765271387,5,273811,0,0,30.98,93456.50,38.14,606096.50,b0
765283665,6,273857,0,0,30.93,93430.18,38.39,340199.34,b0
765268824,7,273903,0,0,30.80,93469.54,38.39,628992.63,b0
765287253,8,273949,0,0,30.67,93446.28,38.53,491009.34,b0
765270362,1,273996,0,0,30.71,93445.16,39.09,865595.94,b0
765269850,2,274042,0,0,30.82,93449.00,38.23,551724.13,b0
765286747,3,274088,0,0,31.20,93478.43,37.53,459605.03,b0
765279836,4,274134,0,0,31.01,93429.63,37.50,842105.25,b0
765271387,5,274180,0,0,30.99,93458.70,38.14,603951.63,b0
765283665,6,274226,0,0,30.94,93431.88,38.38,339185.16,b0
765268824,7,274272,0,0,30.81,93467.93,38.40,627258.81,b0
765287253,8,274318,0,0,30.68,93448.09,38.52,493137.50,b0
765270362,1,274365,0,0,30.71,93443.01,39.09,866694.88,b0
765269850,2,274411,0,0,30.82,93450.24,38.22,549946.31,b0
765286747,3,274457,0,0,31.21,93479.89,37.52,459605.03,b0
765279836,4,274503,0,0,31.02,93428.94,37.48,845233.19,b0
765271387,5,274549,0,0,31.00,93458.61,38.14,603417.81,b0
765283665,6,274595,0,0,30.94,93428.30,38.40,337174.84,b0
765268824,7,274641,0,0,30.81,93468.87,38.37,630153.88,b0
765287253,8,274687,0,0,30.69,93447.41,38.51,489952.16,b0
765270362,1,274734,0,0,30.72,93444.29,39.08,863406.44,b0
765269850,2,274780,0,0,30.84,93450.30,38.21,553065.06,b0
765286747,3,274826,0,0,31.21,93478.10,37.52,459605.03,b0
765279836,4,274872,0,0,31.03,93429.19,37.47,846281.00,b0
765271387,5,274918,0,0,31.00,93457.56,38.13,607174.63,b0
765283665,6,274964,0,0,30.95,93430.41,38.38,338177.00,b0
765268824,7,275010,0,0,30.81,93467.40,38.36,630153.88,b0
765287253,8,275057,0,0,30.70,93447.24,38.50,492426.06,b0
765270362,1,275103,0,0,30.72,93445.74,39.08,866145.06,b0
765269850,2,275149,0,0,30.83,93452.08,38.20,552617.38,b0
765286747,3,275195,0,0,31.21,93478.82,37.51,459914.66,b0
765279836,4,275241,0,0,31.04,93431.55,37.48,845233.19,b0
765271387,5,275287,0,0,31.01,93457.79,38.12,603417.81,b0
765283665,6,275334,0,0,30.95,93430.54,38.37,338848.44,b0
765268824,7,275380,0,0,30.81,93467.78,38.35,628413.63,b0
765287253,8,275426,0,0,30.70,93446.91,38.50,494566.53,b0
765270362,1,275472,0,0,30.72,93445.03,39.08,869454.44,b0
765269850,2,275518,0,0,30.83,93449.20,38.20,551724.13,b0
765286747,3,275564,0,0,31.22,93480.63,37.50,461469.13,b0
765279836,4,275611,0,0,31.03,93430.08,37.49,847331.38,b0
765271387,5,275657,0,0,31.02,93456.94,38.11,606096.50,b0
765283665,6,275703,0,0,30.95,93430.97,38.37,340199.34,b0
765268824,7,275749,0,0,30.82,93467.81,38.35,627835.69,b0
765287253,8,275795,0,0,30.70,93446.71,38.47,493850.97,b0
765270362,1,275841,0,0,30.72,93447.17,39.07,868348.50,b0
765269850,2,275888,0,0,30.83,93449.20,38.20,554863.19,b0
765286747,3,275934,0,0,31.20,93479.52,37.49,460846.09,b0
765279836,4,275980,0,0,31.03,93428.83,37.48,848911.94,b0
765271387,5,276026,0,0,31.02,93458.90,38.11,605022.19,b0
765283665,6,276072,0,0,30.95,93431.48,38.36,341219.59,b0
765268824,7,276118,0,0,30.82,93469.42,38.32,628992.63,b0
765287253,8,276164,0,0,30.70,93447.27,38.47,493850.97,b0
765270362,1,276211,0,0,30.73,93445.26,39.08,870008.50,b0
765269850,2,276257,0,0,30.84,93449.94,38.20,554412.56,b0
765286747,3,276303,0,0,31.21,93481.52,37.48,463034.13,b0
765279836,4,276349,0,0,31.03,93431.70,37.46,850498.31,b0
765271387,5,276395,0,0,31.01,93457.80,38.09,607174.63,b0
765283665,6,276441,0,0,30.96,93430.80,38.36,340199.34,b0
765268824,7,276487,0,0,30.83,93467.83,38.33,631319.38,b0
765287253,8,276533,0,0,30.70,93447.80,38.44,494925.09,b0
765270362,1,276580,0,0,30.73,93445.24,39.06,872789.25,b0
765269850,2,276626,0,0,30.83,93450.28,38.19,555314.56,b0
765286747,3,276672,0,0,31.21,93477.92,37.49,465243.06,b0
765279836,4,276718,0,0,31.03,93431.51,37.45,852622.81,b0
765271387,5,276764,0,0,31.02,93458.41,38.08,607715.13,b0
765283665,6,276810,0,0,30.96,93430.18,38.34,342589.50,b0
765268824,7,276856,0,0,30.83,93469.11,38.31,630736.06,b0
765287253,8,276903,0,0,30.71,93447.49,38.44,494925.09,b0
765270362,1,276949,0,0,30.72,93445.21,39.06,873906.56,b0
765269850,2,276995,0,0,30.81,93447.70,38.18,558951.94,b0
765286747,3,277041,0,0,31.22,93479.38,37.50,463348.41,b0
765279836,4,277087,0,0,31.03,93430.23,37.47,849968.88,b0
765271387,5,277133,0,0,31.03,93459.32,38.09,607715.13,b0
765283665,6,277179,0,0,30.96,93429.80,38.34,340199.34,b0
765268824,7,277226,0,0,30.84,93468.60,38.30,632489.19,b0
765287253,8,277272,0,0,30.71,93445.52,38.42,494925.09,b0
765270362,1,277318,0,0,30.72,93444.13,39.05,874466.25,b0
765269850,2,277364,0,0,30.82,93448.81,38.19,557582.38,b0
765286747,3,277410,0,0,31.23,93478.53,37.48,465560.34,b0
765279836,4,277456,0,0,31.03,93431.15,37.44,856366.31,b0
765271387,5,277503,0,0,31.03,93458.29,38.07,608256.63,b0
765283665,6,277549,0,0,30.98,93432.08,38.32,342589.50,b0
765268824,7,277595,0,0,30.84,93467.70,38.27,634252.06,b0
765287253,8,277641,0,0,30.72,93445.73,38.39,494566.53,b0
765270362,1,277687,0,0,30.73,93444.34,39.05,878969.94,b0
765269850,2,277733,0,0,30.82,93450.06,38.18,558038.13,b0
765286747,3,277780,0,0,31.23,93478.16,37.47,466514.81,b0
765279836,4,277826,0,0,31.03,93429.91,37.44,854757.94,b0
765271387,5,277872,0,0,31.05,93460.36,38.06,609342.44,b0
765283665,6,277918,0,0,30.98,93431.42,38.32,341903.19,b0
765268824,7,277964,0,0,30.84,93468.61,38.28,628413.63,b0
765287253,8,278010,0,0,30.72,93446.63,38.41,493850.97,b0
765270362,1,278057,0,0,30.74,93446.74,39.06,875026.69,b0
765269850,2,278103,0,0,30.84,93451.02,38.15,559410.00,b0
765286747,3,278149,0,0,31.23,93478.36,37.47,466833.81,b0
765279836,4,278195,0,0,31.04,93431.22,37.44,858520.25,b0
765271387,5,278241,0,0,31.04,93457.48,38.06,609342.44,b0
765283665,6,278287,0,0,30.99,93430.22,38.32,339860.59,b0
765268824,7,278333,0,0,30.85,93468.63,38.25,633075.75,b0
765287253,8,278379,0,0,30.73,93447.54,38.37,494566.53,b0
765270362,1,278426,0,0,30.75,93444.45,39.03,878404.44,b0
765269850,2,278472,0,0,30.85,93450.33,38.17,559410.00,b0
765286747,3,278518,0,0,31.23,93478.36,37.45,467473.19,b0
765279836,4,278564,0,0,31.05,93429.27,37.41,858520.25,b0
765271387,5,278610,0,0,31.05,93460.36,38.05,609886.81,b0
765283665,6,278656,0,0,30.99,93429.01,38.30,341903.19,b0
765268824,7,278702,0,0,30.85,93469.19,38.24,630736.06,b0
765287253,8,278748,0,0,30.73,93448.44,38.38,495643.75,b0
765270362,1,278795,0,0,30.74,93446.06,39.04,879536.19,b0
765269850,2,278841,0,0,30.85,93448.58,38.16,560328.31,b0
765286747,3,278887,0,0,31.23,93478.36,37.47,466514.81,b0
765279836,4,278933,0,0,31.05,93429.13,37.40,861771.50,b0
765271387,5,278979,0,0,31.04,93458.35,38.03,608799.06,b0
765283665,6,279025,0,0,30.98,93431.20,38.31,343624.16,b0
765268824,7,279072,0,0,30.84,93466.58,38.23,633075.75,b0
765287253,8,279118,0,0,30.71,93446.41,38.36,495284.16,b0
765270362,1,279164,0,0,30.75,93445.90,39.03,879536.19,b0
765269850,2,279210,0,0,30.85,93450.70,38.16,560328.31,b0
765286747,3,279256,0,0,31.23,93478.35,37.43,468114.28,b0
765279836,4,279302,0,0,31.06,93430.93,37.41,860142.81,b0
765271387,5,279348,0,0,31.03,93459.01,38.01,612623.38,b0
765283665,6,279395,0,0,30.97,93430.20,38.30,340878.84,b0
765268824,7,279441,0,0,30.82,93467.81,38.23,638404.00,b0
765287253,8,279487,0,0,30.70,93447.61,38.35,496364.53,b0
765270362,1,279533,0,0,30.75,93445.02,39.02,878969.94,b0
765269850,2,279579,0,0,30.85,93450.91,38.15,560328.31,b0
765286747,3,279625,0,0,31.24,93478.01,37.44,468114.28,b0
765279836,4,279672,0,0,31.06,93432.02,37.41,863406.44,b0
765271387,5,279718,0,0,31.03,93459.70,38.00,612074.13,b0
765283665,6,279764,0,0,30.96,93431.34,38.27,344317.41,b0
765268824,7,279810,0,0,30.81,93468.49,38.21,638404.00,b0
765287253,8,279856,0,0,30.70,93446.90,38.33,496725.69,b0
765270362,1,279902,0,0,30.76,93443.09,39.02,882948.94,b0
765269850,2,279949,0,0,30.86,93450.05,38.15,562174.06,b0
765286747,3,279995,0,0,31.24,93478.73,37.43,471346.38,b0
765279836,4,280041,0,0,31.05,93430.55,37.39,862860.75,b0
765271387,5,280087,0,0,31.02,93458.94,37.99,616496.06,b0
765283665,6,280133,0,0,30.95,93429.19,38.28,343278.59,b0
765268824,7,280179,0,0,30.81,93467.20,38.19,638404.00,b0
765287253,8,280225,0,0,30.69,93445.81,38.32,499268.66,b0
765270362,1,280272,0,0,30.77,93445.30,39.01,883520.25,b0
765269850,2,280318,0,0,30.86,93449.33,38.13,561249.69,b0
765286747,3,280364,0,0,31.24,93477.66,37.43,471346.38,b0
765279836,4,280410,0,0,31.05,93429.83,37.38,864499.81,b0
765271387,5,280456,0,0,31.01,93457.44,37.98,615939.88,b0
765283665,6,280502,0,0,30.95,93430.77,38.24,344665.09,b0
765268824,7,280548,0,0,30.81,93467.96,38.19,639001.56,b0
765287253,8,280594,0,0,30.70,93446.03,38.31,501837.78,b0
765270362,1,280641,0,0,30.77,93445.51,39.01,886388.25,b0
765269850,2,280687,0,0,30.86,93446.45,38.12,564498.38,b0
765286747,3,280733,0,0,31.25,93479.30,37.42,470696.41,b0
765279836,4,280779,0,0,31.06,93431.66,37.37,863406.44,b0
765271387,5,280825,0,0,31.02,93460.02,37.98,617053.31,b0
765283665,6,280871,0,0,30.97,93430.20,38.25,344317.41,b0
765268824,7,280917,0,0,30.82,93467.06,38.18,643216.06,b0
765287253,8,280964,0,0,30.72,93447.48,38.30,500733.50,b0
765270362,1,281010,0,0,30.77,93446.05,38.99,885238.81,b0
765269850,2,281056,0,0,30.87,93449.90,38.12,565433.44,b0
765286747,3,281102,0,0,31.25,93478.24,37.42,471998.16,b0
765279836,4,281148,0,0,31.06,93430.41,37.39,871118.69,b0
765271387,5,281194,0,0,31.03,93458.82,37.97,620982.44,b0
765283665,6,281241,0,0,30.98,93430.50,38.24,345362.56,b0
765268824,7,281287,0,0,30.83,93467.85,38.17,642610.63,b0
765287253,8,281333,0,0,30.73,93445.40,38.30,498903.78,b0
765270362,1,281379,0,0,30.78,93446.06,38.99,889854.44,b0
765269850,2,281425,0,0,30.88,93449.39,38.12,568730.94,b0
765286747,3,281471,0,0,31.25,93479.68,37.41,472324.72,b0
765279836,4,281518,0,0,31.07,93429.19,37.35,873906.56,b0
765271387,5,281564,0,0,31.04,93458.91,37.94,619292.44,b0
765283665,6,281610,0,0,30.99,93429.87,38.23,346062.84,b0
765268824,7,281656,0,0,30.84,93468.07,38.16,642610.63,b0
765287253,8,281702,0,0,30.74,93447.38,38.29,502576.69,b0
765270362,1,281748,0,0,30.78,93444.83,38.98,889854.44,b0
765269850,2,281795,0,0,30.88,93448.35,38.11,565433.44,b0
765286747,3,281841,0,0,31.26,93478.80,37.41,474293.66,b0
765279836,4,281887,0,0,31.07,93431.20,37.36,870008.50,b0
765271387,5,281933,0,0,31.05,93457.52,37.93,618170.81,b0
765283665,6,281979,0,0,31.00,93431.41,38.23,347118.66,b0
765268824,7,282025,0,0,30.85,93469.19,38.16,640200.06,b0
765287253,8,282071,0,0,30.75,93446.88,38.29,501837.78,b0
765270362,1,282118,0,0,30.77,93443.18,38.96,898048.69,b0
765269850,2,282164,0,0,30.89,93450.16,38.11,566371.69,b0
765286747,3,282210,0,0,31.26,93478.45,37.40,474293.66,b0
765279836,4,282256,0,0,31.07,93428.87,37.35,875026.69,b0
765271387,5,282302,0,0,31.05,93457.91,37.94,619854.75,b0
765283665,6,282348,0,0,31.01,93431.48,38.20,346062.84,b0
765268824,7,282394,0,0,30.85,93468.11,38.15,642610.63,b0
765287253,8,282440,0,0,30.76,93447.80,38.27,501469.16,b0
765270362,1,282487,0,0,30.78,93443.20,38.97,895104.88,b0
765269850,2,282533,0,0,30.88,93447.97,38.09,569680.13,b0
765286747,3,282579,0,0,31.27,93479.39,37.38,474623.41,b0
765279836,4,282625,0,0,31.08,93430.16,37.36,878969.94,b0
765271387,5,282671,0,0,31.06,93459.34,37.94,622114.19,b0
765283665,6,282717,0,0,31.01,93429.34,38.22,346414.06,b0
765268824,7,282763,0,0,30.86,93467.23,38.13,644430.44,b0
765287253,8,282810,0,0,30.77,93446.76,38.27,501837.78,b0
765270362,1,282856,0,0,30.77,93443.54,38.96,889274.88,b0
765269850,2,282902,0,0,30.88,93449.59,38.07,569205.13,b0
765286747,3,282948,0,0,31.27,93478.49,37.37,474953.63,b0
765279836,4,282994,0,0,31.08,93428.38,37.33,877275.63,b0
765271387,5,283040,0,0,31.07,93458.19,37.94,619854.75,b0
765283665,6,283086,0,0,31.02,93429.79,38.19,343970.44,b0
765268824,7,283133,0,0,30.86,93467.77,38.13,640801.00,b0
765287253,8,283179,0,0,30.77,93448.75,38.25,502946.97,b0
765270362,1,283225,0,0,30.78,93443.02,38.95,896280.06,b0
765269850,2,283271,0,0,30.88,93449.61,38.07,568730.94,b0
765286747,3,283317,0,0,31.27,93477.59,37.38,477278.03,b0
765279836,4,283363,0,0,31.08,93428.93,37.32,880670.81,b0
765271387,5,283410,0,0,31.07,93458.01,37.92,620418.06,b0
765283665,6,283456,0,0,31.03,93429.02,38.21,343970.44,b0
765268824,7,283502,0,0,30.86,93467.41,38.13,640801.00,b0
765287253,8,283548,0,0,30.78,93446.62,38.24,502946.97,b0
765270362,1,283594,0,0,30.78,93443.77,38.95,896868.81,b0
765269850,2,283640,0,0,30.88,93449.78,38.06,571109.88,b0
765286747,3,283687,0,0,31.28,93478.52,37.36,477946.31,b0
765279836,4,283733,0,0,31.10,93430.08,37.33,876712.31,b0
765271387,5,283779,0,0,31.09,93460.09,37.92,615939.88,b0
765283665,6,283825,0,0,31.04,93430.18,38.20,346062.84,b0
765268824,7,283871,0,0,30.87,93468.15,38.11,640801.00,b0
765287253,8,283917,0,0,30.78,93444.83,38.25,502206.97,b0
765270362,1,283964,0,0,30.79,93444.69,38.92,900417.69,b0
765269850,2,284010,0,0,30.90,93447.17,38.04,570155.88,b0
765286747,3,284056,0,0,31.28,93479.43,37.36,477946.31,b0
765279836,4,284102,0,0,31.11,93429.57,37.31,876712.31,b0
765271387,5,284148,0,0,31.10,93458.54,37.92,617053.31,b0
765283665,6,284194,0,0,31.04,93430.91,38.17,344317.41,b0
765268824,7,284240,0,0,30.86,93466.30,38.11,643216.06,b0
765287253,8,284286,0,0,30.78,93446.62,38.22,501837.78,b0
765270362,1,284333,0,0,30.80,93443.84,38.94,900417.69,b0
765269850,2,284379,0,0,30.91,93448.83,38.04,568730.94,b0
765286747,3,284425,0,0,31.29,93477.83,37.34,478281.19,b0
765279836,4,284471,0,0,31.11,93429.79,37.31,877275.63,b0
765271387,5,284517,0,0,31.10,93459.07,37.91,617611.56,b0
765283665,6,284563,0,0,31.03,93429.60,38.19,345013.47,b0
765268824,7,284609,0,0,30.85,93465.02,38.11,645649.44,b0
765287253,8,284655,0,0,30.77,93445.88,38.22,504806.50,b0
765270362,1,284702,0,0,30.80,93443.16,38.91,905793.88,b0
765269850,2,284748,0,0,30.92,93448.85,38.05,570155.88,b0
765286747,3,284794,0,0,31.30,93479.13,37.33,478616.50,b0
765279836,4,284840,0,0,31.11,93429.08,37.31,877839.69,b0
765271387,5,284886,0,0,31.10,93459.64,37.92,617611.56,b0
765283665,6,284932,0,0,31.04,93427.88,38.18,345712.34,b0
765268824,7,284978,0,0,30.85,93466.84,38.10,643822.69,b0
765287253,8,285025,0,0,30.77,93445.16,38.19,505928.84,b0
765270362,1,285071,0,0,30.82,93445.41,38.90,901606.88,b0
765269850,2,285117,0,0,30.93,93448.73,38.04,570632.50,b0
765286747,3,285163,0,0,31.30,93477.33,37.35,476279.06,b0
765279836,4,285209,0,0,31.12,93430.71,37.30,876149.75,b0
765271387,5,285255,0,0,31.10,93458.58,37.90,620418.06,b0
765283665,6,285302,0,0,31.03,93429.91,38.17,345712.34,b0
765268824,7,285348,0,0,30.85,93465.54,38.08,646873.00,b0
765287253,8,285394,0,0,30.76,93445.48,38.17,507056.19,b0
765270362,1,285440,0,0,30.81,93445.54,38.90,901606.88,b0
765269850,2,285486,0,0,30.94,93448.05,38.02,571109.88,b0
765286747,3,285532,0,0,31.30,93477.49,37.33,478952.28,b0
765279836,4,285579,0,0,31.12,93428.92,37.28,882948.94,b0
765271387,5,285625,0,0,31.10,93457.30,37.88,620982.44,b0
765283665,6,285671,0,0,31.03,93430.60,38.15,345013.47,b0
765268824,7,285717,0,0,30.85,93467.73,38.08,642006.25,b0
765287253,8,285763,0,0,30.75,93444.75,38.17,506304.09,b0
765270362,1,285809,0,0,30.80,93443.14,38.90,896868.81,b0
765269850,2,285856,0,0,30.94,93448.76,38.01,572546.81,b0
765286747,3,285902,0,0,31.30,93479.85,37.32,477611.94,b0
765279836,4,285948,0,0,31.13,93430.76,37.28,877839.69,b0
765271387,5,285994,0,0,31.11,93458.23,37.86,622114.19,b0
765283665,6,286040,0,0,31.02,93429.13,38.15,345362.56,b0
765268824,7,286086,0,0,30.85,93468.83,38.06,647486.56,b0
765287253,8,286132,0,0,30.75,93446.54,38.14,508188.59,b0
765270362,1,286179,0,0,30.80,93444.38,38.88,902202.63,b0
765269850,2,286225,0,0,30.94,93448.77,38.02,574474.06,b0
765286747,3,286271,0,0,31.30,93476.25,37.32,477946.31,b0
765279836,4,286317,0,0,31.13,93429.88,37.29,876149.75,b0
765271387,5,286363,0,0,31.11,93460.76,37.86,623819.69,b0
765283665,6,286409,0,0,31.02,93429.13,38.13,346062.84,b0
765268824,7,286455,0,0,30.84,93468.07,38.04,643216.06,b0
765287253,8,286501,0,0,30.75,93447.08,38.13,508188.59,b0
765270362,1,286548,0,0,30.80,93446.05,38.87,904593.63,b0
765269850,2,286594,0,0,30.94,93450.57,38.01,572546.81,b0
765286747,3,286640,0,0,31.31,93480.05,37.33,476944.56,b0
765279836,4,286686,0,0,31.13,93429.52,37.27,883520.25,b0
765271387,5,286732,0,0,31.11,93457.52,37.85,622681.69,b0
765283665,6,286778,0,0,31.03,93430.43,38.10,348536.41,b0
765268824,7,286824,0,0,30.84,93465.87,38.05,647486.56,b0
765287253,8,286871,0,0,30.74,93447.22,38.13,507810.56,b0
765270362,1,286917,0,0,30.81,93442.66,38.86,902799.19,b0
765269850,2,286963,0,0,30.96,93449.72,37.99,571588.06,b0
765286747,3,287009,0,0,31.31,93478.42,37.33,478616.50,b0
765279836,4,287055,0,0,31.14,93428.11,37.27,881239.25,b0
765271387,5,287101,0,0,31.11,93460.02,37.84,621547.81,b0
765283665,6,287148,0,0,31.02,93429.31,38.11,349607.38,b0
765268824,7,287194,0,0,30.85,93467.90,38.02,649334.19,b0
765287253,8,287240,0,0,30.73,93443.60,38.12,511233.16,b0
765270362,1,287286,0,0,30.81,93443.38,38.86,905193.38,b0
765269850,2,287332,0,0,30.95,93449.52,37.98,572067.06,b0
765286747,3,287378,0,0,31.31,93478.45,37.31,480638.34,b0
765279836,4,287424,0,0,31.14,93428.48,37.27,881239.25,b0
765271387,5,287471,0,0,31.11,93457.16,37.82,626108.25,b0
765283665,6,287517,0,0,31.02,93430.35,38.10,349965.81,b0
765268824,7,287563,0,0,30.85,93468.09,38.01,649334.19,b0
765287253,8,287609,0,0,30.73,93445.41,38.11,514314.41,b0
765270362,1,287655,0,0,30.81,93442.49,38.85,905193.38,b0
765269850,2,287701,0,0,30.95,93449.52,38.00,573027.44,b0
765286747,3,287748,0,0,31.32,93477.56,37.30,479288.56,b0
765279836,4,287794,0,0,31.15,93429.95,37.26,881808.38,b0
765271387,5,287840,0,0,31.11,93458.61,37.83,625534.50,b0
765283665,6,287886,0,0,31.02,93428.39,38.07,351045.59,b0
765268824,7,287932,0,0,30.85,93465.20,38.01,648717.13,b0
765287253,8,287978,0,0,30.74,93445.98,38.11,511616.28,b0
765270362,1,288025,0,0,30.82,93443.42,38.85,905193.38,b0
765269850,2,288071,0,0,30.96,93448.65,37.97,570155.88,b0
765286747,3,288117,0,0,31.32,93476.14,37.29,479962.50,b0
765279836,4,288163,0,0,31.15,93428.88,37.26,881239.25,b0
765271387,5,288209,0,0,31.11,93457.39,37.80,626108.25,b0
765283665,6,288255,0,0,31.03,93429.02,38.07,351045.59,b0
765268824,7,288301,0,0,30.86,93467.76,38.00,649334.19,b0
765287253,8,288347,0,0,30.75,93445.10,38.11,513927.22,b0
765270362,1,288394,0,0,30.82,93442.90,38.85,908204.00,b0
765269850,2,288440,0,0,30.96,93449.75,37.96,572067.06,b0
765286747,3,288486,0,0,31.33,93478.15,37.31,478952.28,b0
765279836,4,288532,0,0,31.15,93429.09,37.22,882378.31,b0
765271387,5,288578,0,0,31.12,93457.76,37.79,628992.63,b0
765283665,6,288624,0,0,31.04,93429.98,38.09,349249.66,b0
765268824,7,288670,0,0,30.86,93467.23,38.01,649334.19,b0
765287253,8,288717,0,0,30.75,93445.10,38.10,509326.03,b0
765270362,1,288763,0,0,30.82,93444.36,38.84,908204.00,b0
765269850,2,288809,0,0,30.95,93447.91,37.96,574474.06,b0
765286747,3,288855,0,0,31.33,93477.23,37.30,480300.19,b0
765279836,4,288901,0,0,31.15,93429.62,37.25,885813.13,b0
765271387,5,288947,0,0,31.11,93457.92,37.78,626683.00,b0
765283665,6,288993,0,0,31.05,93429.91,38.05,351045.59,b0
765268824,7,289040,0,0,30.86,93466.67,38.01,648101.25,b0
765287253,8,289086,0,0,30.76,93444.79,38.10,511616.28,b0
765270362,1,289132,0,0,30.83,93443.33,38.83,911843.25,b0
765269850,2,289178,0,0,30.95,93446.48,37.95,574474.06,b0
765286747,3,289224,0,0,31.33,93476.70,37.28,482336.31,b0
765279836,4,289270,0,0,31.16,93430.20,37.23,881808.38,b0
765271387,5,289317,0,0,31.11,93457.56,37.77,626683.00,b0
765283665,6,289363,0,0,31.05,93431.35,38.05,350325.00,b0
765268824,7,289409,0,0,30.86,93468.86,37.99,650571.81,b0
765287253,8,289455,0,0,30.76,93447.09,38.10,513540.63,b0
765270362,1,289501,0,0,30.83,93443.70,38.82,910626.94,b0
765269850,2,289547,0,0,30.95,93448.47,37.96,574474.06,b0
765286747,3,289594,0,0,31.33,93477.97,37.26,483703.34,b0
765279836,4,289640,0,0,31.16,93431.80,37.22,888117.94,b0
765271387,5,289686,0,0,31.11,93456.29,37.79,627258.81,b0
765283665,6,289732,0,0,31.05,93428.32,38.06,352132.06,b0
765268824,7,289778,0,0,30.85,93465.20,38.00,647486.56,b0
765287253,8,289824,0,0,30.75,93446.00,38.09,513540.63,b0
765270362,1,289871,0,0,30.84,93444.27,38.84,911843.25,b0
765269850,2,289917,0,0,30.95,93449.36,37.95,576901.44,b0
765286747,3,289963,0,0,31.33,93477.60,37.27,481995.75,b0
765279836,4,290009,0,0,31.15,93427.82,37.22,888117.94,b0
765271387,5,290055,0,0,31.11,93457.02,37.76,627835.69,b0
765283665,6,290101,0,0,31.05,93429.39,38.04,351407.00,b0
765268824,7,290147,0,0,30.86,93465.95,37.97,648717.13,b0
765287253,8,290193,0,0,30.76,93444.40,38.08,512000.00,b0
765270362,1,290240,0,0,30.85,93445.75,38.82,905793.88,b0
765269850,2,290286,0,0,30.96,93449.74,37.92,575442.56,b0
765286747,3,290332,0,0,31.33,93476.88,37.26,483703.34,b0
765279836,4,290378,0,0,31.15,93428.16,37.20,885238.81,b0
765271387,5,290424,0,0,31.11,93457.21,37.77,627258.81,b0
765283665,6,290470,0,0,31.05,93427.25,38.05,351407.00,b0
765268824,7,290516,0,0,30.86,93466.84,37.98,647486.56,b0
765287253,8,290562,0,0,30.75,93443.50,38.09,514314.41,b0
765270362,1,290609,0,0,30.84,93445.90,38.80,917357.25,b0
765269850,2,290655,0,0,30.95,93447.57,37.93,576901.44,b0
765286747,3,290701,0,0,31.34,93478.53,37.25,481995.75,b0
765279836,4,290747,0,0,31.14,93429.05,37.19,882378.31,b0
765271387,5,290793,0,0,31.11,93456.09,37.77,630736.06,b0
765283665,6,290839,0,0,31.05,93428.20,38.04,351769.16,b0
765268824,7,290885,0,0,30.86,93466.12,38.00,652437.06,b0
765287253,8,290932,0,0,30.76,93445.32,38.09,512384.28,b0
765270362,1,290978,0,0,30.84,93441.74,38.81,910020.00,b0
765269850,2,291024,0,0,30.96,93448.85,37.92,574957.88,b0
765286747,3,291070,0,0,31.34,93476.91,37.25,482336.31,b0
765279836,4,291116,0,0,31.14,93428.15,37.19,887540.63,b0
765271387,5,291162,0,0,31.11,93459.51,37.76,627258.81,b0
765283665,6,291209,0,0,31.06,93428.58,38.04,352495.69,b0
765268824,7,291255,0,0,30.86,93463.95,37.98,651192.38,b0
765287253,8,291301,0,0,30.76,93444.25,38.10,509326.03,b0
765270362,1,291347,0,0,30.84,93443.93,38.80,907600.25,b0
765269850,2,291393,0,0,30.96,93448.84,37.91,574474.06,b0
765286747,3,291439,0,0,31.34,93477.27,37.23,484389.78,b0
765279836,4,291485,0,0,31.16,93429.63,37.18,885238.81,b0
765271387,5,291532,0,0,31.11,93456.83,37.73,627835.69,b0
765283665,6,291578,0,0,31.06,93427.35,38.03,351045.59,b0
765268824,7,291624,0,0,30.86,93465.23,37.98,651814.13,b0
765287253,8,291670,0,0,30.77,93442.32,38.09,509326.03,b0
765270362,1,291716,0,0,30.85,93442.52,38.79,910020.00,b0
765269850,2,291762,0,0,30.95,93446.34,37.91,575442.56,b0
765286747,3,291809,0,0,31.34,93474.75,37.23,481316.09,b0
765279836,4,291855,0,0,31.16,93431.46,37.19,885813.13,b0
765271387,5,291901,0,0,31.11,93455.93,37.73,629572.69,b0
765283665,6,291947,0,0,31.06,93427.73,38.02,351045.59,b0
765268824,7,291993,0,0,30.87,93466.89,37.97,652437.06,b0
765287253,8,292039,0,0,30.77,93445.54,38.10,511233.16,b0
765270362,1,292086,0,0,30.85,93443.63,38.79,907600.25,b0
765269850,2,292132,0,0,30.96,93448.31,37.91,573027.44,b0
765286747,3,292178,0,0,31.35,93476.39,37.24,485423.09,b0
765279836,4,292224,0,0,31.16,93429.84,37.16,886388.25,b0
765271387,5,292270,0,0,31.11,93458.10,37.73,628413.63,b0
765283665,6,292316,0,0,31.07,93429.55,38.02,352860.09,b0
765268824,7,292362,0,0,30.88,93467.28,37.99,651192.38,b0
765287253,8,292408,0,0,30.77,93444.97,38.09,511616.28,b0
765270362,1,292455,0,0,30.85,93443.45,38.78,907600.25,b0
765269850,2,292501,0,0,30.96,93446.87,37.89,573027.44,b0
765286747,3,292547,0,0,31.36,93477.69,37.24,482677.34,b0
765279836,4,292593,0,0,31.16,93428.07,37.17,882378.31,b0
765271387,5,292639,0,0,31.12,93457.09,37.74,631319.38,b0
765283665,6,292685,0,0,31.07,93426.88,38.01,351045.59,b0
765268824,7,292731,0,0,30.89,93467.68,37.98,651814.13,b0
765287253,8,292778,0,0,30.78,93445.19,38.09,512384.28,b0
765270362,1,292824,0,0,30.86,93445.11,38.80,906395.25,b0
765269850,2,292870,0,0,30.97,93448.00,37.89,573991.06,b0
765286747,3,292916,0,0,31.36,93477.70,37.22,479625.28,b0
765279836,4,292962,0,0,31.16,93426.81,37.17,888696.00,b0
765271387,5,293008,0,0,31.12,93458.87,37.73,627258.81,b0
765283665,6,293054,0,0,31.07,93426.75,38.00,352132.06,b0
765268824,7,293101,0,0,30.89,93466.24,37.98,653061.25,b0
765287253,8,293147,0,0,30.79,93447.36,38.09,508946.31,b0
765270362,1,293193,0,0,30.87,93442.84,38.79,914898.38,b0
765269850,2,293239,0,0,30.98,93446.42,37.88,570155.88,b0
765286747,3,293285,0,0,31.36,93477.91,37.21,482677.34,b0
765279836,4,293331,0,0,31.17,93429.00,37.17,886964.06,b0
765271387,5,293378,0,0,31.12,93455.80,37.73,631319.38,b0
765283665,6,293424,0,0,31.08,93427.36,38.00,352132.06,b0
765268824,7,293470,0,0,30.89,93464.79,37.98,651192.38,b0
765287253,8,293516,0,0,30.79,93444.86,38.09,508946.31,b0
765270362,1,293562,0,0,30.87,93442.84,38.79,904593.63,b0
765269850,2,293608,0,0,30.98,93446.27,37.89,570632.50,b0
765286747,3,293654,0,0,31.36,93476.98,37.21,481655.69,b0
765279836,4,293701,0,0,31.17,93429.73,37.16,884665.25,b0
765271387,5,293747,0,0,31.12,93456.92,37.74,629572.69,b0
765283665,6,293793,0,0,31.08,93429.13,38.00,351407.00,b0
765268824,7,293839,0,0,30.89,93465.71,37.98,649334.19,b0
765287253,8,293885,0,0,30.79,93445.23,38.11,510087.19,b0
765270362,1,293932,0,0,30.88,93442.34,38.81,901606.88,b0
765269850,2,293978,0,0,30.99,93447.39,37.90,569205.13,b0
765286747,3,294024,0,0,31.36,93475.73,37.22,481316.09,b0
765279836,4,294070,0,0,31.19,93429.43,37.17,885238.81,b0
765271387,5,294116,0,0,31.12,93455.66,37.74,629572.69,b0
765283665,6,294162,0,0,31.08,93428.06,38.00,350684.94,b0
765268824,7,294208,0,0,30.89,93466.08,37.98,651192.38,b0
765287253,8,294254,0,0,30.79,93445.04,38.11,509326.03,b0
765270362,1,294301,0,0,30.89,93444.73,38.76,901011.88,b0
765269850,2,294347,0,0,31.00,93447.24,37.90,570155.88,b0
765286747,3,294393,0,0,31.37,93475.57,37.20,480300.19,b0
765279836,4,294439,0,0,31.18,93429.78,37.17,886964.06,b0
765271387,5,294485,0,0,31.14,93458.26,37.75,628413.63,b0
765283665,6,294531,0,0,31.08,93428.49,37.99,351045.59,b0
765268824,7,294577,0,0,30.90,93465.20,37.98,651814.13,b0
765287253,8,294623,0,0,30.79,93446.48,38.08,510850.59,b0
765270362,1,294670,0,0,30.89,93444.38,38.77,905193.38,b0
765269850,2,294716,0,0,31.01,93447.44,37.90,569205.13,b0
765286747,3,294762,0,0,31.37,93477.02,37.20,480300.19,b0
765279836,4,294808,0,0,31.19,93428.92,37.17,883520.25,b0
765271387,5,294854,0,0,31.13,93457.70,37.75,628413.63,b0
765283665,6,294900,0,0,31.08,93427.23,38.00,349607.38,b0
765268824,7,294946,0,0,30.89,93465.71,37.96,648101.25,b0
765287253,8,294993,0,0,30.80,93446.15,38.08,508946.31,b0
765270362,1,295039,0,0,30.90,93444.59,38.76,900417.69,b0
765269850,2,295085,0,0,31.01,93449.60,37.88,570155.88,b0
765286747,3,295131,0,0,31.38,93477.59,37.20,480300.19,b0
765279836,4,295177,0,0,31.20,93429.14,37.14,875026.69,b0
765271387,5,295223,0,0,31.13,93457.15,37.75,628413.63,b0
765283665,6,295270,0,0,31.08,93425.79,38.00,349607.38,b0
765268824,7,295316,0,0,30.91,93464.50,37.98,649952.38,b0
765287253,8,295362,0,0,30.80,93446.67,38.09,509326.03,b0
765270362,1,295408,0,0,30.90,93442.84,38.77,898048.69,b0
765269850,2,295454,0,0,31.02,93447.15,37.89,566371.69,b0
765286747,3,295500,0,0,31.38,93476.16,37.19,477611.94,b0
765279836,4,295546,0,0,31.20,93428.59,37.17,876712.31,b0
765271387,5,295593,0,0,31.13,93457.52,37.74,631319.38,b0
765283665,6,295639,0,0,31.08,93427.95,38.00,348892.69,b0
765268824,7,295685,0,0,30.90,93464.65,37.98,648101.25,b0
765287253,8,295731,0,0,30.80,93445.80,38.08,510468.59,b0
765270362,1,295777,0,0,30.91,93444.11,38.76,895104.88,b0
765269850,2,295823,0,0,31.02,93447.32,37.89,566841.94,b0
765286747,3,295870,0,0,31.39,93478.34,37.20,477946.31,b0
765279836,4,295916,0,0,31.20,93428.80,37.14,873347.56,b0
765271387,5,295962,0,0,31.14,93458.28,37.74,628413.63,b0
765283665,6,296008,0,0,31.09,93426.37,37.99,351045.59,b0
765268824,7,296054,0,0,30.91,93464.32,37.97,651192.38,b0
765287253,8,296100,0,0,30.80,93446.33,38.09,510850.59,b0
765270362,1,296147,0,0,30.91,93443.61,38.75,900417.69,b0
765269850,2,296193,0,0,31.04,93448.46,37.87,565902.19,b0
765286747,3,296239,0,0,31.39,93477.63,37.20,477611.94,b0
765279836,4,296285,0,0,31.21,93429.54,37.16,876712.31,b0
765271387,5,296331,0,0,31.13,93456.99,37.75,629572.69,b0
765283665,6,296377,0,0,31.09,93428.58,37.99,348180.91,b0
765268824,7,296423,0,0,30.92,93466.52,37.97,651192.38,b0
765287253,8,296469,0,0,30.80,93446.33,38.10,508567.16,b0
765270362,1,296516,0,0,30.92,93443.46,38.76,897458.38,b0
765269850,2,296562,0,0,31.03,93447.54,37.86,566371.69,b0
765286747,3,296608,0,0,31.40,93476.75,37.21,476611.59,b0
765279836,4,296654,0,0,31.21,93428.87,37.15,870563.25,b0
765271387,5,296700,0,0,31.14,93457.03,37.74,627835.69,b0
765283665,6,296746,0,0,31.09,93427.13,37.99,352495.69,b0
765268824,7,296792,0,0,30.91,93465.60,37.98,651192.38,b0
765287253,8,296838,0,0,30.81,93446.70,38.07,510087.19,b0
765270362,1,296885,0,0,30.93,93444.03,38.76,892763.75,b0
765269850,2,296931,0,0,31.04,93448.66,37.87,563566.31,b0
765286747,3,296977,0,0,31.40,93476.92,37.19,475615.41,b0
765279836,4,297023,0,0,31.21,93427.59,37.16,876149.75,b0
765271387,5,297069,0,0,31.14,93456.11,37.74,636617.94,b0
765283665,6,297115,0,0,31.10,93428.23,37.98,350325.00,b0
765268824,7,297162,0,0,30.92,93465.27,37.97,648717.13,b0
765287253,8,297208,0,0,30.80,93446.52,38.07,510850.59,b0
765270362,1,297254,0,0,30.92,93442.77,38.73,892180.38,b0
765269850,2,297300,0,0,31.05,93449.92,37.87,564498.38,b0
765286747,3,297346,0,0,31.41,93477.13,37.21,475284.28,b0
765279836,4,297392,0,0,31.22,93429.24,37.15,875026.69,b0
765271387,5,297438,0,0,31.14,93456.28,37.72,627835.69,b0
765283665,6,297485,0,0,31.09,93424.45,37.97,351045.59,b0
765268824,7,297531,0,0,30.92,93465.43,37.95,651192.38,b0
765287253,8,297577,0,0,30.80,93444.54,38.08,510468.59,b0
765270362,1,297623,0,0,30.93,93443.67,38.76,895692.13,b0
765269850,2,297669,0,0,31.04,93448.66,37.86,563566.31,b0
765286747,3,297715,0,0,31.41,93475.34,37.19,473635.53,b0
765279836,4,297762,0,0,31.22,93429.80,37.15,869454.44,b0
765271387,5,297808,0,0,31.15,93458.70,37.73,629572.69,b0
765283665,6,297854,0,0,31.10,93427.91,37.98,351407.00,b0
765268824,7,297900,0,0,30.92,93466.35,37.94,649334.19,b0
765287253,8,297946,0,0,30.81,93445.63,38.07,506679.88,b0
765270362,1,297992,0,0,30.93,93442.62,38.75,897458.38,b0
765269850,2,298039,0,0,31.05,93449.24,37.87,566841.94,b0
765286747,3,298085,0,0,31.41,93476.42,37.19,472651.75,b0
765279836,4,298131,0,0,31.22,93429.09,37.17,875026.69,b0
765271387,5,298177,0,0,31.16,93458.55,37.73,628992.63,b0
765283665,6,298223,0,0,31.11,93428.02,37.97,349607.38,b0
765268824,7,298269,0,0,30.92,93465.82,37.95,649952.38,b0
765287253,8,298315,0,0,30.81,93444.20,38.07,510468.59,b0
765270362,1,298362,0,0,30.93,93442.12,38.74,896868.81,b0
765269850,2,298408,0,0,31.05,93446.57,37.86,564031.94,b0
765286747,3,298454,0,0,31.41,93476.96,37.19,473635.53,b0
765279836,4,298500,0,0,31.23,93429.29,37.15,871674.81,b0
765271387,5,298546,0,0,31.15,93457.65,37.71,628413.63,b0
765283665,6,298592,0,0,31.11,93424.98,37.97,350325.00,b0
765268824,7,298638,0,0,30.92,93466.73,37.94,652437.06,b0
765287253,8,298684,0,0,30.82,93447.09,38.07,512384.28,b0
765270362,1,298731,0,0,30.94,93444.31,38.73,886964.06,b0
765269850,2,298777,0,0,31.06,93448.38,37.86,562637.38,b0
765286747,3,298823,0,0,31.41,93476.79,37.20,472651.75,b0
765279836,4,298869,0,0,31.23,93430.56,37.13,865047.50,b0
765271387,5,298915,0,0,31.15,93456.38,37.73,629572.69,b0
765283665,6,298961,0,0,31.11,93429.66,37.95,350684.94,b0
765268824,7,299007,0,0,30.94,93466.22,37.94,652437.06,b0
765287253,8,299054,0,0,30.82,93446.76,38.06,510087.19,b0
765270362,1,299100,0,0,30.94,93443.38,38.73,886964.06,b0
765269850,2,299146,0,0,31.06,93448.02,37.85,561711.44,b0
765286747,3,299192,0,0,31.41,93475.88,37.18,472979.22,b0
765279836,4,299238,0,0,31.23,93427.67,37.14,870008.50,b0
765271387,5,299284,0,0,31.16,93457.34,37.70,628992.63,b0
765283665,6,299331,0,0,31.11,93425.67,37.95,351045.59,b0
765268824,7,299377,0,0,30.94,93465.35,37.94,648717.13,b0
765287253,8,299423,0,0,30.83,93444.47,38.06,508946.31,b0
765270362,1,299469,0,0,30.95,93444.69,38.72,892180.38,b0
765269850,2,299515,0,0,31.06,93447.30,37.85,561249.69,b0
765286747,3,299561,0,0,31.40,93478.56,37.19,473635.53,b0
765279836,4,299607,0,0,31.23,93429.50,37.12,870563.25,b0
765271387,5,299654,0,0,31.16,93458.41,37.70,627258.81,b0
765283665,6,299700,0,0,31.12,93426.66,37.94,349607.38,b0
765268824,7,299746,0,0,30.96,93463.95,37.94,650571.81,b0
765287253,8,299792,0,0,30.85,93444.86,38.05,510087.19,b0
765270362,1,299838,0,0,30.94,93443.75,38.72,895104.88,b0
765269850,2,299884,0,0,31.06,93446.41,37.85,561711.44,b0
765286747,3,299931,0,0,31.40,93476.75,37.19,475615.41,b0
765279836,4,299977,0,0,31.24,93431.48,37.12,868348.50,b0
765271387,5,300023,0,0,31.17,93457.76,37.70,626108.25,b0
765283665,6,300069,0,0,31.12,93426.02,37.95,348892.69,b0
765268824,7,300115,0,0,30.98,93462.74,37.92,646873.00,b0
765287253,8,300161,0,0,30.85,93444.88,38.06,505554.19,b0
765270362,1,300208,0,0,30.94,93442.85,38.73,892180.38,b0
765269850,2,300254,0,0,31.07,93448.23,37.85,561249.69,b0
765286747,3,300300,0,0,31.40,93478.03,37.17,474293.66,b0
765279836,4,300346,0,0,31.24,93429.69,37.14,868901.13,b0
765271387,5,300392,0,0,31.18,93460.13,37.71,626683.00,b0
765283665,6,300438,0,0,31.13,93427.27,37.94,349249.66,b0
765268824,7,300484,0,0,30.99,93466.96,37.95,647486.56,b0
765287253,8,300530,0,0,30.86,93445.63,38.05,508567.16,b0
765270362,1,300577,0,0,30.95,93444.33,38.72,893932.75,b0
765269850,2,300623,0,0,31.07,93447.89,37.82,561711.44,b0
765286747,3,300669,0,0,31.41,93478.23,37.16,473964.38,b0
765279836,4,300715,0,0,31.23,93430.21,37.10,865047.50,b0
765271387,5,300761,0,0,31.18,93456.76,37.71,624961.88,b0
765283665,6,300807,0,0,31.14,93428.13,37.96,348892.69,b0
765268824,7,300853,0,0,30.99,93464.08,37.92,646260.63,b0
765287253,8,300900,0,0,30.87,93444.76,38.03,508946.31,b0
765270362,1,300946,0,0,30.94,93444.86,38.70,885813.13,b0
765269850,2,300992,0,0,31.07,93447.71,37.82,561711.44,b0
765286747,3,301038,0,0,31.42,93477.34,37.17,473964.38,b0
765279836,4,301084,0,0,31.24,93430.59,37.11,864499.81,b0
765271387,5,301130,0,0,31.20,93456.70,37.71,623819.69,b0
765283665,6,301176,0,0,31.15,93428.02,37.93,347472.00,b0
765268824,7,301223,0,0,31.00,93464.64,37.92,649952.38,b0
765287253,8,301269,0,0,30.88,93446.03,38.03,509326.03,b0
765270362,1,301315,0,0,30.95,93442.73,38.70,887540.63,b0
765269850,2,301361,0,0,31.08,93450.59,37.83,562174.06,b0
765286747,3,301407,0,0,31.42,93478.09,37.14,475284.28,b0
765279836,4,301453,0,0,31.25,93431.40,37.12,869454.44,b0
765271387,5,301500,0,0,31.21,93457.27,37.71,624390.25,b0
765283665,6,301546,0,0,31.15,93427.71,37.95,347472.00,b0
765268824,7,301592,0,0,31.01,93465.38,37.92,645649.44,b0
765287253,8,301638,0,0,30.88,93443.70,38.04,507433.09,b0
765270362,1,301684,0,0,30.95,93445.44,38.69,885813.13,b0
765269850,2,301730,0,0,31.08,93447.20,37.80,561249.69,b0
765286747,3,301777,0,0,31.43,93475.95,37.14,472979.22,b0
765279836,4,301823,0,0,31.26,93429.79,37.10,871674.81,b0
765271387,5,301869,0,0,31.21,93456.58,37.70,624390.25,b0
765283665,6,301915,0,0,31.16,93428.32,37.94,347472.00,b0
765268824,7,301961,0,0,31.01,93461.77,37.92,643822.69,b0
765287253,8,302007,0,0,30.88,93444.25,38.03,506679.88,b0
765270362,1,302054,0,0,30.96,93444.20,38.69,892180.38,b0
765269850,2,302100,0,0,31.09,93448.14,37.81,562174.06,b0
765286747,3,302146,0,0,31.43,93475.61,37.14,472979.22,b0
765279836,4,302192,0,0,31.26,93430.53,37.12,866145.06,b0
765271387,5,302238,0,0,31.22,93455.55,37.68,623250.13,b0
765283665,6,302284,0,0,31.16,93426.91,37.94,347826.09,b0
765268824,7,302330,0,0,31.03,93465.64,37.90,645039.38,b0
765287253,8,302376,0,0,30.89,93445.70,38.02,507810.56,b0
765270362,1,302423,0,0,30.97,93445.34,38.68,892180.38,b0
765269850,2,302469,0,0,31.09,93447.41,37.81,559868.75,b0
765286747,3,302515,0,0,31.44,93476.88,37.13,473635.53,b0
765279836,4,302561,0,0,31.27,93432.38,37.09,867245.38,b0
765271387,5,302607,0,0,31.22,93454.69,37.67,623250.13,b0
765283665,6,302653,0,0,31.17,93426.80,37.92,348536.41,b0
765268824,7,302699,0,0,31.03,93465.83,37.90,647486.56,b0
765287253,8,302745,0,0,30.89,93443.74,38.01,507810.56,b0
765270362,1,302792,0,0,30.96,93444.23,38.69,882948.94,b0
765269850,2,302838,0,0,31.09,93447.80,37.80,560788.63,b0
765286747,3,302884,0,0,31.43,93475.77,37.16,473307.16,b0
765279836,4,302930,0,0,31.27,93428.96,37.09,866694.88,b0
765271387,5,302976,0,0,31.23,93455.81,37.69,622681.69,b0
765283665,6,303022,0,0,31.16,93427.45,37.93,345362.56,b0
765268824,7,303068,0,0,31.03,93464.38,37.87,647486.56,b0
765287253,8,303115,0,0,30.90,93444.85,38.01,507810.56,b0
765270362,1,303161,0,0,30.97,93443.37,38.68,880670.81,b0
765269850,2,303207,0,0,31.09,93447.42,37.78,561249.69,b0
765286747,3,303253,0,0,31.44,93477.61,37.13,471998.16,b0
765279836,4,303299,0,0,31.27,93429.13,37.10,869454.44,b0
765271387,5,303345,0,0,31.23,93457.98,37.67,622114.19,b0
765283665,6,303392,0,0,31.17,93426.62,37.93,347472.00,b0
765268824,7,303438,0,0,31.03,93465.49,37.87,645649.44,b0
765287253,8,303484,0,0,30.90,93444.31,38.00,504061.03,b0
765270362,1,303530,0,0,30.97,93444.84,38.67,886388.25,b0
765269850,2,303576,0,0,31.10,93447.45,37.78,563101.44,b0
765286747,3,303622,0,0,31.45,93476.00,37.13,472979.22,b0
765279836,4,303668,0,0,31.27,93428.43,37.11,868348.50,b0
765271387,5,303715,0,0,31.24,93455.48,37.67,620982.44,b0
765283665,6,303761,0,0,31.18,93427.77,37.93,345013.47,b0
765268824,7,303807,0,0,31.04,93464.95,37.86,648101.25,b0
765287253,8,303853,0,0,30.91,93445.41,37.99,507433.09,b0
765270362,1,303899,0,0,30.97,93444.63,38.65,886388.25,b0
765269850,2,303945,0,0,31.09,93448.32,37.78,560788.63,b0
765286747,3,303992,0,0,31.45,93478.18,37.12,473635.53,b0
765279836,4,304038,0,0,31.27,93430.40,37.08,868348.50,b0
765271387,5,304084,0,0,31.24,93456.24,37.68,620418.06,b0
765283665,6,304130,0,0,31.18,93427.42,37.91,346414.06,b0
765268824,7,304176,0,0,31.04,93464.98,37.86,642610.63,b0
765287253,8,304222,0,0,30.91,93443.98,37.95,505180.06,b0
765270362,1,304269,0,0,30.96,93443.70,38.66,888696.00,b0
765269850,2,304315,0,0,31.09,93447.97,37.77,562174.06,b0
765286747,3,304361,0,0,31.45,93476.00,37.11,472651.75,b0
765279836,4,304407,0,0,31.28,93430.06,37.07,868348.50,b0
765271387,5,304453,0,0,31.24,93456.43,37.68,620418.06,b0
765283665,6,304499,0,0,31.18,93427.12,37.90,346414.06,b0
765268824,7,304545,0,0,31.04,93463.70,37.85,644430.44,b0
765287253,8,304591,0,0,30.92,93445.97,37.96,507810.56,b0
765270362,1,304638,0,0,30.96,93445.84,38.65,892180.38,b0
765269850,2,304684,0,0,31.09,93447.60,37.75,562637.38,b0
765286747,3,304730,0,0,31.45,93476.37,37.12,475284.28,b0
765279836,4,304776,0,0,31.27,93430.37,37.05,871118.69,b0
765271387,5,304822,0,0,31.24,93456.05,37.65,620982.44,b0
765283665,6,304868,0,0,31.18,93426.55,37.91,345362.56,b0
765268824,7,304914,0,0,31.05,93466.45,37.84,645649.44,b0
765287253,8,304961,0,0,30.92,93444.71,37.96,505928.84,b0
765270362,1,305007,0,0,30.95,93443.78,38.63,887540.63,b0
765269850,2,305053,0,0,31.08,93448.98,37.73,564965.50,b0
765286747,3,305099,0,0,31.43,93475.41,37.08,473635.53,b0
765279836,4,305145,0,0,31.26,93430.89,37.05,874466.25,b0
765271387,5,305191,0,0,31.23,93456.74,37.65,620982.44,b0
765283665,6,305237,0,0,31.18,93428.15,37.89,347118.66,b0
765268824,7,305284,0,0,31.04,93464.07,37.83,645039.38,b0
765287253,8,305330,0,0,30.91,93443.98,37.95,505554.19,b0
765270362,1,305376,0,0,30.93,93443.15,38.62,887540.63,b0
765269850,2,305422,0,0,31.07,93448.04,37.74,562637.38,b0
765286747,3,305468,0,0,31.41,93475.91,37.09,472979.22,b0
765279836,4,305514,0,0,31.25,93428.53,37.03,874466.25,b0
765271387,5,305561,0,0,31.23,93456.86,37.63,618731.13,b0
765283665,6,305607,0,0,31.18,93427.80,37.90,346062.84,b0
765268824,7,305653,0,0,31.04,93463.51,37.82,643216.06,b0
765287253,8,305699,0,0,30.92,93445.81,37.95,507056.19,b0
765270362,1,305745,0,0,30.93,93443.37,38.64,889854.44,b0
765269850,2,305791,0,0,31.06,93448.38,37.74,565433.44,b0
765286747,3,305837,0,0,31.43,93479.01,37.08,475615.41,b0
765279836,4,305884,0,0,31.25,93429.03,37.03,876149.75,b0
765271387,5,305930,0,0,31.23,93455.45,37.62,628992.63,b0
765283665,6,305976,0,0,31.19,93427.67,37.89,346062.84,b0
765268824,7,306022,0,0,31.04,93463.33,37.82,642006.25,b0
765287253,8,306068,0,0,30.93,93444.40,37.93,505554.19,b0
765270362,1,306115,0,0,30.94,93443.20,38.64,891597.75,b0
765269850,2,306161,0,0,31.07,93449.14,37.72,565433.44,b0
765286747,3,306207,0,0,31.41,93477.88,37.09,478952.28,b0
765279836,4,306253,0,0,31.24,93429.54,37.03,877839.69,b0
765271387,5,306299,0,0,31.23,93458.28,37.62,620982.44,b0
765283665,6,306345,0,0,31.18,93425.98,37.88,347826.09,b0
765268824,7,306391,0,0,31.03,93462.23,37.80,642610.63,b0
765287253,8,306437,0,0,30.93,93445.63,37.92,504806.50,b0
765270362,1,306484,0,0,30.95,93443.78,38.60,891015.88,b0
765269850,2,306530,0,0,31.07,93445.75,37.71,565902.19,b0
765286747,3,306576,0,0,31.41,93476.41,37.08,475615.41,b0
765279836,4,306622,0,0,31.23,93429.13,37.02,875587.88,b0
765271387,5,306668,0,0,31.22,93457.52,37.60,623250.13,b0
765283665,6,306714,0,0,31.18,93428.49,37.89,346062.84,b0
765268824,7,306760,0,0,31.03,93464.23,37.80,643216.06,b0
765287253,8,306806,0,0,30.93,93445.09,37.93,506304.09,b0
765270362,1,306853,0,0,30.96,93444.56,38.60,890434.81,b0
765269850,2,306899,0,0,31.08,93449.88,37.72,564498.38,b0
765286747,3,306945,0,0,31.40,93475.87,37.06,476279.06,b0
765279836,4,306991,0,0,31.23,93431.12,37.01,880670.81,b0
765271387,5,307037,0,0,31.21,93456.03,37.59,622114.19,b0
765283665,6,307083,0,0,31.17,93427.56,37.86,347472.00,b0
765268824,7,307129,0,0,31.03,93462.75,37.80,643822.69,b0
765287253,8,307176,0,0,30.92,93446.35,37.91,505180.06,b0
765270362,1,307222,0,0,30.95,93444.00,38.60,898639.75,b0
765269850,2,307268,0,0,31.07,93448.79,37.70,564498.38,b0
765286747,3,307314,0,0,31.40,93474.43,37.04,479288.56,b0
765279836,4,307360,0,0,31.22,93428.20,37.01,874466.25,b0
765271387,5,307406,0,0,31.22,93457.88,37.59,625534.50,b0
765283665,6,307453,0,0,31.17,93427.38,37.86,348180.91,b0
765268824,7,307499,0,0,31.03,93466.93,37.78,642006.25,b0
765287253,8,307545,0,0,30.92,93444.53,37.91,507810.56,b0
765270362,1,307591,0,0,30.97,93444.09,38.60,899231.63,b0
765269850,2,307637,0,0,31.08,93448.98,37.70,564965.50,b0
765286747,3,307683,0,0,31.41,93478.59,37.05,478616.50,b0
765279836,4,307729,0,0,31.23,93428.96,37.02,880670.81,b0
765271387,5,307776,0,0,31.21,93454.82,37.59,625534.50,b0
765283665,6,307822,0,0,31.17,93425.78,37.85,347826.09,b0
765268824,7,307868,0,0,31.02,93463.80,37.79,644430.44,b0
765287253,8,307914,0,0,30.92,93447.40,37.89,510850.59,b0
765270362,1,307960,0,0,30.96,93444.23,38.59,894518.44,b0
765269850,2,308006,0,0,31.07,93446.99,37.67,568730.94,b0
765286747,3,308053,0,0,31.42,93477.35,37.05,478616.50,b0
765279836,4,308099,0,0,31.24,93431.16,37.00,879536.19,b0
765271387,5,308145,0,0,31.22,93458.98,37.59,626108.25,b0
765283665,6,308191,0,0,31.17,93427.71,37.85,349607.38,b0
765268824,7,308237,0,0,31.02,93463.79,37.77,648101.25,b0
765287253,8,308283,0,0,30.91,93444.88,37.90,510850.59,b0
765270362,1,308330,0,0,30.95,93442.37,38.59,902202.63,b0
765269850,2,308376,0,0,31.07,93448.09,37.68,569205.13,b0
765286747,3,308422,0,0,31.42,93478.07,37.05,480977.00,b0
765279836,4,308468,0,0,31.24,93429.19,36.99,878969.94,b0
765271387,5,308514,0,0,31.22,93455.41,37.57,628992.63,b0
765283665,6,308560,0,0,31.18,93427.77,37.82,349249.66,b0
765268824,7,308606,0,0,31.02,93464.34,37.77,648101.25,b0
765287253,8,308652,0,0,30.92,93445.44,37.90,509706.31,b0
765270362,1,308699,0,0,30.95,93443.28,38.59,901606.88,b0
765269850,2,308745,0,0,31.07,93447.91,37.70,570155.88,b0
765286747,3,308791,0,0,31.42,93477.91,37.05,480300.19,b0
765279836,4,308837,0,0,31.24,93428.84,37.01,882378.31,b0
765271387,5,308883,0,0,31.22,93454.69,37.56,631319.38,b0
765283665,6,308929,0,0,31.17,93426.98,37.83,350325.00,b0
765268824,7,308975,0,0,31.02,93466.52,37.75,648717.13,b0
765287253,8,309022,0,0,30.91,93444.70,37.89,508946.31,b0
765270362,1,309068,0,0,30.96,93443.50,38.58,894518.44,b0
765269850,2,309114,0,0,31.08,93448.80,37.66,569680.13,b0
765286747,3,309160,0,0,31.42,93478.27,37.04,483018.88,b0
765279836,4,309206,0,0,31.25,93428.48,37.01,884665.25,b0
765271387,5,309252,0,0,31.22,93456.47,37.55,629572.69,b0
765283665,6,309298,0,0,31.16,93426.73,37.82,351769.16,b0
765268824,7,309345,0,0,31.01,93463.24,37.75,648717.13,b0
765287253,8,309391,0,0,30.91,93444.16,37.88,510087.19,b0
765270362,1,309437,0,0,30.96,93443.88,38.59,901606.88,b0
765269850,2,309483,0,0,31.08,93448.11,37.68,571109.88,b0
765286747,3,309529,0,0,31.42,93477.17,37.04,482677.34,b0
765279836,4,309575,0,0,31.25,93427.60,37.00,888117.94,b0
765271387,5,309622,0,0,31.21,93456.97,37.56,631903.75,b0
765283665,6,309668,0,0,31.16,93427.21,37.79,352132.06,b0
765268824,7,309714,0,0,31.01,93464.13,37.75,651192.38,b0
765287253,8,309760,0,0,30.91,93445.59,37.86,509706.31,b0
765270362,1,309806,0,0,30.97,93443.38,38.59,898048.69,b0
765269850,2,309852,0,0,31.08,93449.01,37.68,572067.06,b0
765286747,3,309899,0,0,31.42,93477.72,37.04,481995.75,b0
765279836,4,309945,0,0,31.25,93430.45,36.99,890434.81,b0
765271387,5,309991,0,0,31.21,93458.01,37.55,634841.94,b0
765283665,6,310037,0,0,31.14,93427.27,37.79,350684.94,b0
765268824,7,310083,0,0,31.02,93464.88,37.73,654940.81,b0
765287253,8,310129,0,0,30.91,93444.68,37.86,510087.19,b0
765270362,1,310176,0,0,30.97,93444.64,38.58,900417.69,b0
765269850,2,310222,0,0,31.09,93448.49,37.68,572546.81,b0
765286747,3,310268,0,0,31.42,93477.55,37.03,483360.88,b0
765279836,4,310314,0,0,31.25,93429.39,36.98,888696.00,b0
765271387,5,310360,0,0,31.21,93455.48,37.53,637807.56,b0
765283665,6,310406,0,0,31.15,93425.54,37.79,354325.25,b0
765268824,7,310452,0,0,31.02,93463.80,37.73,653061.25,b0
765287253,8,310498,0,0,30.92,93444.73,37.85,511616.28,b0
765270362,1,310545,0,0,30.97,93443.37,38.55,898639.75,b0
765269850,2,310591,0,0,31.08,93448.63,37.66,572067.06,b0
765286747,3,310637,0,0,31.43,93476.31,37.03,484389.78,b0
765279836,4,310683,0,0,31.26,93430.53,36.97,889274.88,b0
765271387,5,310729,0,0,31.22,93457.16,37.53,636024.88,b0
765283665,6,310775,0,0,31.17,93427.69,37.79,353957.84,b0
765268824,7,310821,0,0,31.04,93465.68,37.73,653061.25,b0
765287253,8,310867,0,0,30.93,93444.05,37.86,511233.16,b0
765270362,1,310914,0,0,30.96,93442.78,38.56,899231.63,b0
765269850,2,310960,0,0,31.08,93448.63,37.65,571588.06,b0
765286747,3,311006,0,0,31.44,93478.16,37.02,485768.50,b0
765279836,4,311052,0,0,31.25,93428.53,36.98,891597.75,b0
765271387,5,311098,0,0,31.23,93457.98,37.55,633663.38,b0
765283665,6,311144,0,0,31.18,93428.73,37.78,353957.84,b0
765268824,7,311191,0,0,31.04,93463.53,37.74,650571.81,b0
765287253,8,311237,0,0,30.95,93444.81,37.87,510087.19,b0
765270362,1,311283,0,0,30.96,93443.15,38.55,911234.69,b0
765269850,2,311329,0,0,31.08,93448.28,37.65,574474.06,b0
765286747,3,311375,0,0,31.44,93477.25,37.01,485423.09,b0
765279836,4,311421,0,0,31.26,93430.50,36.97,892763.75,b0
765271387,5,311467,0,0,31.25,93458.95,37.52,636024.88,b0
765283665,6,311514,0,0,31.20,93428.48,37.79,352495.69,b0
765268824,7,311560,0,0,31.05,93464.82,37.72,657463.88,b0
765287253,8,311606,0,0,30.96,93445.56,37.85,515090.53,b0
765270362,1,311652,0,0,30.97,93443.75,38.55,908204.00,b0
765269850,2,311698,0,0,31.08,93448.46,37.66,575928.00,b0
765286747,3,311744,0,0,31.45,93477.62,37.01,486460.81,b0
765279836,4,311791,0,0,31.26,93429.28,36.97,895104.88,b0
765271387,5,311837,0,0,31.25,93455.38,37.51,635432.81,b0
765283665,6,311883,0,0,31.20,93426.70,37.78,354693.47,b0
765268824,7,311929,0,0,31.06,93464.49,37.71,658732.69,b0
765287253,8,311975,0,0,30.97,93447.19,37.85,511233.16,b0
765270362,1,312021,0,0,30.98,93443.28,38.55,910626.94,b0
765269850,2,312068,0,0,31.08,93449.18,37.64,573027.44,b0
765286747,3,312114,0,0,31.45,93477.26,37.00,487502.97,b0
765279836,4,312160,0,0,31.26,93429.09,36.96,893347.88,b0
765271387,5,312206,0,0,31.25,93455.04,37.51,634252.06,b0
765283665,6,312252,0,0,31.20,93425.63,37.77,353957.84,b0
765268824,7,312298,0,0,31.07,93465.59,37.69,653061.25,b0
765287253,8,312344,0,0,30.97,93444.87,37.84,515479.50,b0
765270362,1,312391,0,0,30.98,93443.60,38.54,912452.69,b0
765269850,2,312437,0,0,31.09,93447.96,37.65,573027.44,b0
765286747,3,312483,0,0,31.44,93476.17,36.99,489600.75,b0
765279836,4,312529,0,0,31.26,93428.73,36.95,889854.44,b0
765271387,5,312575,0,0,31.25,93455.58,37.51,636617.94,b0
765283665,6,312621,0,0,31.21,93427.14,37.77,353591.16,b0
765268824,7,312667,0,0,31.07,93465.59,37.71,655569.81,b0
765287253,8,312713,0,0,30.97,93445.59,37.84,513927.22,b0
765270362,1,312760,0,0,30.98,93442.89,38.54,912452.69,b0
765269850,2,312806,0,0,31.08,93448.83,37.64,577389.31,b0
765286747,3,312852,0,0,31.45,93477.65,36.99,489952.16,b0
765279836,4,312898,0,0,31.27,93430.05,36.96,893932.75,b0
765271387,5,312944,0,0,31.25,93455.61,37.51,638404.00,b0
765283665,6,312990,0,0,31.21,93425.58,37.76,354325.25,b0
765268824,7,313036,0,0,31.07,93465.23,37.70,658097.69,b0
765287253,8,313083,0,0,30.97,93445.43,37.82,514314.41,b0
765270362,1,313129,0,0,30.98,93443.98,38.52,912452.69,b0
765269850,2,313175,0,0,31.10,93449.42,37.64,577389.31,b0
765286747,3,313221,0,0,31.45,93475.49,36.98,489600.75,b0
765279836,4,313267,0,0,31.27,93430.76,36.94,906395.25,b0
765271387,5,313313,0,0,31.26,93454.05,37.52,636024.88,b0
765283665,6,313360,0,0,31.22,93427.07,37.77,352132.06,b0
765268824,7,313406,0,0,31.07,93463.24,37.70,658097.69,b0
765287253,8,313452,0,0,30.98,93446.34,37.81,513927.22,b0
765270362,1,313498,0,0,30.99,93442.42,38.52,910020.00,b0
765269850,2,313544,0,0,31.10,93448.21,37.63,575442.56,b0
765286747,3,313590,0,0,31.47,93475.55,36.99,488549.63,b0
765279836,4,313636,0,0,31.28,93429.75,36.94,896280.06,b0
765271387,5,313683,0,0,31.27,93453.17,37.48,638404.00,b0
765283665,6,313729,0,0,31.23,93428.10,37.75,353957.84,b0
765268824,7,313775,0,0,31.07,93461.41,37.67,659368.94,b0
765287253,8,313821,0,0,30.97,93444.52,37.79,514702.19,b0
765270362,1,313867,0,0,31.00,93442.63,38.51,914898.38,b0
765269850,2,313913,0,0,31.11,93450.20,37.64,578858.13,b0
765286747,3,313960,0,0,31.47,93475.92,37.01,487851.34,b0
765279836,4,314006,0,0,31.29,93429.42,36.92,899824.25,b0
765271387,5,314052,0,0,31.28,93454.52,37.50,638404.00,b0
765283665,6,314098,0,0,31.23,93427.60,37.75,354693.47,b0
765268824,7,314144,0,0,31.07,93464.89,37.67,656199.94,b0
765287253,8,314190,0,0,30.97,93446.85,37.79,514702.19,b0
765270362,1,314237,0,0,31.00,93444.64,38.50,904593.63,b0
765269850,2,314283,0,0,31.12,93448.46,37.63,576901.44,b0
765286747,3,314329,0,0,31.48,93477.18,36.96,489249.88,b0
765279836,4,314375,0,0,31.30,93428.73,36.93,899824.25,b0
765271387,5,314421,0,0,31.28,93455.41,37.49,636617.94,b0
765283665,6,314467,0,0,31.23,93427.77,37.75,354325.25,b0
765268824,7,314513,0,0,31.07,93464.18,37.66,658097.69,b0
765287253,8,314559,0,0,30.97,93445.23,37.77,516259.13,b0
765270362,1,314606,0,0,31.01,93443.94,38.49,908204.00,b0
765269850,2,314652,0,0,31.12,93447.37,37.63,579349.38,b0
765286747,3,314698,0,0,31.48,93476.28,36.96,487851.34,b0
765279836,4,314744,0,0,31.30,93429.84,36.93,903994.69,b0
765271387,5,314790,0,0,31.29,93457.62,37.49,640200.06,b0
765283665,6,314836,0,0,31.23,93428.28,37.75,357292.41,b0
765268824,7,314882,0,0,31.08,93465.30,37.66,661926.31,b0
765287253,8,314929,0,0,30.97,93446.66,37.75,515869.03,b0
765270362,1,314975,0,0,31.01,93445.22,38.49,913673.88,b0
765269850,2,315021,0,0,31.12,93447.56,37.63,578858.13,b0
765286747,3,315067,0,0,31.48,93476.30,36.97,489600.75,b0
765279836,4,315113,0,0,31.31,93430.78,36.92,904593.63,b0
765271387,5,315159,0,0,31.29,93454.77,37.47,638404.00,b0
765283665,6,315205,0,0,31.23,93427.96,37.75,353957.84,b0
765268824,7,315252,0,0,31.09,93466.41,37.66,656831.31,b0
765287253,8,315298,0,0,30.97,93445.59,37.75,516259.13,b0
765270362,1,315344,0,0,31.00,93443.20,38.49,918591.63,b0
765269850,2,315390,0,0,31.13,93449.02,37.59,577389.31,b0
765286747,3,315436,0,0,31.48,93476.28,36.95,492781.53,b0
765279836,4,315482,0,0,31.31,93428.25,36.91,902799.19,b0
765271387,5,315529,0,0,31.29,93454.74,37.49,639600.25,b0
765283665,6,315575,0,0,31.23,93426.50,37.73,353957.84,b0
765268824,7,315621,0,0,31.09,93466.61,37.65,658097.69,b0
765287253,8,315667,0,0,30.97,93446.68,37.75,516259.13,b0
765270362,1,315713,0,0,31.00,93444.46,38.46,914898.38,b0
765269850,2,315759,0,0,31.13,93449.02,37.61,580828.13,b0
765286747,3,315806,0,0,31.48,93478.47,36.94,492426.06,b0
765279836,4,315852,0,0,31.30,93428.23,36.90,904593.63,b0
765271387,5,315898,0,0,31.28,93454.01,37.45,640200.06,b0
765283665,6,315944,0,0,31.23,93427.36,37.73,354693.47,b0
765268824,7,315990,0,0,31.10,93467.18,37.64,661926.31,b0
765287253,8,316036,0,0,30.98,93446.68,37.74,518612.31,b0
765270362,1,316083,0,0,31.00,93443.55,38.48,914285.69,b0
765269850,2,316129,0,0,31.13,93449.17,37.60,584308.13,b0
765286747,3,316175,0,0,31.47,93476.80,36.95,493137.50,b0
765279836,4,316221,0,0,31.30,93431.27,36.90,902202.63,b0
765271387,5,316267,0,0,31.29,93455.10,37.46,640200.06,b0
765283665,6,316313,0,0,31.24,93427.99,37.72,354325.25,b0
765268824,7,316359,0,0,31.10,93466.63,37.64,658732.69,b0
765287253,8,316405,0,0,30.98,93445.98,37.71,516649.84,b0
765270362,1,316452,0,0,31.00,93444.45,38.47,914898.38,b0
765269850,2,316498,0,0,31.13,93447.93,37.58,582314.50,b0
765286747,3,316544,0,0,31.47,93476.81,36.93,495643.75,b0
765279836,4,316590,0,0,31.30,93429.31,36.89,905193.38,b0
765271387,5,316636,0,0,31.29,93454.95,37.44,646873.00,b0
765283665,6,316682,0,0,31.24,93428.23,37.71,358041.97,b0
765268824,7,316728,0,0,31.10,93465.36,37.61,660006.44,b0
765287253,8,316774,0,0,30.99,93448.50,37.73,519796.97,b0
765270362,1,316821,0,0,31.01,93444.47,38.47,917357.25,b0
765269850,2,316867,0,0,31.13,93448.84,37.58,584308.13,b0
765286747,3,316913,0,0,31.48,93476.28,36.93,494925.09,b0
765279836,4,316959,0,0,31.31,93429.15,36.87,903994.69,b0
765271387,5,317005,0,0,31.30,93454.45,37.44,642006.25,b0
765283665,6,317051,0,0,31.24,93426.59,37.70,355432.16,b0
765268824,7,317098,0,0,31.10,93463.91,37.60,658732.69,b0
765287253,8,317144,0,0,30.98,93446.34,37.71,518612.31,b0
765270362,1,317190,0,0,31.01,93443.22,38.46,924813.75,b0
765269850,2,317236,0,0,31.13,93447.42,37.56,582811.63,b0
765286747,3,317282,0,0,31.48,93475.77,36.93,495643.75,b0
765279836,4,317328,0,0,31.31,93430.25,36.88,901011.88,b0
765271387,5,317374,0,0,31.29,93454.77,37.44,642610.63,b0
765283665,6,317421,0,0,31.24,93427.28,37.71,356173.91,b0
765268824,7,317467,0,0,31.10,93465.92,37.62,659368.94,b0
765287253,8,317513,0,0,30.98,93444.01,37.72,517041.16,b0
765270362,1,317559,0,0,31.02,93442.59,38.45,921070.38,b0
765269850,2,317605,0,0,31.15,93450.34,37.57,585812.38,b0
765286747,3,317651,0,0,31.50,93478.69,36.91,495284.16,b0
765279836,4,317698,0,0,31.32,93428.65,36.87,909413.88,b0
765271387,5,317744,0,0,31.28,93455.44,37.42,643822.69,b0
765283665,6,317790,0,0,31.24,93428.34,37.70,357666.78,b0
765268824,7,317836,0,0,31.10,93463.54,37.60,661926.31,b0
765287253,8,317882,0,0,30.98,93443.64,37.72,517041.16,b0
765270362,1,317928,0,0,31.03,93444.98,38.44,918591.63,b0
765269850,2,317975,0,0,31.14,93449.61,37.56,584308.13,b0
765286747,3,318021,0,0,31.50,93477.44,36.93,495643.75,b0
765279836,4,318067,0,0,31.32,93429.01,36.86,910626.94,b0
765271387,5,318113,0,0,31.29,93455.27,37.42,645649.44,b0
765283665,6,318159,0,0,31.24,93427.66,37.67,356173.91,b0
765268824,7,318205,0,0,31.10,93465.55,37.59,666449.75,b0
765287253,8,318251,0,0,30.99,93447.07,37.71,519796.97,b0
765270362,1,318298,0,0,31.02,93442.23,38.43,927956.50,b0
765269850,2,318344,0,0,31.14,93447.65,37.57,587324.38,b0
765286747,3,318390,0,0,31.49,93475.43,36.89,497087.38,b0
765279836,4,318436,0,0,31.31,93426.29,36.86,910626.94,b0
765271387,5,318482,0,0,31.29,93455.30,37.42,647486.56,b0
765283665,6,318528,0,0,31.24,93428.53,37.66,358041.97,b0
765268824,7,318574,0,0,31.10,93465.55,37.59,665799.75,b0
765287253,8,318620,0,0,31.00,93447.27,37.70,520987.03,b0
765270362,1,318667,0,0,31.02,93442.61,38.44,919210.06,b0
765269850,2,318713,0,0,31.15,93449.98,37.54,584308.13,b0
765286747,3,318759,0,0,31.50,93478.16,36.89,496364.53,b0
765279836,4,318805,0,0,31.32,93430.80,36.85,914285.69,b0
765271387,5,318851,0,0,31.29,93455.48,37.41,645039.38,b0
765283665,6,318897,0,0,31.24,93428.95,37.66,359550.56,b0
765268824,7,318943,0,0,31.11,93466.48,37.57,668407.31,b0
765287253,8,318990,0,0,30.99,93444.77,37.70,522582.28,b0
765270362,1,319036,0,0,31.02,93443.86,38.43,925440.56,b0
765269850,2,319082,0,0,31.13,93448.32,37.54,585310.06,b0
765286747,3,319128,0,0,31.49,93477.41,36.89,497812.34,b0
765279836,4,319174,0,0,31.31,93428.06,36.85,912452.69,b0
765271387,5,319220,0,0,31.29,93454.74,37.40,646260.63,b0
765283665,6,319267,0,0,31.24,93428.72,37.66,359550.56,b0
765268824,7,319313,0,0,31.10,93464.66,37.59,665151.00,b0
765287253,8,319359,0,0,31.00,93447.63,37.70,520193.03,b0
765270362,1,319405,0,0,31.02,93443.83,38.42,927326.25,b0
765269850,2,319451,0,0,31.14,93448.90,37.54,585812.38,b0
765286747,3,319497,0,0,31.49,93478.29,36.88,500000.00,b0
765279836,4,319543,0,0,31.32,93430.98,36.85,914898.38,b0
765271387,5,319590,0,0,31.29,93453.67,37.40,656199.94,b0
765283665,6,319636,0,0,31.24,93427.16,37.66,358041.97,b0
765268824,7,319682,0,0,31.11,93464.86,37.57,665151.00,b0
765287253,8,319728,0,0,31.00,93446.58,37.70,519401.47,b0
765270362,1,319774,0,0,31.02,93444.03,38.41,922314.81,b0
765269850,2,319820,0,0,31.14,93448.55,37.52,585310.06,b0
765286747,3,319867,0,0,31.48,93477.38,36.87,498539.44,b0
765279836,4,319913,0,0,31.32,93429.19,36.85,917357.25,b0
765271387,5,319959,0,0,31.30,93455.35,37.38,649952.38,b0
765283665,6,320005,0,0,31.25,93427.53,37.64,359172.22,b0
765268824,7,320051,0,0,31.12,93464.34,37.57,666449.75,b0
765287253,8,320097,0,0,31.00,93445.86,37.71,519006.59,b0
765270362,1,320144,0,0,31.03,93444.80,38.39,931120.69,b0
765269850,2,320190,0,0,31.15,93448.74,37.51,585812.38,b0
765286747,3,320236,0,0,31.49,93479.57,36.89,500000.00,b0
765279836,4,320282,0,0,31.31,93428.46,36.85,917357.25,b0
765271387,5,320328,0,0,31.30,93455.38,37.38,650571.81,b0
765283665,6,320374,0,0,31.26,93427.46,37.63,357666.78,b0
765268824,7,320420,0,0,31.12,93467.09,37.56,665799.75,b0
765287253,8,320466,0,0,31.01,93446.59,37.69,517825.53,b0
765270362,1,320513,0,0,31.04,93444.13,38.41,929219.63,b0
765269850,2,320559,0,0,31.16,93448.80,37.51,585812.38,b0
765286747,3,320605,0,0,31.50,93478.52,36.87,496725.69,b0
765279836,4,320651,0,0,31.32,93429.74,36.83,914898.38,b0
765271387,5,320697,0,0,31.30,93456.63,37.37,649334.19,b0
765283665,6,320743,0,0,31.25,93427.23,37.63,359550.56,b0
765268824,7,320789,0,0,31.13,93466.37,37.56,667101.00,b0
765287253,8,320835,0,0,31.01,93447.88,37.69,520987.03,b0
765270362,1,320882,0,0,31.05,93446.34,38.40,922938.25,b0
765269850,2,320928,0,0,31.16,93447.35,37.51,586315.50,b0
765286747,3,320974,0,0,31.49,93475.98,36.88,500733.50,b0
765279836,4,321020,0,0,31.32,93427.23,36.83,917974.00,b0
765271387,5,321066,0,0,31.30,93456.24,37.36,651192.38,b0
765283665,6,321112,0,0,31.25,93427.53,37.64,359172.22,b0
765268824,7,321159,0,0,31.13,93464.94,37.56,668407.31,b0
765287253,8,321205,0,0,31.02,93446.66,37.69,519401.47,b0
765270362,1,321251,0,0,31.05,93444.70,38.40,923562.56,b0
765269850,2,321297,0,0,31.17,93447.20,37.51,584308.13,b0
765286747,3,321343,0,0,31.50,93476.52,36.88,498539.44,b0
765279836,4,321389,0,0,31.32,93429.72,36.83,915511.88,b0
765271387,5,321435,0,0,31.29,93458.16,37.36,649952.38,b0
765283665,6,321482,0,0,31.24,93427.70,37.62,360690.38,b0
765268824,7,321528,0,0,31.14,93467.13,37.56,665151.00,b0
765287253,8,321574,0,0,31.04,93449.38,37.70,520987.03,b0
765270362,1,321620,0,0,31.05,93445.45,38.41,927326.25,b0
765269850,2,321666,0,0,31.16,93449.16,37.52,588336.69,b0
765286747,3,321712,0,0,31.50,93477.08,36.86,498903.78,b0
765279836,4,321759,0,0,31.33,93429.61,36.83,922314.81,b0
765271387,5,321805,0,0,31.30,93454.66,37.35,651814.13,b0
765283665,6,321851,0,0,31.25,93428.85,37.62,360690.38,b0
765268824,7,321897,0,0,31.14,93465.87,37.55,665799.75,b0
765287253,8,321943,0,0,31.04,93447.41,37.66,520193.03,b0
765270362,1,321989,0,0,31.05,93445.62,38.40,927326.25,b0
765269850,2,322036,0,0,31.17,93447.74,37.50,585812.38,b0
765286747,3,322082,0,0,31.51,93478.20,36.87,500366.47,b0
765279836,4,322128,0,0,31.33,93429.25,36.83,913062.88,b0
765271387,5,322174,0,0,31.30,93454.28,37.36,649952.38,b0
765283665,6,322220,0,0,31.25,93427.43,37.63,360690.38,b0
765268824,7,322266,0,0,31.14,93466.06,37.54,666449.75,b0
765287253,8,322312,0,0,31.03,93444.88,37.69,517825.53,b0
765270362,1,322359,0,0,31.05,93444.17,38.40,926068.25,b0
765269850,2,322405,0,0,31.17,93449.21,37.49,582314.50,b0
765286747,3,322451,0,0,31.51,93477.48,36.87,498539.44,b0
765279836,4,322497,0,0,31.33,93431.60,36.83,913062.88,b0
765271387,5,322543,0,0,31.31,93454.52,37.35,651814.13,b0
765283665,6,322589,0,0,31.26,93427.49,37.62,362991.84,b0
765268824,7,322635,0,0,31.14,93465.87,37.54,667753.50,b0
765287253,8,322681,0,0,31.04,93447.77,37.68,519006.59,b0
765270362,1,322728,0,0,31.06,93443.52,38.41,921070.38,b0
765269850,2,322774,0,0,31.17,93447.94,37.50,585812.38,b0
765286747,3,322820,0,0,31.52,93478.77,36.87,499634.06,b0
765279836,4,322866,0,0,31.34,93428.42,36.83,913062.88,b0
765271387,5,322912,0,0,31.31,93455.43,37.37,651192.38,b0
765283665,6,322958,0,0,31.26,93428.05,37.61,359172.22,b0
765268824,7,323004,0,0,31.14,93466.98,37.55,669718.75,b0
765287253,8,323051,0,0,31.03,93445.97,37.67,520193.03,b0
765270362,1,323097,0,0,31.06,93444.26,38.40,921692.19,b0
765269850,2,323143,0,0,31.19,93449.44,37.51,581818.19,b0
765286747,3,323189,0,0,31.52,93478.59,36.87,498175.63,b0
765279836,4,323235,0,0,31.35,93429.17,36.83,911843.25,b0
765271387,5,323281,0,0,31.32,93454.61,37.34,648101.25,b0
765283665,6,323328,0,0,31.27,93426.52,37.60,359929.69,b0
765268824,7,323374,0,0,31.14,93465.87,37.52,665151.00,b0
765287253,8,323420,0,0,31.03,93446.68,37.66,520589.72,b0
765270362,1,323466,0,0,31.06,93443.34,38.40,923562.56,b0
765269850,2,323512,0,0,31.20,93450.01,37.50,581322.75,b0
765286747,3,323558,0,0,31.52,93478.77,36.86,497087.38,b0
765279836,4,323604,0,0,31.35,93427.58,36.83,909413.88,b0
765271387,5,323651,0,0,31.32,93455.86,37.37,648717.13,b0
765283665,6,323697,0,0,31.28,93428.37,37.62,359172.22,b0
765268824,7,323743,0,0,31.14,93466.43,37.54,665799.75,b0
765287253,8,323789,0,0,31.03,93447.39,37.67,517825.53,b0
765270362,1,323835,0,0,31.06,93446.22,38.39,919210.06,b0
765269850,2,323881,0,0,31.19,93449.65,37.51,586315.50,b0
765286747,3,323928,0,0,31.52,93478.41,36.86,498175.63,b0
765279836,4,323974,0,0,31.36,93428.16,36.83,905793.88,b0
765271387,5,324020,0,0,31.34,93455.77,37.36,648101.25,b0
765283665,6,324066,0,0,31.28,93426.93,37.62,358417.91,b0
765268824,7,324112,0,0,31.15,93464.27,37.55,667753.50,b0
765287253,8,324158,0,0,31.04,93446.70,37.65,516259.13,b0
765270362,1,324205,0,0,31.06,93443.51,38.39,918591.63,b0
765269850,2,324251,0,0,31.19,93445.69,37.49,583808.44,b0
765286747,3,324297,0,0,31.53,93478.44,36.86,495643.75,b0
765279836,4,324343,0,0,31.35,93428.30,36.82,913062.88,b0
765271387,5,324389,0,0,31.34,93456.48,37.36,648717.13,b0
765283665,6,324435,0,0,31.29,93429.02,37.61,358794.69,b0
765268824,7,324481,0,0,31.15,93464.99,37.53,663212.44,b0
765287253,8,324527,0,0,31.05,93446.73,37.66,519401.47,b0
765270362,1,324574,0,0,31.06,93441.57,38.38,924187.75,b0
765269850,2,324620,0,0,31.18,93448.53,37.49,585310.06,b0
765286747,3,324666,0,0,31.52,93476.97,36.86,497812.34,b0
765279836,4,324712,0,0,31.35,93426.50,36.81,913673.88,b0
765271387,5,324758,0,0,31.34,93455.77,37.36,646873.00,b0
765283665,6,324804,0,0,31.29,93427.06,37.61,362221.44,b0
765268824,7,324850,0,0,31.16,93465.38,37.53,663212.44,b0
765287253,8,324897,0,0,31.05,93446.55,37.65,520193.03,b0
765270362,1,324943,0,0,31.07,93444.84,38.39,923562.56,b0
765269850,2,324989,0,0,31.19,93448.55,37.48,584308.13,b0
765286747,3,325035,0,0,31.52,93476.44,36.85,497449.59,b0
765279836,4,325081,0,0,31.35,93429.36,36.81,912452.69,b0
765271387,5,325127,0,0,31.34,93455.09,37.35,647486.56,b0
765283665,6,325173,0,0,31.29,93427.80,37.60,357666.78,b0
765268824,7,325220,0,0,31.16,93465.77,37.53,665151.00,b0
765287253,8,325266,0,0,31.06,93447.83,37.65,517041.16,b0
765270362,1,325312,0,0,31.07,93443.76,38.38,925440.56,b0
765269850,2,325358,0,0,31.19,93448.18,37.50,584308.13,b0
765286747,3,325404,0,0,31.53,93477.17,36.86,497449.59,b0
765279836,4,325450,0,0,31.36,93428.50,36.81,912452.69,b0
765271387,5,325497,0,0,31.35,93457.11,37.34,653686.56,b0
765283665,6,325543,0,0,31.30,93428.01,37.60,356918.78,b0
765268824,7,325589,0,0,31.16,93464.68,37.52,665151.00,b0
765287253,8,325635,0,0,31.06,93444.77,37.65,518612.31,b0
765270362,1,325681,0,0,31.08,93444.00,38.37,917357.25,b0
765269850,2,325727,0,0,31.20,93449.30,37.48,585310.06,b0
765286747,3,325774,0,0,31.54,93477.95,36.86,497087.38,b0
765279836,4,325820,0,0,31.36,93427.78,36.80,910626.94,b0
765271387,5,325866,0,0,31.34,93452.41,37.34,647486.56,b0
765283665,6,325912,0,0,31.30,93430.02,37.60,357666.78,b0
765268824,7,325958,0,0,31.17,93466.17,37.51,664503.56,b0
765287253,8,326004,0,0,31.06,93446.04,37.63,516259.13,b0
765270362,1,326051,0,0,31.08,93443.46,38.37,915511.88,b0
765269850,2,326097,0,0,31.20,93448.27,37.47,585812.38,b0
765286747,3,326143,0,0,31.54,93477.95,36.86,497449.59,b0
765279836,4,326189,0,0,31.36,93428.70,36.79,910626.94,b0
765271387,5,326235,0,0,31.34,93455.28,37.33,651814.13,b0
765283665,6,326281,0,0,31.30,93429.86,37.59,357666.78,b0
765268824,7,326327,0,0,31.18,93467.09,37.51,665151.00,b0
765287253,8,326373,0,0,31.06,93447.12,37.64,518612.31,b0
765270362,1,326420,0,0,31.08,93443.28,38.37,919210.06,b0
765269850,2,326466,0,0,31.20,93449.66,37.47,585310.06,b0
765286747,3,326512,0,0,31.54,93477.56,36.86,497449.59,b0
765279836,4,326558,0,0,31.36,93427.64,36.80,912452.69,b0
765271387,5,326604,0,0,31.35,93454.78,37.33,653686.56,b0
765283665,6,326650,0,0,31.30,93426.46,37.58,357292.41,b0
765268824,7,326696,0,0,31.18,93466.55,37.51,667101.00,b0
765287253,8,326742,0,0,31.07,93445.70,37.63,514702.19,b0
765270362,1,326789,0,0,31.08,93443.27,38.38,920449.44,b0
765269850,2,326835,0,0,31.20,93449.12,37.46,583309.63,b0
765286747,3,326881,0,0,31.55,93478.49,36.85,498175.63,b0
765279836,4,326927,0,0,31.36,93430.67,36.80,909413.88,b0
765271387,5,326973,0,0,31.35,93454.79,37.34,649952.38,b0
765283665,6,327019,0,0,31.31,93428.09,37.58,359550.56,b0
765268824,7,327065,0,0,31.18,93466.20,37.49,661285.13,b0
765287253,8,327112,0,0,31.06,93446.95,37.61,515869.03,b0
765270362,1,327158,0,0,31.09,93447.09,38.38,920449.44,b0
765269850,2,327204,0,0,31.19,93447.86,37.45,581322.75,b0
765286747,3,327250,0,0,31.55,93477.97,36.82,498175.63,b0
765279836,4,327296,0,0,31.36,93429.25,36.81,910626.94,b0
765271387,5,327342,0,0,31.36,93457.53,37.34,646873.00,b0
765283665,6,327389,0,0,31.31,93430.66,37.58,358041.97,b0
765268824,7,327435,0,0,31.19,93466.59,37.51,661285.13,b0
765287253,8,327481,0,0,31.07,93449.82,37.63,517825.53,b0
765270362,1,327527,0,0,31.10,93445.16,38.36,916741.25,b0
765269850,2,327573,0,0,31.21,93448.46,37.47,584308.13,b0
765286747,3,327619,0,0,31.55,93478.14,36.84,495284.16,b0
765279836,4,327665,0,0,31.36,93428.72,36.80,908808.50,b0
765271387,5,327712,0,0,31.36,93458.27,37.32,648101.25,b0
765283665,6,327758,0,0,31.32,93429.79,37.59,360309.66,b0
765268824,7,327804,0,0,31.18,93464.20,37.48,666449.75,b0
765287253,8,327850,0,0,31.07,93446.95,37.62,515869.03,b0
765270362,1,327896,0,0,31.10,93444.84,38.34,917357.25,b0
765269850,2,327942,0,0,31.22,93450.27,37.46,580828.13,b0
765286747,3,327989,0,0,31.55,93478.88,36.83,496725.69,b0
765279836,4,328035,0,0,31.37,93429.47,36.79,905193.38,b0
765271387,5,328081,0,0,31.36,93457.54,37.31,646873.00,b0
765283665,6,328127,0,0,31.32,93429.64,37.56,357666.78,b0
765268824,7,328173,0,0,31.19,93466.04,37.49,666449.75,b0
765287253,8,328219,0,0,31.07,93447.14,37.62,515479.50,b0
765270362,1,328266,0,0,31.11,93445.77,38.36,919210.06,b0
765269850,2,328312,0,0,31.23,93450.30,37.46,582314.50,b0
765286747,3,328358,0,0,31.56,93478.01,36.83,496003.88,b0
765279836,4,328404,0,0,31.38,93428.45,36.79,910626.94,b0
765271387,5,328450,0,0,31.37,93455.78,37.33,650571.81,b0
765283665,6,328496,0,0,31.32,93429.47,37.57,357666.78,b0
765268824,7,328542,0,0,31.19,93467.52,37.47,663857.38,b0
765287253,8,328588,0,0,31.07,93447.31,37.62,517825.53,b0
765270362,1,328635,0,0,31.11,93444.17,38.37,915511.88,b0
765269850,2,328681,0,0,31.23,93448.37,37.45,580334.38,b0
765286747,3,328727,0,0,31.57,93479.11,36.83,494925.09,b0
765279836,4,328773,0,0,31.39,93429.55,36.78,905193.38,b0
765271387,5,328819,0,0,31.37,93457.80,37.31,647486.56,b0
765283665,6,328865,0,0,31.32,93429.16,37.56,358417.91,b0
765268824,7,328911,0,0,31.19,93466.04,37.47,663212.44,b0
765287253,8,328958,0,0,31.08,93448.05,37.61,516259.13,b0
765270362,1,329004,0,0,31.13,93445.34,38.35,914898.38,b0
765269850,2,329050,0,0,31.24,93450.55,37.45,578367.69,b0
765286747,3,329096,0,0,31.58,93479.67,36.83,495643.75,b0
765279836,4,329142,0,0,31.39,93428.11,36.80,906395.25,b0
765271387,5,329188,0,0,31.37,93458.49,37.31,647486.56,b0
765283665,6,329234,0,0,31.32,93429.69,37.56,358041.97,b0
765268824,7,329281,0,0,31.19,93468.41,37.46,664503.56,b0
765287253,8,329327,0,0,31.08,93447.70,37.59,517041.16,b0
765270362,1,329373,0,0,31.13,93445.15,38.34,910626.94,b0
765269850,2,329419,0,0,31.24,93449.47,37.44,580828.13,b0
765286747,3,329465,0,0,31.58,93478.41,36.83,495284.16,b0
765279836,4,329511,0,0,31.40,93431.02,36.79,913673.88,b0
765271387,5,329558,0,0,31.37,93457.95,37.28,647486.56,b0
765283665,6,329604,0,0,31.33,93431.13,37.55,358041.97,b0
765268824,7,329650,0,0,31.20,93467.55,37.47,665799.75,b0
765287253,8,329696,0,0,31.09,93447.38,37.61,516649.84,b0
765270362,1,329742,0,0,31.13,93445.17,38.32,911843.25,b0
765269850,2,329788,0,0,31.25,93450.77,37.44,579349.38,b0
765286747,3,329835,0,0,31.58,93478.25,36.81,492781.53,b0
765279836,4,329881,0,0,31.39,93430.10,36.78,905793.88,b0
765271387,5,329927,0,0,31.37,93457.06,37.30,648717.13,b0
765283665,6,329973,0,0,31.33,93429.38,37.54,358041.97,b0
765268824,7,330019,0,0,31.21,93466.47,37.45,664503.56,b0
765287253,8,330065,0,0,31.10,93450.28,37.59,517433.06,b0
765270362,1,330112,0,0,31.14,93445.03,38.35,913673.88,b0
765269850,2,330158,0,0,31.25,93449.50,37.44,576414.31,b0
765286747,3,330204,0,0,31.58,93478.77,36.81,494925.09,b0
765279836,4,330250,0,0,31.39,93429.55,36.78,900417.69,b0
765271387,5,330296,0,0,31.38,93457.28,37.31,651814.13,b0
765283665,6,330342,0,0,31.33,93430.64,37.55,358794.69,b0
765268824,7,330388,0,0,31.21,93465.39,37.44,667753.50,b0
765287253,8,330434,0,0,31.10,93448.14,37.58,517825.53,b0
765270362,1,330481,0,0,31.13,93446.23,38.32,911234.69,b0
765269850,2,330527,0,0,31.25,93449.16,37.45,580334.38,b0
765286747,3,330573,0,0,31.57,93480.55,36.81,494566.53,b0
765279836,4,330619,0,0,31.39,93430.97,36.78,905793.88,b0
765271387,5,330665,0,0,31.38,93456.92,37.30,648101.25,b0
765283665,6,330711,0,0,31.33,93429.91,37.54,359550.56,b0
765268824,7,330757,0,0,31.23,93469.26,37.45,667101.00,b0
765287253,8,330803,0,0,31.11,93449.59,37.58,517433.06,b0
765270362,1,330850,0,0,31.12,93445.84,38.32,910626.94,b0
765269850,2,330896,0,0,31.24,93450.00,37.42,582811.63,b0
765286747,3,330942,0,0,31.57,93480.55,36.81,492426.06,b0
765279836,4,330988,0,0,31.38,93428.63,36.76,905793.88,b0
765271387,5,331034,0,0,31.38,93456.41,37.29,654940.81,b0
765283665,6,331080,0,0,31.33,93428.49,37.54,359172.22,b0
765268824,7,331126,0,0,31.22,93465.06,37.42,661926.31,b0
765287253,8,331173,0,0,31.12,93448.72,37.58,514314.41,b0
765270362,1,331219,0,0,31.12,93444.93,38.31,911843.25,b0
765269850,2,331265,0,0,31.24,93451.07,37.42,576901.44,b0
765286747,3,331311,0,0,31.57,93477.84,36.81,494208.50,b0
765279836,4,331357,0,0,31.39,93429.03,36.76,906997.31,b0
765271387,5,331403,0,0,31.39,93456.46,37.27,653061.25,b0
765283665,6,331450,0,0,31.34,93430.95,37.54,359929.69,b0
765268824,7,331496,0,0,31.24,93466.76,37.42,668407.31,b0
765287253,8,331542,0,0,31.12,93447.66,37.58,515090.53,b0
765270362,1,331588,0,0,31.13,93446.38,38.30,912452.69,b0
765269850,2,331634,0,0,31.24,93450.55,37.41,579349.38,b0
765286747,3,331680,0,0,31.59,93481.15,36.79,494208.50,b0
765279836,4,331726,0,0,31.40,93428.34,36.76,906395.25,b0
765271387,5,331773,0,0,31.40,93458.85,37.26,655569.81,b0
765283665,6,331819,0,0,31.35,93430.66,37.53,358417.91,b0
765268824,7,331865,0,0,31.24,93468.95,37.42,667101.00,b0
765287253,8,331911,0,0,31.12,93448.92,37.57,515090.53,b0
765270362,1,331957,0,0,31.13,93446.59,38.29,913673.88,b0
765269850,2,332003,0,0,31.25,93449.68,37.42,581322.75,b0
765286747,3,332050,0,0,31.59,93478.28,36.81,495643.75,b0
765279836,4,332096,0,0,31.40,93430.16,36.76,904593.63,b0
765271387,5,332142,0,0,31.40,93457.63,37.26,648717.13,b0
765283665,6,332188,0,0,31.35,93428.34,37.53,359172.22,b0
765268824,7,332234,0,0,31.24,93468.57,37.42,667101.00,b0
765287253,8,332280,0,0,31.13,93449.82,37.56,518218.63,b0
765270362,1,332327,0,0,31.14,93445.75,38.30,911234.69,b0
765269850,2,332373,0,0,31.26,93450.80,37.42,579349.38,b0
765286747,3,332419,0,0,31.60,93481.36,36.80,494925.09,b0
765279836,4,332465,0,0,31.41,93430.75,36.77,913062.88,b0
765271387,5,332511,0,0,31.41,93459.27,37.28,652437.06,b0
765283665,6,332557,0,0,31.35,93430.14,37.53,356918.78,b0
765268824,7,332603,0,0,31.24,93467.13,37.41,663857.38,b0
765287253,8,332649,0,0,31.12,93448.55,37.55,518218.63,b0
765270362,1,332696,0,0,31.14,93445.77,38.30,914898.38,b0
765269850,2,332742,0,0,31.26,93451.52,37.40,580828.13,b0
765286747,3,332788,0,0,31.60,93479.75,36.80,492426.06,b0
765279836,4,332834,0,0,31.42,93429.16,36.76,903396.56,b0
765271387,5,332880,0,0,31.41,93457.48,37.26,654313.13,b0
765283665,6,332926,0,0,31.35,93430.48,37.51,358794.69,b0
765268824,7,332972,0,0,31.25,93467.70,37.42,663857.38,b0
765287253,8,333019,0,0,31.13,93449.48,37.52,517041.16,b0
765270362,1,333065,0,0,31.14,93444.88,38.29,913062.88,b0
765269850,2,333111,0,0,31.27,93452.10,37.37,581818.19,b0
765286747,3,333157,0,0,31.60,93479.92,36.79,494566.53,b0
765279836,4,333203,0,0,31.42,93429.52,36.77,905193.38,b0
765271387,5,333249,0,0,31.41,93458.74,37.26,661285.13,b0
765283665,6,333295,0,0,31.35,93429.44,37.49,359929.69,b0
765268824,7,333342,0,0,31.25,93466.61,37.40,661926.31,b0
765287253,8,333388,0,0,31.13,93449.10,37.52,519401.47,b0
765270362,1,333434,0,0,31.16,93447.64,38.29,912452.69,b0
765269850,2,333480,0,0,31.27,93449.05,37.39,583309.63,b0
765286747,3,333526,0,0,31.61,93480.13,36.78,493850.97,b0
765279836,4,333572,0,0,31.42,93432.41,36.75,907600.25,b0
765271387,5,333619,0,0,31.41,93457.48,37.24,649334.19,b0
765283665,6,333665,0,0,31.35,93428.70,37.53,360690.38,b0
765268824,7,333711,0,0,31.25,93469.18,37.39,665151.00,b0
765287253,8,333757,0,0,31.14,93449.49,37.52,517825.53,b0
765270362,1,333803,0,0,31.15,93445.06,38.28,918591.63,b0
765269850,2,333849,0,0,31.27,93450.32,37.40,584808.69,b0
765286747,3,333896,0,0,31.61,93480.30,36.77,494925.09,b0
765279836,4,333942,0,0,31.42,93430.42,36.74,908204.00,b0
765271387,5,333988,0,0,31.41,93458.05,37.26,651814.13,b0
765283665,6,334034,0,0,31.36,93430.25,37.49,360309.66,b0
765268824,7,334080,0,0,31.26,93466.09,37.39,664503.56,b0
765287253,8,334126,0,0,31.14,93450.23,37.52,516259.13,b0
765270362,1,334173,0,0,31.14,93446.12,38.26,915511.88,b0
765269850,2,334219,0,0,31.26,93449.92,37.38,583309.63,b0
765286747,3,334265,0,0,31.61,93480.49,36.77,494566.53,b0
765279836,4,334311,0,0,31.43,93429.38,36.73,911843.25,b0
765271387,5,334357,0,0,31.42,93459.14,37.23,652437.06,b0
765283665,6,334403,0,0,31.37,93430.12,37.48,362221.44,b0
765268824,7,334449,0,0,31.26,93467.93,37.38,663212.44,b0
765287253,8,334495,0,0,31.15,93450.23,37.52,517825.53,b0
765270362,1,334542,0,0,31.15,93447.61,38.26,913673.88,b0
765269850,2,334588,0,0,31.27,93451.38,37.38,580334.38,b0
765286747,3,334634,0,0,31.61,93479.07,36.76,497449.59,b0
765279836,4,334680,0,0,31.43,93429.38,36.71,911234.69,b0
765271387,5,334726,0,0,31.42,93457.03,37.25,651814.13,b0
765283665,6,334772,0,0,31.37,93430.48,37.49,361071.94,b0
765268824,7,334818,0,0,31.26,93468.13,37.39,665151.00,b0
765287253,8,334864,0,0,31.14,93450.77,37.52,515090.53,b0
765270362,1,334911,0,0,31.15,93449.59,38.25,922314.81,b0
765269850,2,334957,0,0,31.28,93452.30,37.35,581818.19,b0
765286747,3,335003,0,0,31.62,93481.08,36.74,496364.53,b0
765279836,4,335049,0,0,31.43,93429.41,36.71,910020.00,b0
765271387,5,335095,0,0,31.43,93461.36,37.23,650571.81,b0
765283665,6,335141,0,0,31.38,93430.41,37.47,359929.69,b0
765268824,7,335188,0,0,31.26,93469.02,37.37,667101.00,b0
765287253,8,335234,0,0,31.14,93450.39,37.50,519006.59,b0
765270362,1,335280,0,0,31.16,93447.28,38.24,916741.25,b0
765269850,2,335326,0,0,31.27,93450.30,37.36,580828.13,b0
765286747,3,335372,0,0,31.63,93480.55,36.75,497087.38,b0
765279836,4,335418,0,0,31.44,93429.60,36.72,908808.50,b0
765271387,5,335464,0,0,31.43,93457.80,37.22,650571.81,b0
765283665,6,335511,0,0,31.38,93431.61,37.48,359550.56,b0
765268824,7,335557,0,0,31.26,93468.66,37.36,663857.38,b0
765287253,8,335603,0,0,31.15,93449.90,37.49,515869.03,b0
765270362,1,335649,0,0,31.15,93445.45,38.23,913062.88,b0
765269850,2,335695,0,0,31.28,93451.05,37.34,581818.19,b0
765286747,3,335741,0,0,31.63,93482.55,36.74,497087.38,b0
765279836,4,335788,0,0,31.44,93429.43,36.71,910626.94,b0
765271387,5,335834,0,0,31.44,93458.95,37.23,658732.69,b0
765283665,6,335880,0,0,31.38,93430.03,37.48,357666.78,b0
765268824,7,335926,0,0,31.26,93468.66,37.37,663857.38,b0
765287253,8,335972,0,0,31.16,93449.55,37.49,515869.03,b0
765270362,1,336018,0,0,31.16,93447.80,38.24,913673.88,b0
765269850,2,336065,0,0,31.27,93452.47,37.33,583808.44,b0
765286747,3,336111,0,0,31.63,93480.95,36.74,497812.34,b0
765279836,4,336157,0,0,31.44,93429.09,36.68,910626.94,b0
765271387,5,336203,0,0,31.44,93458.05,37.23,658097.69,b0
765283665,6,336249,0,0,31.38,93431.49,37.48,362221.44,b0
765268824,7,336295,0,0,31.27,93467.95,37.35,665799.75,b0
765287253,8,336341,0,0,31.17,93448.32,37.50,518218.63,b0
765270362,1,336388,0,0,31.15,93447.06,38.21,911843.25,b0
765269850,2,336434,0,0,31.26,93451.16,37.34,583309.63,b0
765286747,3,336480,0,0,31.63,93479.48,36.73,496725.69,b0
765279836,4,336526,0,0,31.44,93429.78,36.69,913062.88,b0
765271387,5,336572,0,0,31.44,93458.77,37.22,648717.13,b0
765283665,6,336618,0,0,31.39,93429.73,37.46,359172.22,b0
765268824,7,336664,0,0,31.27,93468.51,37.35,666449.75,b0
765287253,8,336710,0,0,31.17,93448.87,37.50,516649.84,b0
765270362,1,336757,0,0,31.15,93447.57,38.22,916126.13,b0
765269850,2,336803,0,0,31.27,93450.48,37.33,584308.13,b0
765286747,3,336849,0,0,31.64,93483.66,36.73,497812.34,b0
765279836,4,336895,0,0,31.45,93429.66,36.69,912452.69,b0
765271387,5,336941,0,0,31.45,93460.93,37.21,645649.44,b0
765283665,6,336987,0,0,31.39,93429.09,37.44,361071.94,b0
765268824,7,337033,0,0,31.27,93466.30,37.33,662568.75,b0
765287253,8,337080,0,0,31.17,93448.70,37.47,516649.84,b0
765270362,1,337126,0,0,31.14,93446.66,38.21,917357.25,b0
765269850,2,337172,0,0,31.27,93452.29,37.32,582314.50,b0
765286747,3,337218,0,0,31.64,93479.70,36.72,495284.16,b0
765279836,4,337264,0,0,31.45,93429.85,36.67,914285.69,b0
765271387,5,337310,0,0,31.46,93459.56,37.20,648101.25,b0
765283665,6,337357,0,0,31.40,93428.63,37.44,356173.91,b0
765268824,7,337403,0,0,31.27,93467.05,37.35,663857.38,b0
765287253,8,337449,0,0,31.17,93449.59,37.47,517041.16,b0
765270362,1,337495,0,0,31.16,93448.36,38.21,913673.88,b0
765269850,2,337541,0,0,31.28,93451.05,37.30,583309.63,b0
765286747,3,337587,0,0,31.64,93479.71,36.71,496003.88,b0
765279836,4,337633,0,0,31.45,93429.34,36.67,911234.69,b0
765271387,5,337680,0,0,31.46,93459.59,37.21,648717.13,b0
765283665,6,337726,0,0,31.41,93430.29,37.45,358041.97,b0
765268824,7,337772,0,0,31.27,93469.97,37.35,662568.75,b0
765287253,8,337818,0,0,31.16,93449.22,37.45,518218.63,b0
765270362,1,337864,0,0,31.16,93447.67,38.22,914898.38,b0
765269850,2,337910,0,0,31.29,93450.03,37.31,581322.75,b0
765286747,3,337957,0,0,31.64,93478.80,36.70,495643.75,b0
765279836,4,338003,0,0,31.46,93429.56,36.67,909413.88,b0
765271387,5,338049,0,0,31.46,93457.07,37.20,656831.31,b0
765283665,6,338095,0,0,31.41,93431.92,37.44,359550.56,b0
765268824,7,338141,0,0,31.28,93467.45,37.33,666449.75,b0
765287253,8,338187,0,0,31.16,93447.95,37.43,518218.63,b0
765270362,1,338234,0,0,31.17,93446.78,38.20,916126.13,b0
765269850,2,338280,0,0,31.29,93452.17,37.31,582811.63,b0
765286747,3,338326,0,0,31.65,93479.54,36.72,496725.69,b0
765279836,4,338372,0,0,31.47,93431.57,36.65,908204.00,b0
765271387,5,338418,0,0,31.46,93457.80,37.18,656831.31,b0
765283665,6,338464,0,0,31.40,93429.17,37.44,360690.38,b0
765268824,7,338510,0,0,31.28,93468.16,37.31,666449.75,b0
765287253,8,338556,0,0,31.17,93449.60,37.43,520193.03,b0
765270362,1,338603,0,0,31.17,93448.26,38.21,914898.38,b0
765269850,2,338649,0,0,31.29,93452.02,37.30,579841.44,b0
765286747,3,338695,0,0,31.64,93480.44,36.69,495643.75,b0
765279836,4,338741,0,0,31.46,93430.63,36.64,913062.88,b0
765271387,5,338787,0,0,31.46,93458.33,37.19,650571.81,b0
765283665,6,338833,0,0,31.41,93430.29,37.44,360309.66,b0
765268824,7,338879,0,0,31.27,93469.41,37.31,667753.50,b0
765287253,8,338926,0,0,31.17,93449.95,37.43,520589.72,b0
765270362,1,338972,0,0,31.17,93447.36,38.18,913673.88,b0
765269850,2,339018,0,0,31.30,93452.56,37.30,583309.63,b0
765286747,3,339064,0,0,31.65,93480.80,36.68,498539.44,b0
765279836,4,339110,0,0,31.46,93429.56,36.64,909413.88,b0
765271387,5,339156,0,0,31.46,93459.21,37.18,649334.19,b0
765283665,6,339202,0,0,31.40,93430.27,37.43,359172.22,b0
765268824,7,339249,0,0,31.26,93469.03,37.29,667101.00,b0
765287253,8,339295,0,0,31.16,93449.04,37.42,520589.72,b0
765270362,1,339341,0,0,31.16,93448.18,38.19,921692.19,b0
765269850,2,339387,0,0,31.28,93452.51,37.29,582811.63,b0
765286747,3,339433,0,0,31.64,93481.52,36.68,497449.59,b0
765279836,4,339479,0,0,31.46,93429.38,36.63,914898.38,b0
765271387,5,339526,0,0,31.46,93458.51,37.17,651814.13,b0
765283665,6,339572,0,0,31.41,93429.59,37.42,359929.69,b0
765268824,7,339618,0,0,31.26,93466.84,37.29,668407.31,b0
765287253,8,339664,0,0,31.17,93448.87,37.40,519796.97,b0
765270362,1,339710,0,0,31.14,93445.75,38.16,921070.38,b0
765269850,2,339756,0,0,31.27,93453.01,37.29,582811.63,b0
765286747,3,339803,0,0,31.63,93480.23,36.65,500000.00,b0
765279836,4,339849,0,0,31.46,93429.21,36.62,914898.38,b0
765271387,5,339895,0,0,31.47,93457.15,37.15,655569.81,b0
765283665,6,339941,0,0,31.42,93431.27,37.41,361071.94,b0
765268824,7,339987,0,0,31.26,93466.84,37.26,669718.75,b0
765287253,8,340033,0,0,31.17,93449.42,37.40,520193.03,b0
765270362,1,340080,0,0,31.13,93446.07,38.15,924813.75,b0
765269850,2,340126,0,0,31.27,93452.10,37.27,587324.38,b0
765286747,3,340172,0,0,31.65,93480.80,36.66,501101.06,b0
765279836,4,340218,0,0,31.47,93429.57,36.62,918591.63,b0
765271387,5,340264,0,0,31.47,93457.33,37.14,649334.19,b0
765283665,6,340310,0,0,31.42,93430.56,37.39,359172.22,b0
765268824,7,340356,0,0,31.26,93469.40,37.28,669062.38,b0
765287253,8,340402,0,0,31.17,93449.24,37.40,519796.97,b0
765270362,1,340449,0,0,31.14,93446.28,38.15,921070.38,b0
765269850,2,340495,0,0,31.27,93450.32,37.27,583309.63,b0
765286747,3,340541,0,0,31.64,93478.98,36.66,502206.97,b0
765279836,4,340587,0,0,31.46,93429.91,36.61,921692.19,b0
765271387,5,340633,0,0,31.47,93457.35,37.15,664503.56,b0
765283665,6,340679,0,0,31.42,93430.99,37.39,360309.66,b0
765268824,7,340725,0,0,31.27,93467.77,37.25,670376.44,b0
765287253,8,340771,0,0,31.18,93448.70,37.39,518612.31,b0
765270362,1,340818,0,0,31.14,93445.95,38.13,924187.75,b0
765269850,2,340864,0,0,31.28,93451.41,37.25,584808.69,b0
765286747,3,340910,0,0,31.65,93480.08,36.62,502576.69,b0
765279836,4,340956,0,0,31.47,93429.93,36.61,921070.38,b0
765271387,5,341002,0,0,31.48,93459.18,37.16,654313.13,b0
765283665,6,341048,0,0,31.43,93430.15,37.40,359172.22,b0
765268824,7,341094,0,0,31.27,93467.77,37.26,669062.38,b0
765287253,8,341141,0,0,31.19,93451.78,37.38,520987.03,b0
765270362,1,341187,0,0,31.15,93446.88,38.13,925440.56,b0
765269850,2,341233,0,0,31.28,93450.87,37.26,587324.38,b0
765286747,3,341279,0,0,31.65,93480.82,36.64,502206.97,b0
765279836,4,341325,0,0,31.47,93429.77,36.61,923562.56,b0
765271387,5,341371,0,0,31.48,93458.84,37.16,653061.25,b0
765283665,6,341418,0,0,31.44,93431.47,37.38,361071.94,b0
765268824,7,341464,0,0,31.27,93469.23,37.25,668407.31,b0
765287253,8,341510,0,0,31.18,93447.45,37.38,520193.03,b0
765270362,1,341556,0,0,31.15,93446.18,38.15,928587.63,b0
765269850,2,341602,0,0,31.28,93450.54,37.25,592421.19,b0
765286747,3,341648,0,0,31.65,93479.74,36.64,502576.69,b0
765279836,4,341694,0,0,31.47,93427.45,36.59,928587.63,b0
765271387,5,341741,0,0,31.48,93457.58,37.11,658097.69,b0
765283665,6,341787,0,0,31.43,93428.88,37.38,357666.78,b0
765268824,7,341833,0,0,31.26,93467.59,37.25,670376.44,b0
765287253,8,341879,0,0,31.19,93449.46,37.38,520987.03,b0
765270362,1,341925,0,0,31.15,93444.91,38.14,926068.25,b0
765269850,2,341971,0,0,31.29,93450.38,37.24,590371.88,b0
765286747,3,342018,0,0,31.66,93481.03,36.60,503317.78,b0
765279836,4,342064,0,0,31.48,93429.45,36.59,927326.25,b0
765271387,5,342110,0,0,31.48,93456.46,37.11,652437.06,b0
765283665,6,342156,0,0,31.43,93429.63,37.36,359929.69,b0
765268824,7,342202,0,0,31.27,93468.34,37.25,669062.38,b0
765287253,8,342248,0,0,31.19,93448.93,37.36,521384.94,b0
765270362,1,342295,0,0,31.15,93444.17,38.15,934306.56,b0
765269850,2,342341,0,0,31.29,93450.04,37.24,588844.19,b0
765286747,3,342387,0,0,31.65,93480.98,36.60,505180.06,b0
765279836,4,342433,0,0,31.47,93428.70,36.59,928587.63,b0
765271387,5,342479,0,0,31.48,93457.41,37.11,655569.81,b0
765283665,6,342525,0,0,31.44,93430.22,37.37,358417.91,b0
765268824,7,342571,0,0,31.27,93466.15,37.25,670376.44,b0
765287253,8,342617,0,0,31.19,93449.82,37.36,520987.03,b0
765270362,1,342664,0,0,31.15,93444.89,38.12,934306.56,b0
765269850,2,342710,0,0,31.29,93450.56,37.24,589861.75,b0
765286747,3,342756,0,0,31.65,93477.58,36.62,507056.19,b0
765279836,4,342802,0,0,31.47,93427.99,36.56,929852.44,b0
765271387,5,342848,0,0,31.48,93457.05,37.10,661285.13,b0
765283665,6,342894,0,0,31.44,93430.77,37.36,362221.44,b0
765268824,7,342940,0,0,31.28,93467.80,37.24,669062.38,b0
765287253,8,342987,0,0,31.19,93448.75,37.35,522582.28,b0
765270362,1,343033,0,0,31.15,93445.63,38.13,928587.63,b0
765269850,2,343079,0,0,31.28,93450.00,37.21,589861.75,b0
765286747,3,343125,0,0,31.65,93478.13,36.60,508188.59,b0
765279836,4,343171,0,0,31.48,93428.93,36.56,933029.63,b0
765271387,5,343217,0,0,31.49,93457.11,37.10,658097.69,b0
765283665,6,343263,0,0,31.44,93430.62,37.36,362221.44,b0
765268824,7,343310,0,0,31.27,93465.95,37.24,669062.38,b0
765287253,8,343356,0,0,31.19,93448.02,37.33,520987.03,b0
765270362,1,343402,0,0,31.16,93446.22,38.10,938803.56,b0
765269850,2,343448,0,0,31.28,93449.47,37.22,593967.50,b0
765286747,3,343494,0,0,31.66,93478.34,36.59,508946.31,b0
765279836,4,343540,0,0,31.49,93428.07,36.55,934946.38,b0
765271387,5,343587,0,0,31.50,93457.87,37.10,655569.81,b0
765283665,6,343633,0,0,31.45,93428.53,37.36,360690.38,b0
765268824,7,343679,0,0,31.27,93468.34,37.24,671695.63,b0
765287253,8,343725,0,0,31.19,93448.55,37.32,522182.56,b0
765270362,1,343771,0,0,31.15,93444.93,38.13,937514.31,b0
765269850,2,343817,0,0,31.28,93449.10,37.22,593967.50,b0
765286747,3,343864,0,0,31.67,93477.63,36.59,508188.59,b0
765279836,4,343910,0,0,31.48,93428.95,36.53,935587.00,b0
765271387,5,343956,0,0,31.50,93457.31,37.08,656199.94,b0
765283665,6,344002,0,0,31.44,93428.68,37.36,361454.28,b0
765268824,7,344048,0,0,31.28,93467.45,37.24,670376.44,b0
765287253,8,344094,0,0,31.18,93449.09,37.32,522582.28,b0
765270362,1,344141,0,0,31.15,93444.73,38.10,935587.00,b0
765269850,2,344187,0,0,31.28,93450.17,37.22,596041.94,b0
765286747,3,344233,0,0,31.67,93477.45,36.58,509326.03,b0
765279836,4,344279,0,0,31.49,93426.63,36.54,934306.56,b0
765271387,5,344325,0,0,31.50,93458.04,37.09,658097.69,b0
765283665,6,344371,0,0,31.44,93428.27,37.34,361071.94,b0
765268824,7,344417,0,0,31.26,93466.65,37.22,669062.38,b0
765287253,8,344463,0,0,31.17,93447.80,37.32,524187.34,b0
765270362,1,344510,0,0,31.16,93444.96,38.09,940096.38,b0
765269850,2,344556,0,0,31.28,93449.28,37.22,596562.75,b0
765286747,3,344602,0,0,31.67,93478.54,36.59,509326.03,b0
765279836,4,344648,0,0,31.49,93427.91,36.53,938803.56,b0
765271387,5,344694,0,0,31.49,93456.73,37.07,658097.69,b0
765283665,6,344740,0,0,31.43,93429.98,37.33,364542.53,b0
765268824,7,344786,0,0,31.26,93467.39,37.23,673684.19,b0
765287253,8,344832,0,0,31.17,93449.40,37.32,526613.50,b0
765270362,1,344879,0,0,31.17,93446.25,38.11,943344.06,b0
765269850,2,344925,0,0,31.29,93450.02,37.20,596562.75,b0
765286747,3,344971,0,0,31.67,93476.91,36.58,509706.31,b0
765279836,4,345017,0,0,31.49,93428.25,36.53,943996.31,b0
765271387,5,345063,0,0,31.47,93457.34,37.07,665151.00,b0
765283665,6,345109,0,0,31.42,93428.78,37.32,361837.47,b0
765268824,7,345156,0,0,31.26,93467.94,37.22,672357.19,b0
765287253,8,345202,0,0,31.17,93447.80,37.30,527020.06,b0
765270362,1,345248,0,0,31.17,93445.21,38.09,944649.44,b0
765269850,2,345294,0,0,31.29,93448.59,37.19,595002.88,b0
765286747,3,345340,0,0,31.66,93478.88,36.56,510850.59,b0
765279836,4,345386,0,0,31.48,93428.73,36.50,938803.56,b0
765271387,5,345432,0,0,31.46,93457.11,37.05,670376.44,b0
765283665,6,345479,0,0,31.42,93427.40,37.31,363765.53,b0
765268824,7,345525,0,0,31.28,93467.63,37.20,677024.81,b0
765287253,8,345571,0,0,31.18,93448.53,37.32,529062.25,b0
765270362,1,345617,0,0,31.16,93447.29,38.09,947271.06,b0
765269850,2,345663,0,0,31.28,93449.97,37.19,596562.75,b0
765286747,3,345709,0,0,31.65,93479.74,36.55,511616.28,b0
765279836,4,345756,0,0,31.47,93427.78,36.52,944649.44,b0
765271387,5,345802,0,0,31.48,93456.83,37.05,669718.75,b0
765283665,6,345848,0,0,31.44,93429.17,37.29,366499.66,b0
765268824,7,345894,0,0,31.27,93464.70,37.21,676354.00,b0
765287253,8,345940,0,0,31.18,93446.41,37.31,528652.56,b0
765270362,1,345986,0,0,31.16,93444.40,38.09,940096.38,b0
765269850,2,346033,0,0,31.27,93448.54,37.19,596041.94,b0
765286747,3,346079,0,0,31.66,93478.67,36.55,511233.16,b0
765279836,4,346125,0,0,31.48,93425.88,36.51,944649.44,b0
765271387,5,346171,0,0,31.49,93457.11,37.03,661926.31,b0
765283665,6,346217,0,0,31.45,93428.34,37.29,364542.53,b0
765268824,7,346263,0,0,31.29,93467.86,37.20,675016.50,b0
765287253,8,346309,0,0,31.19,93448.92,37.31,529062.25,b0
765270362,1,346356,0,0,31.16,93445.34,38.10,946614.31,b0
765269850,2,346402,0,0,31.28,93449.45,37.19,598655.38,b0
765286747,3,346448,0,0,31.66,93479.59,36.56,513154.59,b0
765279836,4,346494,0,0,31.49,93428.61,36.51,942692.75,b0
765271387,5,346540,0,0,31.49,93456.73,37.03,671695.63,b0
765283665,6,346586,0,0,31.45,93429.99,37.29,363765.53,b0
765268824,7,346632,0,0,31.28,93465.09,37.20,677024.81,b0
765287253,8,346678,0,0,31.19,93448.21,37.31,527427.25,b0
765270362,1,346725,0,0,31.17,93443.76,38.09,940096.38,b0
765269850,2,346771,0,0,31.29,93450.57,37.19,599180.81,b0
765286747,3,346817,0,0,31.67,93480.15,36.55,512769.16,b0
765279836,4,346863,0,0,31.50,93428.13,36.51,944649.44,b0
765271387,5,346909,0,0,31.50,93456.63,37.03,669718.75,b0
765283665,6,346955,0,0,31.45,93428.55,37.29,365322.88,b0
765268824,7,347001,0,0,31.29,93467.66,37.20,680398.69,b0
765287253,8,347048,0,0,31.17,93447.27,37.28,529883.56,b0
765270362,1,347094,0,0,31.17,93444.48,38.07,939449.56,b0
765269850,2,347140,0,0,31.30,93449.00,37.19,598130.81,b0
765286747,3,347186,0,0,31.67,93477.80,36.56,513540.63,b0
765279836,4,347232,0,0,31.50,93426.70,36.51,940744.13,b0
765271387,5,347278,0,0,31.50,93457.69,37.03,665151.00,b0
765283665,6,347325,0,0,31.44,93430.05,37.28,365714.28,b0
765268824,7,347371,0,0,31.28,93466.52,37.19,679045.06,b0
765287253,8,347417,0,0,31.18,93448.00,37.25,529883.56,b0
765270362,1,347463,0,0,31.18,93445.95,38.08,947928.75,b0
765269850,2,347509,0,0,31.31,93450.64,37.19,596041.94,b0
765286747,3,347555,0,0,31.67,93479.07,36.55,513927.22,b0
765279836,4,347601,0,0,31.49,93427.04,36.51,946614.31,b0
765271387,5,347648,0,0,31.50,93457.84,37.02,673684.19,b0
765283665,6,347694,0,0,31.44,93428.09,37.27,364932.28,b0
765268824,7,347740,0,0,31.28,93466.16,37.17,676354.00,b0
765287253,8,347786,0,0,31.18,93447.45,37.25,528243.50,b0
765270362,1,347832,0,0,31.18,93444.34,38.09,948587.31,b0
765269850,2,347878,0,0,31.31,93450.64,37.20,599180.81,b0
765286747,3,347925,0,0,31.66,93477.61,36.54,514702.19,b0
765279836,4,347971,0,0,31.50,93427.95,36.49,943344.06,b0
765271387,5,348017,0,0,31.50,93456.78,37.02,664503.56,b0
765283665,6,348063,0,0,31.44,93429.39,37.27,366106.53,b0
765268824,7,348109,0,0,31.29,93466.38,37.17,681077.50,b0
765287253,8,348155,0,0,31.18,93447.82,37.23,530707.44,b0
765270362,1,348202,0,0,31.19,93445.46,38.08,947928.75,b0
765269850,2,348248,0,0,31.32,93451.75,37.19,599180.81,b0
765286747,3,348294,0,0,31.67,93478.90,36.54,513154.59,b0
765279836,4,348340,0,0,31.50,93427.61,36.49,949907.25,b0
765271387,5,348386,0,0,31.50,93456.59,37.00,670376.44,b0
765283665,6,348432,0,0,31.43,93428.92,37.26,365322.88,b0
765268824,7,348478,0,0,31.29,93466.38,37.15,682439.19,b0
765287253,8,348524,0,0,31.18,93447.81,37.25,532362.88,b0
765270362,1,348571,0,0,31.19,93445.28,38.08,941392.81,b0
765269850,2,348617,0,0,31.31,93449.23,37.17,602884.88,b0
765286747,3,348663,0,0,31.67,93479.25,36.53,512769.16,b0
765279836,4,348709,0,0,31.50,93429.40,36.47,944649.44,b0
765271387,5,348755,0,0,31.50,93457.35,37.02,665799.75,b0
765283665,6,348801,0,0,31.43,93427.65,37.26,366106.53,b0
765268824,7,348847,0,0,31.29,93465.65,37.16,682439.19,b0
765287253,8,348894,0,0,31.18,93447.81,37.26,533194.50,b0
765270362,1,348940,0,0,31.18,93445.95,38.06,949246.81,b0
765269850,2,348986,0,0,31.31,93449.60,37.19,601821.94,b0
765286747,3,349032,0,0,31.67,93478.54,36.52,516259.13,b0
765279836,4,349078,0,0,31.50,93428.52,36.47,948587.31,b0
765271387,5,349124,0,0,31.50,93458.07,37.00,665799.75,b0
765283665,6,349170,0,0,31.44,93427.90,37.26,366106.53,b0
765268824,7,349217,0,0,31.29,93466.02,37.15,683122.06,b0
765287253,8,349263,0,0,31.18,93446.03,37.26,534028.69,b0
765270362,1,349309,0,0,31.17,93444.68,38.08,945303.50,b0
765269850,2,349355,0,0,31.32,93449.25,37.17,602352.94,b0
765286747,3,349401,0,0,31.68,93478.20,36.53,515090.53,b0
765279836,4,349447,0,0,31.51,93428.73,36.48,945958.44,b0
765271387,5,349494,0,0,31.51,93457.78,36.99,665799.75,b0
765283665,6,349540,0,0,31.44,93428.62,37.25,366106.53,b0
765268824,7,349586,0,0,31.29,93467.11,37.14,680398.69,b0
765287253,8,349632,0,0,31.19,93448.38,37.25,534865.50,b0
765270362,1,349678,0,0,31.18,93445.60,38.06,947271.06,b0
765269850,2,349724,0,0,31.33,93452.32,37.19,601821.94,b0
765286747,3,349770,0,0,31.67,93478.37,36.54,515479.50,b0
765279836,4,349817,0,0,31.51,93428.39,36.49,945958.44,b0
765271387,5,349863,0,0,31.51,93457.22,36.99,675016.50,b0
765283665,6,349909,0,0,31.44,93429.73,37.25,375229.03,b0
765268824,7,349955,0,0,31.29,93466.38,37.15,679045.06,b0
765287253,8,350001,0,0,31.18,93447.65,37.24,533611.25,b0
765270362,1,350048,0,0,31.18,93445.59,38.06,954556.06,b0
765269850,2,350094,0,0,31.33,93450.20,37.18,604486.44,b0
765286747,3,350140,0,0,31.68,93479.45,36.55,514314.41,b0
765279836,4,350186,0,0,31.52,93429.32,36.49,948587.31,b0
765271387,5,350232,0,0,31.51,93457.41,37.00,667101.00,b0
765283665,6,350278,0,0,31.43,93428.59,37.23,368477.88,b0
765268824,7,350324,0,0,31.29,93466.75,37.14,683122.06,b0
765287253,8,350370,0,0,31.19,93447.13,37.26,533194.50,b0
765270362,1,350417,0,0,31.17,93444.28,38.08,954556.06,b0
765269850,2,350463,0,0,31.33,93448.41,37.17,601291.81,b0
765286747,3,350509,0,0,31.67,93478.36,36.54,517041.16,b0
765279836,4,350555,0,0,31.52,93427.15,36.50,949246.81,b0
765271387,5,350601,0,0,31.52,93458.52,36.99,665799.75,b0
765283665,6,350647,0,0,31.44,93428.68,37.25,376263.09,b0
765268824,7,350693,0,0,31.28,93466.91,37.16,683122.06,b0
765287253,8,350739,0,0,31.19,93448.22,37.24,535284.88,b0
765270362,1,350786,0,0,31.17,93445.02,38.06,953223.19,b0
765269850,2,350832,0,0,31.33,93449.28,37.17,601821.94,b0
765286747,3,350878,0,0,31.67,93479.08,36.53,515090.53,b0
765279836,4,350924,0,0,31.51,93427.31,36.48,947928.75,b0
765271387,5,350970,0,0,31.51,93457.97,36.98,670376.44,b0
765283665,6,351016,0,0,31.45,93428.71,37.23,375435.38,b0
765268824,7,351062,0,0,31.29,93467.84,37.14,683806.38,b0
765287253,8,351109,0,0,31.20,93448.96,37.25,532778.38,b0
765270362,1,351155,0,0,31.17,93444.66,38.06,952558.13,b0
765269850,2,351201,0,0,31.32,93449.63,37.16,603417.81,b0
765286747,3,351247,0,0,31.68,93478.01,36.52,517433.06,b0
765279836,4,351293,0,0,31.52,93428.22,36.49,947928.75,b0
765271387,5,351339,0,0,31.52,93456.22,37.00,672357.19,b0
765283665,6,351386,0,0,31.46,93429.87,37.24,375435.38,b0
765268824,7,351432,0,0,31.29,93467.13,37.14,679045.06,b0
765287253,8,351478,0,0,31.20,93448.26,37.24,534028.69,b0
765270362,1,351524,0,0,31.17,93443.95,38.06,955892.63,b0
765269850,2,351570,0,0,31.32,93449.97,37.16,603951.63,b0
765286747,3,351616,0,0,31.69,93479.51,36.54,518218.63,b0
765279836,4,351662,0,0,31.52,93428.05,36.47,949246.81,b0
765271387,5,351709,0,0,31.53,93456.98,36.97,675684.56,b0
765283665,6,351755,0,0,31.47,93429.97,37.23,368477.88,b0
765268824,7,351801,0,0,31.29,93465.31,37.14,679045.06,b0
765287253,8,351847,0,0,31.20,93447.35,37.25,534865.50,b0
765270362,1,351893,0,0,31.19,93445.48,38.06,955892.63,b0
765269850,2,351939,0,0,31.33,93448.39,37.15,605022.19,b0
765286747,3,351986,0,0,31.70,93478.44,36.52,516259.13,b0
765279836,4,352032,0,0,31.52,93426.64,36.46,953223.19,b0
765271387,5,352078,0,0,31.53,93457.34,36.99,667753.50,b0
765283665,6,352124,0,0,31.48,93430.77,37.23,365714.28,b0
765268824,7,352170,0,0,31.31,93468.63,37.14,680398.69,b0
765287253,8,352216,0,0,31.20,93447.01,37.23,534446.75,b0
765270362,1,352263,0,0,31.19,93445.85,38.06,958577.13,b0
765269850,2,352309,0,0,31.33,93451.06,37.16,603951.63,b0
765286747,3,352355,0,0,31.69,93479.34,36.51,518218.63,b0
765279836,4,352401,0,0,31.53,93428.65,36.46,951894.00,b0
765271387,5,352447,0,0,31.54,93460.28,36.97,673684.19,b0
765283665,6,352493,0,0,31.48,93430.23,37.23,365322.88,b0
765268824,7,352539,0,0,31.31,93467.73,37.14,679721.19,b0
765287253,8,352585,0,0,31.21,93447.91,37.23,534028.69,b0
765270362,1,352632,0,0,31.19,93445.10,38.04,950568.56,b0
765269850,2,352678,0,0,31.32,93450.34,37.15,607715.13,b0
765286747,3,352724,0,0,31.70,93481.52,36.52,516649.84,b0
765279836,4,352770,0,0,31.52,93428.61,36.45,953889.13,b0
765271387,5,352816,0,0,31.54,93458.30,36.99,667101.00,b0
765283665,6,352862,0,0,31.49,93431.57,37.24,364932.28,b0
765268824,7,352908,0,0,31.31,93465.73,37.13,680398.69,b0
765287253,8,352955,0,0,31.22,93447.57,37.23,531948.06,b0
765270362,1,353001,0,0,31.19,93444.38,38.04,961276.69,b0
765269850,2,353047,0,0,31.33,93450.02,37.16,609886.81,b0
765286747,3,353093,0,0,31.69,93480.41,36.52,516649.84,b0
765279836,4,353139,0,0,31.52,93426.82,36.47,955223.88,b0
765271387,5,353185,0,0,31.54,93456.31,36.97,665151.00,b0
765283665,6,353231,0,0,31.49,93429.44,37.22,366106.53,b0
765268824,7,353278,0,0,31.31,93466.28,37.14,675016.50,b0
765287253,8,353324,0,0,31.22,93449.73,37.23,529883.56,b0
765270362,1,353370,0,0,31.19,93445.48,38.04,956562.38,b0
765269850,2,353416,0,0,31.33,93450.21,37.12,606635.06,b0
765286747,3,353462,0,0,31.70,93480.26,36.51,519006.59,b0
765279836,4,353508,0,0,31.53,93427.19,36.46,950568.56,b0
765271387,5,353555,0,0,31.54,93458.15,36.98,665151.00,b0
765283665,6,353601,0,0,31.50,93431.31,37.24,363765.53,b0
765268824,7,353647,0,0,31.31,93466.48,37.14,677696.88,b0
765287253,8,353693,0,0,31.23,93450.65,37.23,531120.31,b0
765270362,1,353739,0,0,31.19,93443.88,38.04,951230.81,b0
765269850,2,353785,0,0,31.34,93449.86,37.14,608256.63,b0
765286747,3,353832,0,0,31.70,93478.46,36.51,519401.47,b0
765279836,4,353878,0,0,31.53,93427.21,36.45,953889.13,b0
765271387,5,353924,0,0,31.55,93460.34,36.99,661285.13,b0
765283665,6,353970,0,0,31.49,93430.23,37.23,364153.63,b0
765268824,7,354016,0,0,31.32,93467.41,37.13,673020.06,b0
765287253,8,354062,0,0,31.23,93449.94,37.23,530295.19,b0
765270362,1,354109,0,0,31.20,93445.36,38.04,957233.00,b0
765269850,2,354155,0,0,31.34,93448.62,37.14,605558.81,b0
765286747,3,354201,0,0,31.70,93477.20,36.51,518612.31,b0
765279836,4,354247,0,0,31.53,93426.86,36.43,951230.81,b0
765271387,5,354293,0,0,31.54,93457.96,36.97,669718.75,b0
765283665,6,354339,0,0,31.49,93429.84,37.23,362221.44,b0
765268824,7,354385,0,0,31.32,93467.23,37.13,676354.00,b0
765287253,8,354431,0,0,31.23,93449.04,37.23,534028.69,b0
765270362,1,354478,0,0,31.20,93445.02,38.04,959925.00,b0
765269850,2,354524,0,0,31.34,93450.60,37.13,605558.81,b0
765286747,3,354570,0,0,31.71,93479.57,36.50,519006.59,b0
765279836,4,354616,0,0,31.54,93427.63,36.43,955223.88,b0
765271387,5,354662,0,0,31.55,93456.94,36.96,669718.75,b0
765283665,6,354708,0,0,31.50,93428.84,37.23,365322.88,b0
765268824,7,354754,0,0,31.32,93465.96,37.13,677696.88,b0
765287253,8,354800,0,0,31.23,93448.14,37.21,531948.06,b0
765270362,1,354847,0,0,31.21,93445.76,38.03,958577.13,b0
765269850,2,354893,0,0,31.35,93449.19,37.12,606096.50,b0
765286747,3,354939,0,0,31.70,93478.99,36.49,517433.06,b0
765279836,4,354985,0,0,31.54,93426.19,36.42,958577.13,b0
765271387,5,355031,0,0,31.55,93459.09,36.96,665151.00,b0
765283665,6,355077,0,0,31.50,93428.69,37.23,363378.28,b0
765268824,7,355123,0,0,31.32,93465.41,37.11,678370.31,b0
765287253,8,355170,0,0,31.23,93447.07,37.20,531948.06,b0
765270362,1,355216,0,0,31.20,93444.45,38.04,958577.13,b0
765269850,2,355262,0,0,31.36,93450.48,37.14,607715.13,b0
765286747,3,355308,0,0,31.72,93479.95,36.49,518218.63,b0
765279836,4,355354,0,0,31.55,93428.37,36.42,953223.19,b0
765271387,5,355400,0,0,31.56,93457.87,36.96,669062.38,b0
765283665,6,355447,0,0,31.50,93429.91,37.22,364542.53,b0
765268824,7,355493,0,0,31.31,93467.21,37.13,679721.19,b0
765287253,8,355539,0,0,31.23,93447.78,37.22,535284.88,b0
765270362,1,355585,0,0,31.21,93443.96,38.05,959925.00,b0
765269850,2,355631,0,0,31.36,93451.22,37.13,603951.63,b0
765286747,3,355677,0,0,31.71,93476.69,36.51,518612.31,b0
765279836,4,355723,0,0,31.55,93428.05,36.42,954556.06,b0
765271387,5,355770,0,0,31.56,93458.95,36.95,663857.38,b0
765283665,6,355816,0,0,31.49,93431.63,37.22,364932.28,b0
765268824,7,355862,0,0,31.31,93466.29,37.11,678370.31,b0
765287253,8,355908,0,0,31.22,93447.23,37.20,534865.50,b0
765270362,1,355954,0,0,31.21,93446.51,38.04,958577.13,b0
765269850,2,356000,0,0,31.37,93451.80,37.11,604486.44,b0
765286747,3,356047,0,0,31.71,93479.40,36.50,519006.59,b0
765279836,4,356093,0,0,31.55,93427.69,36.44,955223.88,b0
765271387,5,356139,0,0,31.55,93457.27,36.95,670376.44,b0
765283665,6,356185,0,0,31.48,93430.09,37.22,364153.63,b0
765268824,7,356231,0,0,31.31,93465.38,37.11,680398.69,b0
765287253,8,356277,0,0,31.22,93448.12,37.20,533611.25,b0
765270362,1,356324,0,0,31.21,93445.23,38.03,959925.00,b0
765269850,2,356370,0,0,31.38,93452.36,37.13,603951.63,b0
765286747,3,356416,0,0,31.72,93477.98,36.48,517041.16,b0
765279836,4,356462,0,0,31.56,93428.63,36.42,949246.81,b0
765271387,5,356508,0,0,31.56,93458.59,36.97,662568.75,b0
765283665,6,356554,0,0,31.48,93429.21,37.20,366893.59,b0
765268824,7,356600,0,0,31.32,93468.30,37.12,676354.00,b0
765287253,8,356646,0,0,31.23,93448.87,37.21,533194.50,b0
765270362,1,356693,0,0,31.21,93446.47,38.02,960600.38,b0
765269850,2,356739,0,0,31.38,93450.20,37.10,604486.44,b0
765286747,3,356785,0,0,31.72,93479.41,36.48,516259.13,b0
765279836,4,356831,0,0,31.56,93428.27,36.44,947271.06,b0
765271387,5,356877,0,0,31.55,93458.56,36.95,662568.75,b0
765283665,6,356923,0,0,31.49,93431.61,37.20,363765.53,b0
765268824,7,356969,0,0,31.31,93466.28,37.10,679721.19,b0
765287253,8,357016,0,0,31.23,93450.47,37.20,536547.00,b0
765270362,1,357062,0,0,31.21,93446.66,38.03,964672.63,b0
765269850,2,357108,0,0,31.38,93451.11,37.13,604486.44,b0
765286747,3,357154,0,0,31.71,93479.40,36.49,517041.16,b0
765279836,4,357200,0,0,31.56,93428.60,36.43,947928.75,b0
765271387,5,357246,0,0,31.55,93456.94,36.94,671035.38,b0
765283665,6,357292,0,0,31.49,93430.89,37.19,363765.53,b0
765268824,7,357339,0,0,31.30,93467.17,37.11,678370.31,b0
765287253,8,357385,0,0,31.22,93449.56,37.19,534865.50,b0
765270362,1,357431,0,0,31.20,93444.82,38.03,956562.38,b0
765269850,2,357477,0,0,31.38,93450.73,37.12,605558.81,b0
765286747,3,357523,0,0,31.71,93481.89,36.50,518218.63,b0
765279836,4,357569,0,0,31.55,93427.52,36.42,942692.75,b0
765271387,5,357616,0,0,31.55,93457.12,36.93,667753.50,b0
765283665,6,357662,0,0,31.48,93430.63,37.17,365322.88,b0
765268824,7,357708,0,0,31.30,93465.34,37.09,677696.88,b0
765287253,8,357754,0,0,31.22,93448.13,37.18,534028.69,b0
765270362,1,357800,0,0,31.19,93443.84,38.03,957233.00,b0
765269850,2,357846,0,0,31.36,93449.24,37.10,606096.50,b0
765286747,3,357893,0,0,31.71,93481.01,36.49,518218.63,b0
765279836,4,357939,0,0,31.56,93427.16,36.43,953889.13,b0
765271387,5,357985,0,0,31.55,93458.19,36.95,665799.75,b0
765283665,6,358031,0,0,31.48,93430.25,37.20,366106.53,b0
765268824,7,358077,0,0,31.30,93466.26,37.11,682439.19,b0
765287253,8,358123,0,0,31.22,93448.13,37.17,533194.50,b0
765270362,1,358170,0,0,31.18,93444.53,38.02,963991.50,b0
765269850,2,358216,0,0,31.35,93449.40,37.11,607174.63,b0
765286747,3,358262,0,0,31.70,93480.80,36.47,517041.16,b0
765279836,4,358308,0,0,31.55,93428.59,36.42,953223.19,b0
765271387,5,358354,0,0,31.56,93457.16,36.92,663212.44,b0
765283665,6,358400,0,0,31.49,93430.86,37.20,365322.88,b0
765268824,7,358446,0,0,31.30,93464.98,37.09,679045.06,b0
765287253,8,358492,0,0,31.22,93447.23,37.18,534865.50,b0
765270362,1,358539,0,0,31.19,93446.40,38.02,962632.19,b0
765269850,2,358585,0,0,31.36,93451.04,37.10,605022.19,b0
765286747,3,358631,0,0,31.71,93479.73,36.48,517041.16,b0
765279836,4,358677,0,0,31.55,93426.94,36.41,955892.63,b0
765271387,5,358723,0,0,31.55,93458.02,36.92,670376.44,b0
765283665,6,358769,0,0,31.49,93428.80,37.19,363765.53,b0
765268824,7,358815,0,0,31.29,93466.79,37.08,679045.06,b0
765287253,8,358861,0,0,31.23,93448.68,37.18,535704.94,b0
765270362,1,358908,0,0,31.21,93446.12,38.03,965354.69,b0
765269850,2,358954,0,0,31.37,93450.52,37.09,607174.63,b0
765286747,3,359000,0,0,31.72,93479.59,36.47,517825.53,b0
765279836,4,359046,0,0,31.55,93427.52,36.40,949907.25,b0
765271387,5,359092,0,0,31.56,93458.09,36.91,661926.31,b0
765283665,6,359138,0,0,31.50,93429.36,37.19,366499.66,b0
765268824,7,359185,0,0,31.30,93466.06,37.09,677696.88,b0
765287253,8,359231,0,0,31.23,93446.72,37.17,537391.75,b0
765270362,1,359277,0,0,31.22,93445.98,38.03,963311.38,b0
765269850,2,359323,0,0,31.38,93450.20,37.11,608799.06,b0
765286747,3,359369,0,0,31.72,93478.72,36.48,519796.97,b0
765279836,4,359415,0,0,31.56,93427.54,36.40,947928.75,b0
765271387,5,359462,0,0,31.57,93459.38,36.92,667101.00,b0
765283665,6,359508,0,0,31.50,93430.64,37.17,363378.28,b0
765268824,7,359554,0,0,31.30,93466.62,37.09,679721.19,b0
765287253,8,359600,0,0,31.23,93450.47,37.16,536547.00,b0
765270362,1,359646,0,0,31.21,93446.48,38.01,968092.63,b0
765269850,2,359692,0,0,31.37,93450.70,37.09,610432.19,b0
765286747,3,359739,0,0,31.72,93478.70,36.47,519006.59,b0
765279836,4,359785,0,0,31.56,93428.80,36.39,951894.00,b0
765271387,5,359831,0,0,31.57,93457.06,36.92,667753.50,b0
765283665,6,359877,0,0,31.50,93429.04,37.18,363765.53,b0
765268824,7,359923,0,0,31.30,93466.79,37.08,680398.69,b0
765287253,8,359969,0,0,31.23,93448.50,37.16,539942.00,b0
765270362,1,360016,0,0,31.20,93445.92,38.00,967406.69,b0
765269850,2,360062,0,0,31.36,93451.02,37.07,608256.63,b0
765286747,3,360108,0,0,31.72,93478.16,36.46,520193.03,b0
765279836,4,360154,0,0,31.56,93424.84,36.40,952558.13,b0
765271387,5,360200,0,0,31.57,93458.12,36.90,660645.19,b0
765283665,6,360246,0,0,31.51,93431.61,37.19,364932.28,b0
765268824,7,360292,0,0,31.29,93466.59,37.09,679721.19,b0
765287253,8,360338,0,0,31.23,93448.50,37.15,537815.13,b0
765270362,1,360385,0,0,31.19,93445.32,38.01,968092.63,b0
765269850,2,360431,0,0,31.34,93448.29,37.08,612074.13,b0
765286747,3,360477,0,0,31.71,93479.04,36.46,520987.03,b0
765279836,4,360523,0,0,31.55,93428.05,36.38,960600.38,b0
765271387,5,360569,0,0,31.56,93457.56,36.91,671695.63,b0
765283665,6,360615,0,0,31.51,93429.45,37.18,365714.28,b0
765268824,7,360661,0,0,31.29,93464.95,37.09,683122.06,b0
765287253,8,360707,0,0,31.22,93447.41,37.16,539089.25,b0
765270362,1,360754,0,0,31.19,93447.25,37.99,968092.63,b0
765269850,2,360800,0,0,31.34,93451.30,37.07,607174.63,b0
765286747,3,360846,0,0,31.72,93478.88,36.45,520987.03,b0
765279836,4,360892,0,0,31.55,93428.90,36.39,955892.63,b0
765271387,5,360938,0,0,31.57,93458.65,36.91,661926.31,b0
765283665,6,360984,0,0,31.51,93429.47,37.18,363765.53,b0
765268824,7,361030,0,0,31.29,93466.58,37.09,682439.19,b0
765287253,8,361077,0,0,31.23,93448.33,37.14,541226.19,b0
765270362,1,361123,0,0,31.18,93444.70,38.00,967406.69,b0
765269850,2,361169,0,0,31.32,93448.55,37.05,610978.50,b0
765286747,3,361215,0,0,31.71,93478.32,36.46,522182.56,b0
765279836,4,361261,0,0,31.55,93428.20,36.39,957904.56,b0
765271387,5,361307,0,0,31.56,93456.63,36.89,663212.44,b0
765283665,6,361354,0,0,31.51,93431.59,37.18,364542.53,b0
765268824,7,361400,0,0,31.29,93466.04,37.09,681757.69,b0
765287253,8,361446,0,0,31.23,93447.78,37.15,539942.00,b0
765270362,1,361492,0,0,31.19,93446.03,38.00,973615.38,b0
765269850,2,361538,0,0,31.33,93447.67,37.04,613724.88,b0
765286747,3,361584,0,0,31.72,93479.79,36.44,520589.72,b0
765279836,4,361630,0,0,31.54,93427.10,36.38,958577.13,b0
765271387,5,361677,0,0,31.56,93458.59,36.89,666449.75,b0
765283665,6,361723,0,0,31.51,93429.47,37.15,365322.88,b0
765268824,7,361769,0,0,31.30,93467.52,37.08,679045.06,b0
765287253,8,361815,0,0,31.22,93446.32,37.13,539942.00,b0
765270362,1,361861,0,0,31.19,93444.06,38.00,970846.19,b0
765269850,2,361907,0,0,31.33,93448.07,37.05,611525.81,b0
765286747,3,361954,0,0,31.72,93479.05,36.46,524187.34,b0
765279836,4,362000,0,0,31.54,93426.92,36.38,966721.75,b0
765271387,5,362046,0,0,31.55,93457.09,36.89,673020.06,b0
765283665,6,362092,0,0,31.49,93429.65,37.16,367684.03,b0
765268824,7,362138,0,0,31.28,93466.55,37.08,683122.06,b0
765287253,8,362184,0,0,31.21,93448.80,37.13,539942.00,b0
765270362,1,362231,0,0,31.19,93444.78,37.99,977799.00,b0
765269850,2,362277,0,0,31.33,93448.58,37.07,613173.63,b0
765286747,3,362323,0,0,31.71,93479.38,36.45,524993.56,b0
765279836,4,362369,0,0,31.53,93428.84,36.36,968092.63,b0
765271387,5,362415,0,0,31.54,93457.40,36.88,675016.50,b0
765283665,6,362461,0,0,31.49,93429.88,37.15,375641.97,b0
765268824,7,362507,0,0,31.28,93465.27,37.08,684492.00,b0
765287253,8,362553,0,0,31.20,93446.65,37.13,542516.56,b0
765270362,1,362600,0,0,31.19,93443.48,37.99,972921.63,b0
765269850,2,362646,0,0,31.32,93447.46,37.05,616496.06,b0
765286747,3,362692,0,0,31.71,93478.48,36.45,525397.63,b0
765279836,4,362738,0,0,31.54,93427.26,36.35,972921.63,b0
765271387,5,362784,0,0,31.54,93455.95,36.88,674349.69,b0
765283665,6,362830,0,0,31.49,93428.05,37.14,376263.09,b0
765268824,7,362876,0,0,31.28,93465.44,37.07,683806.38,b0
765287253,8,362923,0,0,31.20,93447.16,37.12,542516.56,b0
765270362,1,362969,0,0,31.20,93442.30,37.99,982725.50,b0
765269850,2,363015,0,0,31.32,93449.63,37.05,616496.06,b0
765286747,3,363061,0,0,31.72,93478.51,36.43,524590.19,b0
765279836,4,363107,0,0,31.55,93428.19,36.37,963311.38,b0
765271387,5,363153,0,0,31.54,93457.43,36.87,671695.63,b0
765283665,6,363199,0,0,31.49,93428.98,37.13,368876.09,b0
765268824,7,363246,0,0,31.27,93465.06,37.08,683806.38,b0
765287253,8,363292,0,0,31.19,93447.31,37.13,539942.00,b0
765270362,1,363338,0,0,31.21,93444.68,37.99,981312.88,b0
765269850,2,363384,0,0,31.33,93450.00,37.06,615384.63,b0
765286747,3,363430,0,0,31.72,93480.30,36.43,525802.31,b0
765279836,4,363476,0,0,31.54,93426.19,36.35,966721.75,b0
765271387,5,363523,0,0,31.55,93457.83,36.86,673020.06,b0
765283665,6,363569,0,0,31.51,93430.38,37.13,375848.78,b0
765268824,7,363615,0,0,31.28,93465.80,37.08,685867.38,b0
765287253,8,363661,0,0,31.19,93446.60,37.14,544680.88,b0
765270362,1,363707,0,0,31.21,93445.95,37.99,977799.00,b0
765269850,2,363753,0,0,31.34,93448.80,37.07,617611.56,b0
765286747,3,363800,0,0,31.71,93479.94,36.44,526207.63,b0
765279836,4,363846,0,0,31.55,93427.83,36.34,970156.31,b0
765271387,5,363892,0,0,31.55,93457.13,36.86,668407.31,b0
765283665,6,363938,0,0,31.51,93428.09,37.13,367684.03,b0
765268824,7,363984,0,0,31.28,93466.91,37.09,688634.81,b0
765287253,8,364030,0,0,31.18,93447.47,37.13,543380.19,b0
765270362,1,364077,0,0,31.20,93444.45,37.99,977799.00,b0
765269850,2,364123,0,0,31.33,93450.21,37.06,613724.88,b0
765286747,3,364169,0,0,31.71,93478.48,36.41,527835.06,b0
765279836,4,364215,0,0,31.55,93428.94,36.33,969467.44,b0
765271387,5,364261,0,0,31.55,93457.13,36.86,677696.88,b0
765283665,6,364307,0,0,31.50,93430.50,37.10,378138.84,b0
765268824,7,364353,0,0,31.28,93465.44,37.09,690725.13,b0
765287253,8,364399,0,0,31.18,93446.93,37.13,546424.75,b0
765270362,1,364446,0,0,31.20,93445.38,37.98,980608.06,b0
765269850,2,364492,0,0,31.33,93449.50,37.06,619854.75,b0
765286747,3,364538,0,0,31.72,93478.69,36.42,529062.25,b0
765279836,4,364584,0,0,31.54,93425.85,36.34,972921.63,b0
765271387,5,364630,0,0,31.55,93458.69,36.86,673020.06,b0
765283665,6,364676,0,0,31.49,93429.52,37.12,375641.97,b0
765268824,7,364722,0,0,31.27,93467.43,37.07,691424.69,b0
765287253,8,364768,0,0,31.17,93448.32,37.13,545987.75,b0
765270362,1,364815,0,0,31.21,93443.78,37.98,980608.06,b0
765269850,2,364861,0,0,31.33,93449.81,37.05,619854.75,b0
765286747,3,364907,0,0,31.72,93476.73,36.42,529472.63,b0
765279836,4,364953,0,0,31.54,93426.56,36.35,970846.19,b0
765271387,5,364999,0,0,31.54,93456.70,36.87,672357.19,b0
765283665,6,365045,0,0,31.49,93427.33,37.12,377929.50,b0
765268824,7,365091,0,0,31.26,93466.10,37.05,687940.88,b0
765287253,8,365138,0,0,31.16,93447.03,37.13,547740.06,b0
765270362,1,365184,0,0,31.22,93443.50,37.98,977099.25,b0
765269850,2,365230,0,0,31.33,93446.96,37.05,619854.75,b0
765286747,3,365276,0,0,31.73,93477.28,36.44,529883.56,b0
765279836,4,365322,0,0,31.55,93426.79,36.34,975005.94,b0
765271387,5,365368,0,0,31.53,93455.38,36.85,677696.88,b0
765283665,6,365415,0,0,31.49,93428.73,37.11,379610.75,b0
765268824,7,365461,0,0,31.26,93467.18,37.07,691424.69,b0
765287253,8,365507,0,0,31.15,93446.49,37.13,552170.38,b0
765270362,1,365553,0,0,31.23,93443.70,37.98,983433.38,b0
765269850,2,365599,0,0,31.34,93448.08,37.05,621547.81,b0
765286747,3,365645,0,0,31.74,93476.76,36.40,529883.56,b0
765279836,4,365691,0,0,31.56,93426.66,36.34,975005.94,b0
765271387,5,365738,0,0,31.52,93454.63,36.85,681077.50,b0
765283665,6,365784,0,0,31.49,93430.38,37.10,377929.50,b0
765268824,7,365830,0,0,31.26,93465.58,37.07,694237.31,b0
765287253,8,365876,0,0,31.15,93448.46,37.12,549503.63,b0
765270362,1,365922,0,0,31.22,93443.70,37.97,984142.25,b0
765269850,2,365968,0,0,31.33,93447.90,37.05,620418.06,b0
765286747,3,366015,0,0,31.74,93476.06,36.42,529062.25,b0
765279836,4,366061,0,0,31.57,93425.78,36.34,970846.19,b0
765271387,5,366107,0,0,31.53,93455.38,36.85,679721.19,b0
765283665,6,366153,0,0,31.49,93428.39,37.10,381307.03,b0
765268824,7,366199,0,0,31.27,93466.13,37.07,695652.19,b0
765287253,8,366245,0,0,31.16,93445.28,37.12,550833.81,b0
765270362,1,366292,0,0,31.23,93443.91,37.95,986275.00,b0
765269850,2,366338,0,0,31.34,93448.63,37.05,623250.13,b0
765286747,3,366384,0,0,31.75,93476.80,36.43,529883.56,b0
765279836,4,366430,0,0,31.56,93426.30,36.34,973615.38,b0
765271387,5,366476,0,0,31.53,93456.45,36.83,685867.38,b0
765283665,6,366522,0,0,31.49,93429.84,37.09,379821.97,b0
765268824,7,366568,0,0,31.27,93466.15,37.06,694237.31,b0
765287253,8,366614,0,0,31.17,93447.45,37.15,548179.88,b0
765270362,1,366661,0,0,31.23,93445.53,37.95,986275.00,b0
765269850,2,366707,0,0,31.32,93447.30,37.04,622681.69,b0
765286747,3,366753,0,0,31.74,93476.43,36.41,535704.94,b0
765279836,4,366799,0,0,31.56,93426.63,36.33,971537.00,b0
765271387,5,366845,0,0,31.53,93454.11,36.84,679045.06,b0
765283665,6,366891,0,0,31.50,93429.54,37.09,379610.75,b0
765268824,7,366937,0,0,31.28,93465.81,37.06,694237.31,b0
765287253,8,366984,0,0,31.18,93447.11,37.13,552170.38,b0
765270362,1,367030,0,0,31.22,93442.96,37.96,983433.38,b0
765269850,2,367076,0,0,31.33,93449.11,37.05,622681.69,b0
765286747,3,367122,0,0,31.75,93477.52,36.39,533194.50,b0
765279836,4,367168,0,0,31.55,93425.34,36.30,980608.06,b0
765271387,5,367214,0,0,31.54,93455.98,36.83,683122.06,b0
765283665,6,367260,0,0,31.51,93429.12,37.09,380033.41,b0
765268824,7,367307,0,0,31.28,93464.71,37.07,696361.81,b0
765287253,8,367353,0,0,31.19,93446.96,37.12,547740.06,b0
765270362,1,367399,0,0,31.22,93443.84,37.94,986275.00,b0
765269850,2,367445,0,0,31.33,93448.92,37.05,623819.69,b0
765286747,3,367491,0,0,31.74,93477.13,36.40,531533.88,b0
765279836,4,367537,0,0,31.55,93426.98,36.32,977799.00,b0
765271387,5,367584,0,0,31.54,93454.39,36.82,685867.38,b0
765283665,6,367630,0,0,31.51,93429.49,37.10,380245.09,b0
765268824,7,367676,0,0,31.29,93467.86,37.06,697785.38,b0
765287253,8,367722,0,0,31.19,93445.53,37.15,550833.81,b0
765270362,1,367768,0,0,31.22,93442.80,37.94,980608.06,b0
765269850,2,367814,0,0,31.33,93445.92,37.04,622681.69,b0
765286747,3,367861,0,0,31.74,93475.52,36.39,532362.88,b0
765279836,4,367907,0,0,31.55,93427.15,36.31,982725.50,b0
765271387,5,367953,0,0,31.55,93453.87,36.83,685867.38,b0
765283665,6,367999,0,0,31.51,93426.95,37.10,379610.75,b0
765268824,7,368045,0,0,31.30,93464.24,37.06,697072.81,b0
765287253,8,368091,0,0,31.20,93446.99,37.15,549946.31,b0
765270362,1,368138,0,0,31.23,93444.23,37.94,984852.13,b0
765269850,2,368184,0,0,31.35,93448.65,37.05,621547.81,b0
765286747,3,368230,0,0,31.73,93473.70,36.37,533611.25,b0
765279836,4,368276,0,0,31.56,93425.02,36.31,977099.25,b0
765271387,5,368322,0,0,31.55,93456.41,36.84,687940.88,b0
765283665,6,368368,0,0,31.51,93430.05,37.09,380457.00,b0
765268824,7,368414,0,0,31.30,93464.99,37.06,697785.38,b0
765287253,8,368460,0,0,31.20,93444.66,37.16,554863.19,b0
765270362,1,368507,0,0,31.24,93442.71,37.93,979201.50,b0
765269850,2,368553,0,0,31.35,93448.50,37.04,624390.25,b0
765286747,3,368599,0,0,31.75,93474.29,36.38,533194.50,b0
765279836,4,368645,0,0,31.56,93426.48,36.31,978499.75,b0
765271387,5,368691,0,0,31.55,93453.69,36.83,679045.06,b0
765283665,6,368737,0,0,31.51,93428.98,37.07,382160.84,b0
765268824,7,368783,0,0,31.31,93464.28,37.07,695652.19,b0
765287253,8,368829,0,0,31.20,93446.12,37.15,550389.69,b0
765270362,1,368876,0,0,31.24,93443.43,37.94,989850.19,b0
765269850,2,368922,0,0,31.35,93446.16,37.05,620982.44,b0
765286747,3,368968,0,0,31.75,93473.77,36.38,533611.25,b0
765279836,4,369014,0,0,31.56,93424.88,36.29,986275.00,b0
765271387,5,369060,0,0,31.55,93455.65,36.83,678370.31,b0
765283665,6,369106,0,0,31.51,93429.52,37.07,382374.91,b0
765268824,7,369152,0,0,31.31,93466.09,37.07,695652.19,b0
765287253,8,369199,0,0,31.21,93446.12,37.17,550833.81,b0
765270362,1,369245,0,0,31.25,93442.56,37.93,984142.25,b0
765269850,2,369291,0,0,31.35,93446.90,37.04,619854.75,b0
765286747,3,369337,0,0,31.75,93474.49,36.38,533611.25,b0
765279836,4,369383,0,0,31.57,93425.08,36.30,980608.06,b0
765271387,5,369429,0,0,31.55,93455.86,36.82,691424.69,b0
765283665,6,369476,0,0,31.52,93428.66,37.07,381094.16,b0
765268824,7,369522,0,0,31.31,93465.55,37.07,698499.31,b0
765287253,8,369568,0,0,31.20,93447.55,37.15,550833.81,b0
765270362,1,369614,0,0,31.25,93443.49,37.94,991287.50,b0
765269850,2,369660,0,0,31.37,93448.92,37.03,620982.44,b0
765286747,3,369706,0,0,31.76,93475.75,36.37,531120.31,b0
765279836,4,369752,0,0,31.57,93424.19,36.30,976400.50,b0
765271387,5,369799,0,0,31.55,93456.23,36.84,692125.69,b0
765283665,6,369845,0,0,31.52,93429.19,37.06,382374.91,b0
765268824,7,369891,0,0,31.29,93465.33,37.08,699214.75,b0
765287253,8,369937,0,0,31.20,93446.12,37.15,553513.50,b0
765270362,1,369983,0,0,31.26,93444.63,37.93,977799.00,b0
765269850,2,370029,0,0,31.38,93450.04,37.05,622681.69,b0
765286747,3,370076,0,0,31.76,93474.87,36.37,532362.88,b0
765279836,4,370122,0,0,31.58,93425.31,36.31,977799.00,b0
765271387,5,370168,0,0,31.55,93455.86,36.83,683122.06,b0
765283665,6,370214,0,0,31.52,93429.73,37.07,383018.50,b0
765268824,7,370260,0,0,31.30,93464.79,37.07,699931.63,b0
765287253,8,370306,0,0,31.19,93445.00,37.14,550389.69,b0
765270362,1,370353,0,0,31.26,93442.47,37.92,982725.50,b0
765269850,2,370399,0,0,31.39,93447.41,37.04,620418.06,b0
765286747,3,370445,0,0,31.77,93475.61,36.37,531533.88,b0
765279836,4,370491,0,0,31.58,93426.40,36.30,975702.69,b0
765271387,5,370537,0,0,31.55,93455.51,36.83,687940.88,b0
765283665,6,370583,0,0,31.52,93427.58,37.06,382160.84,b0
765268824,7,370629,0,0,31.30,93465.51,37.05,697785.38,b0
765287253,8,370675,0,0,31.20,93445.92,37.16,553065.06,b0
765270362,1,370722,0,0,31.27,93443.56,37.91,977799.00,b0
765269850,2,370768,0,0,31.39,93449.20,37.03,622114.19,b0
765286747,3,370814,0,0,31.77,93475.25,36.37,530295.19,b0
765279836,4,370860,0,0,31.59,93427.15,36.30,981312.88,b0
765271387,5,370906,0,0,31.55,93455.69,36.83,692828.13,b0
765283665,6,370952,0,0,31.52,93429.20,37.06,382160.84,b0
765268824,7,370998,0,0,31.30,93464.80,37.06,702091.19,b0
765287253,8,371045,0,0,31.20,93444.30,37.14,552617.38,b0
765270362,1,371091,0,0,31.27,93443.77,37.90,983433.38,b0
765269850,2,371137,0,0,31.40,93448.33,37.03,620418.06,b0
765286747,3,371183,0,0,31.78,93473.29,36.36,530707.44,b0
765279836,4,371229,0,0,31.59,93428.41,36.29,980608.06,b0
765271387,5,371275,0,0,31.55,93455.51,36.83,692125.69,b0
765283665,6,371321,0,0,31.52,93429.97,37.07,381733.47,b0
765268824,7,371368,0,0,31.30,93463.71,37.05,700650.00,b0
765287253,8,371414,0,0,31.20,93446.28,37.15,554412.56,b0
765270362,1,371460,0,0,31.28,93443.65,37.91,978499.75,b0
765269850,2,371506,0,0,31.41,93449.28,37.01,618731.13,b0
765286747,3,371552,0,0,31.78,93474.21,36.34,530707.44,b0
765279836,4,371598,0,0,31.60,93426.84,36.30,972228.81,b0
765271387,5,371645,0,0,31.56,93456.80,36.81,685179.00,b0
765283665,6,371691,0,0,31.52,93428.87,37.06,384096.03,b0
765268824,7,371737,0,0,31.30,93466.63,37.07,706450.50,b0
765287253,8,371783,0,0,31.20,93444.32,37.15,555766.63,b0
765270362,1,371829,0,0,31.29,93443.88,37.90,979201.50,b0
765269850,2,371875,0,0,31.42,93449.30,37.03,620418.06,b0
765286747,3,371922,0,0,31.78,93474.02,36.37,530295.19,b0
765279836,4,371968,0,0,31.61,93428.51,36.28,972921.63,b0
765271387,5,372014,0,0,31.55,93454.27,36.82,682439.19,b0
765283665,6,372060,0,0,31.53,93430.59,37.05,381947.03,b0
765268824,7,372106,0,0,31.31,93467.01,37.05,700650.00,b0
765287253,8,372152,0,0,31.22,93447.77,37.14,554863.19,b0
765270362,1,372199,0,0,31.29,93442.09,37.90,974310.19,b0
765269850,2,372245,0,0,31.42,93449.13,37.03,618170.81,b0
765286747,3,372291,0,0,31.80,93474.98,36.37,527835.06,b0
765279836,4,372337,0,0,31.61,93426.90,36.28,971537.00,b0
765271387,5,372383,0,0,31.56,93457.88,36.82,685867.38,b0
765283665,6,372429,0,0,31.53,93429.30,37.05,381520.13,b0
765268824,7,372475,0,0,31.31,93465.91,37.04,702814.00,b0
765287253,8,372521,0,0,31.21,93445.78,37.14,553065.06,b0
765270362,1,372568,0,0,31.30,93443.05,37.92,972228.81,b0
765269850,2,372614,0,0,31.43,93449.34,37.03,618731.13,b0
765286747,3,372660,0,0,31.80,93474.46,36.36,527020.06,b0
765279836,4,372706,0,0,31.62,93426.21,36.28,968092.63,b0
765271387,5,372752,0,0,31.56,93453.95,36.81,687248.31,b0
765283665,6,372798,0,0,31.53,93428.64,37.06,384745.44,b0
765268824,7,372844,0,0,31.32,93464.50,37.04,702814.00,b0
765287253,8,372890,0,0,31.21,93447.02,37.14,554412.56,b0
765270362,1,372937,0,0,31.31,93445.05,37.91,979904.31,b0
765269850,2,372983,0,0,31.43,93449.70,37.03,615939.88,b0
765286747,3,373029,0,0,31.80,93474.09,36.36,525397.63,b0
765279836,4,373075,0,0,31.62,93425.85,36.28,967406.69,b0
765271387,5,373121,0,0,31.57,93455.61,36.81,690026.94,b0
765283665,6,373167,0,0,31.53,93428.28,37.05,384312.25,b0
765268824,7,373213,0,0,31.32,93463.78,37.05,702091.19,b0
765287253,8,373260,0,0,31.21,93446.14,37.15,552617.38,b0
765270362,1,373306,0,0,31.31,93445.22,37.89,968779.56,b0
765269850,2,373352,0,0,31.43,93447.55,37.01,614277.13,b0
765286747,3,373398,0,0,31.81,93474.48,36.34,524187.34,b0
765279836,4,373444,0,0,31.63,93427.17,36.27,961954.00,b0
765271387,5,373490,0,0,31.57,93457.42,36.81,695652.19,b0
765283665,6,373537,0,0,31.53,93428.83,37.04,382589.19,b0
765268824,7,373583,0,0,31.32,93465.79,37.06,703538.31,b0
765287253,8,373629,0,0,31.22,93446.34,37.13,551278.63,b0
765270362,1,373675,0,0,31.31,93443.43,37.89,962632.19,b0
765269850,2,373721,0,0,31.44,93449.39,37.02,613173.63,b0
765286747,3,373767,0,0,31.81,93475.20,36.33,524187.34,b0
765279836,4,373813,0,0,31.63,93426.42,36.29,959250.56,b0
765271387,5,373860,0,0,31.56,93455.54,36.80,685179.00,b0
765283665,6,373906,0,0,31.53,93428.95,37.05,383233.53,b0
765268824,7,373952,0,0,31.33,93464.91,37.04,700650.00,b0
765287253,8,373998,0,0,31.23,93447.08,37.15,557582.38,b0
765270362,1,374044,0,0,31.31,93444.33,37.89,970846.19,b0
765269850,2,374090,0,0,31.44,93449.74,37.00,615384.63,b0
765286747,3,374137,0,0,31.81,93475.93,36.33,523785.16,b0
765279836,4,374183,0,0,31.63,93425.70,36.27,963311.38,b0
765271387,5,374229,0,0,31.55,93454.27,36.80,687248.31,b0
765283665,6,374275,0,0,31.53,93428.38,37.04,383448.78,b0
765268824,7,374321,0,0,31.34,93465.11,37.03,706450.50,b0
765287253,8,374367,0,0,31.23,93444.39,37.15,556219.44,b0
765270362,1,374414,0,0,31.30,93442.70,37.87,964672.63,b0
765269850,2,374460,0,0,31.45,93452.46,37.00,613173.63,b0
765286747,3,374506,0,0,31.80,93475.01,36.35,524993.56,b0
765279836,4,374552,0,0,31.63,93426.42,36.28,968092.63,b0
765271387,5,374598,0,0,31.56,93458.45,36.81,697785.38,b0
765283665,6,374644,0,0,31.53,93427.48,37.03,384312.25,b0
765268824,7,374690,0,0,31.36,93465.71,37.04,704264.13,b0
765287253,8,374736,0,0,31.24,93447.82,37.14,554412.56,b0
765270362,1,374783,0,0,31.31,93443.24,37.87,966721.75,b0
765269850,2,374829,0,0,31.44,93450.63,37.01,612623.38,b0
765286747,3,374875,0,0,31.80,93474.27,36.34,524187.34,b0
765279836,4,374921,0,0,31.61,93424.58,36.27,969467.44,b0
765271387,5,374967,0,0,31.55,93455.34,36.79,694944.00,b0
765283665,6,375013,0,0,31.52,93429.05,37.03,385614.75,b0
765268824,7,375059,0,0,31.36,93464.45,37.02,702091.19,b0
765287253,8,375106,0,0,31.24,93446.40,37.14,558038.13,b0
765270362,1,375152,0,0,31.31,93443.26,37.88,975702.69,b0
765269850,2,375198,0,0,31.44,93450.09,36.99,612074.13,b0
765286747,3,375244,0,0,31.80,93474.44,36.33,526207.63,b0
765279836,4,375290,0,0,31.62,93427.66,36.27,964672.63,b0
765271387,5,375336,0,0,31.56,93457.20,36.82,695652.19,b0
765283665,6,375382,0,0,31.52,93428.30,37.02,385832.72,b0
765268824,7,375429,0,0,31.36,93463.73,37.02,704264.13,b0
765287253,8,375475,0,0,31.25,93446.59,37.14,555766.63,b0
765270362,1,375521,0,0,31.31,93445.23,37.86,966721.75,b0
765269850,2,375567,0,0,31.44,93449.74,36.99,614277.13,b0
765286747,3,375613,0,0,31.80,93474.63,36.32,524993.56,b0
765279836,4,375659,0,0,31.61,93426.54,36.27,969467.44,b0
765271387,5,375706,0,0,31.55,93455.88,36.80,692828.13,b0
765283665,6,375752,0,0,31.52,93428.52,37.03,387145.56,b0
765268824,7,375798,0,0,31.36,93464.65,37.02,703538.31,b0
765287253,8,375844,0,0,31.25,93446.77,37.12,555314.56,b0
765270362,1,375890,0,0,31.31,93445.41,37.86,973615.38,b0
765269850,2,375936,0,0,31.44,93450.98,36.98,614277.13,b0
765286747,3,375983,0,0,31.80,93477.51,36.32,524993.56,b0
765279836,4,376029,0,0,31.62,93427.83,36.27,966721.75,b0
765271387,5,376075,0,0,31.56,93455.94,36.81,689330.19,b0
765283665,6,376121,0,0,31.53,93430.20,37.01,385397.06,b0
765268824,7,376167,0,0,31.37,93466.12,37.02,699214.75,b0
765287253,8,376213,0,0,31.26,93446.97,37.13,553962.69,b0
765270362,1,376260,0,0,31.30,93442.88,37.88,968092.63,b0
765269850,2,376306,0,0,31.44,93450.63,36.98,613173.63,b0
765286747,3,376352,0,0,31.80,93476.41,36.33,524187.34,b0
765279836,4,376398,0,0,31.62,93427.30,36.27,963991.50,b0
765271387,5,376444,0,0,31.57,93455.45,36.80,690026.94,b0
765283665,6,376490,0,0,31.54,93430.49,37.02,384312.25,b0
765268824,7,376536,0,0,31.37,93464.70,37.00,705720.19,b0
765287253,8,376582,0,0,31.27,93448.62,37.12,554863.19,b0
765270362,1,376629,0,0,31.30,93443.58,37.87,972921.63,b0
765269850,2,376675,0,0,31.44,93451.53,36.99,613173.63,b0
765286747,3,376721,0,0,31.80,93474.08,36.32,525802.31,b0
765279836,4,376767,0,0,31.63,93428.78,36.25,963991.50,b0
765271387,5,376813,0,0,31.58,93455.67,36.80,693532.00,b0
765283665,6,376859,0,0,31.54,93429.43,37.02,384962.41,b0
765268824,7,376905,0,0,31.39,93466.91,37.02,702814.00,b0
765287253,8,376951,0,0,31.27,93447.55,37.13,553962.69,b0
765270362,1,376998,0,0,31.31,93444.52,37.86,969467.44,b0
765269850,2,377044,0,0,31.45,93451.02,36.98,614277.13,b0
765286747,3,377090,0,0,31.81,93476.45,36.30,524993.56,b0
765279836,4,377136,0,0,31.63,93427.34,36.24,966037.75,b0
765271387,5,377182,0,0,31.58,93456.06,36.82,694237.31,b0
765283665,6,377228,0,0,31.55,93430.73,37.03,384312.25,b0
765268824,7,377274,0,0,31.39,93463.84,37.02,703538.31,b0
765287253,8,377321,0,0,31.28,93445.61,37.11,554863.19,b0
765270362,1,377367,0,0,31.32,93445.48,37.85,961276.69,b0
765269850,2,377413,0,0,31.45,93449.58,36.97,614277.13,b0
765286747,3,377459,0,0,31.81,93474.85,36.31,524993.56,b0
765279836,4,377505,0,0,31.63,93426.82,36.26,961954.00,b0
765271387,5,377551,0,0,31.60,93457.76,36.80,693532.00,b0
765283665,6,377598,0,0,31.56,93431.01,37.02,382803.75,b0
765268824,7,377644,0,0,31.39,93464.75,37.00,702814.00,b0
765287253,8,377690,0,0,31.29,93447.97,37.12,559410.00,b0
765270362,1,377736,0,0,31.32,93445.65,37.85,964672.63,b0
765269850,2,377782,0,0,31.46,93452.51,36.98,615939.88,b0
765286747,3,377828,0,0,31.82,93474.51,36.30,529883.56,b0
765279836,4,377874,0,0,31.64,93428.13,36.24,963991.50,b0
765271387,5,377921,0,0,31.61,93458.72,36.81,694237.31,b0
765283665,6,377967,0,0,31.56,93430.13,37.02,381947.03,b0
765268824,7,378013,0,0,31.40,93466.41,37.02,702814.00,b0
765287253,8,378059,0,0,31.29,93449.76,37.10,553962.69,b0
765270362,1,378105,0,0,31.34,93445.73,37.85,973615.38,b0
765269850,2,378151,0,0,31.46,93449.82,36.96,613724.88,b0
765286747,3,378198,0,0,31.82,93476.14,36.30,524187.34,b0
765279836,4,378244,0,0,31.65,93429.39,36.26,964672.63,b0
765271387,5,378290,0,0,31.60,93454.59,36.80,695652.19,b0
765283665,6,378336,0,0,31.56,93430.13,37.01,383233.53,b0
765268824,7,378382,0,0,31.41,93466.26,36.99,702814.00,b0
765287253,8,378428,0,0,31.29,93448.68,37.11,555766.63,b0
765270362,1,378475,0,0,31.33,93445.86,37.85,963991.50,b0
765269850,2,378521,0,0,31.47,93450.22,36.97,612623.38,b0
765286747,3,378567,0,0,31.83,93475.98,36.31,523383.59,b0
765279836,4,378613,0,0,31.66,93428.01,36.24,965354.69,b0
765271387,5,378659,0,0,31.61,93454.98,36.79,684492.00,b0
765283665,6,378705,0,0,31.56,93429.08,37.03,384312.25,b0
765268824,7,378751,0,0,31.40,93467.52,36.98,704264.13,b0
765287253,8,378797,0,0,31.29,93448.33,37.09,554412.56,b0
765270362,1,378844,0,0,31.33,93446.80,37.84,969467.44,b0
765269850,2,378890,0,0,31.48,93452.21,36.96,611525.81,b0
765286747,3,378936,0,0,31.83,93475.24,36.30,526613.50,b0
765279836,4,378982,0,0,31.66,93428.95,36.23,967406.69,b0
765271387,5,379028,0,0,31.61,93456.59,36.80,687940.88,b0
765283665,6,379074,0,0,31.57,93431.64,37.01,386488.03,b0
765268824,7,379120,0,0,31.39,93464.93,36.97,705720.19,b0
765287253,8,379167,0,0,31.29,93448.33,37.08,555766.63,b0
765270362,1,379213,0,0,31.33,93444.80,37.83,966721.75,b0
765269850,2,379259,0,0,31.49,93451.37,36.95,615384.63,b0
765286747,3,379305,0,0,31.83,93475.63,36.30,523383.59,b0
765279836,4,379351,0,0,31.67,93427.88,36.25,961276.69,b0
765271387,5,379397,0,0,31.62,93457.90,36.82,692125.69,b0
765283665,6,379443,0,0,31.57,93428.59,37.03,383664.28,b0
765268824,7,379490,0,0,31.39,93467.48,36.97,704264.13,b0
765287253,8,379536,0,0,31.29,93447.79,37.08,554863.19,b0
765270362,1,379582,0,0,31.33,93446.09,37.82,969467.44,b0
765269850,2,379628,0,0,31.48,93451.68,36.93,615939.88,b0
765286747,3,379674,0,0,31.84,93477.44,36.28,523383.59,b0
765279836,4,379720,0,0,31.67,93428.45,36.24,965354.69,b0
765271387,5,379767,0,0,31.63,93460.65,36.80,694237.31,b0
765283665,6,379813,0,0,31.56,93430.35,37.02,383448.78,b0
765268824,7,379859,0,0,31.39,93466.20,36.96,703538.31,b0
765287253,8,379905,0,0,31.28,93448.29,37.06,556673.00,b0
765270362,1,379951,0,0,31.33,93444.98,37.81,970156.31,b0
765269850,2,379997,0,0,31.48,93451.90,36.95,613173.63,b0
765286747,3,380044,0,0,31.84,93477.80,36.30,524590.19,b0
765279836,4,380090,0,0,31.67,93429.15,36.23,968779.56,b0
765271387,5,380136,0,0,31.61,93457.52,36.78,694237.31,b0
765283665,6,380182,0,0,31.56,93431.41,37.00,384528.72,b0
765268824,7,380228,0,0,31.38,93466.71,36.96,704991.38,b0
765287253,8,380274,0,0,31.27,93448.44,37.06,558951.94,b0
765270362,1,380321,0,0,31.34,93445.56,37.80,973615.38,b0
765269850,2,380367,0,0,31.48,93452.96,36.95,615939.88,b0
765286747,3,380413,0,0,31.83,93477.79,36.27,524590.19,b0
765279836,4,380459,0,0,31.66,93427.30,36.21,968779.56,b0
765271387,5,380505,0,0,31.61,93456.99,36.76,693532.00,b0
765283665,6,380551,0,0,31.56,93429.97,37.00,384745.44,b0
765268824,7,380597,0,0,31.38,93467.62,36.96,702814.00,b0
765287253,8,380643,0,0,31.26,93447.17,37.06,558038.13,b0
765270362,1,380690,0,0,31.32,93445.82,37.81,969467.44,b0
765269850,2,380736,0,0,31.47,93453.45,36.92,618170.81,b0
765286747,3,380782,0,0,31.81,93475.04,36.28,525802.31,b0
765279836,4,380828,0,0,31.65,93428.51,36.21,961954.00,b0
765271387,5,380874,0,0,31.60,93457.09,36.77,690725.13,b0
765283665,6,380920,0,0,31.55,93432.76,37.00,387145.56,b0
765268824,7,380966,0,0,31.37,93465.59,36.96,704991.38,b0
765287253,8,381012,0,0,31.27,93447.88,37.04,560328.31,b0
765270362,1,381059,0,0,31.32,93447.79,37.80,972921.63,b0
765269850,2,381105,0,0,31.47,93453.08,36.90,615939.88,b0
765286747,3,381151,0,0,31.81,93478.63,36.29,529062.25,b0
765279836,4,381197,0,0,31.64,93429.20,36.22,962632.19,b0
765271387,5,381243,0,0,31.59,93456.13,36.76,694237.31,b0
765283665,6,381289,0,0,31.55,93431.32,36.99,387365.25,b0
765268824,7,381335,0,0,31.36,93465.93,36.94,709386.94,b0
765287253,8,381382,0,0,31.27,93448.63,37.06,559410.00,b0
765270362,1,381428,0,0,31.31,93445.41,37.79,972921.63,b0
765269850,2,381474,0,0,31.45,93450.70,36.91,615384.63,b0
765286747,3,381520,0,0,31.81,93476.81,36.26,527835.06,b0
765279836,4,381566,0,0,31.63,93428.07,36.22,967406.69,b0
765271387,5,381612,0,0,31.59,93457.72,36.76,694237.31,b0
765283665,6,381659,0,0,31.55,93431.07,36.99,388025.78,b0
765268824,7,381705,0,0,31.36,93466.45,36.95,706450.50,b0
765287253,8,381751,0,0,31.25,93446.62,37.04,562637.38,b0
765270362,1,381797,0,0,31.31,93444.69,37.79,977099.25,b0
765269850,2,381843,0,0,31.45,93451.22,36.91,617053.31,b0
765286747,3,381889,0,0,31.81,93476.45,36.26,527835.06,b0
765279836,4,381935,0,0,31.63,93429.83,36.20,969467.44,b0
765271387,5,381982,0,0,31.58,93456.02,36.74,701369.88,b0
765283665,6,382028,0,0,31.54,93430.85,36.96,388246.44,b0
765268824,7,382074,0,0,31.35,93466.42,36.93,712347.81,b0
765287253,8,382120,0,0,31.24,93448.00,37.03,562174.06,b0
765270362,1,382166,0,0,31.30,93445.34,37.80,980608.06,b0
765269850,2,382212,0,0,31.44,93452.24,36.89,616496.06,b0
765286747,3,382259,0,0,31.81,93476.99,36.26,533611.25,b0
765279836,4,382305,0,0,31.62,93427.66,36.18,978499.75,b0
765271387,5,382351,0,0,31.59,93459.30,36.75,701369.88,b0
765283665,6,382397,0,0,31.55,93430.71,36.98,388025.78,b0
765268824,7,382443,0,0,31.35,93468.80,36.94,715333.56,b0
765287253,8,382489,0,0,31.25,93449.45,37.02,563101.44,b0
765270362,1,382536,0,0,31.29,93445.46,37.78,980608.06,b0
765269850,2,382582,0,0,31.43,93452.55,36.91,621547.81,b0
765286747,3,382628,0,0,31.80,93477.88,36.26,536969.06,b0
765279836,4,382674,0,0,31.61,93429.77,36.18,981312.88,b0
765271387,5,382720,0,0,31.59,93457.53,36.71,706450.50,b0
765283665,6,382766,0,0,31.55,93431.46,36.98,390690.56,b0
765268824,7,382812,0,0,31.35,93464.62,36.93,708650.50,b0
765287253,8,382858,0,0,31.26,93448.58,37.04,558494.69,b0
765270362,1,382905,0,0,31.29,93445.69,37.79,988417.00,b0
765269850,2,382951,0,0,31.43,93450.23,36.88,620982.44,b0
765286747,3,382997,0,0,31.80,93476.61,36.26,534446.75,b0
765279836,4,383043,0,0,31.61,93429.02,36.19,984142.25,b0
765271387,5,383089,0,0,31.58,93456.80,36.73,694237.31,b0
765283665,6,383135,0,0,31.55,93432.34,36.95,390690.56,b0
765268824,7,383181,0,0,31.36,93467.37,36.91,714584.81,b0
765287253,8,383228,0,0,31.25,93448.92,37.02,561249.69,b0
765270362,1,383274,0,0,31.30,93445.89,37.77,984852.13,b0
765269850,2,383320,0,0,31.44,93451.36,36.89,620418.06,b0
765286747,3,383366,0,0,31.82,93476.66,36.25,535704.94,b0
765279836,4,383412,0,0,31.63,93428.22,36.19,982725.50,b0
765271387,5,383458,0,0,31.59,93457.88,36.73,694944.00,b0
765283665,6,383504,0,0,31.56,93430.99,36.94,389353.63,b0
765268824,7,383551,0,0,31.36,93466.44,36.92,712347.81,b0
765287253,8,383597,0,0,31.26,93448.95,37.03,564031.94,b0
765270362,1,383643,0,0,31.31,93444.72,37.79,985563.06,b0
765269850,2,383689,0,0,31.45,93451.77,36.90,619854.75,b0
765286747,3,383735,0,0,31.83,93476.50,36.24,537815.13,b0
765279836,4,383781,0,0,31.63,93429.15,36.20,977799.00,b0
765271387,5,383828,0,0,31.59,93457.16,36.73,702091.19,b0
765283665,6,383874,0,0,31.56,93430.45,36.95,390467.13,b0
765268824,7,383920,0,0,31.36,93467.19,36.91,710864.31,b0
765287253,8,383966,0,0,31.25,93448.74,37.01,564031.94,b0
765270362,1,384012,0,0,31.33,93447.50,37.77,979904.31,b0
765269850,2,384058,0,0,31.46,93449.82,36.89,620418.06,b0
765286747,3,384104,0,0,31.83,93476.52,36.24,534446.75,b0
765279836,4,384151,0,0,31.64,93428.98,36.20,983433.38,b0
765271387,5,384197,0,0,31.60,93458.65,36.73,706450.50,b0
765283665,6,384243,0,0,31.56,93431.75,36.95,390914.28,b0
765268824,7,384289,0,0,31.36,93466.29,36.92,716083.94,b0
765287253,8,384335,0,0,31.26,93448.78,37.04,564965.50,b0
765270362,1,384382,0,0,31.33,93447.51,37.78,980608.06,b0
765269850,2,384428,0,0,31.46,93451.09,36.90,620982.44,b0
765286747,3,384474,0,0,31.83,93475.43,36.22,532362.88,b0
765279836,4,384520,0,0,31.64,93429.02,36.18,986275.00,b0
765271387,5,384566,0,0,31.60,93455.44,36.72,705720.19,b0
765283665,6,384612,0,0,31.56,93429.94,36.93,390467.13,b0
765268824,7,384658,0,0,31.38,93466.16,36.92,713091.94,b0
765287253,8,384704,0,0,31.27,93447.91,37.02,565902.19,b0
765270362,1,384751,0,0,31.33,93445.50,37.79,975702.69,b0
765269850,2,384797,0,0,31.46,93449.64,36.89,620982.44,b0
765286747,3,384843,0,0,31.83,93476.50,36.25,531533.88,b0
765279836,4,384889,0,0,31.64,93427.38,36.16,977799.00,b0
765271387,5,384935,0,0,31.60,93457.09,36.72,699931.63,b0
765283665,6,384981,0,0,31.56,93431.38,36.93,391587.00,b0
765268824,7,385027,0,0,31.38,93466.89,36.92,715333.56,b0
765287253,8,385073,0,0,31.27,93449.17,37.03,563566.31,b0
765270362,1,385120,0,0,31.32,93445.29,37.78,979201.50,b0
765269850,2,385166,0,0,31.45,93452.30,36.89,621547.81,b0
765286747,3,385212,0,0,31.81,93475.74,36.22,532778.38,b0
765279836,4,385258,0,0,31.64,93429.37,36.18,977099.25,b0
765271387,5,385304,0,0,31.60,93458.12,36.72,711605.31,b0
765283665,6,385350,0,0,31.55,93429.84,36.94,392262.03,b0
765268824,7,385396,0,0,31.37,93465.22,36.91,715333.56,b0
765287253,8,385443,0,0,31.26,93449.12,37.01,564498.38,b0
765270362,1,385489,0,0,31.31,93445.05,37.78,982018.69,b0
765269850,2,385535,0,0,31.45,93450.50,36.89,619854.75,b0
765286747,3,385581,0,0,31.81,93478.09,36.23,536125.63,b0
765279836,4,385627,0,0,31.63,93428.95,36.17,987701.94,b0
765271387,5,385673,0,0,31.59,93457.72,36.72,705720.19,b0
765283665,6,385720,0,0,31.53,93432.48,36.94,392487.53,b0
765268824,7,385766,0,0,31.36,93468.09,36.91,719859.38,b0
765287253,8,385812,0,0,31.23,93448.50,37.02,569205.13,b0
765270362,1,385858,0,0,31.28,93445.10,37.78,986987.94,b0
765269850,2,385904,0,0,31.45,93452.97,36.89,624961.88,b0
765286747,3,385950,0,0,31.80,93476.06,36.23,536969.06,b0
765279836,4,385996,0,0,31.63,93427.52,36.18,987701.94,b0
765271387,5,386043,0,0,31.57,93457.61,36.72,708650.50,b0
765283665,6,386089,0,0,31.52,93431.21,36.94,391362.50,b0
765268824,7,386135,0,0,31.34,93466.59,36.91,718344.44,b0
765287253,8,386181,0,0,31.20,93447.88,37.03,568257.50,b0
765270362,1,386227,0,0,31.27,93443.40,37.77,991287.50,b0
765269850,2,386273,0,0,31.43,93451.14,36.89,623819.69,b0
765286747,3,386320,0,0,31.79,93475.69,36.22,534028.69,b0
765279836,4,386366,0,0,31.63,93428.05,36.16,982725.50,b0
765271387,5,386412,0,0,31.57,93457.77,36.69,711605.31,b0
765283665,6,386458,0,0,31.51,93429.84,36.93,393165.69,b0
765268824,7,386504,0,0,31.34,93466.02,36.89,722143.88,b0
765287253,8,386550,0,0,31.21,93448.80,37.03,565433.44,b0
765270362,1,386597,0,0,31.26,93445.16,37.76,984852.13,b0
765269850,2,386643,0,0,31.43,93450.77,36.88,624390.25,b0
765286747,3,386689,0,0,31.78,93476.91,36.23,535704.94,b0
765279836,4,386735,0,0,31.62,93427.84,36.16,984852.13,b0
765271387,5,386781,0,0,31.56,93458.45,36.71,702814.00,b0
765283665,6,386827,0,0,31.52,93431.16,36.93,393392.25,b0
765268824,7,386873,0,0,31.35,93466.79,36.89,727531.06,b0
765287253,8,386919,0,0,31.22,93446.70,37.01,570632.50,b0
765270362,1,386966,0,0,31.27,93444.82,37.78,989133.06,b0
765269850,2,387012,0,0,31.43,93450.77,36.87,627258.81,b0
765286747,3,387058,0,0,31.78,93477.44,36.22,539515.25,b0
765279836,4,387104,0,0,31.61,93427.77,36.16,994174.75,b0
765271387,5,387150,0,0,31.57,93456.73,36.72,711605.31,b0
765283665,6,387196,0,0,31.53,93429.13,36.94,393392.25,b0
765268824,7,387242,0,0,31.35,93465.16,36.90,722908.56,b0
765287253,8,387289,0,0,31.24,93447.47,37.04,570155.88,b0
765270362,1,387335,0,0,31.28,93445.23,37.78,994899.19,b0
765269850,2,387381,0,0,31.43,93451.51,36.88,623819.69,b0
765286747,3,387427,0,0,31.78,93479.79,36.23,536969.06,b0
765279836,4,387473,0,0,31.62,93428.18,36.17,995624.69,b0
765271387,5,387519,0,0,31.58,93457.15,36.71,702091.19,b0
765283665,6,387565,0,0,31.54,93430.28,36.93,392939.38,b0
765268824,7,387612,0,0,31.38,93468.73,36.90,719859.38,b0
765287253,8,387658,0,0,31.27,93448.07,37.04,564965.50,b0
765270362,1,387704,0,0,31.28,93444.34,37.76,989850.19,b0
765269850,2,387750,0,0,31.44,93451.90,36.88,628413.63,b0
765286747,3,387796,0,0,31.79,93477.11,36.21,542085.75,b0
765279836,4,387842,0,0,31.63,93428.62,36.18,992729.06,b0
765271387,5,387889,0,0,31.59,93459.15,36.70,710864.31,b0
765283665,6,387935,0,0,31.55,93431.51,36.94,391362.50,b0
765268824,7,387981,0,0,31.38,93465.09,36.93,722908.56,b0
765287253,8,388027,0,0,31.28,93448.10,37.03,568730.94,b0
765270362,1,388073,0,0,31.28,93446.15,37.77,987701.94,b0
765269850,2,388119,0,0,31.44,93451.88,36.88,627835.69,b0
765286747,3,388166,0,0,31.80,93477.34,36.22,540797.44,b0
765279836,4,388212,0,0,31.64,93428.46,36.16,993451.38,b0
765271387,5,388258,0,0,31.59,93455.02,36.71,711605.31,b0
765283665,6,388304,0,0,31.56,93431.24,36.95,390914.28,b0
765268824,7,388350,0,0,31.39,93464.75,36.89,720619.31,b0
765287253,8,388396,0,0,31.30,93446.91,37.03,565902.19,b0
765270362,1,388443,0,0,31.28,93446.13,37.78,989850.19,b0
765269850,2,388489,0,0,31.45,93453.34,36.88,627258.81,b0
765286747,3,388535,0,0,31.81,93475.40,36.24,538663.88,b0
765279836,4,388581,0,0,31.64,93428.30,36.15,991287.50,b0
765271387,5,388627,0,0,31.60,93457.63,36.71,712347.81,b0
765283665,6,388673,0,0,31.57,93430.73,36.94,391138.28,b0
765268824,7,388719,0,0,31.40,93466.04,36.91,719101.13,b0
765287253,8,388765,0,0,31.30,93446.05,37.04,567313.00,b0
765270362,1,388812,0,0,31.28,93445.63,37.78,996351.25,b0
765269850,2,388858,0,0,31.44,93451.36,36.89,625534.50,b0
765286747,3,388904,0,0,31.82,93476.31,36.23,538663.88,b0
765279836,4,388950,0,0,31.65,93427.63,36.17,996351.25,b0
765271387,5,388996,0,0,31.60,93455.30,36.71,711605.31,b0
765283665,6,389042,0,0,31.57,93429.48,36.94,390020.94,b0
765268824,7,389088,0,0,31.41,93466.26,36.90,717589.38,b0
765287253,8,389134,0,0,31.31,93447.50,37.05,568257.50,b0
765270362,1,389181,0,0,31.29,93444.23,37.78,995624.69,b0
765269850,2,389227,0,0,31.45,93451.19,36.88,630153.88,b0
765286747,3,389273,0,0,31.82,93476.85,36.22,539942.00,b0
765279836,4,389319,0,0,31.66,93428.19,36.15,986987.94,b0
765271387,5,389365,0,0,31.61,93458.05,36.71,709386.94,b0
765283665,6,389411,0,0,31.57,93430.23,36.95,391587.00,b0
765268824,7,389457,0,0,31.41,93466.27,36.92,713091.94,b0
765287253,8,389504,0,0,31.32,93446.62,37.04,564498.38,b0
765270362,1,389550,0,0,31.29,93447.30,37.79,994899.19,b0
765269850,2,389596,0,0,31.45,93451.95,36.88,627258.81,b0
765286747,3,389642,0,0,31.82,93475.95,36.25,539515.25,b0
765279836,4,389688,0,0,31.66,93428.91,36.17,1000000.00,b0
765271387,5,389734,0,0,31.61,93456.99,36.71,707915.69,b0
765283665,6,389781,0,0,31.58,93429.81,36.95,391362.50,b0
765268824,7,389827,0,0,31.41,93467.01,36.90,720619.31,b0
765287253,8,389873,0,0,31.33,93447.02,37.05,563566.31,b0
765270362,1,389919,0,0,31.29,93445.50,37.79,1001467.00,b0
765269850,2,389965,0,0,31.45,93451.78,36.88,626108.25,b0
765286747,3,390011,0,0,31.83,93475.63,36.24,539089.25,b0
765279836,4,390057,0,0,31.66,93427.67,36.15,991287.50,b0
765271387,5,390104,0,0,31.62,93455.61,36.72,707915.69,b0
765283665,6,390150,0,0,31.58,93428.86,36.96,390467.13,b0
765268824,7,390196,0,0,31.41,93466.45,36.92,715333.56,b0
765287253,8,390242,0,0,31.33,93446.11,37.03,565902.19,b0
765270362,1,390288,0,0,31.30,93445.70,37.80,994899.19,b0
765269850,2,390334,0,0,31.46,93449.64,36.87,626108.25,b0
765286747,3,390381,0,0,31.83,93474.91,36.24,537815.13,b0
765279836,4,390427,0,0,31.67,93427.36,36.16,988417.00,b0
765271387,5,390473,0,0,31.63,93455.62,36.72,707915.69,b0
765283665,6,390519,0,0,31.58,93431.71,36.96,391587.00,b0
765268824,7,390565,0,0,31.41,93464.45,36.90,719859.38,b0
765287253,8,390611,0,0,31.33,93447.02,37.03,564031.94,b0
765270362,1,390658,0,0,31.30,93444.09,37.79,991287.50,b0
765269850,2,390704,0,0,31.47,93452.37,36.87,627258.81,b0
765286747,3,390750,0,0,31.83,93474.91,36.22,537815.13,b0
765279836,4,390796,0,0,31.67,93427.36,36.16,989133.06,b0
765271387,5,390842,0,0,31.64,93457.66,36.73,707182.31,b0
765283665,6,390888,0,0,31.58,93431.75,36.97,390914.28,b0
765268824,7,390934,0,0,31.41,93467.36,36.91,716835.81,b0
765287253,8,390980,0,0,31.33,93446.47,37.03,563101.44,b0
765270362,1,391027,0,0,31.30,93443.37,37.78,997078.88,b0
765269850,2,391073,0,0,31.47,93450.57,36.89,630153.88,b0
765286747,3,391119,0,0,31.83,93476.16,36.22,540797.44,b0
765279836,4,391165,0,0,31.68,93428.48,36.16,991287.50,b0
765271387,5,391211,0,0,31.63,93456.35,36.72,702814.00,b0
765283665,6,391257,0,0,31.57,93430.98,36.96,389575.81,b0
765268824,7,391303,0,0,31.40,93466.96,36.92,716835.81,b0
765287253,8,391350,0,0,31.32,93446.80,37.02,564965.50,b0
765270362,1,391396,0,0,31.30,93445.92,37.78,992729.06,b0
765269850,2,391442,0,0,31.47,93450.41,36.89,628992.63,b0
765286747,3,391488,0,0,31.82,93476.66,36.22,536547.00,b0
765279836,4,391534,0,0,31.67,93426.64,36.15,990568.31,b0
765271387,5,391580,0,0,31.62,93456.15,36.71,705720.19,b0
765283665,6,391626,0,0,31.56,93429.46,36.95,390243.91,b0
765268824,7,391673,0,0,31.40,93465.67,36.91,716083.94,b0
765287253,8,391719,0,0,31.32,93448.05,37.00,564965.50,b0
765270362,1,391765,0,0,31.28,93444.34,37.79,992007.75,b0
765269850,2,391811,0,0,31.46,93450.91,36.87,630736.06,b0
765286747,3,391857,0,0,31.82,93477.74,36.23,535704.94,b0
765279836,4,391903,0,0,31.67,93426.63,36.16,991287.50,b0
765271387,5,391950,0,0,31.63,93457.07,36.72,709386.94,b0
765283665,6,391996,0,0,31.56,93429.99,36.95,392036.75,b0
765268824,7,392042,0,0,31.39,93465.84,36.90,716835.81,b0
765287253,8,392088,0,0,31.32,93448.59,37.02,567313.00,b0
765270362,1,392134,0,0,31.27,93444.12,37.79,996351.25,b0
765269850,2,392180,0,0,31.46,93450.20,36.88,627835.69,b0
765286747,3,392227,0,0,31.82,93476.13,36.23,535704.94,b0
765279836,4,392273,0,0,31.67,93427.18,36.14,991287.50,b0
765271387,5,392319,0,0,31.63,93457.61,36.72,710124.81,b0
765283665,6,392365,0,0,31.56,93429.10,36.95,389131.69,b0
765268824,7,392411,0,0,31.39,93464.73,36.90,712347.81,b0
765287253,8,392457,0,0,31.32,93446.80,37.00,568257.50,b0
765270362,1,392504,0,0,31.27,93443.96,37.79,1000000.00,b0
765269850,2,392550,0,0,31.47,93450.57,36.89,624961.88,b0
765286747,3,392596,0,0,31.82,93475.59,36.22,536969.06,b0
765279836,4,392642,0,0,31.67,93428.45,36.16,988417.00,b0
765271387,5,392688,0,0,31.63,93456.74,36.70,708650.50,b0
765283665,6,392734,0,0,31.56,93428.54,36.93,390914.28,b0
765268824,7,392780,0,0,31.39,93466.38,36.89,716835.81,b0
765287253,8,392826,0,0,31.32,93446.62,36.99,563101.44,b0
765270362,1,392873,0,0,31.27,93442.13,37.78,1002202.13,b0
765269850,2,392919,0,0,31.46,93449.49,36.86,631319.38,b0
765286747,3,392965,0,0,31.81,93476.64,36.21,539089.25,b0
765279836,4,393011,0,0,31.67,93427.37,36.14,990568.31,b0
765271387,5,393057,0,0,31.63,93454.94,36.71,706450.50,b0
765283665,6,393103,0,0,31.57,93431.33,36.94,391811.75,b0
765268824,7,393149,0,0,31.39,93465.48,36.90,719101.13,b0
765287253,8,393195,0,0,31.32,93446.10,36.99,566371.69,b0
765270362,1,393242,0,0,31.27,93444.45,37.79,997807.56,b0
765269850,2,393288,0,0,31.46,93450.91,36.86,630736.06,b0
765286747,3,393334,0,0,31.81,93475.55,36.22,536969.06,b0
765279836,4,393380,0,0,31.67,93427.73,36.14,987701.94,b0
765271387,5,393426,0,0,31.64,93455.72,36.71,700650.00,b0
765283665,6,393472,0,0,31.58,93430.32,36.95,391811.75,b0
765268824,7,393518,0,0,31.38,93465.62,36.88,715333.56,b0
765287253,8,393565,0,0,31.32,93447.16,37.00,564965.50,b0
765270362,1,393611,0,0,31.26,93443.71,37.80,994899.19,b0
765269850,2,393657,0,0,31.46,93451.80,36.87,628992.63,b0
765286747,3,393703,0,0,31.80,93473.37,36.22,538239.19,b0
765279836,4,393749,0,0,31.66,93425.89,36.15,989850.19,b0
765271387,5,393795,0,0,31.64,93458.05,36.70,707915.69,b0
765283665,6,393842,0,0,31.58,93430.16,36.94,391811.75,b0
765268824,7,393888,0,0,31.38,93466.91,36.90,713091.94,b0
765287253,8,393934,0,0,31.31,93446.95,36.98,563566.31,b0
765270362,1,393980,0,0,31.26,93443.18,37.79,997807.56,b0
765269850,2,394026,0,0,31.46,93451.43,36.86,633075.75,b0
765286747,3,394072,0,0,31.80,93474.26,36.21,541226.19,b0
765279836,4,394118,0,0,31.67,93428.79,36.13,997078.88,b0
765271387,5,394165,0,0,31.63,93456.89,36.69,707182.31,b0
765283665,6,394211,0,0,31.57,93430.57,36.96,392262.03,b0
765268824,7,394257,0,0,31.36,93464.46,36.86,717589.38,b0
765287253,8,394303,0,0,31.30,93446.76,36.98,567784.88,b0
765270362,1,394349,0,0,31.27,93443.05,37.80,1000000.00,b0
765269850,2,394395,0,0,31.46,93451.26,36.88,628992.63,b0
765286747,3,394442,0,0,31.80,93476.41,36.22,539089.25,b0
765279836,4,394488,0,0,31.66,93427.66,36.14,998537.31,b0
765271387,5,394534,0,0,31.61,93455.70,36.69,715333.56,b0
765283665,6,394580,0,0,31.57,93429.30,36.94,390914.28,b0
765268824,7,394626,0,0,31.36,93466.09,36.87,719101.13,b0
765287253,8,394672,0,0,31.30,93447.12,36.96,568257.50,b0
765270362,1,394719,0,0,31.27,93444.50,37.79,1002938.31,b0
765269850,2,394765,0,0,31.46,93450.71,36.88,634841.94,b0
765286747,3,394811,0,0,31.80,93473.54,36.22,543813.06,b0
765279836,4,394857,0,0,31.66,93425.85,36.14,995624.69,b0
765271387,5,394903,0,0,31.61,93456.44,36.69,711605.31,b0
765283665,6,394949,0,0,31.57,93429.67,36.95,392713.31,b0
765268824,7,394995,0,0,31.36,93467.19,36.89,719859.38,b0
765287253,8,395041,0,0,31.31,93446.59,36.96,568257.50,b0
765270362,1,395088,0,0,31.28,93443.48,37.80,1000732.94,b0
765269850,2,395134,0,0,31.45,93449.63,36.87,632489.19,b0
765286747,3,395180,0,0,31.82,93477.02,36.23,540797.44,b0
765279836,4,395226,0,0,31.65,93425.83,36.12,993451.38,b0
765271387,5,395272,0,0,31.60,93453.70,36.68,711605.31,b0
765283665,6,395318,0,0,31.58,93429.93,36.94,391811.75,b0
765268824,7,395364,0,0,31.36,93465.00,36.90,722143.88,b0
765287253,8,395411,0,0,31.31,93449.29,36.99,568730.94,b0
765270362,1,395457,0,0,31.29,93444.98,37.81,1000732.94,b0
765269850,2,395503,0,0,31.45,93450.70,36.86,631319.38,b0
765286747,3,395549,0,0,31.81,93475.40,36.22,541655.63,b0
765279836,4,395595,0,0,31.65,93427.43,36.14,994174.75,b0
765271387,5,395641,0,0,31.62,93454.86,36.67,711605.31,b0
765283665,6,395687,0,0,31.57,93426.88,36.92,393392.25,b0
765268824,7,395734,0,0,31.36,93465.73,36.90,720619.31,b0
765287253,8,395780,0,0,31.31,93447.84,36.97,570155.88,b0
765270362,1,395826,0,0,31.31,93445.05,37.81,992729.06,b0
765269850,2,395872,0,0,31.47,93451.29,36.87,631903.75,b0
765286747,3,395918,0,0,31.82,93474.88,36.23,541226.19,b0
765279836,4,395964,0,0,31.65,93427.09,36.13,993451.38,b0
765271387,5,396011,0,0,31.61,93456.27,36.69,713091.94,b0
765283665,6,396057,0,0,31.58,93429.97,36.92,393392.25,b0
765268824,7,396103,0,0,31.37,93467.04,36.89,721380.75,b0
765287253,8,396149,0,0,31.31,93446.77,36.97,565902.19,b0
765270362,1,396195,0,0,31.31,93442.71,37.82,992007.75,b0
765269850,2,396241,0,0,31.48,93450.79,36.86,631903.75,b0
765286747,3,396288,0,0,31.82,93475.23,36.23,546424.75,b0
765279836,4,396334,0,0,31.65,93427.81,36.12,994174.75,b0
765271387,5,396380,0,0,31.61,93456.95,36.66,707182.31,b0
765283665,6,396426,0,0,31.57,93430.59,36.94,392939.38,b0
765268824,7,396472,0,0,31.37,93465.59,36.90,719859.38,b0
765287253,8,396518,0,0,31.30,93446.58,36.98,570155.88,b0
765270362,1,396565,0,0,31.32,93442.41,37.81,1001467.00,b0
765269850,2,396611,0,0,31.48,93450.29,36.87,630736.06,b0
765286747,3,396657,0,0,31.83,93475.43,36.22,541226.19,b0
765279836,4,396703,0,0,31.65,93426.38,36.14,999268.13,b0
765271387,5,396749,0,0,31.60,93454.40,36.67,706450.50,b0
765283665,6,396795,0,0,31.57,93429.84,36.91,394301.13,b0
765268824,7,396841,0,0,31.36,93465.37,36.90,721380.75,b0
765287253,8,396887,0,0,31.30,93447.45,36.96,571588.06,b0
765270362,1,396934,0,0,31.34,93443.58,37.81,1000732.94,b0
765269850,2,396980,0,0,31.50,93451.76,36.88,631319.38,b0
765286747,3,397026,0,0,31.83,93475.60,36.22,545115.81,b0
765279836,4,397072,0,0,31.66,93427.48,36.13,992729.06,b0
765271387,5,397118,0,0,31.60,93454.59,36.67,716835.81,b0
765283665,6,397164,0,0,31.56,93428.31,36.92,393165.69,b0
765268824,7,397210,0,0,31.35,93464.79,36.89,726756.56,b0
765287253,8,397256,0,0,31.28,93446.70,36.97,572067.06,b0
765270362,1,397303,0,0,31.35,93446.35,37.82,999268.13,b0
765269850,2,397349,0,0,31.50,93451.23,36.89,630736.06,b0
765286747,3,397395,0,0,31.83,93475.45,36.22,540797.44,b0
765279836,4,397441,0,0,31.66,93426.05,36.14,991287.50,b0
765271387,5,397487,0,0,31.60,93456.92,36.68,704264.13,b0
765283665,6,397533,0,0,31.57,93430.73,36.92,396591.78,b0
765268824,7,397579,0,0,31.35,93464.97,36.90,724442.88,b0
765287253,8,397626,0,0,31.28,93447.40,36.97,569205.13,b0
765270362,1,397672,0,0,31.35,93445.27,37.82,993451.38,b0
765269850,2,397718,0,0,31.50,93449.65,36.89,629572.69,b0
765286747,3,397764,0,0,31.84,93476.73,36.23,540797.44,b0
765279836,4,397810,0,0,31.67,93426.65,36.13,996351.25,b0
765271387,5,397856,0,0,31.61,93457.48,36.69,713091.94,b0
765283665,6,397903,0,0,31.56,93429.99,36.92,396131.53,b0
765268824,7,397949,0,0,31.35,93465.87,36.90,723674.94,b0
765287253,8,397995,0,0,31.27,93447.55,36.96,572546.81,b0
765270362,1,398041,0,0,31.36,93446.21,37.82,992729.06,b0
765269850,2,398087,0,0,31.51,93450.20,36.88,629572.69,b0
765286747,3,398133,0,0,31.85,93475.88,36.23,543380.19,b0
765279836,4,398179,0,0,31.67,93427.20,36.14,999268.13,b0
765271387,5,398226,0,0,31.60,93455.84,36.69,715333.56,b0
765283665,6,398272,0,0,31.57,93429.48,36.92,396361.53,b0
765268824,7,398318,0,0,31.35,93464.80,36.90,722908.56,b0
765287253,8,398364,0,0,31.29,93449.76,36.99,571109.88,b0
765270362,1,398410,0,0,31.36,93445.16,37.80,992007.75,b0
765269850,2,398456,0,0,31.51,93451.63,36.88,629572.69,b0
765286747,3,398503,0,0,31.84,93474.58,36.23,538663.88,b0
765279836,4,398549,0,0,31.67,93425.92,36.13,991287.50,b0
765271387,5,398595,0,0,31.60,93458.17,36.69,715333.56,b0
765283665,6,398641,0,0,31.57,93430.39,36.93,394985.53,b0
765268824,7,398687,0,0,31.36,93465.02,36.90,725212.44,b0
765287253,8,398733,0,0,31.29,93446.54,36.98,570155.88,b0
765270362,1,398780,0,0,31.36,93445.85,37.82,992729.06,b0
765269850,2,398826,0,0,31.50,93450.51,36.87,630736.06,b0
765286747,3,398872,0,0,31.84,93476.37,36.23,539942.00,b0
765279836,4,398918,0,0,31.67,93427.72,36.13,998537.31,b0
765271387,5,398964,0,0,31.60,93456.38,36.70,713837.56,b0
765283665,6,399010,0,0,31.57,93428.98,36.92,395443.13,b0
765268824,7,399056,0,0,31.37,93464.88,36.92,723674.94,b0
765287253,8,399102,0,0,31.31,93447.49,37.00,568257.50,b0
765270362,1,399149,0,0,31.35,93445.26,37.80,990568.31,b0
765269850,2,399195,0,0,31.49,93450.30,36.88,628992.63,b0
765286747,3,399241,0,0,31.83,93475.45,36.24,540369.38,b0
765279836,4,399287,0,0,31.66,93428.03,36.14,998537.31,b0
765271387,5,399333,0,0,31.60,93455.12,36.69,710124.81,b0
765283665,6,399379,0,0,31.58,93429.25,36.92,395901.81,b0
765268824,7,399425,0,0,31.38,93464.52,36.92,722908.56,b0
765287253,8,399472,0,0,31.31,93443.38,37.00,570632.50,b0
765270362,1,399518,0,0,31.33,93446.27,37.81,990568.31,b0
765269850,2,399564,0,0,31.48,93451.72,36.86,630736.06,b0
765286747,3,399610,0,0,31.83,93475.45,36.23,542516.56,b0
765279836,4,399656,0,0,31.67,93427.70,36.16,996351.25,b0
765271387,5,399702,0,0,31.61,93455.51,36.69,712347.81,b0
765283665,6,399748,0,0,31.58,93429.81,36.91,394529.00,b0
765268824,7,399795,0,0,31.38,93464.90,36.93,724442.88,b0
765287253,8,399841,0,0,31.31,93445.53,36.98,570632.50,b0
765270362,1,399887,0,0,31.35,93445.79,37.80,989133.06,b0
765269850,2,399933,0,0,31.48,93450.10,36.87,628992.63,b0
765286747,3,399979,0,0,31.84,93475.29,36.24,546862.50,b0
765279836,4,400025,0,0,31.67,93428.45,36.14,994174.75,b0
765271387,5,400072,0,0,31.61,93454.80,36.71,717589.38,b0
765283665,6,400118,0,0,31.58,93428.90,36.92,394985.53,b0
765268824,7,400164,0,0,31.39,93467.27,36.91,725983.69,b0
765287253,8,400210,0,0,31.31,93446.41,36.98,569680.13,b0
765270362,1,400256,0,0,31.35,93446.17,37.78,996351.25,b0
765269850,2,400302,0,0,31.49,93451.02,36.86,628413.63,b0
765286747,3,400349,0,0,31.83,93474.91,36.22,545551.44,b0
765279836,4,400395,0,0,31.67,93428.06,36.14,995624.69,b0
765271387,5,400441,0,0,31.62,93456.82,36.68,717589.38,b0
765283665,6,400487,0,0,31.58,93428.88,36.93,397053.13,b0
765268824,7,400533,0,0,31.39,93464.93,36.92,724442.88,b0
765287253,8,400579,0,0,31.31,93445.70,36.97,571588.06,b0
765270362,1,400626,0,0,31.35,93444.92,37.79,1001467.00,b0
765269850,2,400672,0,0,31.48,93451.54,36.88,631319.38,b0
765286747,3,400718,0,0,31.83,93475.63,36.23,542516.56,b0
765279836,4,400764,0,0,31.66,93426.77,36.15,1002938.31,b0
765271387,5,400810,0,0,31.62,93457.74,36.69,712347.81,b0
765283665,6,400856,0,0,31.58,93429.05,36.92,397747.13,b0
765268824,7,400902,0,0,31.40,93465.13,36.92,722908.56,b0
765287253,8,400948,0,0,31.32,93447.71,36.99,571109.88,b0
765270362,1,400995,0,0,31.34,93446.12,37.79,991287.50,b0
765269850,2,401041,0,0,31.48,93451.34,36.86,630736.06,b0
765286747,3,401087,0,0,31.82,93476.50,36.23,543380.19,b0
765279836,4,401133,0,0,31.66,93428.55,36.14,998537.31,b0
765271387,5,401179,0,0,31.61,93454.80,36.68,723674.94,b0
765283665,6,401225,0,0,31.58,93430.16,36.92,396591.78,b0
765268824,7,401271,0,0,31.38,93464.19,36.91,725212.44,b0
765287253,8,401317,0,0,31.33,93447.36,36.98,574957.88,b0
765270362,1,401364,0,0,31.34,93443.43,37.77,991287.50,b0
765269850,2,401410,0,0,31.49,93451.55,36.83,630736.06,b0
765286747,3,401456,0,0,31.83,93474.17,36.22,550389.69,b0
765279836,4,401502,0,0,31.66,93428.20,36.12,999268.13,b0
765271387,5,401548,0,0,31.61,93454.63,36.67,718344.44,b0
765283665,6,401594,0,0,31.58,93431.21,36.91,395672.34,b0
765268824,7,401640,0,0,31.39,93466.38,36.91,728307.25,b0
765287253,8,401687,0,0,31.32,93445.38,36.99,571588.06,b0
765270362,1,401733,0,0,31.35,93445.63,37.78,999268.13,b0
765269850,2,401779,0,0,31.48,93450.63,36.85,630153.88,b0
765286747,3,401825,0,0,31.84,93475.84,36.22,543380.19,b0
765279836,4,401871,0,0,31.67,93427.91,36.13,1001467.00,b0
765271387,5,401917,0,0,31.62,93457.20,36.68,716835.81,b0
765283665,6,401964,0,0,31.58,93428.90,36.92,395901.81,b0
765268824,7,402010,0,0,31.39,93467.11,36.91,725983.69,b0
765287253,8,402056,0,0,31.32,93446.63,36.96,571109.88,b0
765270362,1,402102,0,0,31.32,93442.98,37.76,1002202.13,b0
765269850,2,402148,0,0,31.48,93451.69,36.83,634252.06,b0
765286747,3,402194,0,0,31.83,93476.16,36.21,544246.63,b0
765279836,4,402241,0,0,31.66,93427.51,36.13,1003675.56,b0
765271387,5,402287,0,0,31.62,93457.54,36.68,714584.81,b0
765283665,6,402333,0,0,31.57,93428.97,36.89,395901.81,b0
765268824,7,402379,0,0,31.39,93465.28,36.89,727531.06,b0
765287253,8,402425,0,0,31.32,93446.27,36.96,573508.81,b0
765270362,1,402471,0,0,31.31,93445.58,37.76,998537.31,b0
765269850,2,402518,0,0,31.46,93449.48,36.82,633075.75,b0
765286747,3,402564,0,0,31.81,93474.86,36.21,549503.63,b0
765279836,4,402610,0,0,31.65,93427.45,36.12,1004413.94,b0
765271387,5,402656,0,0,31.61,93456.23,36.68,723674.94,b0
765283665,6,402702,0,0,31.57,93429.13,36.90,397284.19,b0
765268824,7,402748,0,0,31.37,93465.78,36.89,730645.75,b0
765287253,8,402794,0,0,31.32,93446.80,36.96,572546.81,b0
765270362,1,402841,0,0,31.29,93445.14,37.77,1004413.94,b0
765269850,2,402887,0,0,31.45,93450.13,36.83,635432.81,b0
765286747,3,402933,0,0,31.80,93475.70,36.20,549061.69,b0
765279836,4,402979,0,0,31.64,93427.73,36.12,1005153.38,b0
765271387,5,403025,0,0,31.60,93456.16,36.67,721380.75,b0
765283665,6,403071,0,0,31.56,93431.35,36.90,398443.59,b0
765268824,7,403117,0,0,31.36,93466.66,36.89,726756.56,b0
765287253,8,403163,0,0,31.31,93447.31,36.95,574474.06,b0
765270362,1,403210,0,0,31.29,93444.06,37.76,1003675.56,b0
765269850,2,403256,0,0,31.45,93451.90,36.84,637807.56,b0
765286747,3,403302,0,0,31.79,93477.84,36.20,549061.69,b0
765279836,4,403348,0,0,31.62,93427.13,36.12,1008867.00,b0
765271387,5,403394,0,0,31.58,93456.43,36.67,719859.38,b0
765283665,6,403440,0,0,31.55,93431.63,36.89,401253.91,b0
765268824,7,403486,0,0,31.35,93464.61,36.88,729864.56,b0
765287253,8,403533,0,0,31.30,93445.31,36.95,574474.06,b0
765270362,1,403579,0,0,31.29,93444.06,37.75,1005153.38,b0
765269850,2,403625,0,0,31.44,93453.85,36.83,638404.00,b0
765286747,3,403671,0,0,31.78,93476.36,36.17,550833.81,b0
765279836,4,403717,0,0,31.62,93427.82,36.10,1012608.19,b0
765271387,5,403763,0,0,31.57,93455.81,36.65,718344.44,b0
765283665,6,403809,0,0,31.56,93429.75,36.88,401489.91,b0
765268824,7,403856,0,0,31.34,93465.30,36.88,732999.31,b0
765287253,8,403902,0,0,31.31,93447.85,36.94,574474.06,b0
765270362,1,403948,0,0,31.30,93445.71,37.75,1006635.56,b0
765269850,2,403994,0,0,31.44,93450.63,36.82,640200.06,b0
765286747,3,404040,0,0,31.79,93475.68,36.19,552170.38,b0
765279836,4,404086,0,0,31.61,93427.45,36.10,1016377.19,b0
765271387,5,404133,0,0,31.57,93456.55,36.65,721380.75,b0
765283665,6,404179,0,0,31.56,93427.80,36.90,402911.66,b0
765268824,7,404225,0,0,31.33,93466.54,36.88,734576.75,b0
765287253,8,404271,0,0,31.31,93447.65,36.95,576901.44,b0
765270362,1,404317,0,0,31.30,93445.02,37.75,1008867.00,b0
765269850,2,404363,0,0,31.43,93448.99,36.81,642610.63,b0
765286747,3,404410,0,0,31.80,93476.79,36.18,552170.38,b0
765279836,4,404456,0,0,31.62,93426.03,36.12,1021701.19,b0
765271387,5,404502,0,0,31.58,93455.84,36.65,724442.88,b0
765283665,6,404548,0,0,31.56,93430.52,36.86,403865.13,b0
765268824,7,404594,0,0,31.32,93465.05,36.88,735368.06,b0
765287253,8,404640,0,0,31.29,93449.59,36.94,577389.31,b0
765270362,1,404687,0,0,31.31,93445.05,37.74,1015621.13,b0
765269850,2,404733,0,0,31.44,93450.28,36.83,641403.06,b0
765286747,3,404779,0,0,31.81,93474.66,36.17,555314.56,b0
765279836,4,404825,0,0,31.63,93428.43,36.09,1024768.56,b0
765271387,5,404871,0,0,31.58,93457.11,36.66,723674.94,b0
765283665,6,404917,0,0,31.57,93430.05,36.87,405063.28,b0
765268824,7,404963,0,0,31.31,93466.28,36.87,740151.81,b0
765287253,8,405009,0,0,31.29,93448.50,36.92,577389.31,b0
765270362,1,405056,0,0,31.31,93443.26,37.73,1022466.31,b0
765269850,2,405102,0,0,31.45,93449.98,36.84,643216.06,b0
765286747,3,405148,0,0,31.81,93478.45,36.18,560328.31,b0
765279836,4,405194,0,0,31.63,93426.64,36.11,1014866.19,b0
765271387,5,405240,0,0,31.59,93457.74,36.66,726756.56,b0
765283665,6,405286,0,0,31.58,93430.99,36.87,407481.09,b0
765268824,7,405332,0,0,31.29,93466.05,36.87,740151.81,b0
765287253,8,405378,0,0,31.27,93449.34,36.93,582314.50,b0
765270362,1,405425,0,0,31.31,93443.43,37.74,1011108.38,b0
765269850,2,405471,0,0,31.46,93450.35,36.82,645039.38,b0
765286747,3,405517,0,0,31.81,93476.48,36.18,552617.38,b0
765279836,4,405563,0,0,31.65,93428.85,36.10,1024000.00,b0
765271387,5,405609,0,0,31.58,93455.13,36.64,732213.06,b0
765283665,6,405655,0,0,31.57,93429.34,36.88,406268.59,b0
765268824,7,405701,0,0,31.29,93467.32,36.88,741760.25,b0
765287253,8,405748,0,0,31.26,93447.70,36.92,579841.44,b0
765270362,1,405794,0,0,31.31,93444.51,37.73,1014866.19,b0
765269850,2,405840,0,0,31.46,93452.32,36.83,645649.44,b0
765286747,3,405886,0,0,31.82,93476.50,36.18,558494.69,b0
765279836,4,405932,0,0,31.65,93427.06,36.09,1024000.00,b0
765271387,5,405978,0,0,31.57,93455.99,36.65,737752.19,b0
765283665,6,406025,0,0,31.57,93430.45,36.85,408700.84,b0
765268824,7,406071,0,0,31.28,93467.08,36.87,740151.81,b0
765287253,8,406117,0,0,31.25,93447.49,36.94,581818.19,b0
765270362,1,406163,0,0,31.32,93444.02,37.73,1018652.06,b0
765269850,2,406209,0,0,31.46,93452.16,36.83,645649.44,b0
765286747,3,406255,0,0,31.83,93476.16,36.19,556673.00,b0
765279836,4,406301,0,0,31.65,93426.17,36.10,1017134.31,b0
765271387,5,406348,0,0,31.56,93455.94,36.64,744186.06,b0
765283665,6,406394,0,0,31.58,93430.30,36.87,405785.63,b0
765268824,7,406440,0,0,31.26,93465.38,36.89,743375.69,b0
765287253,8,406486,0,0,31.25,93449.11,36.94,583808.44,b0
765270362,1,406532,0,0,31.33,93445.52,37.73,1021701.19,b0
765269850,2,406578,0,0,31.45,93449.98,36.83,645649.44,b0
765286747,3,406625,0,0,31.83,93474.37,36.18,558951.94,b0
765279836,4,406671,0,0,31.64,93427.39,36.09,1020174.38,b0
765271387,5,406717,0,0,31.54,93456.17,36.64,730645.75,b0
765283665,6,406763,0,0,31.57,93431.15,36.86,408700.84,b0
765268824,7,406809,0,0,31.23,93465.28,36.87,745812.06,b0
765287253,8,406855,0,0,31.23,93448.51,36.92,581322.75,b0
765270362,1,406902,0,0,31.33,93445.14,37.74,1022466.31,b0
765269850,2,406948,0,0,31.45,93452.82,36.83,648101.25,b0
765286747,3,406994,0,0,31.83,93474.36,36.17,558038.13,b0
765279836,4,407040,0,0,31.62,93427.49,36.10,1024000.00,b0
765271387,5,407086,0,0,31.52,93457.65,36.65,740151.81,b0
765283665,6,407132,0,0,31.56,93429.78,36.86,409681.94,b0
765268824,7,407178,0,0,31.21,93465.20,36.87,743375.69,b0
765287253,8,407224,0,0,31.22,93446.86,36.92,583309.63,b0
765270362,1,407271,0,0,31.34,93446.48,37.75,1024768.56,b0
765269850,2,407317,0,0,31.44,93451.89,36.79,647486.56,b0
765286747,3,407363,0,0,31.84,93476.74,36.19,561249.69,b0
765279836,4,407409,0,0,31.62,93428.35,36.09,1026309.19,b0
765271387,5,407455,0,0,31.51,93457.25,36.65,742567.06,b0
765283665,6,407501,0,0,31.56,93430.63,36.84,410667.75,b0
765268824,7,407547,0,0,31.20,93464.83,36.87,748264.50,b0
765287253,8,407594,0,0,31.21,93446.66,36.92,583808.44,b0
765270362,1,407640,0,0,31.34,93445.57,37.73,1024000.00,b0
765269850,2,407686,0,0,31.42,93450.20,36.82,645039.38,b0
765286747,3,407732,0,0,31.83,93475.99,36.17,564965.50,b0
765279836,4,407778,0,0,31.59,93427.52,36.09,1026309.19,b0
765271387,5,407824,0,0,31.51,93456.47,36.66,742567.06,b0
765283665,6,407870,0,0,31.55,93430.00,36.85,408700.84,b0
765268824,7,407917,0,0,31.20,93464.98,36.88,748264.50,b0
765287253,8,407963,0,0,31.20,93448.26,36.93,585310.06,b0
765270362,1,408009,0,0,31.33,93444.99,37.71,1023232.56,b0
765269850,2,408055,0,0,31.43,93450.59,36.82,650571.81,b0
765286747,3,408101,0,0,31.83,93475.98,36.18,564498.38,b0
765279836,4,408147,0,0,31.58,93425.50,36.09,1027081.25,b0
765271387,5,408194,0,0,31.50,93456.98,36.66,742567.06,b0
765283665,6,408240,0,0,31.54,93429.60,36.84,410667.75,b0
765268824,7,408286,0,0,31.21,93466.64,36.90,748264.50,b0
765287253,8,408332,0,0,31.21,93448.98,36.94,586819.50,b0
765270362,1,408378,0,0,31.34,93444.52,37.73,1027081.25,b0
765269850,2,408424,0,0,31.42,93451.29,36.82,648717.13,b0
765286747,3,408471,0,0,31.83,93475.27,36.16,563566.31,b0
765279836,4,408517,0,0,31.59,93426.60,36.11,1027081.25,b0
765271387,5,408563,0,0,31.50,93458.79,36.68,744186.06,b0
765283665,6,408609,0,0,31.56,93432.06,36.85,408456.31,b0
765268824,7,408655,0,0,31.21,93465.39,36.92,750458.06,b0
765287253,8,408701,0,0,31.22,93448.66,36.95,582811.63,b0
765270362,1,408748,0,0,31.35,93445.09,37.75,1018652.06,b0
765269850,2,408794,0,0,31.43,93451.30,36.83,649952.38,b0
765286747,3,408840,0,0,31.84,93474.76,36.15,557127.31,b0
765279836,4,408886,0,0,31.60,93428.08,36.10,1030959.00,b0
765271387,5,408932,0,0,31.52,93455.66,36.68,737752.19,b0
765283665,6,408978,0,0,31.56,93430.63,36.85,410667.75,b0
765268824,7,409024,0,0,31.23,93465.63,36.92,752941.19,b0
765287253,8,409070,0,0,31.22,93448.12,36.95,587830.06,b0
765270362,1,409117,0,0,31.36,93445.49,37.73,1018652.06,b0
765269850,2,409163,0,0,31.43,93451.51,36.82,649952.38,b0
765286747,3,409209,0,0,31.85,93476.41,36.17,561711.44,b0
765279836,4,409255,0,0,31.60,93426.13,36.11,1032518.25,b0
765271387,5,409301,0,0,31.53,93458.06,36.68,742567.06,b0
765283665,6,409347,0,0,31.55,93429.86,36.87,411162.41,b0
765268824,7,409393,0,0,31.24,93465.48,36.95,749085.56,b0
765287253,8,409439,0,0,31.21,93446.50,36.96,586819.50,b0
765270362,1,409486,0,0,31.36,93446.20,37.72,1024768.56,b0
765269850,2,409532,0,0,31.44,93452.60,36.82,649334.19,b0
765286747,3,409578,0,0,31.83,93475.27,36.17,558951.94,b0
765279836,4,409624,0,0,31.60,93428.63,36.11,1024768.56,b0
765271387,5,409670,0,0,31.54,93456.50,36.69,736161.06,b0
765283665,6,409716,0,0,31.54,93430.51,36.85,410914.94,b0
765268824,7,409762,0,0,31.24,93466.41,36.98,749085.56,b0
765287253,8,409809,0,0,31.21,93446.50,36.96,586315.50,b0
765270362,1,409855,0,0,31.34,93443.23,37.74,1020174.38,b0
765269850,2,409901,0,0,31.43,93450.41,36.84,653686.56,b0
765286747,3,409947,0,0,31.82,93476.30,36.16,560788.63,b0
765279836,4,409993,0,0,31.60,93426.10,36.12,1034866.13,b0
765271387,5,410039,0,0,31.54,93456.87,36.70,740151.81,b0
765283665,6,410086,0,0,31.55,93429.29,36.86,409681.94,b0
765268824,7,410132,0,0,31.25,93465.19,36.98,752111.63,b0
765287253,8,410178,0,0,31.21,93444.51,36.97,586315.50,b0
765270362,1,410224,0,0,31.33,93443.73,37.73,1020937.19,b0
765269850,2,410270,0,0,31.44,93451.34,36.82,652437.06,b0
765286747,3,410316,0,0,31.82,93475.23,36.16,559410.00,b0
765279836,4,410362,0,0,31.59,93427.35,36.12,1026309.19,b0
765271387,5,410409,0,0,31.55,93458.69,36.72,741760.25,b0
765283665,6,410455,0,0,31.54,93428.89,36.87,412404.34,b0
765268824,7,410501,0,0,31.25,93465.73,36.98,749085.56,b0
765287253,8,410547,0,0,31.22,93446.87,36.97,583309.63,b0
765270362,1,410593,0,0,31.33,93443.91,37.71,1020937.19,b0
765269850,2,410639,0,0,31.45,93452.08,36.85,650571.81,b0
765286747,3,410686,0,0,31.82,93476.48,36.16,560788.63,b0
765279836,4,410732,0,0,31.60,93427.72,36.13,1032518.25,b0
765271387,5,410778,0,0,31.54,93456.00,36.72,739350.19,b0
765283665,6,410824,0,0,31.54,93429.45,36.86,411162.41,b0
765268824,7,410870,0,0,31.27,93464.88,37.00,753356.63,b0
765287253,8,410916,0,0,31.23,93447.61,36.99,586819.50,b0
765270362,1,410963,0,0,31.34,93445.40,37.73,1024768.56,b0
765269850,2,411009,0,0,31.44,93451.54,36.85,651814.13,b0
765286747,3,411055,0,0,31.82,93475.41,36.18,563566.31,b0
765279836,4,411101,0,0,31.60,93427.38,36.12,1032518.25,b0
765271387,5,411147,0,0,31.54,93457.43,36.72,739350.19,b0
765283665,6,411193,0,0,31.55,93429.66,36.86,411410.22,b0
765268824,7,411239,0,0,31.28,93467.46,37.02,752941.19,b0
765287253,8,411285,0,0,31.23,93446.54,37.01,585812.38,b0
765270362,1,411332,0,0,31.33,93445.16,37.71,1030959.00,b0
765269850,2,411378,0,0,31.44,93449.56,36.85,649952.38,b0
765286747,3,411424,0,0,31.81,93475.21,36.16,562637.38,b0
765279836,4,411470,0,0,31.59,93425.91,36.15,1033299.69,b0
765271387,5,411516,0,0,31.54,93457.08,36.71,747445.25,b0
765283665,6,411562,0,0,31.56,93432.24,36.86,413653.81,b0
765268824,7,411608,0,0,31.28,93464.91,37.00,749085.56,b0
765287253,8,411655,0,0,31.24,93448.55,36.98,586315.50,b0
765270362,1,411701,0,0,31.31,93443.98,37.73,1030181.06,b0
765269850,2,411747,0,0,31.43,93449.70,36.86,654313.13,b0
765286747,3,411793,0,0,31.80,93475.16,36.16,564031.94,b0
765279836,4,411839,0,0,31.59,93426.98,36.15,1030959.00,b0
765271387,5,411885,0,0,31.54,93455.28,36.73,738550.31,b0
765283665,6,411931,0,0,31.54,93428.37,36.87,413403.31,b0
765268824,7,411978,0,0,31.29,93464.39,37.00,751283.94,b0
765287253,8,412024,0,0,31.25,93448.37,36.99,585812.38,b0
765270362,1,412070,0,0,31.30,93443.95,37.69,1024768.56,b0
765269850,2,412116,0,0,31.43,93448.98,36.86,653686.56,b0
765286747,3,412162,0,0,31.79,93476.23,36.17,566841.94,b0
765279836,4,412208,0,0,31.58,93426.04,36.12,1036437.25,b0
765271387,5,412255,0,0,31.54,93454.53,36.71,749085.56,b0
765283665,6,412301,0,0,31.56,93431.19,36.86,412653.63,b0
765268824,7,412347,0,0,31.30,93467.91,37.01,755440.81,b0
765287253,8,412393,0,0,31.25,93446.60,37.00,586315.50,b0
765270362,1,412439,0,0,31.31,93444.15,37.72,1027081.25,b0
765269850,2,412485,0,0,31.42,93451.09,36.85,654940.81,b0
765286747,3,412532,0,0,31.79,93477.11,36.16,566841.94,b0
765279836,4,412578,0,0,31.57,93425.99,36.12,1038802.94,b0
765271387,5,412624,0,0,31.56,93456.62,36.72,747445.25,b0
765283665,6,412670,0,0,31.56,93429.43,36.86,415668.75,b0
765268824,7,412716,0,0,31.31,93465.73,37.01,754605.75,b0
765287253,8,412762,0,0,31.26,93447.52,36.99,586315.50,b0
765270362,1,412809,0,0,31.30,93444.30,37.71,1029404.38,b0
765269850,2,412855,0,0,31.42,93450.18,36.86,659368.94,b0
765286747,3,412901,0,0,31.78,93475.66,36.16,565433.44,b0
765279836,4,412947,0,0,31.57,93426.88,36.13,1041179.44,b0
765271387,5,412993,0,0,31.56,93456.66,36.72,755440.81,b0
765283665,6,413039,0,0,31.57,93430.20,36.87,413153.13,b0
765268824,7,413085,0,0,31.31,93464.65,37.01,756696.81,b0
765287253,8,413131,0,0,31.26,93448.61,37.01,585310.06,b0
765270362,1,413178,0,0,31.29,93443.86,37.72,1034866.13,b0
765269850,2,413224,0,0,31.41,93450.52,36.86,656199.94,b0
765286747,3,413270,0,0,31.78,93475.81,36.15,568730.94,b0
765279836,4,413316,0,0,31.57,93427.79,36.13,1045164.56,b0
765271387,5,413362,0,0,31.56,93456.08,36.72,750870.75,b0
765283665,6,413408,0,0,31.56,93429.59,36.88,413403.31,b0
765268824,7,413454,0,0,31.32,93465.79,37.02,762188.31,b0
765287253,8,413500,0,0,31.26,93447.69,37.01,586819.50,b0
765270362,1,413547,0,0,31.29,93444.93,37.70,1030959.00,b0
765269850,2,413593,0,0,31.41,93450.52,36.85,656831.31,b0
765286747,3,413639,0,0,31.77,93475.80,36.18,567784.88,b0
765279836,4,413685,0,0,31.58,93427.09,36.13,1050795.25,b0
765271387,5,413731,0,0,31.55,93457.48,36.73,745812.06,b0
765283665,6,413777,0,0,31.56,93429.77,36.86,416683.63,b0
765268824,7,413823,0,0,31.32,93468.51,37.01,751697.56,b0
765287253,8,413870,0,0,31.26,93446.79,37.00,588844.19,b0
765270362,1,413916,0,0,31.29,93444.60,37.70,1032518.25,b0
765269850,2,413962,0,0,31.42,93451.10,36.85,657463.88,b0
765286747,3,414008,0,0,31.79,93475.85,36.17,571588.06,b0
765279836,4,414054,0,0,31.59,93427.14,36.13,1050795.25,b0
765271387,5,414100,0,0,31.56,93458.58,36.75,749085.56,b0
765283665,6,414147,0,0,31.56,93432.13,36.88,414910.84,b0
765268824,7,414193,0,0,31.32,93464.50,37.00,749085.56,b0
765287253,8,414239,0,0,31.26,93446.08,37.00,586315.50,b0
765270362,1,414285,0,0,31.30,93444.45,37.71,1031738.06,b0
765269850,2,414331,0,0,31.43,93451.30,36.86,660006.44,b0
765286747,3,414377,0,0,31.79,93477.66,36.17,571588.06,b0
765279836,4,414423,0,0,31.59,93426.96,36.13,1050795.25,b0
765271387,5,414470,0,0,31.55,93456.76,36.72,752526.19,b0
765283665,6,414516,0,0,31.56,93429.39,36.87,416175.56,b0
765268824,7,414562,0,0,31.32,93467.05,37.00,741760.25,b0
765287253,8,414608,0,0,31.26,93447.34,37.01,586315.50,b0
765270362,1,414654,0,0,31.30,93444.48,37.72,1034082.31,b0
765269850,2,414700,0,0,31.44,93451.52,36.86,661285.13,b0
765286747,3,414747,0,0,31.79,93478.03,36.18,570632.50,b0
765279836,4,414793,0,0,31.60,93426.64,36.15,1042769.88,b0
765271387,5,414839,0,0,31.55,93458.01,36.73,757536.50,b0
765283665,6,414885,0,0,31.55,93430.79,36.87,417192.91,b0
765268824,7,414931,0,0,31.33,93465.80,37.00,754188.94,b0
765287253,8,414977,0,0,31.27,93448.07,36.99,585812.38,b0
765270362,1,415024,0,0,31.30,93443.91,37.70,1038802.94,b0
765269850,2,415070,0,0,31.43,93450.77,36.84,662568.75,b0
765286747,3,415116,0,0,31.80,93475.53,36.16,571588.06,b0
765279836,4,415162,0,0,31.60,93427.20,36.14,1044365.13,b0
765271387,5,415208,0,0,31.55,93455.16,36.72,753772.56,b0
765283665,6,415254,0,0,31.56,93430.48,36.86,415163.19,b0
765268824,7,415300,0,0,31.34,93466.75,37.00,753356.63,b0
765287253,8,415346,0,0,31.27,93446.66,37.00,588336.69,b0
765270362,1,415393,0,0,31.29,93443.70,37.70,1037224.63,b0
765269850,2,415439,0,0,31.43,93451.48,36.86,661926.31,b0
765286747,3,415485,0,0,31.80,93475.70,36.17,575442.56,b0
765279836,4,415531,0,0,31.60,93428.30,36.13,1049987.12,b0
765271387,5,415577,0,0,31.56,93456.44,36.72,758799.56,b0
765283665,6,415623,0,0,31.57,93431.30,36.85,416429.44,b0
765268824,7,415669,0,0,31.34,93466.40,36.99,754605.75,b0
765287253,8,415716,0,0,31.29,93448.66,37.00,585310.06,b0
765270362,1,415762,0,0,31.29,93445.12,37.70,1037224.63,b0
765269850,2,415808,0,0,31.42,93451.61,36.85,661926.31,b0
765286747,3,415854,0,0,31.80,93475.34,36.17,577389.31,b0
765279836,4,415900,0,0,31.60,93427.20,36.15,1053227.00,b0
765271387,5,415946,0,0,31.57,93457.96,36.71,757957.06,b0
765283665,6,415992,0,0,31.58,93430.46,36.87,414658.84,b0
765268824,7,416039,0,0,31.35,93466.05,36.99,757116.44,b0
765287253,8,416085,0,0,31.29,93446.01,37.02,585310.06,b0
765270362,1,416131,0,0,31.28,93444.38,37.72,1043566.88,b0
765269850,2,416177,0,0,31.41,93449.99,36.86,660645.19,b0
765286747,3,416223,0,0,31.80,93477.34,36.16,573508.81,b0
765279836,4,416269,0,0,31.60,93428.13,36.13,1050795.25,b0
765271387,5,416316,0,0,31.58,93457.99,36.70,758378.06,b0
765283665,6,416362,0,0,31.58,93429.39,36.85,415922.00,b0
765268824,7,416408,0,0,31.36,93467.73,36.98,756696.81,b0
765287253,8,416454,0,0,31.30,93446.20,37.02,585310.06,b0
765270362,1,416500,0,0,31.29,93445.82,37.72,1041974.06,b0
765269850,2,416546,0,0,31.41,93450.17,36.86,661285.13,b0
765286747,3,416593,0,0,31.81,93475.55,36.16,580334.38,b0
765279836,4,416639,0,0,31.62,93429.43,36.17,1058124.50,b0
765271387,5,416685,0,0,31.59,93457.17,36.73,755023.06,b0
765283665,6,416731,0,0,31.59,93430.37,36.87,416938.13,b0
765268824,7,416777,0,0,31.36,93465.35,36.98,756277.69,b0
765287253,8,416823,0,0,31.32,93449.12,37.01,584808.69,b0
765270362,1,416870,0,0,31.28,93444.73,37.71,1040386.06,b0
765269850,2,416916,0,0,31.42,93451.83,36.86,662568.75,b0
765286747,3,416962,0,0,31.82,93476.30,36.16,574957.88,b0
765279836,4,417008,0,0,31.63,93428.95,36.16,1049987.12,b0
765271387,5,417054,0,0,31.59,93455.92,36.71,757957.06,b0
765283665,6,417100,0,0,31.59,93430.98,36.88,415668.75,b0
765268824,7,417146,0,0,31.37,93467.41,36.96,752526.19,b0
765287253,8,417192,0,0,31.31,93448.20,37.01,583309.63,b0
765270362,1,417239,0,0,31.28,93442.95,37.74,1038802.94,b0
765269850,2,417285,0,0,31.43,93450.41,36.86,663212.44,b0
765286747,3,417331,0,0,31.82,93475.24,36.16,574474.06,b0
765279836,4,417377,0,0,31.63,93428.62,36.15,1050795.25,b0
765271387,5,417423,0,0,31.60,93456.52,36.72,748264.50,b0
765283665,6,417469,0,0,31.59,93430.09,36.87,413153.13,b0
765268824,7,417515,0,0,31.36,93466.27,36.98,759221.50,b0
765287253,8,417561,0,0,31.31,93445.89,37.00,584808.69,b0
765270362,1,417608,0,0,31.30,93446.06,37.70,1053227.00,b0
765269850,2,417654,0,0,31.43,93450.77,36.84,660006.44,b0
765286747,3,417700,0,0,31.83,93475.98,36.18,574474.06,b0
765279836,4,417746,0,0,31.64,93427.58,36.15,1049987.12,b0
765271387,5,417792,0,0,31.60,93455.80,36.71,739350.19,b0
765283665,6,417838,0,0,31.60,93430.51,36.85,412404.34,b0
765268824,7,417884,0,0,31.37,93468.15,36.97,750458.06,b0
765287253,8,417931,0,0,31.31,93446.60,36.98,585812.38,b0
765270362,1,417977,0,0,31.30,93445.70,37.74,1047570.31,b0
765269850,2,418023,0,0,31.44,93450.63,36.85,662568.75,b0
765286747,3,418069,0,0,31.83,93476.34,36.18,573508.81,b0
765279836,4,418115,0,0,31.64,93428.48,36.14,1050795.25,b0
765271387,5,418161,0,0,31.61,93456.78,36.72,744186.06,b0
765283665,6,418208,0,0,31.60,93431.24,36.85,413653.81,b0
765268824,7,418254,0,0,31.37,93465.95,36.96,752941.19,b0
765287253,8,418300,0,0,31.33,93448.98,36.99,585310.06,b0
765270362,1,418346,0,0,31.30,93444.63,37.72,1038802.94,b0
765269850,2,418392,0,0,31.44,93452.41,36.86,660645.19,b0
765286747,3,418438,0,0,31.83,93477.07,36.17,573508.81,b0
765279836,4,418485,0,0,31.65,93427.60,36.14,1058124.50,b0
765271387,5,418531,0,0,31.62,93457.18,36.72,746627.75,b0
765283665,6,418577,0,0,31.61,93429.87,36.86,412653.63,b0
765268824,7,418623,0,0,31.37,93468.85,36.95,749085.56,b0
765287253,8,418669,0,0,31.32,93448.42,36.97,585812.38,b0
765270362,1,418715,0,0,31.29,93445.88,37.71,1045164.56,b0
765269850,2,418762,0,0,31.43,93452.20,36.85,661926.31,b0
765286747,3,418808,0,0,31.84,93474.92,36.15,573027.44,b0
765279836,4,418854,0,0,31.65,93427.64,36.15,1054854.50,b0
765271387,5,418900,0,0,31.62,93457.94,36.71,754605.75,b0
765283665,6,418946,0,0,31.62,93431.00,36.86,413153.13,b0
765268824,7,418992,0,0,31.36,93466.09,36.95,752526.19,b0
765287253,8,419038,0,0,31.32,93447.16,36.96,586315.50,b0
765270362,1,419085,0,0,31.30,93443.56,37.70,1038802.94,b0
765269850,2,419131,0,0,31.43,93451.34,36.86,658097.69,b0
765286747,3,419177,0,0,31.85,93476.56,36.17,575442.56,b0
765279836,4,419223,0,0,31.66,93427.84,36.13,1052415.25,b0
765271387,5,419269,0,0,31.63,93458.14,36.71,746627.75,b0
765283665,6,419315,0,0,31.61,93428.80,36.84,413153.13,b0
765268824,7,419361,0,0,31.37,93466.66,36.94,752111.63,b0
765287253,8,419407,0,0,31.32,93449.13,36.97,587324.38,b0
765270362,1,419454,0,0,31.30,93446.45,37.73,1038802.94,b0
765269850,2,419500,0,0,31.43,93450.41,36.85,659368.94,b0
765286747,3,419546,0,0,31.85,93475.51,36.16,581818.19,b0
765279836,4,419592,0,0,31.66,93427.84,36.13,1053227.00,b0
765271387,5,419638,0,0,31.63,93455.64,36.70,740151.81,b0
765283665,6,419684,0,0,31.62,93430.11,36.87,412653.63,b0
765268824,7,419730,0,0,31.37,93467.04,36.95,751283.94,b0
765287253,8,419777,0,0,31.32,93448.22,36.95,585812.38,b0
765270362,1,419823,0,0,31.30,93445.56,37.71,1040386.06,b0
765269850,2,419869,0,0,31.43,93450.95,36.86,659368.94,b0
765286747,3,419915,0,0,31.86,93475.89,36.15,571588.06,b0
765279836,4,419961,0,0,31.67,93428.26,36.12,1049987.12,b0
765271387,5,420007,0,0,31.64,93456.05,36.69,742567.06,b0
765283665,6,420053,0,0,31.62,93429.44,36.85,412653.63,b0
765268824,7,420100,0,0,31.37,93467.04,36.93,754605.75,b0
765287253,8,420146,0,0,31.32,93446.97,36.94,587830.06,b0
765270362,1,420192,0,0,31.30,93442.33,37.73,1044365.13,b0
765269850,2,420238,0,0,31.44,93451.18,36.86,662568.75,b0
765286747,3,420284,0,0,31.86,93476.45,36.15,575928.00,b0
765279836,4,420330,0,0,31.68,93428.46,36.13,1054040.12,b0
765271387,5,420377,0,0,31.64,93457.31,36.69,748264.50,b0
765283665,6,420423,0,0,31.62,93430.70,36.85,412903.22,b0
765268824,7,420469,0,0,31.37,93465.40,36.92,755023.06,b0
765287253,8,420515,0,0,31.32,93445.91,36.95,585812.38,b0
765270362,1,420561,0,0,31.31,93443.08,37.72,1044365.13,b0
765269850,2,420607,0,0,31.45,93451.90,36.83,660006.44,b0
765286747,3,420654,0,0,31.86,93475.35,36.15,573027.44,b0
765279836,4,420700,0,0,31.67,93429.16,36.11,1054040.12,b0
765271387,5,420746,0,0,31.64,93456.62,36.68,742567.06,b0
765283665,6,420792,0,0,31.62,93429.13,36.85,411162.41,b0
765268824,7,420838,0,0,31.37,93466.30,36.93,746627.75,b0
765287253,8,420884,0,0,31.32,93445.74,36.93,586315.50,b0
765270362,1,420931,0,0,31.31,93443.62,37.71,1043566.88,b0
765269850,2,420977,0,0,31.44,93450.28,36.84,656831.31,b0
765286747,3,421023,0,0,31.86,93476.44,36.16,578367.69,b0
765279836,4,421069,0,0,31.66,93427.33,36.10,1047570.31,b0
765271387,5,421115,0,0,31.64,93457.52,36.69,742567.06,b0
765283665,6,421161,0,0,31.62,93428.75,36.84,410420.84,b0
765268824,7,421207,0,0,31.38,93467.64,36.90,752526.19,b0
765287253,8,421253,0,0,31.32,93446.82,36.93,585310.06,b0
765270362,1,421300,0,0,31.31,93443.26,37.73,1045164.56,b0
765269850,2,421346,0,0,31.44,93450.10,36.87,657463.88,b0
765286747,3,421392,0,0,31.86,93473.38,36.15,573508.81,b0
765279836,4,421438,0,0,31.67,93429.34,36.09,1056487.00,b0
765271387,5,421484,0,0,31.65,93456.66,36.70,740955.13,b0
765283665,6,421530,0,0,31.62,93429.84,36.84,409681.94,b0
765268824,7,421576,0,0,31.38,93465.62,36.92,749085.56,b0
765287253,8,421622,0,0,31.33,93447.00,36.93,585310.06,b0
765270362,1,421669,0,0,31.31,93444.16,37.72,1045164.56,b0
765269850,2,421715,0,0,31.45,93449.95,36.85,658732.69,b0
765286747,3,421761,0,0,31.86,93474.09,36.15,577878.13,b0
765279836,4,421807,0,0,31.67,93428.27,36.11,1049180.37,b0
765271387,5,421853,0,0,31.64,93455.73,36.67,744998.19,b0
765283665,6,421899,0,0,31.63,93429.52,36.84,412653.63,b0
765268824,7,421945,0,0,31.39,93466.56,36.91,749085.56,b0
765287253,8,421992,0,0,31.33,93446.28,36.93,585310.06,b0
765270362,1,422038,0,0,31.31,93442.54,37.71,1043566.88,b0
765269850,2,422084,0,0,31.45,93450.31,36.87,659368.94,b0
765286747,3,422130,0,0,31.87,93475.74,36.13,575442.56,b0
765279836,4,422176,0,0,31.68,93428.48,36.10,1051604.62,b0
765271387,5,422222,0,0,31.64,93455.52,36.66,743375.69,b0
765283665,6,422269,0,0,31.63,93430.23,36.83,412155.38,b0
765268824,7,422315,0,0,31.39,93464.20,36.91,752111.63,b0
765287253,8,422361,0,0,31.32,93448.25,36.92,584308.13,b0
765270362,1,422407,0,0,31.32,93444.76,37.72,1041974.06,b0
765269850,2,422453,0,0,31.46,93450.36,36.85,660645.19,b0
765286747,3,422499,0,0,31.86,93475.00,36.12,578367.69,b0
765279836,4,422545,0,0,31.67,93425.57,36.09,1048374.69,b0
765271387,5,422592,0,0,31.65,93456.47,36.67,744998.19,b0
765283665,6,422638,0,0,31.63,93430.57,36.84,410420.84,b0
765268824,7,422684,0,0,31.40,93466.04,36.93,751697.56,b0
765287253,8,422730,0,0,31.32,93446.09,36.93,587324.38,b0
765270362,1,422776,0,0,31.31,93444.54,37.73,1039593.94,b0
765269850,2,422822,0,0,31.46,93450.55,36.86,660645.19,b0
765286747,3,422869,0,0,31.85,93474.94,36.13,572546.81,b0
765279836,4,422915,0,0,31.67,93427.37,36.10,1049180.37,b0
765271387,5,422961,0,0,31.64,93456.62,36.64,748264.50,b0
765283665,6,423007,0,0,31.62,93429.64,36.82,412404.34,b0
765268824,7,423053,0,0,31.39,93465.66,36.91,740955.13,b0
765287253,8,423099,0,0,31.32,93445.37,36.93,587830.06,b0
765270362,1,423146,0,0,31.31,93446.84,37.71,1046767.19,b0
765269850,2,423192,0,0,31.46,93451.25,36.85,660645.19,b0
765286747,3,423238,0,0,31.83,93475.09,36.12,572067.06,b0
765279836,4,423284,0,0,31.67,93427.88,36.07,1046767.19,b0
765271387,5,423330,0,0,31.64,93454.80,36.66,751697.56,b0
765283665,6,423376,0,0,31.61,93431.32,36.81,411410.22,b0
765268824,7,423422,0,0,31.40,93465.50,36.91,752526.19,b0
765287253,8,423468,0,0,31.32,93445.72,36.91,586819.50,b0
765270362,1,423515,0,0,31.30,93445.16,37.71,1045164.56,b0
765269850,2,423561,0,0,31.45,93449.25,36.83,657463.88,b0
765286747,3,423607,0,0,31.82,93476.48,36.12,574474.06,b0
765279836,4,423653,0,0,31.66,93427.84,36.09,1044365.13,b0
765271387,5,423699,0,0,31.64,93457.87,36.66,744998.19,b0
765283665,6,423745,0,0,31.61,93429.36,36.82,410667.75,b0
765268824,7,423791,0,0,31.39,93465.30,36.90,751283.94,b0
765287253,8,423838,0,0,31.32,93446.08,36.91,587324.38,b0
765270362,1,423884,0,0,31.29,93444.58,37.73,1048374.69,b0
765269850,2,423930,0,0,31.45,93450.47,36.85,662568.75,b0
765286747,3,423976,0,0,31.82,93475.24,36.13,573027.44,b0
765279836,4,424022,0,0,31.65,93426.73,36.08,1049180.37,b0
765271387,5,424068,0,0,31.63,93455.44,36.65,742567.06,b0
765283665,6,424114,0,0,31.61,93429.00,36.81,410420.84,b0
765268824,7,424161,0,0,31.39,93465.48,36.88,756277.69,b0
765287253,8,424207,0,0,31.31,93445.51,36.90,589352.50,b0
765270362,1,424253,0,0,31.28,93445.44,37.71,1048374.69,b0
765269850,2,424299,0,0,31.45,93450.34,36.83,660645.19,b0
765286747,3,424345,0,0,31.82,93475.23,36.12,573508.81,b0
765279836,4,424391,0,0,31.66,93429.98,36.10,1049987.12,b0
765271387,5,424438,0,0,31.62,93455.25,36.63,745812.06,b0
765283665,6,424484,0,0,31.59,93429.84,36.80,411410.22,b0
765268824,7,424530,0,0,31.38,93465.44,36.89,753772.56,b0
765287253,8,424576,0,0,31.30,93446.92,36.92,592421.19,b0
765270362,1,424622,0,0,31.27,93444.86,37.72,1045164.56,b0
765269850,2,424668,0,0,31.46,93450.36,36.83,660645.19,b0
765286747,3,424715,0,0,31.81,93474.67,36.11,574474.06,b0
765279836,4,424761,0,0,31.65,93428.52,36.07,1051604.62,b0
765271387,5,424807,0,0,31.61,93455.51,36.62,742567.06,b0
765283665,6,424853,0,0,31.57,93428.40,36.83,410914.94,b0
765268824,7,424899,0,0,31.38,93466.91,36.86,754188.94,b0
765287253,8,424945,0,0,31.29,93449.05,36.89,590882.88,b0
765270362,1,424992,0,0,31.26,93444.80,37.72,1046767.19,b0
765269850,2,425038,0,0,31.45,93449.40,36.85,660645.19,b0
765286747,3,425084,0,0,31.79,93474.78,36.11,575928.00,b0
765279836,4,425130,0,0,31.64,93426.48,36.07,1051604.62,b0
765271387,5,425176,0,0,31.61,93455.70,36.64,742567.06,b0
765283665,6,425222,0,0,31.57,93430.62,36.82,414155.72,b0
765268824,7,425268,0,0,31.37,93463.77,36.88,753356.63,b0
765287253,8,425314,0,0,31.30,93444.23,36.89,590371.88,b0
765270362,1,425361,0,0,31.25,93445.10,37.72,1056487.00,b0
765269850,2,425407,0,0,31.44,93449.73,36.82,663212.44,b0
765286747,3,425453,0,0,31.80,93475.16,36.12,575928.00,b0
765279836,4,425499,0,0,31.63,93426.62,36.09,1059767.12,b0
765271387,5,425545,0,0,31.62,93455.20,36.62,740151.81,b0
765283665,6,425591,0,0,31.57,93428.40,36.80,414407.13,b0
765268824,7,425637,0,0,31.36,93465.38,36.87,755859.00,b0
765287253,8,425683,0,0,31.31,93448.56,36.90,591907.50,b0
765270362,1,425730,0,0,31.25,93443.84,37.73,1049987.12,b0
765269850,2,425776,0,0,31.44,93451.18,36.83,662568.75,b0
765286747,3,425822,0,0,31.81,93475.91,36.12,582314.50,b0
765279836,4,425868,0,0,31.64,93426.68,36.08,1054040.12,b0
765271387,5,425914,0,0,31.62,93455.05,36.64,746627.75,b0
765283665,6,425960,0,0,31.59,93430.73,36.81,412653.63,b0
765268824,7,426006,0,0,31.37,93464.30,36.87,756696.81,b0
765287253,8,426053,0,0,31.31,93448.74,36.89,591394.75,b0
765270362,1,426099,0,0,31.25,93443.67,37.73,1046767.19,b0
765269850,2,426145,0,0,31.44,93449.39,36.83,664503.56,b0
765286747,3,426191,0,0,31.81,93474.86,36.13,576414.31,b0
765279836,4,426237,0,0,31.65,93427.07,36.07,1061414.87,b0
765271387,5,426283,0,0,31.62,93455.04,36.63,752111.63,b0
765283665,6,426330,0,0,31.59,93430.05,36.82,413153.13,b0
765268824,7,426376,0,0,31.36,93464.64,36.86,755440.81,b0
765287253,8,426422,0,0,31.31,93445.52,36.90,593451.19,b0
765270362,1,426468,0,0,31.25,93444.38,37.72,1052415.25,b0
765269850,2,426514,0,0,31.44,93450.63,36.84,668407.31,b0
765286747,3,426560,0,0,31.81,93473.20,36.14,577878.13,b0
765279836,4,426606,0,0,31.64,93427.59,36.09,1055670.12,b0
765271387,5,426653,0,0,31.62,93453.96,36.64,752526.19,b0
765283665,6,426699,0,0,31.59,93430.41,36.81,414155.72,b0
765268824,7,426745,0,0,31.35,93463.33,36.88,755023.06,b0
765287253,8,426791,0,0,31.30,93445.31,36.91,594484.75,b0
765270362,1,426837,0,0,31.25,93444.02,37.72,1053227.00,b0
765269850,2,426883,0,0,31.44,93452.59,36.82,669718.75,b0
765286747,3,426930,0,0,31.79,93473.70,36.13,579349.38,b0
765279836,4,426976,0,0,31.63,93425.73,36.07,1059767.12,b0
765271387,5,427022,0,0,31.61,93455.16,36.63,755023.06,b0
765283665,6,427068,0,0,31.58,93429.95,36.81,414910.84,b0
765268824,7,427114,0,0,31.34,93464.95,36.85,760066.81,b0
765287253,8,427160,0,0,31.30,93446.91,36.89,592421.19,b0
765270362,1,427207,0,0,31.25,93443.50,37.73,1058124.50,b0
765269850,2,427253,0,0,31.44,93450.63,36.83,667101.00,b0
765286747,3,427299,0,0,31.78,93472.77,36.13,579349.38,b0
765279836,4,427345,0,0,31.62,93424.98,36.08,1067222.50,b0
765271387,5,427391,0,0,31.60,93454.36,36.61,754188.94,b0
765283665,6,427437,0,0,31.57,93427.76,36.80,416683.63,b0
765268824,7,427483,0,0,31.33,93466.55,36.88,755440.81,b0
765287253,8,427529,0,0,31.30,93446.20,36.91,595521.94,b0
765270362,1,427576,0,0,31.25,93440.59,37.75,1053227.00,b0
765269850,2,427622,0,0,31.43,93449.70,36.85,667101.00,b0
765286747,3,427668,0,0,31.78,93472.77,36.12,577878.13,b0
765279836,4,427714,0,0,31.63,93426.59,36.07,1061414.87,b0
765271387,5,427760,0,0,31.60,93455.12,36.62,757116.44,b0
765283665,6,427806,0,0,31.58,93425.67,36.81,415922.00,b0
765268824,7,427852,0,0,31.32,93463.77,36.85,760490.19,b0
765287253,8,427899,0,0,31.28,93444.53,36.90,595002.88,b0
765270362,1,427945,0,0,31.25,93442.94,37.73,1063896.12,b0
765269850,2,427991,0,0,31.42,93447.89,36.83,671035.38,b0
765286747,3,428037,0,0,31.80,93473.91,36.13,580334.38,b0
765279836,4,428083,0,0,31.63,93426.27,36.09,1068893.50,b0
765271387,5,428129,0,0,31.59,93454.51,36.62,747445.25,b0
765283665,6,428175,0,0,31.59,93427.90,36.82,417959.19,b0
765268824,7,428222,0,0,31.29,93463.50,36.87,760066.81,b0
765287253,8,428268,0,0,31.27,93443.77,36.89,595002.88,b0
765270362,1,428314,0,0,31.26,93440.66,37.74,1053227.00,b0
765269850,2,428360,0,0,31.42,93447.89,36.83,668407.31,b0
765286747,3,428406,0,0,31.80,93472.30,36.15,582314.50,b0
765279836,4,428452,0,0,31.62,93426.23,36.08,1060590.37,b0
765271387,5,428499,0,0,31.58,93454.28,36.63,751283.94,b0
765283665,6,428545,0,0,31.58,93427.27,36.81,415922.00,b0
765268824,7,428591,0,0,31.26,93462.84,36.86,761338.31,b0
765287253,8,428637,0,0,31.24,93446.93,36.88,594484.75,b0
765270362,1,428683,0,0,31.26,93443.37,37.77,1055670.12,b0
765269850,2,428729,0,0,31.42,93448.59,36.83,667753.50,b0
765286747,3,428776,0,0,31.81,93473.03,36.14,581818.19,b0
765279836,4,428822,0,0,31.62,93425.32,36.09,1064725.75,b0
765271387,5,428868,0,0,31.57,93455.63,36.61,752111.63,b0
765283665,6,428914,0,0,31.57,93427.20,36.81,417703.44,b0
765268824,7,428960,0,0,31.24,93463.15,36.86,761338.31,b0
765287253,8,429006,0,0,31.22,93446.34,36.89,594484.75,b0
765270362,1,429053,0,0,31.28,93440.22,37.75,1054854.50,b0
765269850,2,429099,0,0,31.42,93446.07,36.80,673684.19,b0
765286747,3,429145,0,0,31.81,93472.34,36.14,581322.75,b0
765279836,4,429191,0,0,31.62,93424.59,36.09,1067222.50,b0
765271387,5,429237,0,0,31.55,93453.00,36.62,755859.00,b0
765283665,6,429283,0,0,31.56,93428.38,36.82,417703.44,b0
765268824,7,429329,0,0,31.21,93461.57,36.86,762188.31,b0
765287253,8,429375,0,0,31.19,93445.17,36.87,595002.88,b0
765270362,1,429422,0,0,31.29,93442.43,37.77,1062240.62,b0
765269850,2,429468,0,0,31.43,93447.02,36.83,672357.19,b0
765286747,3,429514,0,0,31.81,93472.70,36.14,587830.06,b0
765279836,4,429560,0,0,31.61,93424.75,36.09,1065556.75,b0
765271387,5,429606,0,0,31.53,93453.23,36.61,755859.00,b0
765283665,6,429652,0,0,31.55,93426.44,36.79,420275.00,b0
765268824,7,429698,0,0,31.17,93462.73,36.88,769490.88,b0
765287253,8,429744,0,0,31.16,93443.63,36.89,601291.81,b0
765270362,1,429791,0,0,31.28,93440.97,37.77,1062240.62,b0
765269850,2,429837,0,0,31.43,93448.80,36.83,672357.19,b0
765286747,3,429883,0,0,31.80,93473.01,36.16,588844.19,b0
765279836,4,429929,0,0,31.59,93424.30,36.08,1065556.75,b0
765271387,5,429975,0,0,31.52,93454.05,36.61,757536.50,b0
765283665,6,430021,0,0,31.53,93427.73,36.82,419242.59,b0
765268824,7,430067,0,0,31.15,93463.19,36.87,764321.69,b0
765287253,8,430114,0,0,31.15,93444.51,36.90,601291.81,b0
765270362,1,430160,0,0,31.28,93441.68,37.77,1058124.50,b0
765269850,2,430206,0,0,31.42,93450.55,36.85,675016.50,b0
765286747,3,430252,0,0,31.80,93471.57,36.15,585310.06,b0
765279836,4,430298,0,0,31.60,93424.14,36.09,1068057.37,b0
765271387,5,430344,0,0,31.51,93454.55,36.61,755023.06,b0
765283665,6,430391,0,0,31.53,93427.03,36.81,418985.28,b0
765268824,7,430437,0,0,31.16,93462.87,36.88,769490.88,b0
765287253,8,430483,0,0,31.15,93443.43,36.90,600234.44,b0
765270362,1,430529,0,0,31.29,93443.00,37.77,1055670.12,b0
765269850,2,430575,0,0,31.42,93446.63,36.83,677024.81,b0
765286747,3,430621,0,0,31.80,93471.94,36.15,583808.44,b0
765279836,4,430667,0,0,31.61,93424.94,36.09,1068057.37,b0
765271387,5,430714,0,0,31.52,93453.15,36.63,756277.69,b0
765283665,6,430760,0,0,31.54,93427.08,36.80,417959.19,b0
765268824,7,430806,0,0,31.18,93461.46,36.90,764749.81,b0
765287253,8,430852,0,0,31.17,93444.74,36.92,601291.81,b0
765270362,1,430898,0,0,31.29,93440.98,37.79,1063896.12,b0
765269850,2,430944,0,0,31.44,93448.50,36.85,673020.06,b0
765286747,3,430991,0,0,31.82,93474.14,36.14,582314.50,b0
765279836,4,431037,0,0,31.62,93422.80,36.08,1069731.00,b0
765271387,5,431083,0,0,31.53,93455.05,36.64,764749.81,b0
765283665,6,431129,0,0,31.55,93428.21,36.82,422616.59,b0
765268824,7,431175,0,0,31.19,93462.59,36.92,769490.88,b0
765287253,8,431221,0,0,31.17,93445.47,36.93,604486.44,b0
765270362,1,431268,0,0,31.29,93441.58,37.79,1070569.75,b0
765269850,2,431314,0,0,31.45,93448.51,36.86,674349.69,b0
765286747,3,431360,0,0,31.80,93473.55,36.16,585812.38,b0
765279836,4,431406,0,0,31.60,93425.06,36.10,1067222.50,b0
765271387,5,431452,0,0,31.50,93455.20,36.65,752526.19,b0
765283665,6,431498,0,0,31.52,93427.22,36.81,422878.38,b0
765268824,7,431544,0,0,31.14,93460.07,36.92,776051.56,b0
765287253,8,431590,0,0,31.13,93443.58,36.91,603951.63,b0
765270362,1,431637,0,0,31.28,93443.11,37.76,1058945.25,b0
765269850,2,431683,0,0,31.41,93448.74,36.85,673684.19,b0
765286747,3,431729,0,0,31.78,93472.77,36.17,585812.38,b0
765279836,4,431775,0,0,31.57,93426.16,36.09,1080738.75,b0
765271387,5,431821,0,0,31.46,93453.88,36.64,763040.25,b0
765283665,6,431867,0,0,31.50,93427.22,36.82,421572.66,b0
765268824,7,431913,0,0,31.11,93463.41,36.92,769490.88,b0
765287253,8,431960,0,0,31.10,93445.82,36.94,602884.88,b0
765270362,1,432006,0,0,31.27,93441.96,37.76,1068893.50,b0
765269850,2,432052,0,0,31.40,93447.79,36.85,675684.56,b0
765286747,3,432098,0,0,31.77,93473.82,36.15,586819.50,b0
765279836,4,432144,0,0,31.56,93425.55,36.09,1073938.12,b0
765271387,5,432190,0,0,31.44,93454.29,36.66,765178.38,b0
765283665,6,432236,0,0,31.47,93425.91,36.81,423665.69,b0
765268824,7,432283,0,0,31.07,93461.63,36.94,776051.56,b0
765287253,8,432329,0,0,31.06,93442.64,36.95,607174.63,b0
765270362,1,432375,0,0,31.29,93441.16,37.75,1062240.62,b0
765269850,2,432421,0,0,31.40,93448.71,36.86,678370.31,b0
765286747,3,432467,0,0,31.78,93473.29,36.16,590882.88,b0
765279836,4,432513,0,0,31.55,93424.80,36.10,1074783.50,b0
765271387,5,432560,0,0,31.42,93454.90,36.65,760490.19,b0
765283665,6,432606,0,0,31.46,93427.23,36.81,423665.69,b0
765268824,7,432652,0,0,31.08,93462.01,36.95,772976.06,b0
765287253,8,432698,0,0,31.06,93442.10,36.95,605022.19,b0
765270362,1,432744,0,0,31.30,93443.41,37.79,1063067.75,b0
765269850,2,432790,0,0,31.40,93448.16,36.87,678370.31,b0
765286747,3,432837,0,0,31.78,93473.13,36.17,592935.75,b0
765279836,4,432883,0,0,31.54,93423.85,36.11,1073094.00,b0
765271387,5,432929,0,0,31.44,93455.34,36.69,763466.94,b0
765283665,6,432975,0,0,31.48,93425.96,36.83,424192.22,b0
765268824,7,433021,0,0,31.09,93460.80,36.96,771665.44,b0
765287253,8,433067,0,0,31.10,93445.26,36.97,608799.06,b0
765270362,1,433114,0,0,31.31,93441.09,37.76,1070569.75,b0
765269850,2,433160,0,0,31.41,93448.55,36.86,678370.31,b0
765286747,3,433206,0,0,31.79,93471.72,36.16,593451.19,b0
765279836,4,433252,0,0,31.55,93425.34,36.11,1080738.75,b0
765271387,5,433298,0,0,31.46,93455.11,36.68,775610.69,b0
765283665,6,433344,0,0,31.50,93425.80,36.82,423665.69,b0
765268824,7,433390,0,0,31.11,93462.14,37.00,778707.25,b0
765287253,8,433436,0,0,31.10,93445.09,37.00,606096.50,b0
765270362,1,433483,0,0,31.32,93441.34,37.76,1066389.00,b0
765269850,2,433529,0,0,31.42,93448.42,36.85,677024.81,b0
765286747,3,433575,0,0,31.80,93472.84,36.17,592935.75,b0
765279836,4,433621,0,0,31.57,93425.27,36.10,1068057.37,b0
765271387,5,433667,0,0,31.48,93454.00,36.70,775610.69,b0
765283665,6,433713,0,0,31.51,93427.91,36.84,423402.94,b0
765268824,7,433759,0,0,31.13,93464.20,37.01,773413.88,b0
765287253,8,433805,0,0,31.11,93444.39,37.01,607174.63,b0
765270362,1,433852,0,0,31.34,93442.69,37.77,1063896.12,b0
765269850,2,433898,0,0,31.44,93449.92,36.87,684492.00,b0
765286747,3,433944,0,0,31.82,93475.59,36.18,585310.06,b0
765279836,4,433990,0,0,31.58,93423.54,36.15,1069731.00,b0
765271387,5,434036,0,0,31.49,93455.30,36.72,763466.94,b0
765283665,6,434082,0,0,31.53,93429.84,36.86,424720.03,b0
765268824,7,434128,0,0,31.12,93463.99,37.04,775610.69,b0
765287253,8,434175,0,0,31.12,93446.04,37.02,608256.63,b0
765270362,1,434221,0,0,31.35,93445.84,37.76,1063067.75,b0
765269850,2,434267,0,0,31.45,93448.19,36.87,681077.50,b0
765286747,3,434313,0,0,31.83,93474.16,36.18,586315.50,b0
765279836,4,434359,0,0,31.59,93425.02,36.14,1072251.25,b0
765271387,5,434405,0,0,31.48,93451.87,36.72,766467.06,b0
765283665,6,434452,0,0,31.51,93427.38,36.85,426577.78,b0
765268824,7,434498,0,0,31.13,93462.58,37.05,771665.44,b0
765287253,8,434544,0,0,31.11,93444.76,37.03,608256.63,b0
765270362,1,434590,0,0,31.35,93443.47,37.78,1056487.00,b0
765269850,2,434636,0,0,31.47,93448.97,36.87,678370.31,b0
765286747,3,434682,0,0,31.82,93473.25,36.17,587830.06,b0
765279836,4,434729,0,0,31.61,93425.63,36.14,1072251.25,b0
765271387,5,434775,0,0,31.49,93455.85,36.73,766897.56,b0
765283665,6,434821,0,0,31.51,93427.20,36.86,422878.38,b0
765268824,7,434867,0,0,31.13,93463.85,37.05,777377.13,b0
765287253,8,434913,0,0,31.12,93445.32,37.03,609886.81,b0
765270362,1,434959,0,0,31.34,93443.24,37.76,1055670.12,b0
765269850,2,435006,0,0,31.47,93449.69,36.87,679045.06,b0
765286747,3,435052,0,0,31.82,93473.79,36.18,592421.19,b0
765279836,4,435098,0,0,31.61,93425.30,36.16,1070569.75,b0
765271387,5,435144,0,0,31.49,93456.57,36.75,766467.06,b0
765283665,6,435190,0,0,31.51,93427.13,36.85,423665.69,b0
765268824,7,435236,0,0,31.13,93462.95,37.06,774730.50,b0
765287253,8,435282,0,0,31.11,93445.30,37.03,608799.06,b0
765270362,1,435329,0,0,31.33,93443.38,37.76,1061414.87,b0
765269850,2,435375,0,0,31.46,93448.07,36.87,677696.88,b0
765286747,3,435421,0,0,31.82,93474.52,36.19,585812.38,b0
765279836,4,435467,0,0,31.62,93425.31,36.16,1080738.75,b0
765271387,5,435513,0,0,31.49,93453.69,36.75,779151.63,b0
765283665,6,435559,0,0,31.51,93429.16,36.86,424984.44,b0
765268824,7,435605,0,0,31.14,93462.61,37.08,780041.88,b0
765287253,8,435651,0,0,31.10,93444.19,37.06,607174.63,b0
765270362,1,435698,0,0,31.32,93441.88,37.75,1056487.00,b0
765269850,2,435744,0,0,31.47,93449.54,36.87,678370.31,b0
765286747,3,435790,0,0,31.82,93473.97,36.17,586315.50,b0
765279836,4,435836,0,0,31.62,93424.44,36.16,1076478.37,b0
765271387,5,435882,0,0,31.49,93455.49,36.74,763894.06,b0
765283665,6,435928,0,0,31.50,93428.13,36.87,424192.22,b0
765268824,7,435974,0,0,31.14,93463.86,37.09,780041.88,b0
765287253,8,436021,0,0,31.09,93443.80,37.06,608256.63,b0
765270362,1,436067,0,0,31.32,93443.13,37.74,1063067.75,b0
765269850,2,436113,0,0,31.48,93448.83,36.87,683806.38,b0
765286747,3,436159,0,0,31.82,93473.44,36.18,584808.69,b0
765279836,4,436205,0,0,31.63,93424.99,36.17,1068057.37,b0
765271387,5,436251,0,0,31.48,93455.57,36.76,776051.56,b0
765283665,6,436297,0,0,31.50,93427.92,36.86,425249.16,b0
765268824,7,436344,0,0,31.11,93462.14,37.10,780487.81,b0
765287253,8,436390,0,0,31.07,93444.09,37.07,612074.13,b0
765270362,1,436436,0,0,31.33,93444.63,37.74,1066389.00,b0
765269850,2,436482,0,0,31.48,93449.53,36.87,681077.50,b0
765286747,3,436528,0,0,31.82,93473.06,36.16,584808.69,b0
765279836,4,436574,0,0,31.62,93425.31,36.14,1068057.37,b0
765271387,5,436621,0,0,31.47,93455.56,36.77,769057.44,b0
765283665,6,436667,0,0,31.49,93427.47,36.87,424720.03,b0
765268824,7,436713,0,0,31.10,93461.91,37.09,780041.88,b0
765287253,8,436759,0,0,31.05,93444.05,37.07,610432.19,b0
765270362,1,436805,0,0,31.33,93441.95,37.74,1060590.37,b0
765269850,2,436851,0,0,31.47,93449.34,36.87,678370.31,b0
765286747,3,436898,0,0,31.83,93473.98,36.18,583808.44,b0
765279836,4,436944,0,0,31.62,93427.84,36.16,1071409.87,b0
765271387,5,436990,0,0,31.47,93454.85,36.76,766037.00,b0
765283665,6,437036,0,0,31.49,93426.77,36.87,428990.38,b0
765268824,7,437082,0,0,31.10,93462.46,37.10,780487.81,b0
765287253,8,437128,0,0,31.05,93444.77,37.10,609342.44,b0
765270362,1,437175,0,0,31.35,93442.93,37.73,1062240.62,b0
765269850,2,437221,0,0,31.48,93447.56,36.84,680398.69,b0
765286747,3,437267,0,0,31.83,93474.91,36.17,582314.50,b0
765279836,4,437313,0,0,31.62,93425.14,36.14,1077327.75,b0
765271387,5,437359,0,0,31.47,93454.64,36.77,773852.25,b0
765283665,6,437405,0,0,31.48,93426.73,36.88,424720.03,b0
765268824,7,437451,0,0,31.09,93464.23,37.11,784073.50,b0
765287253,8,437497,0,0,31.04,93444.38,37.10,610432.19,b0
765270362,1,437544,0,0,31.36,93443.16,37.74,1061414.87,b0
765269850,2,437590,0,0,31.49,93449.60,36.85,682439.19,b0
765286747,3,437636,0,0,31.84,93472.59,36.17,582811.63,b0
765279836,4,437682,0,0,31.63,93424.66,36.15,1070569.75,b0
765271387,5,437728,0,0,31.47,93454.28,36.77,774291.13,b0
765283665,6,437774,0,0,31.49,93427.88,36.88,426844.53,b0
765268824,7,437820,0,0,31.07,93463.44,37.14,783174.00,b0
765287253,8,437866,0,0,31.03,93444.16,37.11,612623.38,b0
765270362,1,437913,0,0,31.36,93442.66,37.75,1068057.37,b0
765269850,2,437959,0,0,31.50,93448.55,36.86,680398.69,b0
765286747,3,438005,0,0,31.84,93472.41,36.18,591907.50,b0
765279836,4,438051,0,0,31.63,93424.49,36.15,1071409.87,b0
765271387,5,438097,0,0,31.47,93455.52,36.76,776934.75,b0
765283665,6,438143,0,0,31.48,93427.56,36.89,427111.56,b0
765268824,7,438189,0,0,31.06,93462.31,37.15,781381.13,b0
765287253,8,438236,0,0,31.01,93444.47,37.12,612623.38,b0
765270362,1,438282,0,0,31.37,93443.04,37.72,1058945.25,b0
765269850,2,438328,0,0,31.51,93448.77,36.86,679045.06,b0
765286747,3,438374,0,0,31.85,93474.04,36.17,587830.06,b0
765279836,4,438420,0,0,31.64,93427.75,36.15,1076478.37,b0
765271387,5,438466,0,0,31.46,93454.96,36.78,776492.88,b0
765283665,6,438513,0,0,31.48,93428.65,36.90,428183.16,b0
765268824,7,438559,0,0,31.05,93462.09,37.14,786331.38,b0
765287253,8,438605,0,0,31.00,93445.34,37.12,614830.38,b0
765270362,1,438651,0,0,31.37,93442.89,37.74,1053227.00,b0
765269850,2,438697,0,0,31.50,93448.75,36.84,683122.06,b0
765286747,3,438743,0,0,31.84,93475.66,36.19,589352.50,b0
765279836,4,438789,0,0,31.63,93426.27,36.15,1078178.50,b0
765271387,5,438836,0,0,31.46,93454.21,36.78,774730.50,b0
765283665,6,438882,0,0,31.46,93427.41,36.88,428183.16,b0
765268824,7,438928,0,0,31.03,93462.59,37.16,785878.75,b0
765287253,8,438974,0,0,30.99,93445.66,37.13,611525.81,b0
765270362,1,439020,0,0,31.37,93443.57,37.74,1057305.12,b0
765269850,2,439066,0,0,31.50,93448.23,36.83,682439.19,b0
765286747,3,439113,0,0,31.84,93473.50,36.17,584308.13,b0
765279836,4,439159,0,0,31.63,93426.09,36.15,1076478.37,b0
765271387,5,439205,0,0,31.44,93455.35,36.78,771665.44,b0
765283665,6,439251,0,0,31.46,93428.80,36.88,428183.16,b0
765268824,7,439297,0,0,31.02,93463.24,37.16,780041.88,b0
765287253,8,439343,0,0,30.96,93445.39,37.15,613724.88,b0
765270362,1,439390,0,0,31.37,93444.46,37.72,1058124.50,b0
765269850,2,439436,0,0,31.51,93448.97,36.83,681757.69,b0
765286747,3,439482,0,0,31.84,93473.14,36.16,583309.63,b0
765279836,4,439528,0,0,31.63,93424.48,36.15,1079884.00,b0
765271387,5,439574,0,0,31.43,93454.42,36.79,781381.13,b0
765283665,6,439620,0,0,31.44,93426.70,36.89,428990.38,b0
765268824,7,439666,0,0,31.01,93465.41,37.17,784524.06,b0
765287253,8,439712,0,0,30.96,93444.84,37.15,611525.81,b0
765270362,1,439759,0,0,31.36,93445.16,37.73,1064725.75,b0
765269850,2,439805,0,0,31.51,93450.93,36.83,684492.00,b0
765286747,3,439851,0,0,31.84,93473.48,36.18,584808.69,b0
765279836,4,439897,0,0,31.63,93424.49,36.14,1082452.37,b0
765271387,5,439943,0,0,31.43,93455.31,36.80,778707.25,b0
765283665,6,439989,0,0,31.45,93426.92,36.90,430885.75,b0
765268824,7,440035,0,0,31.01,93461.94,37.20,783623.50,b0
765287253,8,440082,0,0,30.95,93443.57,37.17,613724.88,b0
765270362,1,440128,0,0,31.38,93443.79,37.73,1061414.87,b0
765269850,2,440174,0,0,31.52,93450.42,36.83,683122.06,b0
765286747,3,440220,0,0,31.85,93474.79,36.14,590882.88,b0
765279836,4,440266,0,0,31.65,93427.06,36.15,1078178.50,b0
765271387,5,440312,0,0,31.43,93455.11,36.82,777377.13,b0
765283665,6,440358,0,0,31.45,93426.25,36.92,428990.38,b0
765268824,7,440405,0,0,31.00,93463.56,37.20,784524.06,b0
765287253,8,440451,0,0,30.95,93444.65,37.19,614277.13,b0
765270362,1,440497,0,0,31.39,93443.69,37.71,1067222.50,b0
765269850,2,440543,0,0,31.53,93449.02,36.82,684492.00,b0
765286747,3,440589,0,0,31.86,93475.35,36.16,590882.88,b0
765279836,4,440635,0,0,31.65,93424.38,36.14,1075630.25,b0
765271387,5,440682,0,0,31.43,93452.96,36.82,783623.50,b0
765283665,6,440728,0,0,31.45,93426.74,36.92,429530.19,b0
765268824,7,440774,0,0,31.00,93464.27,37.22,784524.06,b0
765287253,8,440820,0,0,30.94,93444.43,37.19,614277.13,b0
765270362,1,440866,0,0,31.40,93443.38,37.71,1064725.75,b0
765269850,2,440912,0,0,31.53,93449.76,36.82,683122.06,b0
765286747,3,440959,0,0,31.87,93474.48,36.16,586315.50,b0
765279836,4,441005,0,0,31.64,93425.45,36.14,1071409.87,b0
765271387,5,441051,0,0,31.42,93454.30,36.83,776051.56,b0
765283665,6,441097,0,0,31.43,93425.56,36.91,430613.97,b0
765268824,7,441143,0,0,30.97,93464.91,37.22,785878.75,b0
765287253,8,441189,0,0,30.94,93445.15,37.22,617611.56,b0
765270362,1,441236,0,0,31.41,93443.99,37.71,1065556.75,b0
765269850,2,441282,0,0,31.53,93449.76,36.81,683806.38,b0
765286747,3,441328,0,0,31.86,93473.74,36.16,589352.50,b0
765279836,4,441374,0,0,31.64,93427.02,36.14,1083311.25,b0
765271387,5,441420,0,0,31.40,93453.87,36.81,776934.75,b0
765283665,6,441466,0,0,31.42,93425.28,36.93,430613.97,b0
765268824,7,441512,0,0,30.96,93463.95,37.23,786784.50,b0
765287253,8,441558,0,0,30.93,93445.30,37.23,615384.63,b0
765270362,1,441605,0,0,31.42,93444.91,37.71,1062240.62,b0
765269850,2,441651,0,0,31.54,93451.05,36.81,687940.88,b0
765286747,3,441697,0,0,31.87,93476.10,36.16,586819.50,b0
765279836,4,441743,0,0,31.64,93426.32,36.12,1076478.37,b0
765271387,5,441789,0,0,31.41,93453.73,36.81,779151.63,b0
765283665,6,441835,0,0,31.44,93428.44,36.92,430071.41,b0
765268824,7,441881,0,0,30.94,93464.06,37.24,791803.63,b0
765287253,8,441927,0,0,30.92,93443.82,37.24,614830.38,b0
765270362,1,441974,0,0,31.43,93445.70,37.68,1065556.75,b0
765269850,2,442020,0,0,31.54,93450.34,36.79,683806.38,b0
765286747,3,442066,0,0,31.88,93475.95,36.15,585812.38,b0
765279836,4,442112,0,0,31.65,93426.53,36.13,1085896.12,b0
765271387,5,442158,0,0,31.39,93455.04,36.82,776051.56,b0
765283665,6,442204,0,0,31.42,93429.16,36.93,433347.44,b0
765268824,7,442250,0,0,30.92,93464.18,37.26,794568.38,b0
765287253,8,442297,0,0,30.89,93442.85,37.25,614830.38,b0
765270362,1,442343,0,0,31.43,93445.17,37.70,1057305.12,b0
765269850,2,442389,0,0,31.54,93450.30,36.78,683806.38,b0
765286747,3,442435,0,0,31.86,93475.01,36.15,584808.69,b0
765279836,4,442481,0,0,31.63,93426.79,36.13,1077327.75,b0
765271387,5,442527,0,0,31.37,93454.89,36.84,781381.13,b0
765283665,6,442574,0,0,31.40,93427.73,36.92,433622.69,b0
765268824,7,442620,0,0,30.89,93463.70,37.26,791344.69,b0
765287253,8,442666,0,0,30.87,93443.67,37.26,615939.88,b0
765270362,1,442712,0,0,31.41,93444.55,37.68,1058124.50,b0
765269850,2,442758,0,0,31.52,93450.59,36.79,688634.81,b0
765286747,3,442804,0,0,31.85,93474.41,36.13,588336.69,b0
765279836,4,442851,0,0,31.61,93424.91,36.11,1082452.37,b0
765271387,5,442897,0,0,31.34,93454.34,36.82,781381.13,b0
765283665,6,442943,0,0,31.37,93427.46,36.93,432249.91,b0
765268824,7,442989,0,0,30.87,93465.07,37.26,791803.63,b0
765287253,8,443035,0,0,30.83,93444.28,37.27,619854.75,b0
765270362,1,443081,0,0,31.40,93443.76,37.68,1068057.37,b0
765269850,2,443128,0,0,31.51,93451.27,36.76,684492.00,b0
765286747,3,443174,0,0,31.83,93474.73,36.14,588844.19,b0
765279836,4,443220,0,0,31.60,93426.99,36.12,1079884.00,b0
765271387,5,443266,0,0,31.32,93454.25,36.83,781381.13,b0
765283665,6,443312,0,0,31.35,93427.98,36.95,434450.56,b0
765268824,7,443358,0,0,30.85,93464.81,37.30,793644.63,b0
765287253,8,443404,0,0,30.81,93444.56,37.28,619292.44,b0
765270362,1,443451,0,0,31.39,93447.12,37.67,1067222.50,b0
765269850,2,443497,0,0,31.50,93449.80,36.76,687248.31,b0
765286747,3,443543,0,0,31.82,93473.60,36.13,588844.19,b0
765279836,4,443589,0,0,31.59,93426.59,36.10,1080738.75,b0
765271387,5,443635,0,0,31.31,93454.38,36.85,782725.00,b0
765283665,6,443681,0,0,31.34,93428.79,36.95,435837.41,b0
765268824,7,443727,0,0,30.84,93466.23,37.32,792723.06,b0
765287253,8,443773,0,0,30.79,93443.09,37.31,619292.44,b0
765270362,1,443820,0,0,31.39,93445.47,37.67,1074783.50,b0
765269850,2,443866,0,0,31.49,93450.13,36.77,687940.88,b0
765286747,3,443912,0,0,31.81,93475.21,36.13,590371.88,b0
765279836,4,443958,0,0,31.58,93426.59,36.12,1087626.12,b0
765271387,5,444004,0,0,31.30,93453.41,36.87,787692.31,b0
765283665,6,444050,0,0,31.33,93429.75,36.94,434727.22,b0
765268824,7,444096,0,0,30.83,93465.67,37.32,793183.56,b0
765287253,8,444143,0,0,30.79,93444.68,37.33,620418.06,b0
765270362,1,444189,0,0,31.38,93445.63,37.67,1068057.37,b0
765269850,2,444235,0,0,31.49,93451.75,36.78,686557.19,b0
765286747,3,444281,0,0,31.81,93476.83,36.13,589861.75,b0
765279836,4,444327,0,0,31.58,93427.12,36.12,1091975.50,b0
765271387,5,444373,0,0,31.30,93455.17,36.87,781381.13,b0
765283665,6,444419,0,0,31.31,93428.17,36.95,436115.84,b0
765268824,7,444466,0,0,30.82,93465.81,37.35,788602.25,b0
765287253,8,444512,0,0,30.77,93444.44,37.34,622114.19,b0
765270362,1,444558,0,0,31.38,93444.57,37.66,1073938.12,b0
765269850,2,444604,0,0,31.49,93451.38,36.75,688634.81,b0
765286747,3,444650,0,0,31.80,93476.80,36.13,598655.38,b0
765279836,4,444696,0,0,31.57,93426.88,36.12,1085033.12,b0
765271387,5,444743,0,0,31.28,93455.20,36.88,784073.50,b0
765283665,6,444789,0,0,31.30,93428.60,36.96,435281.63,b0
765268824,7,444835,0,0,30.80,93464.12,37.37,795494.25,b0
765287253,8,444881,0,0,30.75,93444.21,37.35,622114.19,b0
765270362,1,444927,0,0,31.37,93444.86,37.65,1071409.87,b0
765269850,2,444973,0,0,31.48,93450.27,36.75,694237.31,b0
765286747,3,445020,0,0,31.79,93476.38,36.13,591907.50,b0
765279836,4,445066,0,0,31.57,93427.74,36.13,1094601.87,b0
765271387,5,445112,0,0,31.27,93455.88,36.88,786331.38,b0
765283665,6,445158,0,0,31.28,93428.78,36.97,436673.78,b0
765268824,7,445204,0,0,30.79,93466.05,37.38,794106.25,b0
765287253,8,445250,0,0,30.75,93445.63,37.38,620418.06,b0
765270362,1,445297,0,0,31.37,93445.55,37.64,1068893.50,b0
765269850,2,445343,0,0,31.47,93447.73,36.75,689330.19,b0
765286747,3,445389,0,0,31.78,93476.20,36.13,590882.88,b0
765279836,4,445435,0,0,31.56,93427.35,36.14,1087626.12,b0
765271387,5,445481,0,0,31.26,93455.82,36.90,785878.75,b0
765283665,6,445527,0,0,31.28,93427.81,37.00,439484.97,b0
765268824,7,445573,0,0,30.78,93464.73,37.42,795494.25,b0
765287253,8,445619,0,0,30.74,93445.62,37.41,622681.69,b0
765270362,1,445666,0,0,31.38,93444.71,37.64,1072251.25,b0
765269850,2,445712,0,0,31.48,93450.29,36.76,692125.69,b0
765286747,3,445758,0,0,31.79,93476.77,36.13,592421.19,b0
765279836,4,445804,0,0,31.56,93428.10,36.12,1087626.12,b0
765271387,5,445850,0,0,31.26,93456.33,36.92,789514.25,b0
765283665,6,445896,0,0,31.27,93429.05,37.01,436394.63,b0
765268824,7,445942,0,0,30.78,93467.64,37.42,795494.25,b0
765287253,8,445988,0,0,30.73,93444.34,37.43,621547.81,b0
765270362,1,446035,0,0,31.39,93445.65,37.63,1067222.50,b0
765269850,2,446081,0,0,31.48,93449.38,36.78,692125.69,b0
765286747,3,446127,0,0,31.80,93475.35,36.15,594484.75,b0
765279836,4,446173,0,0,31.57,93426.70,36.13,1095480.12,b0
765271387,5,446219,0,0,31.25,93457.23,36.94,787692.31,b0
765283665,6,446265,0,0,31.27,93427.91,37.01,438637.81,b0
765268824,7,446311,0,0,30.76,93465.60,37.46,794568.38,b0
765287253,8,446358,0,0,30.73,93445.59,37.43,623819.69,b0
765270362,1,446404,0,0,31.40,93446.62,37.66,1079884.00,b0
765269850,2,446450,0,0,31.50,93451.08,36.76,692828.13,b0
765286747,3,446496,0,0,31.82,93476.48,36.13,594484.75,b0
765279836,4,446542,0,0,31.57,93425.98,36.15,1102557.25,b0
765271387,5,446588,0,0,31.23,93454.95,36.94,788602.25,b0
765283665,6,446635,0,0,31.26,93425.86,37.04,438919.84,b0
765268824,7,446681,0,0,30.75,93465.19,37.49,795494.25,b0
765287253,8,446727,0,0,30.72,93446.45,37.47,624390.25,b0
765270362,1,446773,0,0,31.41,93444.71,37.65,1075630.25,b0
765269850,2,446819,0,0,31.50,93452.50,36.77,695652.19,b0
765286747,3,446865,0,0,31.82,93476.84,36.14,593967.50,b0
765279836,4,446911,0,0,31.57,93426.52,36.13,1091102.87,b0
765271387,5,446958,0,0,31.23,93456.38,36.96,790428.38,b0
765283665,6,447004,0,0,31.26,93426.76,37.04,436673.78,b0
765268824,7,447050,0,0,30.75,93466.09,37.49,798751.94,b0
765287253,8,447096,0,0,30.72,93444.47,37.49,623819.69,b0
765270362,1,447142,0,0,31.41,93445.98,37.65,1079030.50,b0
765269850,2,447188,0,0,31.51,93449.50,36.77,697072.81,b0
765286747,3,447235,0,0,31.82,93476.14,36.14,596562.75,b0
765279836,4,447281,0,0,31.57,93428.15,36.15,1099007.25,b0
765271387,5,447327,0,0,31.24,93456.42,36.98,793183.56,b0
765283665,6,447373,0,0,31.26,93426.96,37.06,438074.88,b0
765268824,7,447419,0,0,30.75,93466.65,37.51,806299.19,b0
765287253,8,447465,0,0,30.73,93446.29,37.50,623819.69,b0
765270362,1,447512,0,0,31.43,93446.77,37.64,1072251.25,b0
765269850,2,447558,0,0,31.52,93452.02,36.78,694944.00,b0
765286747,3,447604,0,0,31.83,93475.08,36.15,598655.38,b0
765279836,4,447650,0,0,31.58,93427.65,36.15,1091975.50,b0
765271387,5,447696,0,0,31.24,93456.41,37.00,790886.25,b0
765283665,6,447742,0,0,31.28,93429.29,37.07,440335.41,b0
765268824,7,447788,0,0,30.76,93465.42,37.54,796422.31,b0
765287253,8,447834,0,0,30.74,93445.06,37.52,623819.69,b0
765270362,1,447881,0,0,31.43,93446.05,37.63,1081594.87,b0
765269850,2,447927,0,0,31.53,93451.52,36.76,694944.00,b0
765286747,3,447973,0,0,31.84,93475.82,36.15,593451.19,b0
765279836,4,448019,0,0,31.59,93427.68,36.15,1096359.75,b0
765271387,5,448065,0,0,31.25,93457.73,37.01,791803.63,b0
765283665,6,448111,0,0,31.29,93427.73,37.09,438637.81,b0
765268824,7,448157,0,0,30.77,93467.45,37.56,802036.44,b0
765287253,8,448204,0,0,30.76,93445.30,37.56,624390.25,b0
765270362,1,448250,0,0,31.44,93446.31,37.64,1080738.75,b0
765269850,2,448296,0,0,31.53,93451.17,36.76,697785.38,b0
765286747,3,448342,0,0,31.85,93476.22,36.16,596562.75,b0
765279836,4,448388,0,0,31.60,93427.57,36.16,1092849.50,b0
765271387,5,448434,0,0,31.26,93457.45,37.01,788147.00,b0
765283665,6,448480,0,0,31.30,93428.60,37.10,438919.84,b0
765268824,7,448527,0,0,30.78,93466.02,37.59,793644.63,b0
765287253,8,448573,0,0,30.76,93447.64,37.57,623819.69,b0
765270362,1,448619,0,0,31.46,93447.64,37.65,1078178.50,b0
765269850,2,448665,0,0,31.54,93452.30,36.78,699931.63,b0
765286747,3,448711,0,0,31.86,93475.16,36.14,592421.19,b0
765279836,4,448757,0,0,31.62,93428.91,36.17,1091975.50,b0
765271387,5,448804,0,0,31.27,93456.25,37.03,788602.25,b0
765283665,6,448850,0,0,31.31,93429.01,37.12,437793.94,b0
765268824,7,448896,0,0,30.80,93468.45,37.60,791803.63,b0
765287253,8,448942,0,0,30.78,93445.73,37.59,619854.75,b0
765270362,1,448988,0,0,31.46,93446.95,37.63,1074783.50,b0
765269850,2,449034,0,0,31.56,93453.25,36.77,695652.19,b0
765286747,3,449081,0,0,31.86,93476.98,36.17,593451.19,b0
765279836,4,449127,0,0,31.62,93428.03,36.17,1094601.87,b0
765271387,5,449173,0,0,31.27,93455.18,37.03,792263.06,b0
765283665,6,449219,0,0,31.32,93429.83,37.12,438919.84,b0
765268824,7,449265,0,0,30.81,93467.41,37.61,799219.50,b0
765287253,8,449311,0,0,30.79,93444.85,37.59,619854.75,b0
765270362,1,449358,0,0,31.46,93446.20,37.62,1076478.37,b0
765269850,2,449404,0,0,31.57,93454.17,36.77,694944.00,b0
765286747,3,449450,0,0,31.87,93476.66,36.15,591394.75,b0
765279836,4,449496,0,0,31.64,93427.92,36.18,1086760.37,b0
765271387,5,449542,0,0,31.28,93457.20,37.05,792263.06,b0
765283665,6,449588,0,0,31.32,93428.39,37.13,436394.63,b0
765268824,7,449634,0,0,30.81,93468.66,37.61,801095.25,b0
765287253,8,449680,0,0,30.80,93447.20,37.60,618170.81,b0
765270362,1,449727,0,0,31.47,93448.59,37.61,1069731.00,b0
765269850,2,449773,0,0,31.57,93451.90,36.75,691424.69,b0
765286747,3,449819,0,0,31.87,93476.29,36.16,589352.50,b0
765279836,4,449865,0,0,31.64,93426.32,36.17,1083311.25,b0
765271387,5,449911,0,0,31.28,93456.66,37.06,790886.25,b0
765283665,6,449957,0,0,31.32,93429.51,37.13,439484.97,b0
765268824,7,450003,0,0,30.80,93467.00,37.63,798751.94,b0
765287253,8,450049,0,0,30.80,93446.67,37.62,619292.44,b0
765270362,1,450096,0,0,31.46,93448.02,37.62,1073094.00,b0
765269850,2,450142,0,0,31.58,93451.74,36.75,695652.19,b0
765286747,3,450188,0,0,31.87,93475.23,36.15,589352.50,b0
765279836,4,450234,0,0,31.64,93428.84,36.15,1091102.87,b0
765271387,5,450280,0,0,31.28,93456.82,37.06,787692.31,b0
765283665,6,450326,0,0,31.32,93428.62,37.13,437233.13,b0
765268824,7,450372,0,0,30.81,93466.14,37.64,796422.31,b0
765287253,8,450419,0,0,30.80,93445.26,37.62,619854.75,b0
765270362,1,450465,0,0,31.48,93447.75,37.61,1065556.75,b0
765269850,2,450511,0,0,31.59,93451.77,36.75,690026.94,b0
765286747,3,450557,0,0,31.89,93475.98,36.15,587830.06,b0
765279836,4,450603,0,0,31.65,93428.71,36.15,1091975.50,b0
765271387,5,450649,0,0,31.29,93456.01,37.07,789514.25,b0
765283665,6,450696,0,0,31.33,93428.82,37.16,436394.63,b0
765268824,7,450742,0,0,30.83,93466.76,37.65,798284.94,b0
765287253,8,450788,0,0,30.80,93445.63,37.64,619292.44,b0
765270362,1,450834,0,0,31.49,93450.83,37.61,1074783.50,b0
765269850,2,450880,0,0,31.59,93452.33,36.74,690725.13,b0
765286747,3,450926,0,0,31.88,93476.51,36.15,588336.69,b0
765279836,4,450973,0,0,31.67,93429.67,36.17,1084171.50,b0
765271387,5,451019,0,0,31.30,93456.24,37.07,799219.50,b0
765283665,6,451065,0,0,31.33,93429.58,37.15,435281.63,b0
765268824,7,451111,0,0,30.85,93468.27,37.67,793644.63,b0
765287253,8,451157,0,0,30.82,93446.20,37.65,620418.06,b0
765270362,1,451203,0,0,31.48,93446.68,37.60,1063067.75,b0
765269850,2,451250,0,0,31.61,93454.33,36.74,688634.81,b0
765286747,3,451296,0,0,31.88,93476.32,36.14,595002.88,b0
765279836,4,451342,0,0,31.67,93428.95,36.17,1085033.12,b0
765271387,5,451388,0,0,31.30,93457.52,37.08,789058.00,b0
765283665,6,451434,0,0,31.33,93430.27,37.15,435281.63,b0
765268824,7,451480,0,0,30.85,93464.30,37.66,794106.25,b0
765287253,8,451526,0,0,30.82,93446.20,37.65,619854.75,b0
765270362,1,451573,0,0,31.48,93447.04,37.58,1069731.00,b0
765269850,2,451619,0,0,31.60,93451.66,36.74,692828.13,b0
765286747,3,451665,0,0,31.88,93477.75,36.13,589352.50,b0
765279836,4,451711,0,0,31.67,93428.63,36.15,1083311.25,b0
765271387,5,451757,0,0,31.31,93456.13,37.09,786331.38,b0
765283665,6,451803,0,0,31.32,93430.20,37.15,436115.84,b0
765268824,7,451849,0,0,30.87,93465.97,37.66,796887.19,b0
765287253,8,451895,0,0,30.82,93448.53,37.64,618170.81,b0
765270362,1,451942,0,0,31.48,93448.80,37.60,1068893.50,b0
765269850,2,451988,0,0,31.61,93454.16,36.72,690725.13,b0
765286747,3,452034,0,0,31.88,93477.04,36.12,587830.06,b0
765279836,4,452080,0,0,31.68,93430.26,36.16,1085896.12,b0
765271387,5,452126,0,0,31.31,93454.70,37.10,787238.13,b0
765283665,6,452172,0,0,31.32,93431.28,37.15,435837.41,b0
765268824,7,452218,0,0,30.88,93467.84,37.67,800625.50,b0
765287253,8,452265,0,0,30.84,93446.43,37.66,617611.56,b0
765270362,1,452311,0,0,31.47,93447.17,37.58,1067222.50,b0
765269850,2,452357,0,0,31.61,93452.02,36.73,690026.94,b0
765286747,3,452403,0,0,31.88,93475.95,36.13,588336.69,b0
765279836,4,452449,0,0,31.67,93428.63,36.15,1085896.12,b0
765271387,5,452495,0,0,31.31,93457.38,37.08,785878.75,b0
765283665,6,452541,0,0,31.32,93429.64,37.16,433072.53,b0
765268824,7,452588,0,0,30.89,93466.42,37.68,794106.25,b0
765287253,8,452634,0,0,30.85,93446.12,37.66,617053.31,b0
765270362,1,452680,0,0,31.46,93446.21,37.58,1067222.50,b0
765269850,2,452726,0,0,31.61,93455.06,36.72,691424.69,b0
765286747,3,452772,0,0,31.88,93477.02,36.12,588336.69,b0
765279836,4,452818,0,0,31.67,93426.83,36.16,1081594.87,b0
765271387,5,452865,0,0,31.31,93457.75,37.09,786331.38,b0
765283665,6,452911,0,0,31.33,93428.84,37.16,434727.22,b0
765268824,7,452957,0,0,30.91,93467.41,37.68,791803.63,b0
765287253,8,453003,0,0,30.86,93448.29,37.67,615384.63,b0
765270362,1,453049,0,0,31.46,93446.95,37.58,1068057.37,b0
765269850,2,453095,0,0,31.61,93453.99,36.71,690725.13,b0
765286747,3,453142,0,0,31.87,93476.66,36.11,589861.75,b0
765279836,4,453188,0,0,31.68,93429.18,36.13,1085896.12,b0
765271387,5,453234,0,0,31.32,93456.73,37.09,783623.50,b0
765283665,6,453280,0,0,31.33,93430.27,37.19,434727.22,b0
765268824,7,453326,0,0,30.92,93467.06,37.69,790428.38,b0
765287253,8,453372,0,0,30.86,93447.24,37.66,617053.31,b0
765270362,1,453419,0,0,31.47,93447.70,37.54,1068057.37,b0
765269850,2,453465,0,0,31.61,93453.26,36.71,689330.19,b0
765286747,3,453511,0,0,31.89,93476.52,36.12,584808.69,b0
765279836,4,453557,0,0,31.69,93429.22,36.13,1087626.12,b0
765271387,5,453603,0,0,31.32,93454.42,37.10,792723.06,b0
765283665,6,453649,0,0,31.34,93429.48,37.18,431976.38,b0
765268824,7,453695,0,0,30.92,93465.81,37.68,788602.25,b0
765287253,8,453741,0,0,30.87,93447.08,37.66,615939.88,b0
765270362,1,453788,0,0,31.47,93447.35,37.57,1063067.75,b0
765269850,2,453834,0,0,31.60,93451.84,36.71,690725.13,b0
765286747,3,453880,0,0,31.88,93475.59,36.12,587324.38,b0
765279836,4,453926,0,0,31.69,93427.99,36.13,1080738.75,b0
765271387,5,453972,0,0,31.33,93456.98,37.09,787238.13,b0
765283665,6,454018,0,0,31.34,93429.16,37.19,433347.44,b0
765268824,7,454064,0,0,30.93,93465.84,37.69,787238.13,b0
765287253,8,454110,0,0,30.87,93446.38,37.68,613724.88,b0
765270362,1,454157,0,0,31.47,93447.72,37.56,1061414.87,b0
765269850,2,454203,0,0,31.61,93454.34,36.68,687940.88,b0
765286747,3,454249,0,0,31.88,93476.68,36.11,589352.50,b0
765279836,4,454295,0,0,31.68,93427.40,36.13,1087626.12,b0
765271387,5,454341,0,0,31.34,93456.85,37.11,786331.38,b0
765283665,6,454387,0,0,31.34,93428.25,37.17,434174.25,b0
765268824,7,454433,0,0,30.94,93465.68,37.69,789971.06,b0
765287253,8,454480,0,0,30.88,93446.20,37.67,613724.88,b0
765270362,1,454526,0,0,31.47,93446.98,37.56,1063896.12,b0
765269850,2,454572,0,0,31.62,93455.27,36.67,689330.19,b0
765286747,3,454618,0,0,31.88,93475.23,36.10,590371.88,b0
765279836,4,454664,0,0,31.68,93428.65,36.10,1082452.37,b0
765271387,5,454710,0,0,31.34,93456.30,37.12,785426.63,b0
765283665,6,454757,0,0,31.34,93429.50,37.19,430885.75,b0
765268824,7,454803,0,0,30.94,93464.61,37.66,790886.25,b0
765287253,8,454849,0,0,30.88,93446.73,37.65,612074.13,b0
765270362,1,454895,0,0,31.49,93446.53,37.56,1065556.75,b0
765269850,2,454941,0,0,31.62,93454.04,36.68,685179.00,b0
765286747,3,454987,0,0,31.88,93474.88,36.10,588336.69,b0
765279836,4,455033,0,0,31.69,93426.00,36.13,1076478.37,b0
765271387,5,455080,0,0,31.34,93457.02,37.12,780041.88,b0
765283665,6,455126,0,0,31.34,93428.09,37.18,430613.97,b0
765268824,7,455172,0,0,30.95,93466.27,37.67,785878.75,b0
765287253,8,455218,0,0,30.88,93446.58,37.66,611525.81,b0
765270362,1,455264,0,0,31.47,93446.10,37.54,1063896.12,b0
765269850,2,455310,0,0,31.62,93453.30,36.68,685867.38,b0
765286747,3,455357,0,0,31.90,93474.94,36.10,588844.19,b0
765279836,4,455403,0,0,31.70,93429.48,36.10,1077327.75,b0
765271387,5,455449,0,0,31.35,93454.97,37.11,780041.88,b0
765283665,6,455495,0,0,31.35,93429.57,37.19,431976.38,b0
765268824,7,455541,0,0,30.96,93464.13,37.69,784975.06,b0
765287253,8,455587,0,0,30.89,93448.91,37.67,610432.19,b0
765270362,1,455634,0,0,31.48,93447.04,37.54,1061414.87,b0
765269850,2,455680,0,0,31.61,93451.83,36.68,682439.19,b0
765286747,3,455726,0,0,31.90,93476.02,36.10,586819.50,b0
765279836,4,455772,0,0,31.71,93429.87,36.11,1077327.75,b0
765271387,5,455818,0,0,31.35,93456.38,37.11,781381.13,b0
765283665,6,455864,0,0,31.35,93428.18,37.21,429260.13,b0
765268824,7,455910,0,0,30.97,93464.88,37.69,782276.56,b0
765287253,8,455956,0,0,30.88,93445.16,37.66,611525.81,b0
765270362,1,456003,0,0,31.49,93447.28,37.54,1058124.50,b0
765269850,2,456049,0,0,31.61,93453.61,36.66,679721.19,b0
765286747,3,456095,0,0,31.92,93476.79,36.10,584308.13,b0
765279836,4,456141,0,0,31.71,93428.98,36.12,1079030.50,b0
765271387,5,456187,0,0,31.36,93457.88,37.10,779151.63,b0
765283665,6,456233,0,0,31.35,93430.33,37.21,432797.97,b0
765268824,7,456279,0,0,30.98,93464.95,37.68,780934.25,b0
765287253,8,456326,0,0,30.89,93445.36,37.67,608256.63,b0
765270362,1,456372,0,0,31.50,93447.50,37.55,1050795.25,b0
765269850,2,456418,0,0,31.60,93454.52,36.66,677024.81,b0
765286747,3,456464,0,0,31.92,93476.07,36.09,586819.50,b0
765279836,4,456510,0,0,31.72,93429.03,36.11,1068057.37,b0
765271387,5,456556,0,0,31.36,93455.39,37.11,776934.75,b0
765283665,6,456602,0,0,31.36,93428.20,37.20,429260.13,b0
765268824,7,456649,0,0,30.98,93465.13,37.65,780487.81,b0
765287253,8,456695,0,0,30.90,93444.83,37.66,608256.63,b0
765270362,1,456741,0,0,31.50,93447.70,37.53,1053227.00,b0
765269850,2,456787,0,0,31.60,93453.80,36.64,679721.19,b0
765286747,3,456833,0,0,31.93,93476.99,36.11,585310.06,b0
765279836,4,456879,0,0,31.73,93428.34,36.10,1072251.25,b0
765271387,5,456926,0,0,31.37,93457.41,37.10,776051.56,b0
765283665,6,456972,0,0,31.36,93428.96,37.21,431157.91,b0
765268824,7,457018,0,0,30.99,93465.16,37.67,779151.63,b0
765287253,8,457064,0,0,30.90,93445.73,37.66,603951.63,b0
765270362,1,457110,0,0,31.50,93447.34,37.54,1049987.12,b0
765269850,2,457156,0,0,31.60,93452.20,36.66,673684.19,b0
765286747,3,457203,0,0,31.93,93476.28,36.10,577389.31,b0
765279836,4,457249,0,0,31.73,93427.84,36.10,1069731.00,b0
765271387,5,457295,0,0,31.37,93455.62,37.08,773852.25,b0
765283665,6,457341,0,0,31.36,93430.41,37.20,426577.78,b0
765268824,7,457387,0,0,31.00,93463.75,37.66,776934.75,b0
765287253,8,457433,0,0,30.90,93447.00,37.67,606096.50,b0
765270362,1,457480,0,0,31.50,93446.42,37.53,1047570.31,b0
765269850,2,457526,0,0,31.60,93450.92,36.64,678370.31,b0
765286747,3,457572,0,0,31.93,93477.55,36.10,577878.13,b0
765279836,4,457618,0,0,31.74,93429.49,36.09,1062240.62,b0
765271387,5,457664,0,0,31.38,93457.47,37.10,776051.56,b0
765283665,6,457710,0,0,31.36,93428.44,37.20,427111.56,b0
765268824,7,457756,0,0,31.01,93466.30,37.64,779596.50,b0
765287253,8,457802,0,0,30.91,93445.03,37.67,604486.44,b0
765270362,1,457849,0,0,31.50,93447.14,37.54,1041974.06,b0
765269850,2,457895,0,0,31.60,93453.98,36.66,676354.00,b0
765286747,3,457941,0,0,31.93,93475.75,36.09,578858.13,b0
765279836,4,457987,0,0,31.74,93428.05,36.09,1063067.75,b0
765271387,5,458033,0,0,31.38,93457.11,37.09,774291.13,b0
765283665,6,458079,0,0,31.36,93428.24,37.20,425779.63,b0
765268824,7,458125,0,0,31.01,93464.85,37.64,775610.69,b0
765287253,8,458171,0,0,30.91,93444.15,37.66,602352.94,b0
765270362,1,458218,0,0,31.50,93446.41,37.53,1044365.13,b0
765269850,2,458264,0,0,31.61,93451.83,36.64,673684.19,b0
765286747,3,458310,0,0,31.93,93474.66,36.09,578367.69,b0
765279836,4,458356,0,0,31.74,93428.42,36.09,1062240.62,b0
765271387,5,458402,0,0,31.38,93455.50,37.10,769057.44,b0
765283665,6,458448,0,0,31.36,93429.69,37.19,426577.78,b0
765268824,7,458494,0,0,31.02,93463.97,37.64,774291.13,b0
765287253,8,458541,0,0,30.92,93445.43,37.66,602352.94,b0
765270362,1,458587,0,0,31.50,93447.50,37.54,1041974.06,b0
765269850,2,458633,0,0,31.61,93452.41,36.65,672357.19,b0
765286747,3,458679,0,0,31.94,93475.79,36.09,574957.88,b0
765279836,4,458725,0,0,31.75,93428.62,36.08,1057305.12,b0
765271387,5,458771,0,0,31.38,93456.21,37.10,771229.50,b0
765283665,6,458818,0,0,31.36,93426.47,37.21,424455.97,b0
765268824,7,458864,0,0,31.03,93465.09,37.64,775610.69,b0
765287253,8,458910,0,0,30.93,93447.24,37.64,601291.81,b0
765270362,1,458956,0,0,31.51,93447.04,37.55,1033299.69,b0
765269850,2,459002,0,0,31.62,93453.84,36.65,669718.75,b0
765286747,3,459048,0,0,31.94,93476.69,36.09,574957.88,b0
765279836,4,459094,0,0,31.74,93426.45,36.07,1058945.25,b0
765271387,5,459141,0,0,31.37,93454.02,37.08,766897.56,b0
765283665,6,459187,0,0,31.36,93427.55,37.21,423928.78,b0
765268824,7,459233,0,0,31.03,93465.30,37.62,771229.50,b0
765287253,8,459279,0,0,30.94,93448.01,37.66,604486.44,b0
765270362,1,459325,0,0,31.51,93445.95,37.52,1038802.94,b0
765269850,2,459371,0,0,31.62,93451.52,36.65,671695.63,b0
765286747,3,459418,0,0,31.95,93475.45,36.09,570632.50,b0
765279836,4,459464,0,0,31.76,93427.97,36.08,1056487.00,b0
765271387,5,459510,0,0,31.38,93456.57,37.09,776492.88,b0
765283665,6,459556,0,0,31.37,93428.52,37.19,427378.97,b0
765268824,7,459602,0,0,31.04,93464.78,37.62,772101.81,b0
765287253,8,459648,0,0,30.93,93444.76,37.63,601821.94,b0
765270362,1,459695,0,0,31.50,93445.55,37.54,1032518.25,b0
765269850,2,459741,0,0,31.62,93452.23,36.65,669062.38,b0
765286747,3,459787,0,0,31.95,93477.23,36.08,569205.13,b0
765279836,4,459833,0,0,31.76,93430.67,36.08,1054040.12,b0
765271387,5,459879,0,0,31.38,93453.91,37.09,767328.56,b0
765283665,6,459925,0,0,31.37,93428.30,37.20,424984.44,b0
765268824,7,459971,0,0,31.04,93465.87,37.60,772101.81,b0
765287253,8,460017,0,0,30.94,93447.28,37.63,602884.88,b0
765270362,1,460064,0,0,31.50,93446.41,37.52,1038802.94,b0
765269850,2,460110,0,0,31.61,93452.23,36.65,666449.75,b0
765286747,3,460156,0,0,31.95,93475.98,36.08,574474.06,b0
765279836,4,460202,0,0,31.77,93429.61,36.08,1047570.31,b0
765271387,5,460248,0,0,31.38,93456.24,37.08,766467.06,b0
765283665,6,460294,0,0,31.37,93427.59,37.19,425249.16,b0
765268824,7,460340,0,0,31.04,93464.26,37.60,770359.25,b0
765287253,8,460387,0,0,30.94,93446.59,37.64,600762.69,b0
765270362,1,460433,0,0,31.50,93448.03,37.55,1040386.06,b0
765269850,2,460479,0,0,31.61,93451.34,36.66,665799.75,b0
765286747,3,460525,0,0,31.94,93475.62,36.07,576414.31,b0
765279836,4,460571,0,0,31.76,93428.16,36.07,1048374.69,b0
765271387,5,460617,0,0,31.39,93456.29,37.09,773852.25,b0
765283665,6,460663,0,0,31.38,93428.58,37.21,423928.78,b0
765268824,7,460710,0,0,31.06,93465.93,37.58,772101.81,b0
765287253,8,460756,0,0,30.95,93446.41,37.62,601821.94,b0
765270362,1,460802,0,0,31.49,93446.21,37.53,1036437.25,b0
765269850,2,460848,0,0,31.62,93452.95,36.65,665151.00,b0
765286747,3,460894,0,0,31.95,93477.23,36.08,575928.00,b0
765279836,4,460940,0,0,31.76,93427.99,36.06,1050795.25,b0
765271387,5,460987,0,0,31.40,93457.08,37.09,763040.25,b0
765283665,6,461033,0,0,31.38,93428.78,37.20,422878.38,b0
765268824,7,461079,0,0,31.06,93466.66,37.59,769924.81,b0
765287253,8,461125,0,0,30.95,93445.91,37.61,602352.94,b0
765270362,1,461171,0,0,31.50,93445.16,37.55,1038802.94,b0
765269850,2,461217,0,0,31.62,93454.05,36.67,668407.31,b0
765286747,3,461264,0,0,31.93,93475.56,36.08,566371.69,b0
765279836,4,461310,0,0,31.76,93427.45,36.06,1050795.25,b0
765271387,5,461356,0,0,31.41,93456.95,37.08,768624.50,b0
765283665,6,461402,0,0,31.39,93428.70,37.20,424455.97,b0
765268824,7,461448,0,0,31.07,93466.88,37.59,774730.50,b0
765287253,8,461494,0,0,30.95,93445.01,37.64,598655.38,b0
765270362,1,461541,0,0,31.49,93445.32,37.54,1037224.63,b0
765269850,2,461587,0,0,31.63,93451.20,36.66,667753.50,b0
765286747,3,461633,0,0,31.94,93475.25,36.08,565902.19,b0
765279836,4,461679,0,0,31.77,93429.47,36.05,1048374.69,b0
765271387,5,461725,0,0,31.41,93455.70,37.07,757957.06,b0
765283665,6,461771,0,0,31.39,93428.55,37.21,420793.09,b0
765268824,7,461817,0,0,31.08,93466.20,37.59,766037.00,b0
765287253,8,461863,0,0,30.97,93445.77,37.62,601291.81,b0
765270362,1,461910,0,0,31.49,93445.14,37.54,1032518.25,b0
765269850,2,461956,0,0,31.62,93451.91,36.67,665151.00,b0
765286747,3,462002,0,0,31.94,93475.06,36.06,573991.06,b0
765279836,4,462048,0,0,31.77,93428.03,36.06,1044365.13,b0
765271387,5,462094,0,0,31.42,93455.38,37.08,768624.50,b0
765283665,6,462140,0,0,31.39,93426.02,37.20,423402.94,b0
765268824,7,462186,0,0,31.09,93464.77,37.56,769057.44,b0
765287253,8,462232,0,0,30.97,93445.78,37.62,600762.69,b0
765270362,1,462279,0,0,31.49,93444.24,37.54,1029404.38,b0
765269850,2,462325,0,0,31.63,93454.41,36.67,668407.31,b0
765286747,3,462371,0,0,31.95,93476.88,36.08,571109.88,b0
765279836,4,462417,0,0,31.78,93430.73,36.05,1047570.31,b0
765271387,5,462463,0,0,31.42,93456.30,37.08,771665.44,b0
765283665,6,462509,0,0,31.40,93428.41,37.20,421052.63,b0
765268824,7,462555,0,0,31.10,93467.72,37.58,768624.50,b0
765287253,8,462602,0,0,30.98,93446.34,37.60,599180.81,b0
765270362,1,462648,0,0,31.50,93446.45,37.54,1032518.25,b0
765269850,2,462694,0,0,31.63,93454.98,36.67,662568.75,b0
765286747,3,462740,0,0,31.95,93477.09,36.07,571588.06,b0
765279836,4,462786,0,0,31.78,93431.47,36.04,1045164.56,b0
765271387,5,462832,0,0,31.43,93455.64,37.08,769057.44,b0
765283665,6,462879,0,0,31.40,93428.82,37.20,420533.88,b0
765268824,7,462925,0,0,31.10,93464.29,37.57,769490.88,b0
765287253,8,462971,0,0,30.99,93446.73,37.61,598130.81,b0
765270362,1,463017,0,0,31.51,93446.31,37.54,1035651.06,b0
765269850,2,463063,0,0,31.64,93454.48,36.66,663212.44,b0
765286747,3,463109,0,0,31.95,93475.65,36.06,564965.50,b0
765279836,4,463155,0,0,31.78,93430.19,36.04,1047570.31,b0
765271387,5,463202,0,0,31.43,93456.93,37.07,758799.56,b0
765283665,6,463248,0,0,31.40,93429.13,37.19,423928.78,b0
765268824,7,463294,0,0,31.11,93469.23,37.55,769490.88,b0
765287253,8,463340,0,0,30.99,93446.36,37.60,600234.44,b0
765270362,1,463386,0,0,31.51,93447.02,37.54,1028628.81,b0
765269850,2,463432,0,0,31.64,93452.67,36.66,660645.19,b0
765286747,3,463479,0,0,31.95,93477.62,36.05,571109.88,b0
765279836,4,463525,0,0,31.77,93427.84,36.03,1043566.88,b0
765271387,5,463571,0,0,31.44,93457.16,37.06,767760.06,b0
765283665,6,463617,0,0,31.41,93429.59,37.19,420793.09,b0
765268824,7,463663,0,0,31.12,93466.34,37.55,769490.88,b0
765287253,8,463709,0,0,30.99,93448.32,37.60,597084.56,b0
765270362,1,463756,0,0,31.52,93446.02,37.54,1017892.63,b0
765269850,2,463802,0,0,31.64,93453.58,36.68,661285.13,b0
765286747,3,463848,0,0,31.95,93476.72,36.07,571588.06,b0
765279836,4,463894,0,0,31.78,93430.75,36.03,1041974.06,b0
765271387,5,463940,0,0,31.43,93457.29,37.08,758799.56,b0
765283665,6,463986,0,0,31.40,93430.09,37.19,419242.59,b0
765268824,7,464032,0,0,31.12,93464.34,37.55,763040.25,b0
765287253,8,464078,0,0,31.00,93447.46,37.60,597607.25,b0
765270362,1,464125,0,0,31.52,93445.29,37.55,1018652.06,b0
765269850,2,464171,0,0,31.64,93452.86,36.67,655569.81,b0
765286747,3,464217,0,0,31.96,93477.65,36.07,573991.06,b0
765279836,4,464263,0,0,31.78,93429.34,36.04,1043566.88,b0
765271387,5,464309,0,0,31.44,93456.95,37.07,757116.44,b0
765283665,6,464355,0,0,31.41,93429.60,37.20,420275.00,b0
765268824,7,464401,0,0,31.13,93466.19,37.52,771229.50,b0
765287253,8,464448,0,0,31.00,93446.75,37.59,596562.75,b0
765270362,1,464494,0,0,31.53,93445.68,37.54,1017134.31,b0
765269850,2,464540,0,0,31.64,93451.80,36.67,657463.88,b0
765286747,3,464586,0,0,31.96,93477.82,36.07,570155.88,b0
765279836,4,464632,0,0,31.79,93430.80,36.03,1041974.06,b0
765271387,5,464678,0,0,31.44,93456.80,37.07,757957.06,b0
765283665,6,464724,0,0,31.41,93429.59,37.20,421052.63,b0
765268824,7,464771,0,0,31.13,93466.56,37.53,767760.06,b0
765287253,8,464817,0,0,31.01,93447.31,37.58,598130.81,b0
765270362,1,464863,0,0,31.54,93444.66,37.53,1014112.38,b0
765269850,2,464909,0,0,31.64,93452.88,36.65,656199.94,b0
765286747,3,464955,0,0,31.97,93477.86,36.07,568257.50,b0
765279836,4,465001,0,0,31.79,93430.99,36.02,1041974.06,b0
765271387,5,465048,0,0,31.44,93457.32,37.07,755440.81,b0
765283665,6,465094,0,0,31.40,93429.73,37.18,420016.41,b0
765268824,7,465140,0,0,31.14,93464.59,37.50,766897.56,b0
765287253,8,465186,0,0,31.00,93448.55,37.59,598655.38,b0
765270362,1,465232,0,0,31.53,93445.89,37.53,1014112.38,b0
765269850,2,465278,0,0,31.65,93453.61,36.65,654313.13,b0
765286747,3,465325,0,0,31.97,93475.87,36.04,561249.69,b0
765279836,4,465371,0,0,31.79,93429.02,36.00,1041179.44,b0
765271387,5,465417,0,0,31.45,93458.08,37.05,769924.81,b0
765283665,6,465463,0,0,31.40,93428.66,37.19,420533.88,b0
765268824,7,465509,0,0,31.14,93466.23,37.48,769057.44,b0
765287253,8,465555,0,0,31.01,93446.41,37.57,597607.25,b0
765270362,1,465602,0,0,31.53,93445.71,37.54,1020937.19,b0
765269850,2,465648,0,0,31.65,93452.54,36.66,653686.56,b0
765286747,3,465694,0,0,31.98,93477.50,36.06,563566.31,b0
765279836,4,465740,0,0,31.80,93430.68,36.03,1034866.13,b0
765271387,5,465786,0,0,31.45,93456.66,37.04,766037.00,b0
765283665,6,465832,0,0,31.41,93428.75,37.18,421833.16,b0
765268824,7,465878,0,0,31.14,93467.16,37.47,769490.88,b0
765287253,8,465924,0,0,31.01,93448.21,37.56,597607.25,b0
765270362,1,465971,0,0,31.53,93444.98,37.53,1007378.25,b0
765269850,2,466017,0,0,31.66,93453.64,36.66,651192.38,b0
765286747,3,466063,0,0,31.98,93478.43,36.05,559868.75,b0
765279836,4,466109,0,0,31.81,93430.52,36.01,1030181.06,b0
765271387,5,466155,0,0,31.46,93456.18,37.04,766467.06,b0
765283665,6,466201,0,0,31.42,93429.35,37.17,421572.66,b0
765268824,7,466247,0,0,31.14,93465.50,37.47,766467.06,b0
765287253,8,466293,0,0,31.01,93446.24,37.56,598655.38,b0
765270362,1,466340,0,0,31.54,93446.48,37.53,1005153.38,b0
765269850,2,466386,0,0,31.66,93453.12,36.65,652437.06,b0
765286747,3,466432,0,0,31.98,93476.98,36.04,567313.00,b0
765279836,4,466478,0,0,31.82,93430.20,36.02,1034866.13,b0
765271387,5,466524,0,0,31.47,93459.09,37.04,756696.81,b0
765283665,6,466570,0,0,31.43,93429.41,37.19,419242.59,b0
765268824,7,466616,0,0,31.15,93466.09,37.47,768192.06,b0
765287253,8,466663,0,0,31.02,93445.92,37.56,597084.56,b0
765270362,1,466709,0,0,31.54,93445.58,37.53,1007378.25,b0
765269850,2,466755,0,0,31.67,93452.61,36.66,645039.38,b0
765286747,3,466801,0,0,31.99,93476.66,36.06,556673.00,b0
765279836,4,466847,0,0,31.82,93430.41,36.02,1030181.06,b0
765271387,5,466893,0,0,31.47,93458.04,37.03,763894.06,b0
765283665,6,466940,0,0,31.44,93428.62,37.18,418985.28,b0
765268824,7,466986,0,0,31.16,93465.75,37.46,765607.50,b0
765287253,8,467032,0,0,31.02,93446.48,37.55,598130.81,b0
765270362,1,467078,0,0,31.55,93444.71,37.51,1000000.00,b0
765269850,2,467124,0,0,31.67,93453.90,36.63,647486.56,b0
765286747,3,467170,0,0,31.99,93477.56,36.05,561249.69,b0
765279836,4,467216,0,0,31.83,93428.64,36.00,1020937.19,b0
765271387,5,467263,0,0,31.48,93458.83,37.04,758799.56,b0
765283665,6,467309,0,0,31.44,93427.40,37.17,419242.59,b0
765268824,7,467355,0,0,31.16,93464.12,37.45,766897.56,b0
765287253,8,467401,0,0,31.03,93448.83,37.54,598655.38,b0
765270362,1,467447,0,0,31.54,93443.43,37.52,1006635.56,b0
765269850,2,467493,0,0,31.66,93452.77,36.63,645649.44,b0
765286747,3,467540,0,0,31.99,93474.51,36.03,553513.50,b0
765279836,4,467586,0,0,31.82,93427.91,36.01,1020937.19,b0
765271387,5,467632,0,0,31.48,93457.75,37.02,768192.06,b0
765283665,6,467678,0,0,31.45,93430.52,37.17,420275.00,b0
765268824,7,467724,0,0,31.17,93464.88,37.45,766037.00,b0
765287253,8,467770,0,0,31.04,93446.52,37.54,594484.75,b0
765270362,1,467817,0,0,31.54,93445.23,37.52,1002202.13,b0
765269850,2,467863,0,0,31.65,93452.38,36.63,644430.44,b0
765286747,3,467909,0,0,32.00,93476.13,36.03,555766.63,b0
765279836,4,467955,0,0,31.83,93425.97,36.00,1014866.19,b0
765271387,5,468001,0,0,31.48,93455.07,37.01,760490.19,b0
765283665,6,468047,0,0,31.46,93429.34,37.19,417192.91,b0
765268824,7,468093,0,0,31.17,93466.35,37.43,766897.56,b0
765287253,8,468139,0,0,31.04,93447.43,37.53,592935.75,b0
765270362,1,468186,0,0,31.54,93445.91,37.52,1001467.00,b0
765269850,2,468232,0,0,31.64,93451.63,36.64,644430.44,b0
765286747,3,468278,0,0,32.00,93475.41,36.04,559410.00,b0
765279836,4,468324,0,0,31.83,93427.60,36.00,1018652.06,b0
765271387,5,468370,0,0,31.50,93456.45,37.02,763466.94,b0
765283665,6,468416,0,0,31.46,93429.53,37.17,417959.19,b0
765268824,7,468462,0,0,31.19,93463.86,37.43,765178.38,b0
765287253,8,468509,0,0,31.05,93447.26,37.54,595521.94,b0
765270362,1,468555,0,0,31.53,93444.27,37.53,1000000.00,b0
765269850,2,468601,0,0,31.64,93451.96,36.62,647486.56,b0
765286747,3,468647,0,0,32.00,93476.32,36.04,554863.19,b0
765279836,4,468693,0,0,31.84,93427.63,36.00,1018652.06,b0
765271387,5,468739,0,0,31.50,93457.35,37.00,759643.94,b0
765283665,6,468785,0,0,31.46,93429.55,37.18,416175.56,b0
765268824,7,468832,0,0,31.20,93467.17,37.44,756277.69,b0
765287253,8,468878,0,0,31.05,93447.27,37.53,592935.75,b0
765270362,1,468924,0,0,31.53,93445.69,37.53,1003675.56,b0
765269850,2,468970,0,0,31.64,93454.64,36.66,643216.06,b0
765286747,3,469016,0,0,32.00,93475.95,36.05,559410.00,b0
765279836,4,469062,0,0,31.84,93428.18,36.00,1021701.19,b0
765271387,5,469109,0,0,31.51,93456.86,37.02,746627.75,b0
765283665,6,469155,0,0,31.46,93427.19,37.15,415922.00,b0
765268824,7,469201,0,0,31.20,93466.09,37.44,760914.00,b0
765287253,8,469247,0,0,31.05,93444.59,37.52,591394.75,b0
765270362,1,469293,0,0,31.53,93445.50,37.54,1002938.31,b0
765269850,2,469339,0,0,31.62,93453.33,36.63,646873.00,b0
765286747,3,469385,0,0,32.00,93476.67,36.06,553513.50,b0
765279836,4,469432,0,0,31.84,93428.01,36.03,1019412.63,b0
765271387,5,469478,0,0,31.52,93458.18,37.02,749085.56,b0
765283665,6,469524,0,0,31.46,93429.77,37.19,417192.91,b0
765268824,7,469570,0,0,31.22,93466.52,37.43,761338.31,b0
765287253,8,469616,0,0,31.07,93446.24,37.53,591907.50,b0
765270362,1,469663,0,0,31.52,93445.47,37.53,1002202.13,b0
765269850,2,469709,0,0,31.61,93452.74,36.65,643216.06,b0
765286747,3,469755,0,0,32.00,93475.97,36.04,554412.56,b0
765279836,4,469801,0,0,31.84,93428.55,35.99,1019412.63,b0
765271387,5,469847,0,0,31.52,93456.59,37.02,746627.75,b0
765283665,6,469893,0,0,31.46,93428.99,37.18,414658.84,b0
765268824,7,469939,0,0,31.23,93466.53,37.42,768192.06,b0
765287253,8,469985,0,0,31.06,93445.52,37.53,589861.75,b0
765270362,1,470032,0,0,31.50,93445.20,37.53,1005153.38,b0
765269850,2,470078,0,0,31.60,93452.55,36.66,642006.25,b0
765286747,3,470124,0,0,32.01,93477.24,36.05,552170.38,b0
765279836,4,470170,0,0,31.85,93428.91,36.00,1014112.38,b0
765271387,5,470216,0,0,31.52,93455.88,37.01,754605.75,b0
765283665,6,470262,0,0,31.47,93430.19,37.17,416429.44,b0
765268824,7,470308,0,0,31.24,93466.95,37.41,757536.50,b0
765287253,8,470354,0,0,31.07,93447.33,37.54,588336.69,b0
765270362,1,470401,0,0,31.50,93447.52,37.53,1004413.94,b0
765269850,2,470447,0,0,31.59,93453.03,36.67,642006.25,b0
765286747,3,470493,0,0,32.01,93478.52,36.06,553065.06,b0
765279836,4,470539,0,0,31.85,93428.38,36.00,1017892.63,b0
765271387,5,470585,0,0,31.53,93457.17,37.01,753356.63,b0
765283665,6,470631,0,0,31.47,93431.11,37.17,412155.38,b0
765268824,7,470677,0,0,31.24,93466.59,37.41,758378.06,b0
765287253,8,470724,0,0,31.09,93448.44,37.54,590882.88,b0
765270362,1,470770,0,0,31.51,93447.37,37.54,999268.13,b0
765269850,2,470816,0,0,31.60,93453.43,36.68,640200.06,b0
765286747,3,470862,0,0,32.02,93477.82,36.06,550389.69,b0
765279836,4,470908,0,0,31.85,93428.20,36.01,1015621.13,b0
765271387,5,470954,0,0,31.53,93457.70,37.01,754605.75,b0
765283665,6,471001,0,0,31.48,93430.79,37.17,414155.72,b0
765268824,7,471047,0,0,31.25,93466.42,37.41,755440.81,b0
765287253,8,471093,0,0,31.09,93449.00,37.54,593967.50,b0
765270362,1,471139,0,0,31.51,93446.13,37.55,1004413.94,b0
765269850,2,471185,0,0,31.60,93453.05,36.70,643216.06,b0
765286747,3,471231,0,0,32.03,93478.76,36.06,552170.38,b0
765279836,4,471277,0,0,31.85,93430.02,35.98,1012608.19,b0
765271387,5,471324,0,0,31.52,93458.02,37.02,754188.94,b0
765283665,6,471370,0,0,31.48,93430.23,37.18,413153.13,b0
765268824,7,471416,0,0,31.24,93466.04,37.39,755440.81,b0
765287253,8,471462,0,0,31.09,93448.83,37.53,590882.88,b0
765270362,1,471508,0,0,31.51,93444.88,37.56,1002202.13,b0
765269850,2,471554,0,0,31.60,93453.41,36.70,642610.63,b0
765286747,3,471601,0,0,32.03,93475.51,36.07,549503.63,b0
765279836,4,471647,0,0,31.87,93429.73,36.01,1004413.94,b0
765271387,5,471693,0,0,31.54,93458.65,37.01,755023.06,b0
765283665,6,471739,0,0,31.49,93431.42,37.18,412155.38,b0
765268824,7,471785,0,0,31.25,93466.61,37.39,757536.50,b0
765287253,8,471831,0,0,31.09,93447.22,37.53,590371.88,b0
765270362,1,471878,0,0,31.51,93445.59,37.57,1003675.56,b0
765269850,2,471924,0,0,31.60,93452.16,36.69,640200.06,b0
765286747,3,471970,0,0,32.03,93477.13,36.06,545987.75,b0
765279836,4,472016,0,0,31.87,93430.81,36.01,1011108.38,b0
765271387,5,472062,0,0,31.55,93458.55,37.03,746627.75,b0
765283665,6,472108,0,0,31.50,93429.89,37.18,414155.72,b0
765268824,7,472154,0,0,31.26,93466.29,37.40,756277.69,b0
765287253,8,472200,0,0,31.11,93448.70,37.54,590371.88,b0
765270362,1,472247,0,0,31.50,93445.90,37.58,1001467.00,b0
765269850,2,472293,0,0,31.59,93452.68,36.71,641403.06,b0
765286747,3,472339,0,0,32.03,93476.23,36.06,551278.63,b0
765279836,4,472385,0,0,31.87,93430.45,36.01,1011857.69,b0
765271387,5,472431,0,0,31.55,93457.83,37.00,741760.25,b0
765283665,6,472477,0,0,31.50,93430.63,37.20,413153.13,b0
765268824,7,472523,0,0,31.28,93467.26,37.39,754188.94,b0
765287253,8,472570,0,0,31.12,93445.50,37.52,590371.88,b0
765270362,1,472616,0,0,31.50,93445.17,37.57,1006635.56,b0
765269850,2,472662,0,0,31.58,93452.29,36.72,639001.56,b0
765286747,3,472708,0,0,32.03,93477.30,36.06,545551.44,b0
765279836,4,472754,0,0,31.87,93430.27,36.01,1009613.00,b0
765271387,5,472800,0,0,31.56,93456.08,37.00,746627.75,b0
765283665,6,472846,0,0,31.50,93429.23,37.20,414155.72,b0
765268824,7,472893,0,0,31.27,93466.34,37.39,753356.63,b0
765287253,8,472939,0,0,31.12,93448.73,37.53,589861.75,b0
765270362,1,472985,0,0,31.50,93447.34,37.56,1001467.00,b0
765269850,2,473031,0,0,31.58,93452.11,36.72,637212.19,b0
765286747,3,473077,0,0,32.03,93478.02,36.05,550389.69,b0
765279836,4,473123,0,0,31.87,93431.53,35.99,995624.69,b0
765271387,5,473170,0,0,31.56,93458.27,37.02,744998.19,b0
765283665,6,473216,0,0,31.51,93430.16,37.19,412653.63,b0
765268824,7,473262,0,0,31.28,93466.34,37.40,753772.56,b0
765287253,8,473308,0,0,31.12,93448.38,37.51,587324.38,b0
765270362,1,473354,0,0,31.50,93446.43,37.58,997807.56,b0
765269850,2,473400,0,0,31.58,93453.72,36.73,635432.81,b0
765286747,3,473447,0,0,32.03,93476.59,36.04,544246.63,b0
765279836,4,473493,0,0,31.87,93429.93,35.99,1005153.38,b0
765271387,5,473539,0,0,31.57,93457.06,37.01,743375.69,b0
765283665,6,473585,0,0,31.52,93431.14,37.19,411410.22,b0
765268824,7,473631,0,0,31.29,93466.38,37.36,752111.63,b0
765287253,8,473677,0,0,31.12,93447.13,37.51,590882.88,b0
765270362,1,473724,0,0,31.50,93445.70,37.58,990568.31,b0
765269850,2,473770,0,0,31.57,93452.60,36.73,637807.56,b0
765286747,3,473816,0,0,32.03,93476.59,36.06,549503.63,b0
765279836,4,473862,0,0,31.86,93427.58,35.99,1002202.13,b0
765271387,5,473908,0,0,31.57,93457.43,37.02,743375.69,b0
765283665,6,473954,0,0,31.52,93429.92,37.20,409681.94,b0
765268824,7,474000,0,0,31.29,93466.20,37.37,757536.50,b0
765287253,8,474046,0,0,31.13,93448.23,37.50,589352.50,b0
765270362,1,474093,0,0,31.50,93445.70,37.56,992729.06,b0
765269850,2,474139,0,0,31.57,93451.14,36.72,639600.25,b0
765286747,3,474185,0,0,32.03,93477.85,36.05,543380.19,b0
765279836,4,474231,0,0,31.87,93428.66,35.98,1001467.00,b0
765271387,5,474277,0,0,31.57,93455.46,37.00,738550.31,b0
765283665,6,474323,0,0,31.52,93430.68,37.17,410420.84,b0
765268824,7,474369,0,0,31.29,93466.59,37.38,756696.81,b0
765287253,8,474415,0,0,31.14,93446.27,37.49,589861.75,b0
765270362,1,474462,0,0,31.49,93447.11,37.57,994899.19,b0
765269850,2,474508,0,0,31.56,93450.03,36.73,639600.25,b0
765286747,3,474554,0,0,32.02,93474.78,36.04,544246.63,b0
765279836,4,474600,0,0,31.87,93428.13,35.99,1000732.94,b0
765271387,5,474646,0,0,31.58,93456.20,36.97,742567.06,b0
765283665,6,474692,0,0,31.52,93430.50,37.17,411658.28,b0
765268824,7,474738,0,0,31.31,93466.09,37.36,753772.56,b0
765287253,8,474785,0,0,31.15,93446.66,37.48,588844.19,b0
765270362,1,474831,0,0,31.49,93447.28,37.57,1000000.00,b0
765269850,2,474877,0,0,31.56,93451.67,36.74,640200.06,b0
765286747,3,474923,0,0,32.02,93476.40,36.03,542948.06,b0
765279836,4,474969,0,0,31.87,93428.68,35.98,992729.06,b0
765271387,5,475015,0,0,31.59,93456.26,36.99,746627.75,b0
765283665,6,475062,0,0,31.53,93429.81,37.16,408945.69,b0
765268824,7,475108,0,0,31.31,93465.73,37.33,752526.19,b0
765287253,8,475154,0,0,31.16,93447.41,37.49,587830.06,b0
765270362,1,475200,0,0,31.48,93444.17,37.55,997807.56,b0
765269850,2,475246,0,0,31.55,93451.26,36.74,639600.25,b0
765286747,3,475292,0,0,32.03,93476.24,36.03,541655.63,b0
765279836,4,475339,0,0,31.87,93429.20,35.97,999268.13,b0
765271387,5,475385,0,0,31.58,93456.76,36.98,740955.13,b0
765283665,6,475431,0,0,31.52,93429.25,37.17,409436.22,b0
765268824,7,475477,0,0,31.33,93465.44,37.35,752526.19,b0
765287253,8,475523,0,0,31.17,93448.68,37.49,590882.88,b0
765270362,1,475569,0,0,31.49,93446.55,37.57,995624.69,b0
765269850,2,475616,0,0,31.55,93450.71,36.72,634252.06,b0
765286747,3,475662,0,0,32.03,93476.62,36.05,549503.63,b0
765279836,4,475708,0,0,31.86,93429.37,35.96,996351.25,b0
765271387,5,475754,0,0,31.57,93456.17,36.97,751283.94,b0
765283665,6,475800,0,0,31.53,93430.16,37.16,409436.22,b0
765268824,7,475846,0,0,31.34,93466.20,37.31,748264.50,b0
765287253,8,475892,0,0,31.17,93446.91,37.48,586819.50,b0
765270362,1,475939,0,0,31.49,93446.40,37.56,994899.19,b0
765269850,2,475985,0,0,31.55,93451.08,36.74,637807.56,b0
765286747,3,476031,0,0,32.03,93476.43,36.03,543813.06,b0
765279836,4,476077,0,0,31.86,93429.51,35.95,997807.56,b0
765271387,5,476123,0,0,31.58,93456.93,36.97,748264.50,b0
765283665,6,476169,0,0,31.53,93429.81,37.14,410667.75,b0
765268824,7,476215,0,0,31.34,93466.95,37.30,752526.19,b0
765287253,8,476261,0,0,31.19,93446.96,37.45,587324.38,b0
765270362,1,476308,0,0,31.50,93446.42,37.56,986275.00,b0
765269850,2,476354,0,0,31.55,93450.53,36.73,631903.75,b0
765286747,3,476400,0,0,32.03,93476.06,36.02,542516.56,b0
765279836,4,476446,0,0,31.86,93428.24,35.96,997807.56,b0
765271387,5,476492,0,0,31.58,93456.92,36.96,745812.06,b0
765283665,6,476538,0,0,31.53,93429.69,37.14,409927.94,b0
765268824,7,476584,0,0,31.35,93466.97,37.29,747445.25,b0
765287253,8,476631,0,0,31.20,93447.88,37.43,587830.06,b0
765270362,1,476677,0,0,31.49,93444.78,37.56,991287.50,b0
765269850,2,476723,0,0,31.55,93451.26,36.73,631903.75,b0
765286747,3,476769,0,0,32.03,93477.86,36.01,547300.94,b0
765279836,4,476815,0,0,31.85,93427.34,35.93,996351.25,b0
765271387,5,476861,0,0,31.58,93456.76,36.92,744186.06,b0
765283665,6,476907,0,0,31.53,93427.91,37.13,411658.28,b0
765268824,7,476954,0,0,31.36,93466.45,37.29,751283.94,b0
765287253,8,477000,0,0,31.20,93446.12,37.43,589352.50,b0
765270362,1,477046,0,0,31.50,93446.08,37.56,992007.75,b0
765269850,2,477092,0,0,31.56,93451.85,36.73,630153.88,b0
765286747,3,477138,0,0,32.03,93475.52,36.01,540797.44,b0
765279836,4,477184,0,0,31.85,93428.23,35.95,998537.31,b0
765271387,5,477231,0,0,31.59,93458.61,36.93,746627.75,b0
765283665,6,477277,0,0,31.53,93427.37,37.12,410420.84,b0
765268824,7,477323,0,0,31.36,93467.01,37.25,749085.56,b0
765287253,8,477369,0,0,31.21,93449.36,37.43,587830.06,b0
765270362,1,477415,0,0,31.50,93445.34,37.56,981312.88,b0
765269850,2,477461,0,0,31.56,93450.92,36.75,631319.38,b0
765286747,3,477508,0,0,32.03,93476.40,36.00,542085.75,b0
765279836,4,477554,0,0,31.85,93427.66,35.95,996351.25,b0
765271387,5,477600,0,0,31.58,93455.52,36.92,749085.56,b0
765283665,6,477646,0,0,31.53,93430.06,37.11,411162.41,b0
765268824,7,477692,0,0,31.37,93465.02,37.25,752526.19,b0
765287253,8,477738,0,0,31.21,93448.28,37.41,585310.06,b0
765270362,1,477785,0,0,31.50,93446.23,37.56,989133.06,b0
765269850,2,477831,0,0,31.56,93451.47,36.73,633075.75,b0
765286747,3,477877,0,0,32.02,93477.12,36.01,545115.81,b0
765279836,4,477923,0,0,31.85,93430.18,35.93,994174.75,b0
765271387,5,477969,0,0,31.59,93458.05,36.91,741760.25,b0
765283665,6,478015,0,0,31.53,93430.94,37.11,413403.31,b0
765268824,7,478061,0,0,31.37,93467.23,37.25,750458.06,b0
765287253,8,478107,0,0,31.21,93446.66,37.38,586315.50,b0
765270362,1,478154,0,0,31.50,93444.98,37.56,992007.75,b0
765269850,2,478200,0,0,31.57,93452.75,36.75,633075.75,b0
765286747,3,478246,0,0,32.02,93477.63,36.00,541655.63,b0
765279836,4,478292,0,0,31.84,93429.96,35.95,997078.88,b0
765271387,5,478338,0,0,31.58,93457.85,36.90,752526.19,b0
765283665,6,478384,0,0,31.54,93429.73,37.11,410667.75,b0
765268824,7,478430,0,0,31.37,93467.20,37.22,753772.56,b0
765287253,8,478476,0,0,31.20,93445.76,37.39,585310.06,b0
765270362,1,478523,0,0,31.48,93445.98,37.57,987701.94,b0
765269850,2,478569,0,0,31.56,93451.83,36.76,633663.38,b0
765286747,3,478615,0,0,32.00,93477.40,35.97,545987.75,b0
765279836,4,478661,0,0,31.83,93427.02,35.93,995624.69,b0
765271387,5,478707,0,0,31.59,93457.00,36.89,743375.69,b0
765283665,6,478753,0,0,31.53,93429.48,37.10,412155.38,b0
765268824,7,478799,0,0,31.36,93467.53,37.22,749085.56,b0
765287253,8,478846,0,0,31.21,93448.45,37.37,585310.06,b0
765270362,1,478892,0,0,31.47,93446.63,37.57,987701.94,b0
765269850,2,478938,0,0,31.54,93451.41,36.74,633663.38,b0
765286747,3,478984,0,0,32.00,93476.13,36.00,545987.75,b0
765279836,4,479030,0,0,31.82,93428.43,35.93,994899.19,b0
765271387,5,479076,0,0,31.58,93456.39,36.89,753356.63,b0
765283665,6,479123,0,0,31.53,93429.53,37.10,412903.22,b0
765268824,7,479169,0,0,31.35,93466.41,37.21,756277.69,b0
765287253,8,479215,0,0,31.20,93446.45,37.36,586315.50,b0
765270362,1,479261,0,0,31.46,93447.46,37.57,999268.13,b0
765269850,2,479307,0,0,31.53,93450.13,36.76,633075.75,b0
765286747,3,479353,0,0,32.00,93477.03,36.01,548620.44,b0
765279836,4,479399,0,0,31.81,93429.45,35.94,1000000.00,b0
765271387,5,479446,0,0,31.57,93457.45,36.89,746627.75,b0
765283665,6,479492,0,0,31.54,93428.69,37.09,412404.34,b0
765268824,7,479538,0,0,31.33,93465.62,37.18,754188.94,b0
765287253,8,479584,0,0,31.19,93447.67,37.35,588844.19,b0
765270362,1,479630,0,0,31.46,93446.92,37.57,994899.19,b0
765269850,2,479676,0,0,31.51,93450.04,36.76,634841.94,b0
765286747,3,479723,0,0,31.98,93476.27,36.00,546424.75,b0
765279836,4,479769,0,0,31.78,93428.07,35.92,1000000.00,b0
765271387,5,479815,0,0,31.56,93455.72,36.88,742567.06,b0
765283665,6,479861,0,0,31.52,93430.11,37.09,412903.22,b0
765268824,7,479907,0,0,31.29,93467.29,37.18,750870.75,b0
765287253,8,479953,0,0,31.15,93448.64,37.36,589352.50,b0
765270362,1,480000,0,0,31.42,93445.82,37.58,997807.56,b0
765269850,2,480046,0,0,31.49,93449.41,36.75,637807.56,b0
765286747,3,480092,0,0,31.95,93477.06,35.99,548620.44,b0
765279836,4,480138,0,0,31.75,93430.05,35.93,1001467.00,b0
765271387,5,480184,0,0,31.53,93455.92,36.86,755859.00,b0
765283665,6,480230,0,0,31.49,93429.12,37.09,415415.81,b0
765268824,7,480276,0,0,31.25,93465.88,37.16,755023.06,b0
765287253,8,480322,0,0,31.11,93448.16,37.32,592421.19,b0
765270362,1,480369,0,0,31.38,93444.51,37.56,1001467.00,b0
765269850,2,480415,0,0,31.46,93450.37,36.75,638404.00,b0
765286747,3,480461,0,0,31.90,93475.11,35.98,551724.13,b0
765279836,4,480507,0,0,31.70,93427.88,35.93,1003675.56,b0
765271387,5,480553,0,0,31.50,93457.17,36.85,747445.25,b0
765283665,6,480599,0,0,31.45,93429.77,37.05,415922.00,b0
765268824,7,480645,0,0,31.21,93467.77,37.15,759221.50,b0
765287253,8,480692,0,0,31.07,93447.86,37.29,592421.19,b0
765270362,1,480738,0,0,31.33,93445.19,37.56,993451.38,b0
765269850,2,480784,0,0,31.43,93450.77,36.75,641403.06,b0
765286747,3,480830,0,0,31.86,93475.34,35.99,549946.31,b0
765279836,4,480876,0,0,31.67,93424.49,35.91,1010360.13,b0
765271387,5,480922,0,0,31.48,93457.59,36.86,748264.50,b0
765283665,6,480968,0,0,31.41,93427.45,37.05,415668.75,b0
765268824,7,481015,0,0,31.19,93466.40,37.14,760490.19,b0
765287253,8,481061,0,0,31.04,93447.94,37.30,593967.50,b0
765270362,1,481107,0,0,31.30,93444.66,37.56,997807.56,b0
765269850,2,481153,0,0,31.41,93449.99,36.76,643216.06,b0
765286747,3,481199,0,0,31.82,93475.41,35.98,550389.69,b0
765279836,4,481245,0,0,31.65,93425.65,35.93,1011108.38,b0
765271387,5,481292,0,0,31.46,93456.03,36.84,753772.56,b0
765283665,6,481338,0,0,31.38,93428.11,37.04,418471.59,b0
765268824,7,481384,0,0,31.17,93465.80,37.15,761763.06,b0
765287253,8,481430,0,0,31.02,93446.30,37.30,593451.19,b0
765270362,1,481476,0,0,31.29,93446.01,37.56,998537.31,b0
765269850,2,481522,0,0,31.41,93449.97,36.75,644430.44,b0
765286747,3,481569,0,0,31.82,93474.51,35.99,550389.69,b0
765279836,4,481615,0,0,31.65,93426.71,35.93,1016377.19,b0
765271387,5,481661,0,0,31.46,93456.38,36.85,756696.81,b0
765283665,6,481707,0,0,31.38,93428.63,37.04,418471.59,b0
765268824,7,481753,0,0,31.16,93464.84,37.12,760066.81,b0
765287253,8,481799,0,0,31.02,93446.63,37.30,597607.25,b0
765270362,1,481846,0,0,31.28,93444.02,37.58,1003675.56,b0
765269850,2,481892,0,0,31.41,93450.16,36.77,643216.06,b0
765286747,3,481938,0,0,31.83,93476.33,35.99,551278.63,b0
765279836,4,481984,0,0,31.66,93426.61,35.95,1013359.75,b0
765271387,5,482030,0,0,31.47,93456.59,36.84,750458.06,b0
765283665,6,482076,0,0,31.37,93428.54,37.04,418985.28,b0
765268824,7,482122,0,0,31.17,93465.42,37.14,764321.69,b0
765287253,8,482168,0,0,30.99,93445.48,37.29,597607.25,b0
765270362,1,482215,0,0,31.28,93442.74,37.57,1002202.13,b0
765269850,2,482261,0,0,31.41,93448.74,36.76,648101.25,b0
765286747,3,482307,0,0,31.82,93475.05,36.01,551724.13,b0
765279836,4,482353,0,0,31.67,93427.34,35.95,1014866.19,b0
765271387,5,482399,0,0,31.47,93457.48,36.85,752111.63,b0
765283665,6,482445,0,0,31.36,93428.47,37.06,418471.59,b0
765268824,7,482491,0,0,31.18,93465.66,37.13,766897.56,b0
765287253,8,482537,0,0,31.01,93446.09,37.31,599180.81,b0
765270362,1,482584,0,0,31.28,93444.70,37.59,1002202.13,b0
765269850,2,482630,0,0,31.42,93450.88,36.78,645649.44,b0
765286747,3,482676,0,0,31.83,93476.16,36.01,554863.19,b0
765279836,4,482722,0,0,31.68,93426.48,35.95,1015621.13,b0
765271387,5,482768,0,0,31.48,93455.97,36.86,760490.19,b0
765283665,6,482814,0,0,31.38,93430.53,37.06,423140.50,b0
765268824,7,482860,0,0,31.21,93465.74,37.16,768624.50,b0
765287253,8,482907,0,0,31.03,93444.89,37.31,599180.81,b0
765270362,1,482953,0,0,31.28,93445.06,37.61,1012608.19,b0
765269850,2,482999,0,0,31.41,93450.52,36.77,646260.63,b0
765286747,3,483045,0,0,31.84,93474.95,36.03,553065.06,b0
765279836,4,483091,0,0,31.69,93428.15,35.97,1017134.31,b0
765271387,5,483137,0,0,31.47,93456.25,36.85,755023.06,b0
765283665,6,483184,0,0,31.38,93428.39,37.06,420275.00,b0
765268824,7,483230,0,0,31.22,93465.79,37.17,769490.88,b0
765287253,8,483276,0,0,31.05,93446.91,37.33,598130.81,b0
765270362,1,483322,0,0,31.28,93445.27,37.62,1009613.00,b0
765269850,2,483368,0,0,31.41,93451.24,36.78,648717.13,b0
765286747,3,483414,0,0,31.84,93475.84,36.03,555314.56,b0
765279836,4,483461,0,0,31.68,93428.86,35.95,1016377.19,b0
765271387,5,483507,0,0,31.47,93456.82,36.85,754188.94,b0
765283665,6,483553,0,0,31.38,93427.93,37.06,420275.00,b0
765268824,7,483599,0,0,31.23,93465.65,37.16,768624.50,b0
765287253,8,483645,0,0,31.08,93446.09,37.34,597607.25,b0
765270362,1,483691,0,0,31.29,93446.01,37.62,1008122.06,b0
765269850,2,483737,0,0,31.40,93450.11,36.79,649334.19,b0
765286747,3,483784,0,0,31.84,93475.11,36.03,562637.38,b0
765279836,4,483830,0,0,31.67,93426.12,35.96,1020937.19,b0
765271387,5,483876,0,0,31.50,93457.13,36.86,756277.69,b0
765283665,6,483922,0,0,31.41,93427.48,37.07,421312.50,b0
765268824,7,483968,0,0,31.25,93465.70,37.16,770359.25,b0
765287253,8,484014,0,0,31.10,93445.28,37.34,598130.81,b0
765270362,1,484061,0,0,31.28,93446.70,37.63,1000732.94,b0
765269850,2,484107,0,0,31.41,93451.23,36.80,649952.38,b0
765286747,3,484153,0,0,31.84,93475.11,36.04,555766.63,b0
765279836,4,484199,0,0,31.68,93427.75,35.97,1027081.25,b0
765271387,5,484245,0,0,31.51,93458.26,36.87,756277.69,b0
765283665,6,484291,0,0,31.42,93428.28,37.07,421052.63,b0
765268824,7,484337,0,0,31.26,93465.38,37.17,766467.06,b0
765287253,8,484383,0,0,31.12,93447.30,37.35,598130.81,b0
765270362,1,484430,0,0,31.28,93447.23,37.65,1015621.13,b0
765269850,2,484476,0,0,31.41,93448.73,36.80,649952.38,b0
765286747,3,484522,0,0,31.82,93474.70,36.05,558494.69,b0
765279836,4,484568,0,0,31.67,93426.29,35.99,1022466.31,b0
765271387,5,484614,0,0,31.49,93456.77,36.86,763466.94,b0
765283665,6,484660,0,0,31.41,93428.75,37.08,421833.16,b0
765268824,7,484706,0,0,31.27,93464.86,37.17,769057.44,b0
765287253,8,484753,0,0,31.13,93447.69,37.35,599180.81,b0
765270362,1,484799,0,0,31.27,93444.50,37.66,1011108.38,b0
765269850,2,484845,0,0,31.40,93450.09,36.81,647486.56,b0
765286747,3,484891,0,0,31.82,93475.95,36.05,558951.94,b0
765279836,4,484937,0,0,31.67,93427.56,35.99,1030959.00,b0
765271387,5,484983,0,0,31.49,93456.57,36.86,750458.06,b0
765283665,6,485029,0,0,31.40,93428.48,37.09,420533.88,b0
765268824,7,485076,0,0,31.27,93466.49,37.18,769924.81,b0
765287253,8,485122,0,0,31.13,93446.26,37.34,597607.25,b0
765270362,1,485168,0,0,31.26,93443.15,37.64,1011108.38,b0
765269850,2,485214,0,0,31.39,93450.78,36.81,648717.13,b0
765286747,3,485260,0,0,31.82,93475.41,36.04,563566.31,b0
765279836,4,485306,0,0,31.67,93425.20,35.97,1034082.31,b0
765271387,5,485353,0,0,31.49,93456.91,36.86,764749.81,b0
765283665,6,485399,0,0,31.41,93429.07,37.09,421833.16,b0
765268824,7,485445,0,0,31.26,93467.74,37.15,770359.25,b0
765287253,8,485491,0,0,31.13,93446.97,37.34,601821.94,b0
765270362,1,485537,0,0,31.25,93444.54,37.66,1017134.31,b0
765269850,2,485583,0,0,31.38,93448.96,36.83,653061.25,b0
765286747,3,485630,0,0,31.82,93474.70,36.05,559868.75,b0
765279836,4,485676,0,0,31.67,93427.54,35.98,1032518.25,b0
765271387,5,485722,0,0,31.49,93456.75,36.86,756696.81,b0
765283665,6,485768,0,0,31.40,93426.17,37.09,423140.50,b0
765268824,7,485814,0,0,31.25,93464.64,37.16,771665.44,b0
765287253,8,485860,0,0,31.14,93446.83,37.34,599180.81,b0
765270362,1,485907,0,0,31.24,93444.32,37.66,1011857.69,b0
765269850,2,485953,0,0,31.37,93448.75,36.84,653686.56,b0
765286747,3,485999,0,0,31.82,93474.32,36.06,561711.44,b0
765279836,4,486045,0,0,31.66,93426.59,35.99,1030959.00,b0
765271387,5,486091,0,0,31.50,93456.41,36.86,763466.94,b0
765283665,6,486137,0,0,31.42,93426.53,37.09,421833.16,b0
765268824,7,486183,0,0,31.26,93464.67,37.16,771665.44,b0
765287253,8,486229,0,0,31.16,93446.32,37.35,602352.94,b0
765270362,1,486276,0,0,31.23,93444.98,37.68,1021701.19,b0
765269850,2,486322,0,0,31.36,93448.72,36.83,648717.13,b0
765286747,3,486368,0,0,31.82,93475.41,36.09,558494.69,b0
765279836,4,486414,0,0,31.66,93426.59,36.01,1030959.00,b0
765271387,5,486460,0,0,31.51,93456.47,36.86,766897.56,b0
765283665,6,486506,0,0,31.44,93428.99,37.10,422878.38,b0
765268824,7,486552,0,0,31.28,93467.26,37.17,771665.44,b0
765287253,8,486598,0,0,31.16,93445.46,37.33,599180.81,b0
765270362,1,486645,0,0,31.22,93445.13,37.69,1015621.13,b0
765269850,2,486691,0,0,31.36,93450.13,36.85,650571.81,b0
765286747,3,486737,0,0,31.82,93475.24,36.08,564031.94,b0
765279836,4,486783,0,0,31.66,93426.04,36.00,1032518.25,b0
765271387,5,486829,0,0,31.52,93456.76,36.87,763040.25,b0
765283665,6,486875,0,0,31.46,93429.23,37.11,421572.66,b0
765268824,7,486922,0,0,31.28,93465.80,37.14,772538.69,b0
765287253,8,486968,0,0,31.17,93446.89,37.32,603951.63,b0
765270362,1,487014,0,0,31.22,93445.64,37.67,1020174.38,b0
765269850,2,487060,0,0,31.35,93446.86,36.84,658097.69,b0
765286747,3,487106,0,0,31.82,93476.48,36.09,562174.06,b0
765279836,4,487152,0,0,31.65,93426.02,36.01,1033299.69,b0
765271387,5,487198,0,0,31.53,93456.27,36.86,760490.19,b0
765283665,6,487245,0,0,31.48,93430.77,37.10,423665.69,b0
765268824,7,487291,0,0,31.28,93466.91,37.14,772101.81,b0
765287253,8,487337,0,0,31.18,93446.56,37.33,601821.94,b0
765270362,1,487383,0,0,31.22,93443.30,37.71,1019412.63,b0
765269850,2,487429,0,0,31.36,93450.13,36.86,654313.13,b0
765286747,3,487475,0,0,31.80,93476.79,36.10,562637.38,b0
765279836,4,487522,0,0,31.65,93427.43,36.02,1030959.00,b0
765271387,5,487568,0,0,31.53,93457.34,36.87,769924.81,b0
765283665,6,487614,0,0,31.46,93428.84,37.10,422355.13,b0
765268824,7,487660,0,0,31.29,93465.49,37.13,772976.06,b0
765287253,8,487706,0,0,31.18,93446.58,37.32,602352.94,b0
765270362,1,487752,0,0,31.22,93445.10,37.71,1015621.13,b0
765269850,2,487799,0,0,31.35,93449.55,36.87,653686.56,b0
765286747,3,487845,0,0,31.79,93476.94,36.08,564965.50,b0
765279836,4,487891,0,0,31.64,93427.02,35.99,1033299.69,b0
765271387,5,487937,0,0,31.53,93458.42,36.86,766897.56,b0
765283665,6,487983,0,0,31.47,93429.80,37.10,419758.16,b0
765268824,7,488029,0,0,31.28,93464.71,37.13,766897.56,b0
765287253,8,488075,0,0,31.18,93447.11,37.31,600762.69,b0
765270362,1,488122,0,0,31.22,93443.67,37.72,1017134.31,b0
765269850,2,488168,0,0,31.36,93449.23,36.87,653061.25,b0
765286747,3,488214,0,0,31.79,93474.05,36.09,564498.38,b0
765279836,4,488260,0,0,31.64,93427.39,36.01,1040386.06,b0
765271387,5,488306,0,0,31.52,93455.52,36.85,767760.06,b0
765283665,6,488352,0,0,31.48,93429.88,37.09,422093.97,b0
765268824,7,488398,0,0,31.28,93464.54,37.13,772101.81,b0
765287253,8,488444,0,0,31.18,93447.30,37.31,602352.94,b0
765270362,1,488491,0,0,31.22,93444.39,37.73,1018652.06,b0
765269850,2,488537,0,0,31.35,93450.08,36.88,654313.13,b0
765286747,3,488583,0,0,31.78,93474.41,36.10,565433.44,b0
765279836,4,488629,0,0,31.63,93428.59,36.03,1031738.06,b0
765271387,5,488675,0,0,31.53,93456.25,36.85,764749.81,b0
765283665,6,488721,0,0,31.48,93431.38,37.09,421572.66,b0
765268824,7,488767,0,0,31.28,93466.16,37.12,772538.69,b0
765287253,8,488814,0,0,31.19,93446.59,37.29,603417.81,b0
765270362,1,488860,0,0,31.19,93444.42,37.73,1017134.31,b0
765269850,2,488906,0,0,31.33,93449.30,36.87,654940.81,b0
765286747,3,488952,0,0,31.77,93473.27,36.11,565902.19,b0
765279836,4,488998,0,0,31.62,93426.03,36.02,1034866.13,b0
765271387,5,489044,0,0,31.54,93457.05,36.86,770794.13,b0
765283665,6,489091,0,0,31.48,93429.77,37.09,422355.13,b0
765268824,7,489137,0,0,31.28,93466.18,37.11,773413.88,b0
765287253,8,489183,0,0,31.19,93447.33,37.31,601291.81,b0
765270362,1,489229,0,0,31.19,93444.38,37.75,1018652.06,b0
765269850,2,489275,0,0,31.33,93448.07,36.90,657463.88,b0
765286747,3,489321,0,0,31.77,93476.87,36.12,566841.94,b0
765279836,4,489367,0,0,31.61,93425.84,36.03,1042769.88,b0
765271387,5,489414,0,0,31.54,93455.81,36.84,763040.25,b0
765283665,6,489460,0,0,31.49,93428.76,37.09,423402.94,b0
765268824,7,489506,0,0,31.29,93466.77,37.12,773413.88,b0
765287253,8,489552,0,0,31.20,93446.81,37.28,602352.94,b0
765270362,1,489598,0,0,31.18,93444.18,37.76,1018652.06,b0
765269850,2,489644,0,0,31.33,93448.96,36.91,654940.81,b0
765286747,3,489691,0,0,31.78,93475.46,36.13,571588.06,b0
765279836,4,489737,0,0,31.63,93427.88,36.03,1041179.44,b0
765271387,5,489783,0,0,31.55,93457.83,36.84,770359.25,b0
765283665,6,489829,0,0,31.50,93429.18,37.09,422878.38,b0
765268824,7,489875,0,0,31.29,93465.15,37.12,773852.25,b0
765287253,8,489921,0,0,31.21,93446.84,37.28,601821.94,b0
765270362,1,489968,0,0,31.17,93443.23,37.76,1020174.38,b0
765269850,2,490014,0,0,31.34,93447.73,36.88,656831.31,b0
765286747,3,490060,0,0,31.78,93475.30,36.13,571588.06,b0
765279836,4,490106,0,0,31.63,93426.82,36.06,1035651.06,b0
765271387,5,490152,0,0,31.55,93458.38,36.85,759643.94,b0
765283665,6,490198,0,0,31.50,93432.07,37.07,421833.16,b0
765268824,7,490244,0,0,31.29,93466.97,37.12,771229.50,b0
765287253,8,490290,0,0,31.21,93446.66,37.28,602884.88,b0
765270362,1,490337,0,0,31.19,93444.20,37.77,1020174.38,b0
765269850,2,490383,0,0,31.36,93450.13,36.92,653686.56,b0
765286747,3,490429,0,0,31.79,93474.77,36.11,565433.44,b0
765279836,4,490475,0,0,31.64,93428.12,36.05,1034866.13,b0
765271387,5,490521,0,0,31.56,93457.34,36.84,767328.56,b0
765283665,6,490567,0,0,31.50,93432.28,37.08,423928.78,b0
765268824,7,490613,0,0,31.30,93466.06,37.12,771665.44,b0
765287253,8,490660,0,0,31.21,93446.49,37.25,602884.88,b0
765270362,1,490706,0,0,31.21,93445.40,37.79,1029404.38,b0
765269850,2,490752,0,0,31.37,93448.74,36.92,655569.81,b0
765286747,3,490798,0,0,31.80,93475.91,36.14,564498.38,b0
765279836,4,490844,0,0,31.65,93427.98,36.06,1037224.63,b0
765271387,5,490890,0,0,31.56,93456.84,36.82,772538.69,b0
765283665,6,490936,0,0,31.51,93430.52,37.08,421572.66,b0
765268824,7,490983,0,0,31.29,93466.56,37.10,771665.44,b0
765287253,8,491029,0,0,31.20,93447.72,37.25,601821.94,b0
765270362,1,491075,0,0,31.21,93445.98,37.79,1025538.31,b0
765269850,2,491121,0,0,31.38,93449.34,36.94,656199.94,b0
765286747,3,491167,0,0,31.80,93476.08,36.15,563566.31,b0
765279836,4,491213,0,0,31.66,93427.84,36.05,1030959.00,b0
765271387,5,491260,0,0,31.57,93457.61,36.84,769490.88,b0
765283665,6,491306,0,0,31.51,93431.98,37.08,421833.16,b0
765268824,7,491352,0,0,31.29,93467.66,37.11,771229.50,b0
765287253,8,491398,0,0,31.21,93448.26,37.25,600762.69,b0
765270362,1,491444,0,0,31.22,93444.93,37.81,1015621.13,b0
765269850,2,491490,0,0,31.38,93448.63,36.94,654940.81,b0
765286747,3,491537,0,0,31.80,93477.52,36.16,566841.94,b0
765279836,4,491583,0,0,31.66,93427.66,36.08,1040386.06,b0
765271387,5,491629,0,0,31.57,93456.53,36.85,770359.25,b0
765283665,6,491675,0,0,31.51,93430.00,37.07,421312.50,b0
765268824,7,491721,0,0,31.29,93467.12,37.10,770359.25,b0
765287253,8,491767,0,0,31.21,93447.92,37.22,602884.88,b0
765270362,1,491814,0,0,31.23,93446.92,37.81,1012608.19,b0
765269850,2,491860,0,0,31.40,93451.35,36.95,651814.13,b0
765286747,3,491906,0,0,31.80,93476.78,36.16,563566.31,b0
765279836,4,491952,0,0,31.65,93429.06,36.08,1038802.94,b0
765271387,5,491998,0,0,31.57,93459.04,36.84,766037.00,b0
765283665,6,492044,0,0,31.52,93431.18,37.06,422093.97,b0
765268824,7,492090,0,0,31.29,93466.41,37.10,769924.81,b0
765287253,8,492136,0,0,31.21,93446.85,37.24,601821.94,b0
765270362,1,492183,0,0,31.23,93446.75,37.81,1018652.06,b0
765269850,2,492229,0,0,31.39,93449.91,36.94,651192.38,b0
765286747,3,492275,0,0,31.81,93477.91,36.16,564031.94,b0
765279836,4,492321,0,0,31.65,93427.27,36.08,1037224.63,b0
765271387,5,492367,0,0,31.58,93458.71,36.81,769924.81,b0
765283665,6,492413,0,0,31.53,93431.09,37.06,422355.13,b0
765268824,7,492459,0,0,31.29,93467.33,37.08,765607.50,b0
765287253,8,492505,0,0,31.22,93449.20,37.21,601821.94,b0
765270362,1,492552,0,0,31.23,93444.99,37.81,1025538.31,b0
765269850,2,492598,0,0,31.39,93450.63,36.95,653686.56,b0
765286747,3,492644,0,0,31.81,93475.55,36.16,564031.94,b0
765279836,4,492690,0,0,31.66,93429.26,36.07,1031738.06,b0
765271387,5,492736,0,0,31.58,93457.67,36.81,760490.19,b0
765283665,6,492782,0,0,31.54,93432.07,37.05,421052.63,b0
765268824,7,492828,0,0,31.29,93467.13,37.10,765178.38,b0
765287253,8,492875,0,0,31.23,93450.29,37.20,599180.81,b0
765270362,1,492921,0,0,31.24,93446.98,37.84,1020174.38,b0
765269850,2,492967,0,0,31.40,93451.19,36.93,658732.69,b0
765286747,3,493013,0,0,31.81,93478.99,36.18,564965.50,b0
765279836,4,493059,0,0,31.66,93428.73,36.09,1033299.69,b0
765271387,5,493105,0,0,31.58,93457.15,36.80,757536.50,b0
765283665,6,493152,0,0,31.55,93432.88,37.05,421312.50,b0
765268824,7,493198,0,0,31.29,93468.96,37.10,770794.13,b0
765287253,8,493244,0,0,31.23,93450.12,37.21,598655.38,b0
765270362,1,493290,0,0,31.24,93446.13,37.84,1015621.13,b0
765269850,2,493336,0,0,31.40,93451.74,36.94,655569.81,b0
765286747,3,493382,0,0,31.82,93477.38,36.17,564965.50,b0
765279836,4,493429,0,0,31.67,93430.75,36.08,1038802.94,b0
765271387,5,493475,0,0,31.59,93458.94,36.81,769057.44,b0
765283665,6,493521,0,0,31.54,93433.54,37.05,419758.16,b0
765268824,7,493567,0,0,31.29,93468.95,37.10,765178.38,b0
765287253,8,493613,0,0,31.22,93448.84,37.19,601291.81,b0
765270362,1,493659,0,0,31.25,93444.94,37.85,1024000.00,b0
765269850,2,493706,0,0,31.41,93453.20,36.96,653061.25,b0
765286747,3,493752,0,0,31.82,93476.84,36.16,567313.00,b0
765279836,4,493798,0,0,31.67,93430.23,36.07,1030181.06,b0
765271387,5,493844,0,0,31.59,93458.78,36.82,765178.38,b0
765283665,6,493890,0,0,31.54,93432.63,37.05,419500.22,b0
765268824,7,493936,0,0,31.29,93467.29,37.08,768192.06,b0
765287253,8,493982,0,0,31.21,93447.03,37.19,600762.69,b0
765270362,1,494029,0,0,31.25,93446.68,37.85,1018652.06,b0
765269850,2,494075,0,0,31.42,93452.68,36.94,652437.06,b0
765286747,3,494121,0,0,31.82,93475.59,36.18,562174.06,b0
765279836,4,494167,0,0,31.67,93430.40,36.10,1035651.06,b0
765271387,5,494213,0,0,31.59,93459.31,36.80,765178.38,b0
765283665,6,494259,0,0,31.54,93431.53,37.04,419758.16,b0
765268824,7,494305,0,0,31.28,93468.73,37.09,771229.50,b0
765287253,8,494351,0,0,31.21,93449.34,37.20,601821.94,b0
765270362,1,494398,0,0,31.25,93447.75,37.84,1019412.63,b0
765269850,2,494444,0,0,31.42,93452.88,36.93,654313.13,b0
765286747,3,494490,0,0,31.81,93478.43,36.16,563101.44,b0
765279836,4,494536,0,0,31.67,93429.68,36.09,1027081.25,b0
765271387,5,494582,0,0,31.59,93458.23,36.80,762614.06,b0
765283665,6,494628,0,0,31.52,93432.79,37.03,422355.13,b0
765268824,7,494674,0,0,31.29,93469.83,37.08,769490.88,b0
765287253,8,494721,0,0,31.21,93449.16,37.17,600234.44,b0
765270362,1,494767,0,0,31.23,93446.06,37.85,1017892.63,b0
765269850,2,494813,0,0,31.42,93453.21,36.95,652437.06,b0
765286747,3,494859,0,0,31.80,93479.68,36.18,563101.44,b0
765279836,4,494905,0,0,31.67,93428.45,36.09,1029404.38,b0
765271387,5,494951,0,0,31.59,93460.23,36.81,759643.94,b0
765283665,6,494997,0,0,31.52,93432.59,37.02,421572.66,b0
765268824,7,495044,0,0,31.29,93470.02,37.07,766897.56,b0
765287253,8,495090,0,0,31.21,93449.71,37.17,598130.81,b0
765270362,1,495136,0,0,31.22,93445.65,37.84,1019412.63,b0
765269850,2,495182,0,0,31.42,93453.03,36.93,652437.06,b0
765286747,3,495228,0,0,31.79,93479.65,36.17,564031.94,b0
765279836,4,495274,0,0,31.67,93430.93,36.09,1034082.31,b0
765271387,5,495321,0,0,31.59,93460.20,36.77,770794.13,b0
765283665,6,495367,0,0,31.51,93433.98,37.01,421052.63,b0
765268824,7,495413,0,0,31.28,93470.00,37.09,766467.06,b0
765287253,8,495459,0,0,31.20,93450.75,37.17,598655.38,b0
765270362,1,495505,0,0,31.23,93447.46,37.83,1016377.19,b0
765269850,2,495551,0,0,31.42,93453.95,36.95,653686.56,b0
765286747,3,495598,0,0,31.79,93478.38,36.17,564031.94,b0
765279836,4,495644,0,0,31.66,93431.78,36.09,1030959.00,b0
765271387,5,495690,0,0,31.58,93459.60,36.78,766037.00,b0
765283665,6,495736,0,0,31.51,93432.02,37.01,420793.09,b0
765268824,7,495782,0,0,31.27,93469.78,37.07,769057.44,b0
765287253,8,495828,0,0,31.20,93450.57,37.17,600234.44,b0
765270362,1,495875,0,0,31.23,93448.75,37.85,1020174.38,b0
765269850,2,495921,0,0,31.42,93453.96,36.93,653061.25,b0
765286747,3,495967,0,0,31.79,93480.36,36.18,563101.44,b0
765279836,4,496013,0,0,31.66,93430.88,36.09,1029404.38,b0
765271387,5,496059,0,0,31.58,93460.69,36.78,760914.00,b0
765283665,6,496105,0,0,31.52,93434.93,37.02,422355.13,b0
765268824,7,496151,0,0,31.26,93469.57,37.08,765178.38,b0
765287253,8,496197,0,0,31.19,93449.65,37.15,602352.94,b0
765270362,1,496244,0,0,31.23,93449.48,37.86,1017134.31,b0
765269850,2,496290,0,0,31.42,93454.49,36.94,654940.81,b0
765286747,3,496336,0,0,31.79,93479.64,36.20,564031.94,b0
765279836,4,496382,0,0,31.65,93430.87,36.08,1036437.25,b0
765271387,5,496428,0,0,31.57,93461.56,36.76,762614.06,b0
765283665,6,496474,0,0,31.52,93433.53,37.01,421052.63,b0
765268824,7,496520,0,0,31.25,93468.43,37.06,772101.81,b0
765287253,8,496566,0,0,31.19,93449.82,37.17,601821.94,b0
765270362,1,496613,0,0,31.24,93446.83,37.86,1019412.63,b0
765269850,2,496659,0,0,31.43,93452.91,36.92,656199.94,b0
765286747,3,496705,0,0,31.80,93480.39,36.18,561249.69,b0
765279836,4,496751,0,0,31.65,93429.59,36.08,1030959.00,b0
765271387,5,496797,0,0,31.57,93458.29,36.77,771229.50,b0
765283665,6,496843,0,0,31.53,93431.95,37.00,420275.00,b0
765268824,7,496889,0,0,31.23,93469.64,37.07,773852.25,b0
765287253,8,496936,0,0,31.18,93448.18,37.16,602352.94,b0
765270362,1,496982,0,0,31.25,93446.54,37.85,1027081.25,b0
765269850,2,497028,0,0,31.42,93452.70,36.94,656831.31,b0
765286747,3,497074,0,0,31.80,93477.69,36.17,564498.38,b0
765279836,4,497120,0,0,31.64,93430.62,36.08,1041179.44,b0
765271387,5,497166,0,0,31.55,93461.05,36.75,760490.19,b0
765283665,6,497213,0,0,31.52,93432.77,37.00,421833.16,b0
765268824,7,497259,0,0,31.22,93466.52,37.07,765178.38,b0
765287253,8,497305,0,0,31.18,93449.24,37.15,601821.94,b0
765270362,1,497351,0,0,31.25,93446.90,37.87,1022466.31,b0
765269850,2,497397,0,0,31.41,93453.73,36.93,656199.94,b0
765286747,3,497443,0,0,31.80,93478.05,36.19,564498.38,b0
765279836,4,497489,0,0,31.63,93429.30,36.08,1036437.25,b0
765271387,5,497536,0,0,31.55,93459.80,36.77,768624.50,b0
765283665,6,497582,0,0,31.52,93430.96,37.00,425249.16,b0
765268824,7,497628,0,0,31.23,93467.83,37.06,768624.50,b0
765287253,8,497674,0,0,31.17,93448.87,37.15,601291.81,b0
765270362,1,497720,0,0,31.26,93445.84,37.85,1024768.56,b0
765269850,2,497766,0,0,31.41,93454.63,36.92,654940.81,b0
765286747,3,497813,0,0,31.79,93477.30,36.17,565433.44,b0
765279836,4,497859,0,0,31.62,93429.43,36.08,1034082.31,b0
765271387,5,497905,0,0,31.55,93458.16,36.76,767760.06,b0
765283665,6,497951,0,0,31.52,93432.75,36.99,422878.38,b0
765268824,7,497997,0,0,31.24,93468.75,37.06,768624.50,b0
765287253,8,498043,0,0,31.16,93447.41,37.15,603951.63,b0
765270362,1,498090,0,0,31.25,93447.09,37.84,1024000.00,b0
765269850,2,498136,0,0,31.39,93452.95,36.91,654940.81,b0
765286747,3,498182,0,0,31.78,93478.54,36.18,565902.19,b0
765279836,4,498228,0,0,31.61,93429.59,36.09,1039593.94,b0
765271387,5,498274,0,0,31.56,93458.95,36.76,771665.44,b0
765283665,6,498320,0,0,31.52,93433.50,36.98,422355.13,b0
765268824,7,498366,0,0,31.25,93469.33,37.07,767760.06,b0
765287253,8,498412,0,0,31.17,93451.01,37.13,603417.81,b0
765270362,1,498459,0,0,31.26,93448.90,37.86,1017134.31,b0
765269850,2,498505,0,0,31.40,93453.69,36.93,658097.69,b0
765286747,3,498551,0,0,31.77,93479.22,36.17,567784.88,b0
765279836,4,498597,0,0,31.61,93431.03,36.09,1035651.06,b0
765271387,5,498643,0,0,31.56,93459.88,36.76,757957.06,b0
765283665,6,498689,0,0,31.52,93433.35,36.99,422093.97,b0
765268824,7,498735,0,0,31.26,93469.38,37.09,768192.06,b0
765287253,8,498782,0,0,31.16,93449.75,37.15,601821.94,b0
765270362,1,498828,0,0,31.25,93447.61,37.85,1028628.81,b0
765269850,2,498874,0,0,31.40,93454.23,36.92,653061.25,b0
765286747,3,498920,0,0,31.78,93480.49,36.17,567313.00,b0
765279836,4,498966,0,0,31.62,93431.77,36.09,1036437.25,b0
765271387,5,499012,0,0,31.57,93460.80,36.76,767760.06,b0
765283665,6,499058,0,0,31.52,93432.28,36.99,421052.63,b0
765268824,7,499105,0,0,31.27,93469.77,37.08,767760.06,b0
765287253,8,499151,0,0,31.18,93450.32,37.15,600762.69,b0
765270362,1,499197,0,0,31.25,93447.77,37.85,1034866.13,b0
765269850,2,499243,0,0,31.41,93454.99,36.92,658097.69,b0
765286747,3,499289,0,0,31.78,93481.23,36.18,566841.94,b0
765279836,4,499335,0,0,31.63,93431.28,36.10,1037224.63,b0
765271387,5,499382,0,0,31.57,93460.29,36.77,767760.06,b0
765283665,6,499428,0,0,31.54,93433.48,37.00,418471.59,b0
765268824,7,499474,0,0,31.28,93470.88,37.09,768192.06,b0
765287253,8,499520,0,0,31.19,93450.17,37.17,601291.81,b0
765270362,1,499566,0,0,31.26,93448.19,37.86,1030181.06,b0
765269850,2,499612,0,0,31.42,93454.30,36.93,656831.31,b0
765286747,3,499658,0,0,31.80,93481.27,36.20,566841.94,b0
765279836,4,499705,0,0,31.64,93431.52,36.09,1038013.19,b0
765271387,5,499751,0,0,31.58,93460.37,36.76,764749.81,b0
765283665,6,499797,0,0,31.54,93434.62,36.98,421572.66,b0
765268824,7,499843,0,0,31.29,93469.66,37.09,765607.50,b0
765287253,8,499889,0,0,31.19,93450.90,37.15,597607.25,b0
765270362,1,499936,0,0,31.27,93449.48,37.85,1024000.00,b0
765269850,2,499982,0,0,31.43,93455.80,36.94,658097.69,b0
765286747,3,500028,0,0,31.80,93481.12,36.20,566371.69,b0
765279836,4,500074,0,0,31.65,93431.01,36.09,1041974.06,b0
765271387,5,500120,0,0,31.59,93460.20,36.77,752941.19,b0
765283665,6,500166,0,0,31.54,93435.87,36.98,418215.22,b0
765268824,7,500212,0,0,31.29,93470.94,37.08,765607.50,b0
765287253,8,500258,0,0,31.19,93451.25,37.15,604486.44,b0
765270362,1,500305,0,0,31.26,93448.39,37.85,1025538.31,b0
765269850,2,500351,0,0,31.44,93455.46,36.92,660006.44,b0
765286747,3,500397,0,0,31.81,93480.05,36.20,563566.31,b0
765279836,4,500443,0,0,31.66,93432.14,36.11,1041974.06,b0
765271387,5,500489,0,0,31.59,93462.36,36.77,755440.81,b0
765283665,6,500535,0,0,31.54,93433.54,36.99,418471.59,b0
765268824,7,500581,0,0,31.29,93468.41,37.08,765178.38,b0
765287253,8,500627,0,0,31.19,93450.02,37.15,600762.69,b0
765270362,1,500674,0,0,31.27,93447.88,37.84,1024768.56,b0
765269850,2,500720,0,0,31.45,93454.58,36.92,656831.31,b0
765286747,3,500766,0,0,31.80,93481.30,36.20,565902.19,b0
765279836,4,500812,0,0,31.66,93431.23,36.10,1041974.06,b0
765271387,5,500858,0,0,31.59,93461.12,36.75,764749.81,b0
765283665,6,500904,0,0,31.54,93434.41,36.97,419500.22,b0
765268824,7,500950,0,0,31.29,93470.95,37.08,768624.50,b0
765287253,8,500997,0,0,31.19,93451.25,37.13,602352.94,b0
765270362,1,501043,0,0,31.26,93448.03,37.84,1017134.31,b0
765269850,2,501089,0,0,31.45,93455.66,36.92,659368.94,b0
765286747,3,501135,0,0,31.80,93480.39,36.20,566841.94,b0
765279836,4,501181,0,0,31.66,93430.88,36.10,1032518.25,b0
765271387,5,501227,0,0,31.58,93459.84,36.75,764749.81,b0
765283665,6,501274,0,0,31.53,93433.99,36.98,420533.88,b0
765268824,7,501320,0,0,31.28,93467.09,37.08,766897.56,b0
765287253,8,501366,0,0,31.19,93451.95,37.15,600234.44,b0
765270362,1,501412,0,0,31.27,93449.33,37.85,1027081.25,b0
765269850,2,501458,0,0,31.45,93454.79,36.93,656831.31,b0
765286747,3,501504,0,0,31.80,93481.12,36.20,571588.06,b0
765279836,4,501550,0,0,31.66,93430.51,36.11,1043566.88,b0
765271387,5,501597,0,0,31.57,93459.04,36.75,756696.81,b0
765283665,6,501643,0,0,31.54,93434.91,36.97,420275.00,b0
765268824,7,501689,0,0,31.28,93469.45,37.06,763894.06,b0
765287253,8,501735,0,0,31.18,93449.08,37.15,602352.94,b0
765270362,1,501781,0,0,31.27,93447.88,37.85,1032518.25,b0
765269850,2,501827,0,0,31.45,93453.70,36.91,662568.75,b0
765286747,3,501874,0,0,31.81,93479.69,36.18,573027.44,b0
765279836,4,501920,0,0,31.66,93430.53,36.11,1034866.13,b0
765271387,5,501966,0,0,31.58,93461.75,36.75,757536.50,b0
765283665,6,502012,0,0,31.54,93434.56,36.95,421312.50,b0
765268824,7,502058,0,0,31.29,93469.10,37.09,764321.69,b0
765287253,8,502104,0,0,31.19,93450.89,37.14,599180.81,b0
765270362,1,502151,0,0,31.28,93449.37,37.84,1034866.13,b0
765269850,2,502197,0,0,31.46,93456.43,36.90,661926.31,b0
765286747,3,502243,0,0,31.81,93480.60,36.20,565902.19,b0
765279836,4,502289,0,0,31.67,93431.11,36.10,1033299.69,b0
765271387,5,502335,0,0,31.58,93460.86,36.74,763894.06,b0
765283665,6,502381,0,0,31.53,93431.49,36.96,420533.88,b0
765268824,7,502427,0,0,31.30,93470.79,37.06,763040.25,b0
765287253,8,502473,0,0,31.20,93450.57,37.15,597607.25,b0
765270362,1,502520,0,0,31.29,93449.77,37.84,1034866.13,b0
765269850,2,502566,0,0,31.46,93456.43,36.90,660645.19,b0
765286747,3,502612,0,0,31.82,93478.29,36.18,568257.50,b0
765279836,4,502658,0,0,31.67,93432.03,36.10,1035651.06,b0
765271387,5,502704,0,0,31.58,93460.33,36.75,765607.50,b0
765283665,6,502750,0,0,31.54,93435.16,36.95,420533.88,b0
765268824,7,502796,0,0,31.30,93471.35,37.06,767760.06,b0
765287253,8,502843,0,0,31.20,93451.28,37.15,598655.38,b0
765270362,1,502889,0,0,31.29,93449.41,37.83,1027081.25,b0
765269850,2,502935,0,0,31.45,93453.55,36.91,661285.13,b0
765286747,3,502981,0,0,31.82,93480.45,36.19,567313.00,b0
765279836,4,503027,0,0,31.67,93433.26,36.11,1041179.44,b0
765271387,5,503073,0,0,31.59,93461.80,36.76,762188.31,b0
765283665,6,503119,0,0,31.54,93433.16,36.94,420275.00,b0
765268824,7,503166,0,0,31.32,93470.67,37.08,762614.06,b0
765287253,8,503212,0,0,31.21,93451.86,37.15,598655.38,b0
765270362,1,503258,0,0,31.29,93448.70,37.84,1034866.13,b0
765269850,2,503304,0,0,31.46,93456.07,36.91,659368.94,b0
765286747,3,503350,0,0,31.82,93478.48,36.20,568257.50,b0
765279836,4,503396,0,0,31.67,93431.84,36.10,1036437.25,b0
765271387,5,503443,0,0,31.59,93460.93,36.75,767328.56,b0
765283665,6,503489,0,0,31.55,93434.81,36.94,421052.63,b0
765268824,7,503535,0,0,31.32,93470.50,37.08,764321.69,b0
765287253,8,503581,0,0,31.21,93450.77,37.15,599180.81,b0
765270362,1,503627,0,0,31.29,93448.34,37.83,1029404.38,b0
765269850,2,503673,0,0,31.46,93455.55,36.91,660006.44,b0
765286747,3,503720,0,0,31.82,93478.83,36.20,566841.94,b0
765279836,4,503766,0,0,31.67,93429.13,36.11,1036437.25,b0
765271387,5,503812,0,0,31.59,93460.95,36.74,770794.13,b0
765283665,6,503858,0,0,31.55,93432.19,36.94,419758.16,b0
765268824,7,503904,0,0,31.32,93469.77,37.08,760066.81,b0
765287253,8,503950,0,0,31.22,93450.44,37.14,595002.88,b0
765270362,1,503997,0,0,31.30,93448.40,37.82,1029404.38,b0
765269850,2,504043,0,0,31.46,93453.75,36.89,657463.88,b0
765286747,3,504089,0,0,31.83,93477.23,36.20,573508.81,b0
765279836,4,504135,0,0,31.67,93429.87,36.10,1035651.06,b0
765271387,5,504181,0,0,31.59,93459.35,36.74,767328.56,b0
765283665,6,504227,0,0,31.56,93433.13,36.95,420533.88,b0
765268824,7,504273,0,0,31.33,93469.80,37.06,764321.69,b0
765287253,8,504319,0,0,31.21,93449.89,37.16,601291.81,b0
765270362,1,504366,0,0,31.29,93447.61,37.81,1030181.06,b0
765269850,2,504412,0,0,31.46,93453.77,36.90,660006.44,b0
765286747,3,504458,0,0,31.83,93477.98,36.20,570155.88,b0
765279836,4,504504,0,0,31.68,93431.87,36.10,1042769.88,b0
765271387,5,504550,0,0,31.60,93458.88,36.75,760066.81,b0
765283665,6,504596,0,0,31.56,93433.84,36.95,420793.09,b0
765268824,7,504642,0,0,31.33,93469.06,37.07,761763.06,b0
765287253,8,504688,0,0,31.21,93450.07,37.14,600762.69,b0
765270362,1,504735,0,0,31.29,93447.48,37.82,1038802.94,b0
765269850,2,504781,0,0,31.47,93452.71,36.89,661285.13,b0
765286747,3,504827,0,0,31.83,93480.48,36.19,567784.88,b0
765279836,4,504873,0,0,31.67,93430.41,36.09,1042769.88,b0
765271387,5,504919,0,0,31.61,93459.98,36.73,763894.06,b0
765283665,6,504965,0,0,31.56,93432.80,36.93,421572.66,b0
765268824,7,505012,0,0,31.32,93469.59,37.04,758378.06,b0
765287253,8,505058,0,0,31.21,93449.52,37.13,598130.81,b0
765270362,1,505104,0,0,31.30,93447.34,37.80,1035651.06,b0
765269850,2,505150,0,0,31.47,93453.45,36.90,658732.69,b0
765286747,3,505196,0,0,31.82,93477.76,36.19,567784.88,b0
765279836,4,505242,0,0,31.67,93430.59,36.09,1043566.88,b0
765271387,5,505288,0,0,31.60,93459.74,36.73,761763.06,b0
765283665,6,505335,0,0,31.55,93432.53,36.94,417703.44,b0
765268824,7,505381,0,0,31.33,93469.99,37.05,762188.31,b0
765287253,8,505427,0,0,31.22,93452.23,37.14,595521.94,b0
765270362,1,505473,0,0,31.30,93446.98,37.82,1033299.69,b0
765269850,2,505519,0,0,31.47,93454.86,36.90,659368.94,b0
765286747,3,505565,0,0,31.83,93479.02,36.18,567784.88,b0
765279836,4,505612,0,0,31.66,93429.63,36.09,1045164.56,b0
765271387,5,505658,0,0,31.60,93459.74,36.72,753772.56,b0
765283665,6,505704,0,0,31.56,93434.41,36.93,419500.22,b0
765268824,7,505750,0,0,31.33,93470.18,37.04,759643.94,b0
765287253,8,505796,0,0,31.22,93450.45,37.13,601821.94,b0
765270362,1,505842,0,0,31.31,93448.28,37.81,1034866.13,b0
765269850,2,505889,0,0,31.46,93453.95,36.87,660006.44,b0
765286747,3,505935,0,0,31.83,93476.34,36.18,574957.88,b0
765279836,4,505981,0,0,31.66,93430.53,36.10,1044365.13,b0
765271387,5,506027,0,0,31.59,93459.70,36.72,763040.25,b0
765283665,6,506073,0,0,31.57,93432.87,36.93,418215.22,b0
765268824,7,506119,0,0,31.34,93470.21,37.03,762614.06,b0
765287253,8,506165,0,0,31.23,93450.47,37.13,598655.38,b0
765270362,1,506212,0,0,31.32,93447.78,37.82,1028628.81,b0
765269850,2,506258,0,0,31.45,93453.73,36.87,661926.31,b0
765286747,3,506304,0,0,31.85,93478.92,36.19,572067.06,b0
765279836,4,506350,0,0,31.67,93430.95,36.09,1037224.63,b0
765271387,5,506396,0,0,31.60,93460.13,36.71,761763.06,b0
765283665,6,506442,0,0,31.57,93433.29,36.93,418215.22,b0
765268824,7,506488,0,0,31.34,93468.76,37.04,763040.25,b0
765287253,8,506534,0,0,31.23,93451.71,37.13,598130.81,b0
765270362,1,506581,0,0,31.31,93446.67,37.80,1028628.81,b0
765269850,2,506627,0,0,31.46,93455.00,36.87,657463.88,b0
765286747,3,506673,0,0,31.86,93479.30,36.19,569680.13,b0
765279836,4,506719,0,0,31.67,93432.03,36.09,1045164.56,b0
765271387,5,506765,0,0,31.60,93458.52,36.72,754605.75,b0
765283665,6,506811,0,0,31.58,93432.64,36.92,416938.13,b0
765268824,7,506857,0,0,31.34,93468.75,37.05,760914.00,b0
765287253,8,506904,0,0,31.23,93451.38,37.14,598130.81,b0
765270362,1,506950,0,0,31.32,93446.38,37.78,1026309.19,b0
765269850,2,506996,0,0,31.46,93454.47,36.87,662568.75,b0
765286747,3,507042,0,0,31.86,93480.21,36.17,570155.88,b0
765279836,4,507088,0,0,31.68,93431.34,36.09,1034866.13,b0
765271387,5,507134,0,0,31.61,93458.56,36.72,763040.25,b0
765283665,6,507181,0,0,31.58,93433.38,36.92,417192.91,b0
765268824,7,507227,0,0,31.34,93469.47,37.05,758799.56,b0
765287253,8,507273,0,0,31.23,93448.32,37.13,598130.81,b0
765270362,1,507319,0,0,31.34,93449.14,37.80,1030959.00,b0
765269850,2,507365,0,0,31.47,93453.27,36.87,658732.69,b0
765286747,3,507411,0,0,31.86,93478.06,36.18,567784.88,b0
765279836,4,507458,0,0,31.68,93431.71,36.08,1036437.25,b0
765271387,5,507504,0,0,31.61,93459.30,36.71,767328.56,b0
765283665,6,507550,0,0,31.58,93434.07,36.92,416683.63,b0
765268824,7,507596,0,0,31.34,93471.30,37.03,755859.00,b0
765287253,8,507642,0,0,31.23,93449.04,37.12,596562.75,b0
765270362,1,507688,0,0,31.35,93447.95,37.78,1030959.00,b0
765269850,2,507735,0,0,31.47,93452.93,36.86,658732.69,b0
765286747,3,507781,0,0,31.87,93478.27,36.16,568257.50,b0
765279836,4,507827,0,0,31.70,93429.63,36.08,1040386.06,b0
765271387,5,507873,0,0,31.61,93458.77,36.70,761338.31,b0
765283665,6,507919,0,0,31.58,93432.98,36.90,417448.03,b0
765268824,7,507965,0,0,31.33,93469.81,37.02,765178.38,b0
765287253,8,508011,0,0,31.23,93447.25,37.12,598130.81,b0
765270362,1,508058,0,0,31.34,93446.49,37.79,1029404.38,b0
765269850,2,508104,0,0,31.48,93454.03,36.85,656199.94,b0
765286747,3,508150,0,0,31.87,93479.00,36.16,564031.94,b0
765279836,4,508196,0,0,31.70,93430.55,36.08,1038013.19,b0
765271387,5,508242,0,0,31.61,93460.92,36.69,762614.06,b0
765283665,6,508288,0,0,31.58,93434.26,36.92,420016.41,b0
765268824,7,508334,0,0,31.33,93469.80,37.03,760914.00,b0
765287253,8,508380,0,0,31.24,93450.69,37.10,597607.25,b0
765270362,1,508427,0,0,31.36,93448.91,37.78,1021701.19,b0
765269850,2,508473,0,0,31.50,93453.37,36.85,654313.13,b0
765286747,3,508519,0,0,31.87,93479.54,36.16,570632.50,b0
765279836,4,508565,0,0,31.70,93429.30,36.07,1033299.69,b0
765271387,5,508611,0,0,31.61,93459.82,36.69,763894.06,b0
765283665,6,508657,0,0,31.58,93431.91,36.90,418728.28,b0
765268824,7,508703,0,0,31.33,93469.27,37.01,758799.56,b0
765287253,8,508750,0,0,31.24,93449.98,37.12,596041.94,b0
765270362,1,508796,0,0,31.37,93447.51,37.78,1024768.56,b0
765269850,2,508842,0,0,31.50,93453.94,36.87,653061.25,b0
765286747,3,508888,0,0,31.88,93478.29,36.15,570155.88,b0
765279836,4,508934,0,0,31.70,93429.66,36.08,1033299.69,b0
765271387,5,508980,0,0,31.61,93460.88,36.71,761338.31,b0
765283665,6,509026,0,0,31.57,93431.98,36.89,418985.28,b0
765268824,7,509073,0,0,31.34,93469.29,37.01,758378.06,b0
765287253,8,509119,0,0,31.25,93450.53,37.14,596562.75,b0
765270362,1,509165,0,0,31.37,93446.97,37.79,1024768.56,b0
765269850,2,509211,0,0,31.51,93451.98,36.86,652437.06,b0
765286747,3,509257,0,0,31.88,93479.38,36.15,562174.06,b0
765279836,4,509303,0,0,31.71,93431.48,36.08,1033299.69,b0
765271387,5,509350,0,0,31.60,93459.23,36.71,756277.69,b0
765283665,6,509396,0,0,31.57,93431.09,36.91,419758.16,b0
765268824,7,509442,0,0,31.35,93471.33,37.02,759643.94,b0
765287253,8,509488,0,0,31.26,93451.27,37.11,597084.56,b0
765270362,1,509534,0,0,31.38,93449.53,37.77,1024768.56,b0
765269850,2,509580,0,0,31.52,93456.13,36.87,655569.81,b0
765286747,3,509627,0,0,31.88,93478.49,36.16,564031.94,b0
765279836,4,509673,0,0,31.71,93431.13,36.08,1036437.25,b0
765271387,5,509719,0,0,31.60,93459.23,36.69,762188.31,b0
765283665,6,509765,0,0,31.56,93431.78,36.90,418728.28,b0
765268824,7,509811,0,0,31.35,93468.41,37.01,757957.06,b0
765287253,8,509857,0,0,31.25,93450.91,37.10,600762.69,b0
765270362,1,509904,0,0,31.38,93445.95,37.77,1024000.00,b0
765269850,2,509950,0,0,31.52,93453.98,36.86,653686.56,b0
765286747,3,509996,0,0,31.88,93479.02,36.16,563101.44,b0
765279836,4,510042,0,0,31.71,93431.13,36.07,1027854.44,b0
765271387,5,510088,0,0,31.60,93459.96,36.70,763040.25,b0
765283665,6,510134,0,0,31.57,93431.84,36.92,419758.16,b0
765268824,7,510180,0,0,31.35,93470.07,37.01,766897.56,b0
765287253,8,510226,0,0,31.26,93449.66,37.10,600234.44,b0
765270362,1,510273,0,0,31.38,93447.03,37.77,1019412.63,b0
765269850,2,510319,0,0,31.52,93454.73,36.85,653686.56,b0
765286747,3,510365,0,0,31.88,93480.27,36.16,566841.94,b0
765279836,4,510411,0,0,31.70,93431.11,36.07,1029404.38,b0
765271387,5,510457,0,0,31.60,93458.70,36.69,752941.19,b0
765283665,6,510503,0,0,31.58,93431.71,36.91,418728.28,b0
765268824,7,510549,0,0,31.36,93469.16,37.00,761338.31,b0
765287253,8,510595,0,0,31.26,93450.55,37.09,597607.25,b0
765270362,1,510642,0,0,31.39,93448.34,37.76,1022466.31,b0
765269850,2,510688,0,0,31.52,93454.91,36.85,652437.06,b0
765286747,3,510734,0,0,31.88,93477.93,36.15,569205.13,b0
765279836,4,510780,0,0,31.70,93430.00,36.06,1031738.06,b0
765271387,5,510826,0,0,31.61,93459.99,36.70,754605.75,b0
765283665,6,510872,0,0,31.58,93433.16,36.91,421312.50,b0
765268824,7,510918,0,0,31.36,93467.93,37.00,760066.81,b0
765287253,8,510965,0,0,31.27,93452.02,37.10,596562.75,b0
765270362,1,511011,0,0,31.39,93448.70,37.76,1019412.63,b0
765269850,2,511057,0,0,31.53,93454.01,36.83,654940.81,b0
765286747,3,511103,0,0,31.88,93477.23,36.12,563566.31,b0
765279836,4,511149,0,0,31.71,93431.48,36.08,1030181.06,b0
765271387,5,511195,0,0,31.61,93458.19,36.70,753772.56,b0
765283665,6,511242,0,0,31.58,93431.95,36.87,417703.44,b0
765268824,7,511288,0,0,31.37,93469.20,36.98,764749.81,b0
765287253,8,511334,0,0,31.27,93451.11,37.10,595521.94,b0
765270362,1,511380,0,0,31.40,93449.29,37.76,1008122.06,b0
765269850,2,511426,0,0,31.53,93453.30,36.84,650571.81,b0
765286747,3,511472,0,0,31.88,93478.48,36.15,563101.44,b0
765279836,4,511519,0,0,31.70,93432.53,36.08,1029404.38,b0
765271387,5,511565,0,0,31.61,93459.13,36.71,764749.81,b0
765283665,6,511611,0,0,31.58,93431.93,36.90,418471.59,b0
765268824,7,511657,0,0,31.36,93467.75,36.99,758378.06,b0
765287253,8,511703,0,0,31.27,93450.77,37.09,596562.75,b0
765270362,1,511749,0,0,31.41,93447.54,37.75,1011108.38,b0
765269850,2,511796,0,0,31.54,93455.31,36.84,651192.38,b0
765286747,3,511842,0,0,31.89,93479.95,36.15,567784.88,b0
765279836,4,511888,0,0,31.71,93430.05,36.07,1030959.00,b0
765271387,5,511934,0,0,31.61,93458.56,36.69,762188.31,b0
765283665,6,511980,0,0,31.58,93431.75,36.89,418215.22,b0
765268824,7,512026,0,0,31.37,93468.66,37.01,761763.06,b0
765287253,8,512072,0,0,31.27,93450.95,37.10,597607.25,b0
765270362,1,512119,0,0,31.40,93446.81,37.75,1012608.19,b0
765269850,2,512165,0,0,31.54,93453.01,36.82,653686.56,b0
765286747,3,512211,0,0,31.89,93477.43,36.14,563566.31,b0
765279836,4,512257,0,0,31.72,93431.88,36.07,1028628.81,b0
765271387,5,512303,0,0,31.62,93460.22,36.68,761763.06,b0
765283665,6,512349,0,0,31.59,93432.70,36.90,419242.59,b0
765268824,7,512395,0,0,31.36,93469.92,36.99,761763.06,b0
765287253,8,512441,0,0,31.26,93451.64,37.07,599180.81,b0
765270362,1,512488,0,0,31.42,93449.23,37.74,1014866.19,b0
765269850,2,512534,0,0,31.54,93454.09,36.84,651192.38,b0
765286747,3,512580,0,0,31.90,93479.09,36.14,561711.44,b0
765279836,4,512626,0,0,31.71,93430.23,36.07,1034866.13,b0
765271387,5,512672,0,0,31.61,93459.82,36.70,765178.38,b0
765283665,6,512718,0,0,31.58,93431.38,36.89,417959.19,b0
765268824,7,512764,0,0,31.36,93469.70,36.98,762614.06,b0
765287253,8,512811,0,0,31.26,93450.02,37.08,597084.56,b0
765270362,1,512857,0,0,31.42,93449.23,37.74,1010360.13,b0
765269850,2,512903,0,0,31.56,93455.05,36.82,648717.13,b0
765286747,3,512949,0,0,31.91,93478.20,36.13,559868.75,b0
765279836,4,512995,0,0,31.73,93431.56,36.06,1025538.31,b0
765271387,5,513041,0,0,31.62,93458.96,36.70,755859.00,b0
765283665,6,513088,0,0,31.58,93433.17,36.90,421052.63,b0
765268824,7,513134,0,0,31.36,93468.63,36.98,765607.50,b0
765287253,8,513180,0,0,31.26,93449.30,37.07,597084.56,b0
765270362,1,513226,0,0,31.44,93450.75,37.74,1013359.75,b0
765269850,2,513272,0,0,31.56,93455.59,36.83,651814.13,b0
765286747,3,513318,0,0,31.92,93478.05,36.13,560328.31,b0
765279836,4,513364,0,0,31.73,93432.14,36.06,1035651.06,b0
765271387,5,513411,0,0,31.61,93460.39,36.69,766897.56,b0
765283665,6,513457,0,0,31.58,93432.46,36.89,420533.88,b0
765268824,7,513503,0,0,31.36,93469.73,36.97,758378.06,b0
765287253,8,513549,0,0,31.26,93451.26,37.08,596562.75,b0
765270362,1,513595,0,0,31.43,93448.41,37.74,1008122.06,b0
765269850,2,513641,0,0,31.57,93455.46,36.82,648717.13,b0
765286747,3,513688,0,0,31.92,93479.49,36.12,558494.69,b0
765279836,4,513734,0,0,31.74,93433.77,36.06,1030181.06,b0
765271387,5,513780,0,0,31.61,93459.30,36.69,763040.25,b0
765283665,6,513826,0,0,31.59,93433.80,36.89,419242.59,b0
765268824,7,513872,0,0,31.36,93468.82,36.97,762614.06,b0
765287253,8,513918,0,0,31.27,93452.20,37.07,598655.38,b0
765270362,1,513965,0,0,31.44,93449.14,37.72,1012608.19,b0
765269850,2,514011,0,0,31.57,93455.47,36.82,651192.38,b0
765286747,3,514057,0,0,31.92,93479.14,36.13,557127.31,b0
765279836,4,514103,0,0,31.74,93430.75,36.05,1028628.81,b0
765271387,5,514149,0,0,31.61,93458.38,36.69,763040.25,b0
765283665,6,514195,0,0,31.59,93432.87,36.90,417703.44,b0
765268824,7,514241,0,0,31.37,93470.11,36.96,761763.06,b0
765287253,8,514287,0,0,31.27,93450.95,37.09,595521.94,b0
765270362,1,514334,0,0,31.43,93449.84,37.71,1003675.56,b0
765269850,2,514380,0,0,31.57,93455.65,36.82,647486.56,b0
765286747,3,514426,0,0,31.93,93480.60,36.14,559410.00,b0
765279836,4,514472,0,0,31.74,93431.09,36.05,1030181.06,b0
765271387,5,514518,0,0,31.62,93458.98,36.68,758799.56,b0
765283665,6,514564,0,0,31.60,93434.80,36.89,421052.63,b0
765268824,7,514610,0,0,31.37,93468.31,36.97,768192.06,b0
765287253,8,514657,0,0,31.28,93451.69,37.09,595002.88,b0
765270362,1,514703,0,0,31.44,93448.79,37.71,1009613.00,b0
765269850,2,514749,0,0,31.57,93456.01,36.80,645039.38,b0
765286747,3,514795,0,0,31.93,93479.71,36.12,564031.94,b0
765279836,4,514841,0,0,31.74,93431.30,36.06,1027854.44,b0
765271387,5,514887,0,0,31.63,93460.45,36.67,766897.56,b0
765283665,6,514933,0,0,31.60,93434.95,36.89,420793.09,b0
765268824,7,514980,0,0,31.38,93468.18,36.99,757116.44,b0
765287253,8,515026,0,0,31.29,93451.53,37.06,595002.88,b0
765270362,1,515072,0,0,31.44,93449.51,37.71,1002938.31,b0
765269850,2,515118,0,0,31.58,93455.47,36.80,648101.25,b0
765286747,3,515164,0,0,31.92,93478.96,36.11,559410.00,b0
765279836,4,515210,0,0,31.75,93432.38,36.06,1020174.38,b0
765271387,5,515257,0,0,31.63,93461.52,36.68,762188.31,b0
765283665,6,515303,0,0,31.60,93432.84,36.90,421052.63,b0
765268824,7,515349,0,0,31.39,93470.02,36.97,764749.81,b0
765287253,8,515395,0,0,31.29,93451.91,37.06,597607.25,b0
765270362,1,515441,0,0,31.44,93449.18,37.70,1009613.00,b0
765269850,2,515487,0,0,31.57,93456.52,36.79,646260.63,b0
765286747,3,515534,0,0,31.93,93480.98,36.14,557582.38,b0
765279836,4,515580,0,0,31.75,93432.55,36.06,1018652.06,b0
765271387,5,515626,0,0,31.63,93459.76,36.68,763466.94,b0
765283665,6,515672,0,0,31.60,93433.38,36.86,416938.13,b0
765268824,7,515718,0,0,31.41,93470.62,36.98,755859.00,b0
765287253,8,515764,0,0,31.30,93451.75,37.08,595002.88,b0
765270362,1,515811,0,0,31.45,93449.55,37.71,1009613.00,b0
765269850,2,515857,0,0,31.57,93456.54,36.78,651192.38,b0
765286747,3,515903,0,0,31.94,93480.45,36.11,558038.13,b0
765279836,4,515949,0,0,31.75,93433.99,36.06,1027081.25,b0
765271387,5,515995,0,0,31.64,93459.09,36.68,765607.50,b0
765283665,6,516041,0,0,31.61,93435.06,36.88,419758.16,b0
765268824,7,516087,0,0,31.42,93470.10,36.98,759221.50,b0
765287253,8,516133,0,0,31.31,93450.89,37.06,595521.94,b0
765270362,1,516180,0,0,31.45,93451.74,37.68,1012608.19,b0
765269850,2,516226,0,0,31.58,93458.51,36.79,645649.44,b0
765286747,3,516272,0,0,31.94,93479.38,36.12,554863.19,b0
765279836,4,516318,0,0,31.75,93432.93,36.05,1028628.81,b0
765271387,5,516364,0,0,31.65,93460.23,36.70,760490.19,b0
765283665,6,516410,0,0,31.62,93433.23,36.88,418728.28,b0
765268824,7,516456,0,0,31.42,93469.22,36.97,759221.50,b0
765287253,8,516502,0,0,31.32,93452.34,37.07,595002.88,b0
765270362,1,516549,0,0,31.46,93449.25,37.67,1010360.13,b0
765269850,2,516595,0,0,31.58,93454.59,36.79,645649.44,b0
765286747,3,516641,0,0,31.94,93478.30,36.12,558494.69,b0
765279836,4,516687,0,0,31.76,93431.19,36.07,1027081.25,b0
765271387,5,516733,0,0,31.66,93461.04,36.68,752941.19,b0
765283665,6,516779,0,0,31.63,93433.65,36.88,418985.28,b0
765268824,7,516825,0,0,31.43,93472.15,36.96,760066.81,b0
765287253,8,516872,0,0,31.32,93452.72,37.06,594484.75,b0
765270362,1,516918,0,0,31.47,93452.00,37.68,1006635.56,b0
765269850,2,516964,0,0,31.59,93456.95,36.78,646873.00,b0
765286747,3,517010,0,0,31.95,93480.30,36.12,564498.38,b0
765279836,4,517056,0,0,31.77,93433.02,36.05,1014112.38,b0
765271387,5,517102,0,0,31.67,93460.38,36.68,767328.56,b0
765283665,6,517149,0,0,31.63,93435.10,36.87,416938.13,b0
765268824,7,517195,0,0,31.44,93470.17,36.96,758799.56,b0
765287253,8,517241,0,0,31.32,93453.06,37.06,593967.50,b0
765270362,1,517287,0,0,31.47,93451.85,37.67,1000732.94,b0
765269850,2,517333,0,0,31.60,93455.02,36.78,646873.00,b0
765286747,3,517379,0,0,31.95,93479.05,36.10,555314.56,b0
765279836,4,517425,0,0,31.78,93434.49,36.04,1014112.38,b0
765271387,5,517472,0,0,31.68,93461.48,36.71,758378.06,b0
765283665,6,517518,0,0,31.64,93434.94,36.88,414910.84,b0
765268824,7,517564,0,0,31.43,93471.61,36.94,759221.50,b0
765287253,8,517610,0,0,31.32,93452.89,37.06,593967.50,b0
765270362,1,517656,0,0,31.47,93451.31,37.67,1006635.56,b0
765269850,2,517702,0,0,31.61,93456.65,36.78,645649.44,b0
765286747,3,517749,0,0,31.95,93480.14,36.11,556673.00,b0
765279836,4,517795,0,0,31.78,93433.23,36.04,1017134.31,b0
765271387,5,517841,0,0,31.68,93461.13,36.68,762614.06,b0
765283665,6,517887,0,0,31.64,93434.41,36.86,415415.81,b0
765268824,7,517933,0,0,31.44,93471.80,36.94,760066.81,b0
765287253,8,517979,0,0,31.32,93451.65,37.04,593451.19,b0
765270362,1,518026,0,0,31.48,93451.13,37.67,1002202.13,b0
765269850,2,518072,0,0,31.61,93457.93,36.78,645039.38,b0
765286747,3,518118,0,0,31.96,93480.51,36.09,559868.75,b0
765279836,4,518164,0,0,31.79,93433.47,36.04,1017892.63,b0
765271387,5,518210,0,0,31.68,93461.68,36.68,757116.44,b0
765283665,6,518256,0,0,31.65,93435.74,36.87,415922.00,b0
765268824,7,518302,0,0,31.44,93471.80,36.93,760490.19,b0
765287253,8,518348,0,0,31.32,93452.01,37.04,596041.94,b0
765270362,1,518395,0,0,31.48,93451.70,37.66,1008122.06,b0
765269850,2,518441,0,0,31.62,93457.05,36.76,642610.63,b0
765286747,3,518487,0,0,31.96,93481.78,36.08,553065.06,b0
765279836,4,518533,0,0,31.79,93433.49,36.04,1020174.38,b0
765271387,5,518579,0,0,31.68,93463.31,36.67,760066.81,b0
765283665,6,518625,0,0,31.65,93435.21,36.86,416938.13,b0
765268824,7,518671,0,0,31.43,93471.42,36.94,760490.19,b0
765287253,8,518718,0,0,31.32,93452.70,37.03,593967.50,b0
765270362,1,518764,0,0,31.48,93452.60,37.66,1006635.56,b0
765269850,2,518810,0,0,31.63,93455.48,36.77,646260.63,b0
765286747,3,518856,0,0,31.97,93482.70,36.09,552617.38,b0
765279836,4,518902,0,0,31.80,93434.43,36.04,1015621.13,b0
765271387,5,518948,0,0,31.69,93463.72,36.66,741760.25,b0
765283665,6,518994,0,0,31.64,93434.84,36.84,415668.75,b0
765268824,7,519041,0,0,31.44,93471.80,36.93,757536.50,b0
765287253,8,519087,0,0,31.32,93452.55,37.04,590882.88,b0
765270362,1,519133,0,0,31.48,93452.95,37.65,1006635.56,b0
765269850,2,519179,0,0,31.63,93456.94,36.76,641403.06,b0
765286747,3,519225,0,0,31.96,93482.52,36.08,552617.38,b0
765279836,4,519271,0,0,31.81,93437.14,36.03,1017134.31,b0
765271387,5,519318,0,0,31.70,93465.19,36.66,741760.25,b0
765283665,6,519364,0,0,31.65,93435.79,36.83,414407.13,b0
765268824,7,519410,0,0,31.43,93471.24,36.92,757536.50,b0
765287253,8,519456,0,0,31.32,93452.18,37.04,594484.75,b0
765270362,1,519502,0,0,31.48,93451.16,37.64,1008122.06,b0
765269850,2,519548,0,0,31.64,93457.32,36.75,642610.63,b0
765286747,3,519595,0,0,31.97,93482.02,36.07,558494.69,b0
765279836,4,519641,0,0,31.81,93435.35,36.04,1012608.19,b0
765271387,5,519687,0,0,31.70,93463.22,36.66,755859.00,b0
765283665,6,519733,0,0,31.66,93434.80,36.85,416938.13,b0
765268824,7,519779,0,0,31.44,93473.09,36.92,755440.81,b0
765287253,8,519825,0,0,31.33,93453.26,37.01,595521.94,b0
765270362,1,519872,0,0,31.49,93452.27,37.63,997807.56,b0
765269850,2,519918,0,0,31.64,93457.70,36.75,640801.00,b0
765286747,3,519964,0,0,31.97,93483.63,36.07,548179.88,b0
765279836,4,520010,0,0,31.81,93435.04,36.02,1014866.19,b0
765271387,5,520056,0,0,31.70,93463.57,36.67,759643.94,b0
765283665,6,520102,0,0,31.65,93435.45,36.85,416429.44,b0
765268824,7,520148,0,0,31.44,93474.55,36.89,758799.56,b0
765287253,8,520194,0,0,31.33,93453.10,37.00,595521.94,b0
765270362,1,520241,0,0,31.49,93453.54,37.65,1002202.13,b0
765269850,2,520287,0,0,31.65,93458.79,36.71,642610.63,b0
765286747,3,520333,0,0,31.97,93481.27,36.07,549946.31,b0
765279836,4,520379,0,0,31.82,93434.68,36.03,1012608.19,b0
765271387,5,520425,0,0,31.71,93463.63,36.64,760914.00,b0
765283665,6,520471,0,0,31.66,93435.84,36.83,415163.19,b0
765268824,7,520517,0,0,31.45,93473.11,36.89,760490.19,b0
765287253,8,520563,0,0,31.33,93454.17,37.00,595002.88,b0
765270362,1,520610,0,0,31.49,93450.30,37.62,997807.56,b0
765269850,2,520656,0,0,31.65,93457.91,36.74,642006.25,b0
765286747,3,520702,0,0,31.97,93483.44,36.06,555766.63,b0
765279836,4,520748,0,0,31.82,93435.07,36.00,1008867.00,b0
765271387,5,520794,0,0,31.71,93462.19,36.63,758378.06,b0
765283665,6,520840,0,0,31.66,93437.28,36.83,414910.84,b0
765268824,7,520887,0,0,31.44,93469.26,36.89,758799.56,b0
765287253,8,520933,0,0,31.34,93454.38,36.98,596562.75,b0
765270362,1,520979,0,0,31.49,93451.93,37.61,1003675.56,b0
765269850,2,521025,0,0,31.66,93458.84,36.73,640801.00,b0
765286747,3,521071,0,0,31.97,93481.84,36.07,552617.38,b0
765279836,4,521117,0,0,31.83,93437.44,36.01,1003675.56,b0
765271387,5,521163,0,0,31.71,93460.97,36.62,757116.44,b0
765283665,6,521210,0,0,31.66,93435.69,36.81,415922.00,b0
765268824,7,521256,0,0,31.44,93472.73,36.89,760490.19,b0
765287253,8,521302,0,0,31.33,93452.02,36.99,595521.94,b0
765270362,1,521348,0,0,31.48,93452.09,37.62,1002938.31,b0
765269850,2,521394,0,0,31.66,93457.04,36.70,642006.25,b0
765286747,3,521440,0,0,31.97,93482.19,36.07,555766.63,b0
765279836,4,521487,0,0,31.83,93435.45,35.99,1002202.13,b0
765271387,5,521533,0,0,31.71,93460.98,36.62,761338.31,b0
765283665,6,521579,0,0,31.65,93434.34,36.81,416175.56,b0
765268824,7,521625,0,0,31.44,93471.09,36.89,757116.44,b0
765287253,8,521671,0,0,31.33,93452.36,36.97,595002.88,b0
765270362,1,521717,0,0,31.48,93452.44,37.60,1002938.31,b0
765269850,2,521764,0,0,31.64,93455.36,36.72,642610.63,b0
765286747,3,521810,0,0,31.98,93481.65,36.06,556219.44,b0
765279836,4,521856,0,0,31.82,93433.64,35.99,1003675.56,b0
765271387,5,521902,0,0,31.71,93461.16,36.63,742567.06,b0
765283665,6,521948,0,0,31.66,93435.01,36.81,416429.44,b0
765268824,7,521994,0,0,31.45,93469.85,36.89,759643.94,b0
765287253,8,522040,0,0,31.33,93451.84,36.96,596562.75,b0
765270362,1,522087,0,0,31.48,93450.06,37.61,1006635.56,b0
765269850,2,522133,0,0,31.64,93456.25,36.71,642610.63,b0
765286747,3,522179,0,0,31.97,93479.48,36.03,549946.31,b0
765279836,4,522225,0,0,31.82,93433.81,35.98,1004413.94,b0
765271387,5,522271,0,0,31.71,93461.33,36.60,761338.31,b0
765283665,6,522317,0,0,31.65,93433.85,36.80,415163.19,b0
765268824,7,522363,0,0,31.44,93469.09,36.88,759643.94,b0
765287253,8,522409,0,0,31.33,93450.40,36.97,592421.19,b0
765270362,1,522456,0,0,31.49,93452.13,37.60,997807.56,b0
765269850,2,522502,0,0,31.65,93457.90,36.68,644430.44,b0
765286747,3,522548,0,0,31.97,93479.85,36.04,557127.31,b0
765279836,4,522594,0,0,31.83,93434.55,35.99,1013359.75,b0
765271387,5,522640,0,0,31.71,93459.19,36.63,757536.50,b0
765283665,6,522686,0,0,31.66,93434.23,36.79,414658.84,b0
765268824,7,522732,0,0,31.44,93471.28,36.86,757536.50,b0
765287253,8,522779,0,0,31.32,93451.12,36.96,595521.94,b0
765270362,1,522825,0,0,31.49,93449.45,37.59,1005153.38,b0
765269850,2,522871,0,0,31.65,93456.49,36.67,641403.06,b0
765286747,3,522917,0,0,31.99,93480.23,36.03,557582.38,b0
765279836,4,522963,0,0,31.83,93434.76,35.97,1008867.00,b0
765271387,5,523009,0,0,31.72,93461.01,36.59,752941.19,b0
765283665,6,523056,0,0,31.66,93433.57,36.81,416683.63,b0
765268824,7,523102,0,0,31.44,93469.82,36.86,757957.06,b0
765287253,8,523148,0,0,31.32,93450.55,36.99,596041.94,b0
765270362,1,523194,0,0,31.51,93451.50,37.60,1000732.94,b0
765269850,2,523240,0,0,31.65,93456.67,36.67,640200.06,b0
765286747,3,523286,0,0,31.99,93479.54,36.03,551278.63,b0
765279836,4,523332,0,0,31.83,93431.71,35.98,1000732.94,b0
765271387,5,523379,0,0,31.72,93460.48,36.59,752941.19,b0
765283665,6,523425,0,0,31.67,93433.44,36.79,414155.72,b0
765268824,7,523471,0,0,31.45,93471.67,36.87,757116.44,b0
765287253,8,523517,0,0,31.33,93451.29,36.96,595521.94,b0
765270362,1,523563,0,0,31.49,93449.08,37.59,999268.13,b0
765269850,2,523609,0,0,31.64,93455.36,36.65,640801.00,b0
765286747,3,523656,0,0,32.00,93480.81,36.03,548620.44,b0
765279836,4,523702,0,0,31.83,93434.41,35.97,1008867.00,b0
765271387,5,523748,0,0,31.72,93460.66,36.59,753772.56,b0
765283665,6,523794,0,0,31.67,93432.02,36.80,412155.38,b0
765268824,7,523840,0,0,31.45,93468.57,36.86,755440.81,b0
765287253,8,523886,0,0,31.32,93451.98,36.97,591394.75,b0
765270362,1,523933,0,0,31.49,93450.16,37.58,991287.50,b0
765269850,2,523979,0,0,31.63,93455.13,36.66,639600.25,b0
765286747,3,524025,0,0,31.99,93479.55,36.04,555766.63,b0
765279836,4,524071,0,0,31.84,93432.63,35.97,1002938.31,b0
765271387,5,524117,0,0,31.72,93460.12,36.59,755440.81,b0
765283665,6,524163,0,0,31.66,93433.37,36.79,410420.84,b0
765268824,7,524209,0,0,31.45,93469.84,36.85,757536.50,b0
765287253,8,524255,0,0,31.32,93449.48,36.97,592421.19,b0
765270362,1,524302,0,0,31.49,93452.09,37.58,993451.38,b0
765269850,2,524348,0,0,31.61,93456.31,36.64,638404.00,b0
765286747,3,524394,0,0,31.99,93480.45,36.03,548620.44,b0
765279836,4,524440,0,0,31.83,93433.12,35.97,1008867.00,b0
765271387,5,524486,0,0,31.72,93460.66,36.61,740151.81,b0
765283665,6,524532,0,0,31.66,93433.59,36.79,411410.22,b0
765268824,7,524578,0,0,31.45,93470.38,36.85,757116.44,b0
765287253,8,524625,0,0,31.32,93452.18,36.97,590882.88,b0
765270362,1,524671,0,0,31.47,93452.72,37.59,991287.50,b0
765269850,2,524717,0,0,31.59,93455.34,36.67,638404.00,b0
765286747,3,524763,0,0,31.99,93480.43,36.03,553962.69,b0
765279836,4,524809,0,0,31.82,93432.73,35.96,1007378.25,b0
765271387,5,524855,0,0,31.71,93460.62,36.59,740151.81,b0
765283665,6,524901,0,0,31.66,93432.09,36.80,412903.22,b0
765268824,7,524948,0,0,31.45,93470.57,36.86,752111.63,b0
765287253,8,524994,0,0,31.32,93450.91,36.96,592935.75,b0
765270362,1,525040,0,0,31.46,93449.06,37.59,992007.75,b0
765269850,2,525086,0,0,31.59,93454.98,36.67,639600.25,b0
765286747,3,525132,0,0,31.98,93479.88,36.05,553065.06,b0
765279836,4,525178,0,0,31.81,93430.54,35.97,997807.56,b0
765271387,5,525225,0,0,31.71,93462.05,36.60,755859.00,b0
765283665,6,525271,0,0,31.65,93433.09,36.79,411658.28,b0
765268824,7,525317,0,0,31.44,93467.63,36.87,754188.94,b0
765287253,8,525363,0,0,31.32,93451.98,36.98,589861.75,b0
765270362,1,525409,0,0,31.46,93449.61,37.59,1002202.13,b0
765269850,2,525455,0,0,31.59,93455.34,36.69,638404.00,b0
765286747,3,525502,0,0,31.98,93478.96,36.03,556219.44,b0
765279836,4,525548,0,0,31.82,93434.68,35.98,1004413.94,b0
765271387,5,525594,0,0,31.71,93460.77,36.62,752111.63,b0
765283665,6,525640,0,0,31.65,93433.83,36.82,412653.63,b0
765268824,7,525686,0,0,31.45,93469.86,36.87,755440.81,b0
765287253,8,525732,0,0,31.31,93451.60,36.97,590882.88,b0
765270362,1,525779,0,0,31.45,93448.48,37.60,997078.88,b0
765269850,2,525825,0,0,31.57,93453.86,36.71,634252.06,b0
765286747,3,525871,0,0,31.98,93479.31,36.05,550833.81,b0
765279836,4,525917,0,0,31.81,93431.80,35.98,1004413.94,b0
765271387,5,525963,0,0,31.70,93459.32,36.63,748264.50,b0
765283665,6,526009,0,0,31.64,93433.05,36.81,410420.84,b0
765268824,7,526055,0,0,31.45,93472.59,36.87,749085.56,b0
765287253,8,526101,0,0,31.30,93451.05,36.98,587830.06,b0
765270362,1,526148,0,0,31.45,93449.73,37.62,994174.75,b0
765269850,2,526194,0,0,31.58,93455.47,36.73,637212.19,b0
765286747,3,526240,0,0,31.98,93480.95,36.07,550389.69,b0
765279836,4,526286,0,0,31.82,93433.60,35.98,1002938.31,b0
765271387,5,526332,0,0,31.71,93461.86,36.62,745812.06,b0
765283665,6,526378,0,0,31.64,93433.59,36.83,409927.94,b0
765268824,7,526424,0,0,31.45,93471.49,36.88,751697.56,b0
765287253,8,526470,0,0,31.31,93450.16,37.00,588844.19,b0
765270362,1,526517,0,0,31.44,93450.61,37.64,989133.06,b0
765269850,2,526563,0,0,31.57,93454.39,36.73,639001.56,b0
765286747,3,526609,0,0,31.97,93480.75,36.06,549061.69,b0
765279836,4,526655,0,0,31.81,93432.70,35.98,1002202.13,b0
765271387,5,526701,0,0,31.71,93462.41,36.63,745812.06,b0
765283665,6,526747,0,0,31.64,93434.45,36.83,406995.22,b0
765268824,7,526793,0,0,31.46,93471.70,36.91,747445.25,b0
765287253,8,526840,0,0,31.31,93452.86,37.01,587324.38,b0
765270362,1,526886,0,0,31.45,93450.09,37.66,987701.94,b0
765269850,2,526932,0,0,31.58,93456.02,36.76,636617.94,b0
765286747,3,526978,0,0,31.98,93480.41,36.06,551724.13,b0
765279836,4,527024,0,0,31.82,93434.52,35.99,1000732.94,b0
765271387,5,527070,0,0,31.70,93459.82,36.64,746627.75,b0
765283665,6,527117,0,0,31.63,93431.51,36.81,409436.22,b0
765268824,7,527163,0,0,31.46,93471.52,36.91,745812.06,b0
765287253,8,527209,0,0,31.31,93450.72,37.03,585310.06,b0
765270362,1,527255,0,0,31.45,93449.91,37.66,986987.94,b0
765269850,2,527301,0,0,31.57,93456.18,36.75,633075.75,b0
765286747,3,527347,0,0,31.98,93479.69,36.08,549061.69,b0
765279836,4,527394,0,0,31.83,93433.67,36.01,992729.06,b0
765271387,5,527440,0,0,31.70,93461.10,36.64,742567.06,b0
765283665,6,527486,0,0,31.63,93434.18,36.84,409927.94,b0
765268824,7,527532,0,0,31.46,93470.80,36.91,745812.06,b0
765287253,8,527578,0,0,31.31,93450.36,37.02,587324.38,b0
765270362,1,527624,0,0,31.46,93449.26,37.69,992007.75,b0
765269850,2,527671,0,0,31.57,93454.93,36.78,636024.88,b0
765286747,3,527717,0,0,31.99,93479.88,36.09,544680.88,b0
765279836,4,527763,0,0,31.83,93434.57,36.01,1002202.13,b0
765271387,5,527809,0,0,31.71,93461.13,36.64,744186.06,b0
765283665,6,527855,0,0,31.64,93433.88,36.86,409681.94,b0
765268824,7,527901,0,0,31.47,93471.02,36.93,744998.19,b0
765287253,8,527947,0,0,31.33,93451.65,37.05,584808.69,b0
765270362,1,527994,0,0,31.47,93450.03,37.68,989133.06,b0
765269850,2,528040,0,0,31.57,93454.39,36.78,635432.81,b0
765286747,3,528086,0,0,31.98,93479.88,36.09,544246.63,b0
765279836,4,528132,0,0,31.83,93432.09,36.00,996351.25,b0
765271387,5,528178,0,0,31.71,93461.17,36.66,742567.06,b0
765283665,6,528224,0,0,31.64,93433.51,36.87,406995.22,b0
765268824,7,528270,0,0,31.47,93469.56,36.93,744998.19,b0
765287253,8,528316,0,0,31.33,93450.42,37.05,582811.63,b0
765270362,1,528363,0,0,31.46,93448.58,37.66,987701.94,b0
