id,index,millis,gas_index,mes_index,temperature,pressure,humidity,gas_resistance,status
765271387,5,736,0,0,23.94,93462.11,53.21,988417.00,b0
765283665,6,782,0,0,24.09,93433.21,53.23,543813.06,b0
765268824,7,827,0,0,23.94,93470.81,53.65,977099.25,b0
765287253,8,873,0,0,23.93,93449.20,53.53,735368.06,b0
765270362,1,929,0,0,24.25,93445.44,53.78,1281602.00,b0
765269850,2,985,0,0,24.24,93450.27,53.40,794106.25,b0
765286747,3,1041,0,0,24.46,93478.02,52.35,800625.50,b0
765279836,4,1097,0,0,24.21,93432.13,52.84,1257985.25,b0
765271387,5,1154,0,0,25.79,93457.89,53.50,981312.88,b0
765283665,6,1211,0,0,25.94,93436.84,53.50,527427.25,b0
765268824,7,1267,0,0,25.77,93480.80,53.91,982725.50,b0
765287253,8,1313,0,0,25.59,93460.39,53.73,715333.56,b0
765270362,1,1370,0,0,26.20,93443.39,54.10,1297434.25,b0
765269850,2,1427,0,0,26.17,93446.61,53.68,795494.25,b0
765286747,3,1484,0,0,26.27,93473.91,52.61,800625.50,b0
765279836,4,1540,0,0,25.96,93428.30,53.07,1273235.87,b0
765271387,5,1597,0,0,26.89,93463.02,53.52,967406.69,b0
765283665,6,1654,0,0,26.88,93434.82,53.50,521384.94,b0
765268824,7,1710,0,0,26.77,93472.13,53.89,979904.31,b0
765287253,8,1756,0,0,26.61,93451.30,53.72,711605.31,b0
765270362,1,1813,0,0,27.31,93447.13,54.08,1301143.62,b0
765269850,2,1870,0,0,27.29,93456.84,53.68,792263.06,b0
765286747,3,1926,0,0,27.36,93479.73,52.58,790428.38,b0
765279836,4,1983,0,0,27.03,93434.16,53.06,1275615.12,b0
765271387,5,2040,0,0,27.38,93467.30,53.24,965354.69,b0
765283665,6,2096,0,0,27.41,93439.13,53.30,517041.16,b0
765268824,7,2153,0,0,27.34,93475.64,53.62,968092.63,b0
765287253,8,2199,0,0,27.19,93451.36,53.48,703538.31,b0
765270362,1,2256,0,0,27.78,93451.66,53.76,1296202.50,b0
765269850,2,2313,0,0,27.78,93457.41,53.41,795031.06,b0
765286747,3,2369,0,0,27.83,93483.11,52.27,788147.00,b0
765279836,4,2426,0,0,27.51,93438.05,52.78,1274424.37,b0
765271387,5,2483,0,0,27.65,93468.23,52.80,953223.19,b0
765283665,6,2539,0,0,27.70,93443.03,52.90,511616.28,b0
765268824,7,2596,0,0,27.63,93478.37,53.19,966037.75,b0
765287253,8,2642,0,0,27.48,93453.38,53.03,699931.63,b0
765270362,1,2699,0,0,28.01,93452.70,53.30,1296202.50,b0
765269850,2,2755,0,0,28.05,93457.48,52.90,792723.06,b0
765286747,3,2812,0,0,28.10,93486.53,51.84,780041.88,b0
765279836,4,2869,0,0,27.78,93438.73,52.35,1253366.00,b0
765271387,5,2925,0,0,27.83,93468.75,52.31,946614.31,b0
765283665,6,2982,0,0,27.85,93440.05,52.44,510087.19,b0
765268824,7,3039,0,0,27.81,93478.36,52.73,959925.00,b0
765287253,8,3085,0,0,27.63,93454.45,52.59,696361.81,b0
765270362,1,3142,0,0,28.15,93454.73,52.74,1284012.50,b0
765269850,2,3198,0,0,28.22,93464.65,52.35,789058.00,b0
765286747,3,3255,0,0,28.26,93485.66,51.32,776051.56,b0
765279836,4,3312,0,0,27.97,93441.71,51.90,1260307.75,b0
765271387,5,3368,0,0,27.94,93470.30,51.80,940744.13,b0
765283665,6,3425,0,0,27.94,93441.91,51.97,507433.09,b0
765268824,7,3481,0,0,27.91,93483.36,52.19,957904.56,b0
765287253,8,3528,0,0,27.73,93455.41,52.10,699931.63,b0
765270362,1,3584,0,0,28.23,93457.72,52.19,1296202.50,b0
765269850,2,3641,0,0,28.33,93462.71,51.80,779596.50,b0
765286747,3,3698,0,0,28.37,93489.19,50.82,771665.44,b0
765279836,4,3754,0,0,28.07,93442.38,51.38,1263807.50,b0
765271387,5,3811,0,0,28.02,93473.07,51.27,934306.56,b0
765283665,6,3868,0,0,28.02,93444.79,51.48,502576.69,b0
765268824,7,3924,0,0,27.98,93480.83,51.68,953889.13,b0
765287253,8,3970,0,0,27.82,93456.48,51.58,693532.00,b0
765270362,1,4027,0,0,28.28,93460.03,51.62,1290078.75,b0
765269850,2,4084,0,0,28.39,93465.19,51.22,780487.81,b0
765286747,3,4141,0,0,28.43,93489.30,50.29,769057.44,b0
765279836,4,4197,0,0,28.24,93445.05,50.38,1243095.62,b0
765271387,5,4254,0,0,28.12,93473.80,50.77,929852.44,b0
765283665,6,4310,0,0,28.11,93445.02,51.00,500000.00,b0
765268824,7,4367,0,0,28.07,93480.89,51.17,952558.13,b0
765287253,8,4413,0,0,27.91,93458.48,51.08,690725.13,b0
765270362,1,4470,0,0,28.35,93459.07,51.12,1288860.87,b0
765269850,2,4527,0,0,28.48,93463.30,50.69,782725.00,b0
765286747,3,4583,0,0,28.53,93491.90,49.79,764321.69,b0
765279836,4,4640,0,0,28.33,93441.89,49.94,1248780.50,b0
765271387,5,4697,0,0,28.20,93473.40,50.32,927956.50,b0
765283665,6,4753,0,0,28.19,93444.99,50.57,498175.63,b0
765268824,7,4810,0,0,28.14,93479.80,50.68,950568.56,b0
765287253,8,4856,0,0,27.99,93457.77,50.61,682439.19,b0
765270362,1,4913,0,0,28.42,93457.42,50.63,1287645.37,b0
765269850,2,4970,0,0,28.57,93464.84,50.18,776492.88,b0
765286747,3,5026,0,0,28.61,93492.09,49.32,758378.06,b0
765279836,4,5083,0,0,28.43,93441.94,49.50,1243095.62,b0
765271387,5,5139,0,0,28.28,93470.41,49.89,922938.25,b0
765283665,6,5196,0,0,28.27,93446.18,50.14,495643.75,b0
765268824,7,5253,0,0,28.21,93479.60,50.26,947271.06,b0
765287253,8,5299,0,0,28.06,93459.66,50.17,681077.50,b0
765270362,1,5356,0,0,28.48,93460.69,50.18,1275615.12,b0
765269850,2,5412,0,0,28.65,93465.99,49.73,782725.00,b0
765286747,3,5469,0,0,28.69,93490.28,48.93,752941.19,b0
765279836,4,5526,0,0,28.50,93442.21,49.13,1243095.62,b0
765271387,5,5582,0,0,28.35,93470.44,49.50,922938.25,b0
765283665,6,5639,0,0,28.33,93442.23,49.75,490656.44,b0
765268824,7,5696,0,0,28.27,93481.31,49.84,949907.25,b0
765287253,8,5742,0,0,28.11,93458.80,49.78,679045.06,b0
765270362,1,5799,0,0,28.53,93459.75,49.82,1269683.87,b0
765269850,2,5855,0,0,28.70,93466.62,49.33,771665.44,b0
765286747,3,5912,0,0,28.75,93488.42,48.53,747445.25,b0
765279836,4,5968,0,0,28.57,93442.26,48.78,1236341.62,b0
765271387,5,6025,0,0,28.41,93470.51,49.12,917974.00,b0
765283665,6,6082,0,0,28.37,93441.95,49.37,491362.75,b0
765268824,7,6138,0,0,28.32,93482.13,49.43,938803.56,b0
765287253,8,6184,0,0,28.17,93459.41,49.38,678370.31,b0
765270362,1,6241,0,0,28.58,93459.53,49.46,1274424.37,b0
765269850,2,6298,0,0,28.76,93466.57,48.95,775610.69,b0
765286747,3,6355,0,0,28.82,93489.24,48.17,743375.69,b0
765279836,4,6411,0,0,28.62,93444.41,48.41,1237462.25,b0
765271387,5,6468,0,0,28.46,93471.60,48.76,918591.63,b0
765283665,6,6525,0,0,28.42,93443.91,49.02,490304.03,b0
765268824,7,6581,0,0,28.37,93483.06,49.07,941392.81,b0
765287253,8,6627,0,0,28.22,93462.10,48.99,675684.56,b0
765270362,1,6684,0,0,28.62,93462.14,49.13,1269683.87,b0
765269850,2,6741,0,0,28.81,93467.89,48.61,773852.25,b0
765286747,3,6797,0,0,28.87,93488.58,47.85,740955.13,b0
765279836,4,6854,0,0,28.68,93443.82,48.08,1231879.75,b0
765271387,5,6911,0,0,28.51,93472.20,48.43,916126.13,b0
765283665,6,6967,0,0,28.47,93444.41,48.71,487155.09,b0
765268824,7,7024,0,0,28.41,93481.44,48.72,936228.56,b0
765287253,8,7070,0,0,28.26,93460.48,48.65,676354.00,b0
765270362,1,7127,0,0,28.66,93460.40,48.82,1273235.87,b0
765269850,2,7184,0,0,28.86,93467.96,48.25,773413.88,b0
765286747,3,7240,0,0,28.91,93488.41,47.53,737752.19,b0
765279836,4,7297,0,0,28.73,93445.77,47.78,1224148.25,b0
765271387,5,7354,0,0,28.56,93473.26,48.11,908808.50,b0
765283665,6,7410,0,0,28.51,93443.59,48.38,486807.69,b0
765268824,7,7467,0,0,28.46,93482.40,48.37,926696.81,b0
765287253,8,7513,0,0,28.30,93459.96,48.30,679721.19,b0
765270362,1,7570,0,0,28.69,93460.06,48.51,1270865.62,b0
765269850,2,7627,0,0,28.90,93471.35,47.92,769924.81,b0
765286747,3,7683,0,0,28.96,93489.70,47.21,732999.31,b0
765279836,4,7740,0,0,28.78,93445.72,47.44,1225246.75,b0
765271387,5,7796,0,0,28.59,93473.15,47.80,911843.25,b0
765283665,6,7853,0,0,28.54,93443.90,48.09,487502.97,b0
765268824,7,7910,0,0,28.49,93483.27,48.04,929219.63,b0
765287253,8,7956,0,0,28.32,93459.15,48.00,673020.06,b0
765270362,1,8013,0,0,28.72,93458.13,48.21,1269683.87,b0
765269850,2,8069,0,0,28.93,93468.17,47.61,771665.44,b0
765286747,3,8126,0,0,29.00,93490.04,46.92,731428.56,b0
765279836,4,8183,0,0,28.82,93445.09,47.15,1221957.00,b0
765271387,5,8239,0,0,28.63,93473.43,47.49,913062.88,b0
765283665,6,8296,0,0,28.57,93442.09,47.78,486114.41,b0
765268824,7,8352,0,0,28.52,93484.84,47.73,931120.69,b0
765287253,8,8399,0,0,28.36,93460.56,47.68,672357.19,b0
765270362,1,8456,0,0,28.76,93460.49,47.95,1272049.75,b0
765269850,2,8512,0,0,28.97,93467.43,47.32,771229.50,b0
765286747,3,8569,0,0,29.04,93490.77,46.63,728307.25,b0
765279836,4,8625,0,0,28.86,93444.95,46.87,1221957.00,b0
765271387,5,8682,0,0,28.66,93474.77,47.22,911843.25,b0
765283665,6,8739,0,0,28.62,93446.34,47.50,485423.09,b0
765268824,7,8795,0,0,28.55,93483.89,47.44,937514.31,b0
765287253,8,8841,0,0,28.40,93461.27,47.40,673020.06,b0
765270362,1,8898,0,0,28.79,93461.98,47.67,1275615.12,b0
765269850,2,8955,0,0,29.00,93469.41,47.02,768192.06,b0
765286747,3,9012,0,0,29.08,93490.55,46.37,725212.44,b0
765279836,4,9068,0,0,28.90,93446.62,46.58,1225246.75,b0
765271387,5,9125,0,0,28.70,93474.34,46.94,910020.00,b0
765283665,6,9181,0,0,28.65,93445.63,47.23,484389.78,b0
765268824,7,9238,0,0,28.58,93481.30,47.17,926696.81,b0
765287253,8,9284,0,0,28.45,93462.69,47.14,670376.44,b0
765270362,1,9341,0,0,28.82,93461.99,47.41,1263807.50,b0
765269850,2,9398,0,0,29.03,93467.95,46.73,769057.44,b0
765286747,3,9454,0,0,29.12,93491.98,46.10,725983.69,b0
765279836,4,9511,0,0,28.93,93445.00,46.31,1231879.75,b0
765271387,5,9568,0,0,28.74,93474.98,46.68,909413.88,b0
765283665,6,9624,0,0,28.68,93445.38,47.01,480638.34,b0
765268824,7,9681,0,0,28.62,93483.52,46.92,923562.56,b0
765287253,8,9727,0,0,28.49,93461.61,46.87,671695.63,b0
765270362,1,9784,0,0,28.85,93460.00,47.19,1272049.75,b0
765269850,2,9841,0,0,29.06,93467.90,46.42,769490.88,b0
765286747,3,9897,0,0,29.16,93491.43,45.86,721380.75,b0
765279836,4,9954,0,0,28.96,93445.89,46.04,1221957.00,b0
765271387,5,10010,0,0,28.77,93474.15,46.49,910626.94,b0
765283665,6,10067,0,0,28.71,93444.30,46.76,479288.56,b0
765268824,7,10124,0,0,28.65,93482.93,46.66,922938.25,b0
765287253,8,10170,0,0,28.51,93461.87,46.63,670376.44,b0
765270362,1,10227,0,0,28.88,93462.20,46.93,1273235.87,b0
765269850,2,10283,0,0,29.08,93467.10,46.19,767328.56,b0
765286747,3,10340,0,0,29.19,93492.80,45.61,721380.75,b0
765279836,4,10397,0,0,28.98,93442.60,45.80,1218684.87,b0
765271387,5,10453,0,0,28.81,93474.41,46.23,905793.88,b0
765283665,6,10510,0,0,28.75,93446.14,46.56,478616.50,b0
765268824,7,10567,0,0,28.67,93481.93,46.44,924813.75,b0
765287253,8,10613,0,0,28.53,93461.60,46.41,665151.00,b0
765270362,1,10670,0,0,28.93,93464.28,46.69,1272049.75,b0
765269850,2,10726,0,0,29.12,93469.11,45.95,766897.56,b0
765286747,3,10783,0,0,29.22,93492.80,45.40,723674.94,b0
765279836,4,10840,0,0,29.01,93444.95,45.57,1219773.62,b0
765271387,5,10896,0,0,28.84,93473.91,46.01,908204.00,b0
765283665,6,10953,0,0,28.77,93447.83,46.37,477946.31,b0
765268824,7,11009,0,0,28.68,93479.60,46.18,924813.75,b0
765287253,8,11055,0,0,28.55,93463.66,46.18,668407.31,b0
765270362,1,11112,0,0,28.96,93464.83,46.50,1270865.62,b0
765269850,2,11169,0,0,29.16,93469.64,45.72,770359.25,b0
765286747,3,11226,0,0,29.26,93492.77,45.15,721380.75,b0
765279836,4,11282,0,0,29.04,93442.82,45.34,1218684.87,b0
765271387,5,11339,0,0,28.86,93475.52,45.80,908204.00,b0
765283665,6,11396,0,0,28.79,93446.80,46.14,476611.59,b0
765268824,7,11452,0,0,28.70,93481.71,46.00,922938.25,b0
765287253,8,11498,0,0,28.57,93464.45,46.01,665151.00,b0
765270362,1,11555,0,0,28.98,93466.60,46.27,1268504.12,b0
765269850,2,11612,0,0,29.18,93467.98,45.51,765607.50,b0
765286747,3,11668,0,0,29.29,93493.59,44.97,721380.75,b0
765279836,4,11725,0,0,29.05,93443.74,45.15,1217598.12,b0
765271387,5,11782,0,0,28.87,93474.88,45.61,904593.63,b0
765283665,6,11838,0,0,28.80,93445.60,45.96,478616.50,b0
765268824,7,11895,0,0,28.72,93481.81,45.82,923562.56,b0
765287253,8,11941,0,0,28.59,93463.65,45.79,669062.38,b0
765270362,1,11998,0,0,28.97,93462.95,46.11,1280400.12,b0
765269850,2,12055,0,0,29.18,93467.79,45.29,771665.44,b0
765286747,3,12111,0,0,29.29,93493.62,44.81,716835.81,b0
765279836,4,12168,0,0,29.04,93441.55,44.96,1228554.25,b0
765271387,5,12225,0,0,28.87,93473.82,45.43,903994.69,b0
765283665,6,12281,0,0,28.80,93445.43,45.77,476611.59,b0
765268824,7,12338,0,0,28.74,93481.72,45.65,927326.25,b0
765287253,8,12384,0,0,28.62,93463.02,45.61,667753.50,b0
765270362,1,12441,0,0,28.97,93463.09,45.92,1286432.12,b0
765269850,2,12498,0,0,29.18,93465.98,45.11,768624.50,b0
765286747,3,12554,0,0,29.29,93493.44,44.59,724442.88,b0
765279836,4,12611,0,0,29.04,93441.58,44.75,1224148.25,b0
765271387,5,12667,0,0,28.87,93473.82,45.24,904593.63,b0
765283665,6,12724,0,0,28.81,93446.03,45.60,481316.09,b0
765268824,7,12781,0,0,28.75,93481.03,45.46,929219.63,b0
765287253,8,12827,0,0,28.63,93463.98,45.45,670376.44,b0
765270362,1,12884,0,0,28.98,93462.98,45.74,1287645.37,b0
765269850,2,12940,0,0,29.17,93465.62,44.90,772976.06,b0
765286747,3,12997,0,0,29.30,93493.12,44.44,719101.13,b0
765279836,4,13054,0,0,29.06,93442.23,44.58,1232992.12,b0
765271387,5,13110,0,0,28.88,93473.51,45.07,906997.31,b0
765283665,6,13167,0,0,28.81,93446.30,45.43,477278.03,b0
765268824,7,13223,0,0,28.78,93481.88,45.30,933667.63,b0
765287253,8,13270,0,0,28.65,93462.80,45.32,674349.69,b0
765270362,1,13327,0,0,28.99,93463.24,45.57,1297434.25,b0
765269850,2,13383,0,0,29.18,93467.09,44.73,777377.13,b0
765286747,3,13440,0,0,29.31,93492.45,44.29,724442.88,b0
765279836,4,13496,0,0,29.09,93443.30,44.42,1231879.75,b0
765271387,5,13553,0,0,28.90,93473.33,44.92,913062.88,b0
765283665,6,13610,0,0,28.83,93443.84,45.27,480638.34,b0
765268824,7,13666,0,0,28.80,93482.67,45.14,930486.13,b0
765287253,8,13712,0,0,28.67,93462.51,45.14,673020.06,b0
765270362,1,13769,0,0,29.01,93465.19,45.44,1287645.37,b0
765269850,2,13826,0,0,29.22,93467.62,44.57,781381.13,b0
765286747,3,13883,0,0,29.35,93493.33,44.06,725212.44,b0
765279836,4,13939,0,0,29.13,93441.57,44.23,1240836.12,b0
765271387,5,13996,0,0,28.92,93470.26,44.76,908808.50,b0
765283665,6,14053,0,0,28.86,93444.16,45.14,482677.34,b0
765268824,7,14109,0,0,28.82,93482.05,44.99,936871.00,b0
765287253,8,14155,0,0,28.68,93464.37,44.99,673684.19,b0
765270362,1,14212,0,0,29.04,93463.75,45.27,1287645.37,b0
765269850,2,14269,0,0,29.24,93467.72,44.39,781381.13,b0
765286747,3,14325,0,0,29.37,93492.52,43.90,725983.69,b0
765279836,4,14382,0,0,29.15,93441.35,44.07,1236341.62,b0
765271387,5,14439,0,0,28.95,93471.54,44.62,915511.88,b0
765283665,6,14495,0,0,28.88,93443.09,44.98,484733.72,b0
765268824,7,14552,0,0,28.85,93482.36,44.84,936228.56,b0
765287253,8,14598,0,0,28.71,93462.67,44.84,678370.31,b0
765270362,1,14655,0,0,29.07,93463.38,45.12,1298668.37,b0
765269850,2,14712,0,0,29.26,93465.85,44.24,789058.00,b0
765286747,3,14768,0,0,29.40,93489.94,43.77,727531.06,b0
765279836,4,14825,0,0,29.19,93442.09,43.93,1237462.25,b0
765271387,5,14882,0,0,28.98,93472.68,44.50,915511.88,b0
765283665,6,14938,0,0,28.92,93444.35,44.86,480977.00,b0
765268824,7,14995,0,0,28.88,93482.68,44.71,936871.00,b0
765287253,8,15041,0,0,28.75,93466.03,44.71,679045.06,b0
765270362,1,15098,0,0,29.09,93462.84,44.98,1306122.50,b0
765269850,2,15155,0,0,29.28,93466.66,44.08,788147.00,b0
765286747,3,15211,0,0,29.44,93489.55,43.62,728307.25,b0
765279836,4,15268,0,0,29.22,93441.92,43.78,1232992.12,b0
765271387,5,15324,0,0,29.01,93472.00,44.37,917974.00,b0
765283665,6,15381,0,0,28.94,93445.50,44.72,482677.34,b0
765268824,7,15438,0,0,28.89,93481.30,44.58,942042.31,b0
765287253,8,15484,0,0,28.77,93463.45,44.58,679045.06,b0
765270362,1,15541,0,0,29.14,93464.34,44.87,1304874.12,b0
765269850,2,15597,0,0,29.32,93468.66,43.94,788147.00,b0
765286747,3,15654,0,0,29.47,93490.05,43.49,725212.44,b0
765279836,4,15711,0,0,29.25,93444.26,43.65,1237462.25,b0
765271387,5,15767,0,0,29.03,93471.23,44.22,920449.44,b0
765283665,6,15824,0,0,28.96,93443.21,44.59,483360.88,b0
765268824,7,15880,0,0,28.91,93481.57,44.44,944649.44,b0
765287253,8,15927,0,0,28.79,93465.66,44.44,681077.50,b0
765270362,1,15984,0,0,29.16,93463.60,44.73,1301143.62,b0
765269850,2,16040,0,0,29.35,93468.80,43.81,789971.06,b0
765286747,3,16097,0,0,29.49,93492.66,43.36,726756.56,b0
765279836,4,16153,0,0,29.29,93445.52,43.52,1245363.37,b0
765271387,5,16210,0,0,29.05,93471.36,44.13,931120.69,b0
765283665,6,16267,0,0,28.98,93443.76,44.49,486807.69,b0
765268824,7,16323,0,0,28.93,93482.73,44.33,944649.44,b0
765287253,8,16369,0,0,28.80,93464.64,44.33,684492.00,b0
765270362,1,16426,0,0,29.19,93461.45,44.61,1304874.12,b0
765269850,2,16483,0,0,29.39,93468.62,43.70,789971.06,b0
765286747,3,16540,0,0,29.52,93490.42,43.24,726756.56,b0
765279836,4,16596,0,0,29.30,93443.09,43.39,1245363.37,b0
765271387,5,16653,0,0,29.07,93472.75,44.00,930486.13,b0
765283665,6,16709,0,0,28.98,93443.80,44.36,486460.81,b0
765268824,7,16766,0,0,28.93,93481.84,44.18,949246.81,b0
765287253,8,16812,0,0,28.81,93464.85,44.20,689330.19,b0
765270362,1,16869,0,0,29.21,93460.37,44.51,1306122.50,b0
765269850,2,16926,0,0,29.41,93468.58,43.57,795031.06,b0
765286747,3,16982,0,0,29.53,93490.30,43.15,729085.06,b0
765279836,4,17039,0,0,29.31,93443.51,43.28,1247639.37,b0
765271387,5,17096,0,0,29.08,93471.20,43.87,933667.63,b0
765283665,6,17152,0,0,29.00,93445.03,44.24,489600.75,b0
765268824,7,17209,0,0,28.95,93483.55,44.06,956562.38,b0
765287253,8,17255,0,0,28.83,93465.83,44.07,690725.13,b0
765270362,1,17312,0,0,29.22,93459.55,44.41,1309881.62,b0
765269850,2,17369,0,0,29.43,93471.13,43.46,797352.56,b0
765286747,3,17425,0,0,29.54,93487.48,43.02,732999.31,b0
765279836,4,17482,0,0,29.34,93444.38,43.15,1261472.12,b0
765271387,5,17538,0,0,29.10,93473.16,43.76,934946.38,b0
765283665,6,17595,0,0,29.01,93442.50,44.12,493850.97,b0
765268824,7,17652,0,0,28.97,93482.55,43.96,953223.19,b0
765287253,8,17698,0,0,28.84,93464.79,43.97,689330.19,b0
765270362,1,17755,0,0,29.25,93459.88,44.30,1318737.87,b0
765269850,2,17811,0,0,29.45,93469.48,43.35,809166.31,b0
765286747,3,17868,0,0,29.57,93491.34,42.90,735368.06,b0
765279836,4,17925,0,0,29.35,93445.19,43.03,1264978.37,b0
765271387,5,17981,0,0,29.12,93472.38,43.65,940744.13,b0
765283665,6,18038,0,0,29.03,93445.88,44.02,493850.97,b0
765268824,7,18095,0,0,28.98,93482.77,43.82,960600.38,b0
765287253,8,18141,0,0,28.84,93463.02,43.85,695652.19,b0
765270362,1,18198,0,0,29.27,93461.27,44.19,1323852.62,b0
765269850,2,18254,0,0,29.48,93471.07,43.23,801565.56,b0
765286747,3,18311,0,0,29.58,93490.87,42.80,738550.31,b0
765279836,4,18368,0,0,29.37,93443.70,42.90,1264978.37,b0
765271387,5,18424,0,0,29.13,93471.77,43.54,943344.06,b0
765283665,6,18481,0,0,29.04,93442.94,43.91,496725.69,b0
765268824,7,18537,0,0,29.00,93483.23,43.73,961276.69,b0
765287253,8,18583,0,0,28.85,93463.26,43.75,699214.75,b0
765270362,1,18640,0,0,29.29,93461.78,44.09,1327714.75,b0
765269850,2,18697,0,0,29.51,93470.66,43.13,811089.13,b0
765286747,3,18754,0,0,29.59,93491.63,42.69,743375.69,b0
765279836,4,18810,0,0,29.40,93445.08,42.79,1279200.50,b0
765271387,5,18867,0,0,29.15,93471.23,43.42,945958.44,b0
765283665,6,18924,0,0,29.05,93443.62,43.80,499634.06,b0
765268824,7,18980,0,0,29.01,93483.28,43.61,963991.50,b0
765287253,8,19026,0,0,28.87,93463.52,43.66,700650.00,b0
765270362,1,19083,0,0,29.31,93461.35,43.99,1330302.00,b0
765269850,2,19140,0,0,29.53,93471.66,43.01,811571.25,b0
765286747,3,19196,0,0,29.62,93491.95,42.61,740151.81,b0
765279836,4,19253,0,0,29.42,93446.83,42.70,1282806.12,b0
765271387,5,19310,0,0,29.17,93471.32,43.35,951894.00,b0
765283665,6,19366,0,0,29.06,93443.75,43.71,501469.16,b0
765268824,7,19423,0,0,29.03,93482.12,43.54,972228.81,b0
765287253,8,19469,0,0,28.89,93462.16,43.55,704991.38,b0
765270362,1,19526,0,0,29.34,93462.04,43.87,1338124.75,b0
765269850,2,19583,0,0,29.57,93470.60,42.83,825806.44,b0
765286747,3,19639,0,0,29.63,93491.63,42.52,743375.69,b0
765279836,4,19696,0,0,29.44,93445.49,42.58,1284012.50,b0
765271387,5,19753,0,0,29.19,93472.02,43.24,954556.06,b0
765283665,6,19809,0,0,29.08,93444.14,43.62,500000.00,b0
765268824,7,19866,0,0,29.05,93482.19,43.42,969467.44,b0
765287253,8,19912,0,0,28.91,93462.22,43.46,709386.94,b0
765270362,1,19969,0,0,29.35,93460.84,43.80,1335507.00,b0
765269850,2,20026,0,0,29.60,93471.47,42.70,825806.44,b0
765286747,3,20082,0,0,29.65,93489.92,42.42,745812.06,b0
765279836,4,20139,0,0,29.46,93444.22,42.49,1291298.87,b0
765271387,5,20195,0,0,29.20,93473.23,43.15,968092.63,b0
765283665,6,20252,0,0,29.10,93444.48,43.53,503317.78,b0
765268824,7,20309,0,0,29.08,93484.11,43.35,972228.81,b0
765287253,8,20355,0,0,28.93,93461.95,43.38,707182.31,b0
765270362,1,20412,0,0,29.37,93462.09,43.70,1346040.12,b0
765269850,2,20468,0,0,29.63,93471.58,42.61,824808.69,b0
765286747,3,20525,0,0,29.67,93491.41,42.31,740955.13,b0
765279836,4,20582,0,0,29.48,93445.37,42.38,1296202.50,b0
765271387,5,20638,0,0,29.22,93473.53,43.06,967406.69,b0
765283665,6,20695,0,0,29.12,93443.08,43.44,502576.69,b0
765268824,7,20751,0,0,29.10,93483.70,43.26,977799.00,b0
765287253,8,20798,0,0,28.96,93460.45,43.29,711605.31,b0
765270362,1,20855,0,0,29.39,93460.41,43.62,1354049.62,b0
765269850,2,20911,0,0,29.65,93470.77,42.52,831844.00,b0
765286747,3,20968,0,0,29.69,93491.13,42.24,742567.06,b0
765279836,4,21024,0,0,29.50,93444.63,42.31,1298668.37,b0
765271387,5,21081,0,0,29.24,93472.05,42.99,971537.00,b0
765283665,6,21138,0,0,29.13,93444.10,43.36,505928.84,b0
765268824,7,21194,0,0,29.12,93483.77,43.18,978499.75,b0
765287253,8,21240,0,0,28.98,93460.34,43.22,716083.94,b0
765270362,1,21297,0,0,29.41,93462.52,43.52,1356740.62,b0
765269850,2,21354,0,0,29.67,93469.99,42.44,833876.25,b0
765286747,3,21411,0,0,29.70,93492.09,42.13,752526.19,b0
765279836,4,21467,0,0,29.53,93443.69,42.20,1302384.75,b0
765271387,5,21524,0,0,29.27,93473.02,42.91,963991.50,b0
765283665,6,21581,0,0,29.14,93443.13,43.27,509326.03,b0
765268824,7,21637,0,0,29.14,93483.31,43.10,984142.25,b0
765287253,8,21683,0,0,29.00,93458.84,43.12,716083.94,b0
765270362,1,21740,0,0,29.43,93461.92,43.45,1358090.12,b0
765269850,2,21797,0,0,29.70,93470.47,42.37,836943.19,b0
765286747,3,21853,0,0,29.72,93493.61,42.08,753356.63,b0
765279836,4,21910,0,0,29.53,93441.23,42.13,1307373.12,b0
765271387,5,21967,0,0,29.29,93474.34,42.83,977099.25,b0
765283665,6,22023,0,0,29.16,93443.68,43.19,509326.03,b0
765268824,7,22080,0,0,29.16,93484.48,43.01,983433.38,b0
765287253,8,22126,0,0,29.02,93460.67,43.05,719101.13,b0
765270362,1,22183,0,0,29.45,93460.91,43.36,1373114.37,b0
765269850,2,22240,0,0,29.71,93470.52,42.26,839000.44,b0
765286747,3,22296,0,0,29.74,93494.22,42.00,757957.06,b0
765279836,4,22353,0,0,29.56,93444.04,42.04,1306122.50,b0
765271387,5,22410,0,0,29.30,93473.74,42.75,986275.00,b0
765283665,6,22466,0,0,29.17,93443.98,43.13,513154.59,b0
765268824,7,22523,0,0,29.18,93485.48,42.94,989133.06,b0
765287253,8,22569,0,0,29.03,93460.20,42.99,721380.75,b0
765270362,1,22626,0,0,29.46,93462.63,43.28,1385656.25,b0
765269850,2,22683,0,0,29.73,93473.28,42.18,842625.00,b0
765286747,3,22739,0,0,29.76,93492.48,41.91,760914.00,b0
765279836,4,22796,0,0,29.58,93445.23,41.97,1311139.62,b0
765271387,5,22852,0,0,29.32,93473.51,42.67,984852.13,b0
765283665,6,22909,0,0,29.19,93445.03,43.05,513154.59,b0
765268824,7,22966,0,0,29.20,93484.09,42.86,993451.38,b0
765287253,8,23012,0,0,29.05,93460.80,42.91,719859.38,b0
765270362,1,23069,0,0,29.48,93462.21,43.20,1395570.75,b0
765269850,2,23125,0,0,29.74,93471.76,42.12,847857.56,b0
765286747,3,23182,0,0,29.77,93492.36,41.85,762614.06,b0
765279836,4,23239,0,0,29.59,93443.51,41.90,1318737.87,b0
765271387,5,23295,0,0,29.33,93473.80,42.61,985563.06,b0
765283665,6,23352,0,0,29.20,93444.45,43.01,511616.28,b0
765268824,7,23408,0,0,29.22,93483.46,42.80,1000000.00,b0
765287253,8,23455,0,0,29.07,93461.23,42.84,725983.69,b0
765270362,1,23511,0,0,29.49,93461.21,43.12,1385656.25,b0
765269850,2,23568,0,0,29.76,93471.31,42.05,848384.44,b0
765286747,3,23625,0,0,29.79,93492.62,41.78,766897.56,b0
765279836,4,23681,0,0,29.61,93442.56,41.83,1327714.75,b0
765271387,5,23738,0,0,29.34,93472.27,42.57,989850.19,b0
765283665,6,23795,0,0,29.21,93442.77,42.95,514702.19,b0
765268824,7,23851,0,0,29.23,93484.77,42.71,1000732.94,b0
765287253,8,23897,0,0,29.08,93462.15,42.78,725983.69,b0
765270362,1,23954,0,0,29.51,93462.76,43.04,1392723.62,b0
765269850,2,24011,0,0,29.78,93474.09,41.95,854223.13,b0
765286747,3,24068,0,0,29.81,93493.23,41.73,769924.81,b0
765279836,4,24124,0,0,29.62,93443.90,41.74,1325137.50,b0
765271387,5,24181,0,0,29.36,93473.45,42.49,990568.31,b0
765283665,6,24237,0,0,29.23,93445.84,42.87,520193.03,b0
765268824,7,24294,0,0,29.24,93484.81,42.67,1005153.38,b0
765287253,8,24340,0,0,29.08,93459.67,42.70,730645.75,b0
765270362,1,24397,0,0,29.53,93462.16,42.97,1398429.50,b0
765269850,2,24454,0,0,29.80,93472.37,41.90,859060.38,b0
765286747,3,24510,0,0,29.82,93492.54,41.65,769490.88,b0
765279836,4,24567,0,0,29.64,93446.48,41.68,1334202.00,b0
765271387,5,24624,0,0,29.37,93473.38,42.43,1001467.00,b0
765283665,6,24680,0,0,29.24,93445.24,42.82,519006.59,b0
765268824,7,24737,0,0,29.25,93484.88,42.61,1005893.94,b0
765287253,8,24783,0,0,29.10,93460.27,42.64,729864.56,b0
765270362,1,24840,0,0,29.56,93463.98,42.93,1401300.00,b0
765269850,2,24897,0,0,29.81,93472.07,41.76,859601.25,b0
765286747,3,24953,0,0,29.84,93491.92,41.58,768192.06,b0
765279836,4,25010,0,0,29.66,93444.80,41.60,1329007.12,b0
765271387,5,25066,0,0,29.39,93475.05,42.36,1001467.00,b0
765283665,6,25123,0,0,29.25,93445.16,42.78,520193.03,b0
765268824,7,25180,0,0,29.26,93485.48,42.54,1006635.56,b0
765287253,8,25226,0,0,29.11,93460.50,42.60,736161.06,b0
765270362,1,25283,0,0,29.58,93464.96,42.84,1405628.00,b0
765269850,2,25339,0,0,29.83,93471.98,41.76,863952.75,b0
765286747,3,25396,0,0,29.86,93493.05,41.53,777377.13,b0
765279836,4,25453,0,0,29.67,93446.12,41.56,1348699.37,b0
765271387,5,25509,0,0,29.40,93473.18,42.30,1009613.00,b0
765283665,6,25566,0,0,29.27,93447.63,42.70,522582.28,b0
765268824,7,25622,0,0,29.27,93484.44,42.47,1009613.00,b0
765287253,8,25669,0,0,29.12,93461.44,42.52,736955.75,b0
765270362,1,25726,0,0,29.59,93462.35,42.80,1418773.87,b0
765269850,2,25782,0,0,29.84,93473.66,41.69,867245.38,b0
765286747,3,25839,0,0,29.87,93493.63,41.48,773413.88,b0
765279836,4,25895,0,0,29.68,93446.57,41.48,1356740.62,b0
765271387,5,25952,0,0,29.42,93474.96,42.25,1008122.06,b0
765283665,6,26009,0,0,29.27,93444.34,42.66,522582.28,b0
765268824,7,26065,0,0,29.29,93484.70,42.44,1020937.19,b0
765287253,8,26111,0,0,29.14,93462.05,42.46,737752.19,b0
765270362,1,26168,0,0,29.61,93464.41,42.74,1412901.00,b0
765269850,2,26225,0,0,29.85,93470.99,41.63,867245.38,b0
765286747,3,26282,0,0,29.89,93493.35,41.43,778263.38,b0
765279836,4,26338,0,0,29.70,93445.56,41.44,1354049.62,b0
765271387,5,26395,0,0,29.43,93473.41,42.17,1012608.19,b0
765283665,6,26452,0,0,29.29,93446.64,42.61,527427.25,b0
765268824,7,26508,0,0,29.30,93483.98,42.34,1018652.06,b0
765287253,8,26554,0,0,29.15,93461.73,42.41,743375.69,b0
765270362,1,26611,0,0,29.63,93465.45,42.69,1414364.62,b0
765269850,2,26668,0,0,29.85,93470.66,41.57,873347.56,b0
765286747,3,26724,0,0,29.90,93495.04,41.36,782276.56,b0
765279836,4,26781,0,0,29.72,93445.49,41.39,1354049.62,b0
765271387,5,26838,0,0,29.45,93475.67,42.14,1017134.31,b0
765283665,6,26894,0,0,29.30,93446.03,42.55,527427.25,b0
765268824,7,26951,0,0,29.31,93485.70,42.29,1020174.38,b0
765287253,8,26997,0,0,29.16,93461.41,42.37,744998.19,b0
765270362,1,27054,0,0,29.65,93466.27,42.63,1430667.12,b0
765269850,2,27111,0,0,29.86,93471.97,41.52,875587.88,b0
765286747,3,27167,0,0,29.92,93494.55,41.31,782276.56,b0
765279836,4,27224,0,0,29.74,93447.05,41.31,1359442.37,b0
765271387,5,27281,0,0,29.46,93474.89,42.08,1027081.25,b0
765283665,6,27337,0,0,29.32,93447.64,42.48,529472.63,b0
765268824,7,27394,0,0,29.33,93485.76,42.24,1022466.31,b0
765287253,8,27440,0,0,29.18,93461.84,42.31,747445.25,b0
765270362,1,27497,0,0,29.66,93464.04,42.57,1429169.62,b0
765269850,2,27553,0,0,29.88,93470.83,41.47,883520.25,b0
765286747,3,27610,0,0,29.93,93493.52,41.24,780934.25,b0
765279836,4,27667,0,0,29.76,93446.99,41.26,1358090.12,b0
765271387,5,27723,0,0,29.48,93475.34,42.03,1027854.44,b0
765283665,6,27780,0,0,29.33,93448.85,42.44,531120.31,b0
765268824,7,27837,0,0,29.33,93486.87,42.18,1029404.38,b0
765287253,8,27883,0,0,29.19,93463.13,42.27,741760.25,b0
765270362,1,27940,0,0,29.68,93465.23,42.51,1430667.12,b0
765269850,2,27996,0,0,29.90,93471.26,41.40,886388.25,b0
765286747,3,28053,0,0,29.95,93494.13,41.19,787692.31,b0
765279836,4,28110,0,0,29.77,93446.16,41.21,1358090.12,b0
765271387,5,28166,0,0,29.49,93474.36,41.96,1033299.69,b0
765283665,6,28223,0,0,29.34,93444.96,42.40,533611.25,b0
765268824,7,28279,0,0,29.34,93486.37,42.13,1037224.63,b0
765287253,8,28326,0,0,29.19,93462.77,42.19,751697.56,b0
765270362,1,28383,0,0,29.70,93464.05,42.47,1445817.12,b0
765269850,2,28439,0,0,29.92,93472.23,41.34,885813.13,b0
765286747,3,28496,0,0,29.96,93493.83,41.15,789514.25,b0
765279836,4,28552,0,0,29.79,93447.71,41.17,1373114.37,b0
765271387,5,28609,0,0,29.49,93474.75,41.94,1025538.31,b0
765283665,6,28666,0,0,29.35,93446.20,42.34,534865.50,b0
765268824,7,28722,0,0,29.35,93485.48,42.07,1039593.94,b0
765287253,8,28768,0,0,29.19,93461.35,42.15,753772.56,b0
765270362,1,28825,0,0,29.71,93461.66,42.41,1445817.12,b0
765269850,2,28882,0,0,29.94,93472.34,41.31,887540.63,b0
765286747,3,28939,0,0,29.98,93495.35,41.11,791344.69,b0
765279836,4,28995,0,0,29.81,93446.89,41.10,1394145.62,b0
765271387,5,29052,0,0,29.50,93475.49,41.87,1041974.06,b0
765283665,6,29108,0,0,29.36,93447.13,42.29,537815.13,b0
765268824,7,29165,0,0,29.35,93485.32,42.02,1039593.94,b0
765287253,8,29211,0,0,29.21,93463.74,42.10,755023.06,b0
765270362,1,29268,0,0,29.73,93461.95,42.35,1451967.37,b0
765269850,2,29325,0,0,29.95,93472.73,41.25,887540.63,b0
765286747,3,29381,0,0,29.99,93494.30,41.05,791344.69,b0
765279836,4,29438,0,0,29.81,93445.13,41.03,1388474.62,b0
765271387,5,29495,0,0,29.51,93475.38,41.81,1041179.44,b0
765283665,6,29551,0,0,29.36,93445.40,42.26,542085.75,b0
765268824,7,29608,0,0,29.37,93484.46,41.98,1043566.88,b0
765287253,8,29654,0,0,29.21,93460.71,42.06,762614.06,b0
765270362,1,29711,0,0,29.75,93461.88,42.31,1461291.50,b0
765269850,2,29768,0,0,29.96,93471.37,41.21,899824.25,b0
765286747,3,29824,0,0,30.00,93492.73,41.00,795958.00,b0
765279836,4,29881,0,0,29.82,93445.74,40.97,1405628.00,b0
765271387,5,29937,0,0,29.52,93474.44,41.78,1055670.12,b0
765283665,6,29994,0,0,29.38,93447.90,42.20,542948.06,b0
765268824,7,30051,0,0,29.38,93485.27,41.94,1044365.13,b0
765287253,8,30097,0,0,29.24,93463.50,42.01,761338.31,b0
765270362,1,30154,0,0,29.77,93462.71,42.25,1464426.12,b0
765269850,2,30210,0,0,29.98,93471.96,41.15,902799.19,b0
765286747,3,30267,0,0,30.02,93492.25,40.96,798284.94,b0
765279836,4,30324,0,0,29.84,93444.41,40.95,1395570.75,b0
765271387,5,30380,0,0,29.54,93472.95,41.73,1053227.00,b0
765283665,6,30437,0,0,29.39,93445.33,42.16,544246.63,b0
765268824,7,30494,0,0,29.40,93483.36,41.91,1051604.62,b0
765287253,8,30540,0,0,29.26,93462.48,41.97,763894.06,b0
765270362,1,30597,0,0,29.77,93459.88,42.21,1481910.25,b0
765269850,2,30653,0,0,29.99,93473.63,41.10,897458.38,b0
765286747,3,30710,0,0,30.03,93492.67,40.92,801565.56,b0
765279836,4,30766,0,0,29.86,93445.23,40.89,1404182.37,b0
765271387,5,30823,0,0,29.56,93473.43,41.69,1061414.87,b0
765283665,6,30880,0,0,29.41,93445.68,42.12,545551.44,b0
765268824,7,30936,0,0,29.41,93484.30,41.85,1060590.37,b0
765287253,8,30982,0,0,29.27,93461.46,41.93,766897.56,b0
765270362,1,31039,0,0,29.79,93461.79,42.15,1485134.12,b0
765269850,2,31096,0,0,30.00,93470.30,41.05,906395.25,b0
765286747,3,31153,0,0,30.05,93492.74,40.87,804873.25,b0
765279836,4,31209,0,0,29.87,93446.56,40.84,1420249.62,b0
765271387,5,31266,0,0,29.57,93472.63,41.65,1059767.12,b0
765283665,6,31323,0,0,29.42,93445.86,42.08,546424.75,b0
765268824,7,31379,0,0,29.43,93483.45,41.81,1057305.12,b0
765287253,8,31425,0,0,29.29,93461.52,41.89,772101.81,b0
765270362,1,31482,0,0,29.80,93460.43,42.11,1480303.62,b0
765269850,2,31539,0,0,30.03,93470.59,40.99,907600.25,b0
765286747,3,31595,0,0,30.07,93492.63,40.81,805348.00,b0
765279836,4,31652,0,0,29.90,93446.15,40.80,1423210.62,b0
765271387,5,31709,0,0,29.59,93474.17,41.61,1060590.37,b0
765283665,6,31765,0,0,29.43,93444.69,42.07,547740.06,b0
765268824,7,31822,0,0,29.44,93484.06,41.77,1062240.62,b0
765287253,8,31868,0,0,29.30,93461.75,41.86,772101.81,b0
765270362,1,31925,0,0,29.82,93460.85,42.05,1481910.25,b0
765269850,2,31982,0,0,30.04,93471.53,40.95,901011.88,b0
765286747,3,32038,0,0,30.07,93490.32,40.77,806299.19,b0
765279836,4,32095,0,0,29.91,93447.50,40.74,1402739.75,b0
765271387,5,32152,0,0,29.60,93472.84,41.57,1065556.75,b0
765283665,6,32208,0,0,29.44,93444.04,42.01,549946.31,b0
765268824,7,32265,0,0,29.46,93483.26,41.73,1063067.75,b0
765287253,8,32311,0,0,29.31,93461.97,41.81,774730.50,b0
765270362,1,32368,0,0,29.83,93458.11,42.01,1478700.37,b0
765269850,2,32425,0,0,30.05,93470.52,40.91,908808.50,b0
765286747,3,32481,0,0,30.09,93490.95,40.74,807252.69,b0
765279836,4,32538,0,0,29.93,93445.98,40.71,1414364.62,b0
765271387,5,32594,0,0,29.61,93472.74,41.53,1070569.75,b0
765283665,6,32651,0,0,29.45,93442.19,41.97,549946.31,b0
765268824,7,32708,0,0,29.49,93484.45,41.69,1070569.75,b0
765287253,8,32754,0,0,29.32,93460.75,41.78,776051.56,b0
765270362,1,32811,0,0,29.86,93461.13,41.98,1477100.62,b0
765269850,2,32867,0,0,30.07,93471.13,40.87,905193.38,b0
765286747,3,32924,0,0,30.11,93491.54,40.70,806775.63,b0
765279836,4,32981,0,0,29.95,93447.54,40.67,1429169.62,b0
765271387,5,33037,0,0,29.62,93473.19,41.50,1074783.50,b0
765283665,6,33094,0,0,29.46,93445.19,41.93,554412.56,b0
765268824,7,33150,0,0,29.51,93486.34,41.66,1068057.37,b0
765287253,8,33197,0,0,29.34,93460.30,41.74,780041.88,b0
765270362,1,33254,0,0,29.87,93458.85,41.93,1483520.50,b0
765269850,2,33310,0,0,30.08,93470.48,40.82,908808.50,b0
765286747,3,33367,0,0,30.13,93491.96,40.65,812053.94,b0
765279836,4,33423,0,0,29.97,93447.27,40.62,1412901.00,b0
765271387,5,33480,0,0,29.64,93469.89,41.46,1066389.00,b0
765283665,6,33537,0,0,29.47,93444.38,41.91,548620.44,b0
765268824,7,33593,0,0,29.52,93485.52,41.61,1077327.75,b0
765287253,8,33639,0,0,29.35,93461.93,41.71,778263.38,b0
765270362,1,33696,0,0,29.89,93461.27,41.89,1480303.62,b0
765269850,2,33753,0,0,30.10,93468.95,40.80,907600.25,b0
765286747,3,33810,0,0,30.14,93491.84,40.61,808687.06,b0
765279836,4,33866,0,0,29.99,93447.59,40.59,1436688.87,b0
765271387,5,33923,0,0,29.65,93471.95,41.43,1072251.25,b0
765283665,6,33980,0,0,29.48,93443.39,41.89,550389.69,b0
765268824,7,34036,0,0,29.54,93483.21,41.58,1073938.12,b0
765287253,8,34082,0,0,29.37,93462.02,41.68,780041.88,b0
765270362,1,34139,0,0,29.90,93460.65,41.85,1480303.62,b0
765269850,2,34196,0,0,30.11,93471.15,40.76,908808.50,b0
765286747,3,34252,0,0,30.17,93492.66,40.58,804873.25,b0
765279836,4,34309,0,0,30.00,93446.57,40.54,1435178.75,b0
765271387,5,34366,0,0,29.66,93471.66,41.40,1074783.50,b0
765283665,6,34422,0,0,29.48,93444.88,41.88,550833.81,b0
765268824,7,34479,0,0,29.56,93484.40,41.56,1072251.25,b0
765287253,8,34525,0,0,29.37,93460.22,41.65,785878.75,b0
765270362,1,34582,0,0,29.92,93460.39,41.81,1475504.37,b0
765269850,2,34639,0,0,30.12,93468.35,40.71,902799.19,b0
765286747,3,34695,0,0,30.18,93491.80,40.55,804399.06,b0
765279836,4,34752,0,0,30.01,93446.27,40.51,1421728.62,b0
765271387,5,34809,0,0,29.68,93472.48,41.37,1068057.37,b0
765283665,6,34865,0,0,29.49,93445.70,41.85,554412.56,b0
765268824,7,34922,0,0,29.58,93486.09,41.53,1082452.37,b0
765287253,8,34968,0,0,29.38,93460.08,41.61,782725.00,b0
765270362,1,35025,0,0,29.92,93460.07,41.75,1475504.37,b0
765269850,2,35082,0,0,30.13,93469.99,40.67,910020.00,b0
765286747,3,35138,0,0,30.18,93491.10,40.50,806775.63,b0
765279836,4,35195,0,0,30.02,93447.40,40.47,1426183.87,b0
765271387,5,35251,0,0,29.68,93470.17,41.36,1080738.75,b0
765283665,6,35308,0,0,29.50,93443.09,41.83,553513.50,b0
765268824,7,35365,0,0,29.59,93485.05,41.50,1084171.50,b0
765287253,8,35411,0,0,29.40,93461.04,41.61,785878.75,b0
765270362,1,35468,0,0,29.93,93459.05,41.75,1483520.50,b0
765269850,2,35524,0,0,30.14,93470.96,40.62,907600.25,b0
765286747,3,35581,0,0,30.19,93491.13,40.47,807252.69,b0
765279836,4,35638,0,0,30.03,93446.71,40.42,1441238.62,b0
765271387,5,35694,0,0,29.69,93470.08,41.34,1081594.87,b0
765283665,6,35751,0,0,29.52,93443.99,41.81,558038.13,b0
765268824,7,35807,0,0,29.60,93484.38,41.47,1081594.87,b0
765287253,8,35854,0,0,29.42,93461.82,41.57,789514.25,b0
765270362,1,35911,0,0,29.95,93458.25,41.70,1473911.50,b0
765269850,2,35967,0,0,30.16,93471.38,40.60,908204.00,b0
765286747,3,36024,0,0,30.20,93491.70,40.43,810126.56,b0
765279836,4,36080,0,0,30.04,93444.27,40.40,1445817.12,b0
765271387,5,36137,0,0,29.71,93471.81,41.29,1092849.50,b0
765283665,6,36194,0,0,29.54,93444.73,41.76,555766.63,b0
765268824,7,36250,0,0,29.63,93485.93,41.44,1084171.50,b0
765287253,8,36296,0,0,29.43,93461.16,41.56,786784.50,b0
765270362,1,36353,0,0,29.97,93458.91,41.61,1481910.25,b0
765269850,2,36410,0,0,30.17,93471.45,40.56,908808.50,b0
765286747,3,36467,0,0,30.22,93492.16,40.38,810126.56,b0
765279836,4,36523,0,0,30.05,93446.85,40.35,1444287.75,b0
765271387,5,36580,0,0,29.71,93469.55,41.28,1092849.50,b0
765283665,6,36636,0,0,29.55,93444.51,41.74,556673.00,b0
765268824,7,36693,0,0,29.64,93484.92,41.40,1086760.37,b0
765287253,8,36739,0,0,29.45,93460.69,41.53,789971.06,b0
765270362,1,36796,0,0,29.99,93459.02,41.63,1483520.50,b0
765269850,2,36853,0,0,30.19,93469.91,40.52,908808.50,b0
765286747,3,36909,0,0,30.24,93492.39,40.35,812053.94,b0
765279836,4,36966,0,0,30.07,93444.63,40.32,1441238.62,b0
765271387,5,37023,0,0,29.73,93472.52,41.23,1091975.50,b0
765283665,6,37079,0,0,29.56,93444.81,41.70,558038.13,b0
765268824,7,37136,0,0,29.65,93484.96,41.38,1092849.50,b0
765287253,8,37182,0,0,29.46,93460.40,41.50,795494.25,b0
765270362,1,37239,0,0,30.01,93459.86,41.58,1501741.50,b0
765269850,2,37296,0,0,30.20,93469.80,40.50,908808.50,b0
765286747,3,37352,0,0,30.26,93491.91,40.34,809646.19,b0
765279836,4,37409,0,0,30.09,93446.14,40.28,1447349.87,b0
765271387,5,37465,0,0,29.75,93472.85,41.20,1094601.87,b0
765283665,6,37522,0,0,29.57,93444.69,41.67,559868.75,b0
765268824,7,37579,0,0,29.66,93485.20,41.32,1091102.87,b0
765287253,8,37625,0,0,29.46,93457.01,41.45,791344.69,b0
765270362,1,37682,0,0,30.01,93457.00,41.55,1480303.62,b0
765269850,2,37738,0,0,30.22,93470.23,40.44,904593.63,b0
765286747,3,37795,0,0,30.26,93491.05,40.28,812053.94,b0
765279836,4,37852,0,0,30.11,93445.36,40.24,1444287.75,b0
765271387,5,37908,0,0,29.75,93472.13,41.18,1091975.50,b0
765283665,6,37965,0,0,29.57,93442.93,41.66,560328.31,b0
765268824,7,38022,0,0,29.68,93485.25,41.31,1090231.62,b0
765287253,8,38068,0,0,29.48,93456.88,41.44,793644.63,b0
765270362,1,38125,0,0,30.03,93457.83,41.51,1485134.12,b0
765269850,2,38181,0,0,30.23,93467.41,40.42,905193.38,b0
765286747,3,38238,0,0,30.28,93492.72,40.27,815448.94,b0
765279836,4,38294,0,0,30.11,93444.66,40.22,1447349.87,b0
765271387,5,38351,0,0,29.75,93471.77,41.14,1093725.00,b0
765283665,6,38408,0,0,29.58,93443.35,41.64,560328.31,b0
765268824,7,38464,0,0,29.70,93486.42,41.27,1093725.00,b0
765287253,8,38510,0,0,29.49,93458.87,41.42,795958.00,b0
765270362,1,38567,0,0,30.04,93457.72,41.49,1483520.50,b0
765269850,2,38624,0,0,30.24,93468.01,40.40,908204.00,b0
765286747,3,38681,0,0,30.29,93494.91,40.23,813505.44,b0
765279836,4,38737,0,0,30.12,93445.80,40.17,1438202.25,b0
765271387,5,38794,0,0,29.77,93472.61,41.11,1097240.87,b0
765283665,6,38851,0,0,29.59,93443.80,41.61,560788.63,b0
765268824,7,38907,0,0,29.70,93484.80,41.24,1097240.87,b0
765287253,8,38953,0,0,29.49,93456.03,41.38,795494.25,b0
765270362,1,39010,0,0,30.05,93459.01,41.45,1478700.37,b0
765269850,2,39067,0,0,30.25,93465.91,40.37,907600.25,b0
765286747,3,39123,0,0,30.30,93493.17,40.20,813990.44,b0
765279836,4,39180,0,0,30.14,93446.07,40.17,1441238.62,b0
765271387,5,39237,0,0,29.79,93474.35,41.10,1106130.12,b0
765283665,6,39293,0,0,29.61,93443.45,41.59,564031.94,b0
765268824,7,39350,0,0,29.72,93486.14,41.21,1104340.75,b0
765287253,8,39396,0,0,29.51,93458.06,41.34,797818.44,b0
765270362,1,39453,0,0,30.06,93460.20,41.42,1502567.87,b0
765269850,2,39510,0,0,30.26,93466.33,40.32,903994.69,b0
765286747,3,39566,0,0,30.30,93491.55,40.17,810607.56,b0
765279836,4,39623,0,0,30.15,93444.89,40.11,1448885.75,b0
765271387,5,39680,0,0,29.79,93471.82,41.05,1107027.00,b0
765283665,6,39736,0,0,29.60,93443.97,41.56,564031.94,b0
765268824,7,39793,0,0,29.73,93483.84,41.18,1102557.25,b0
765287253,8,39839,0,0,29.51,93455.03,41.32,802979.81,b0
765270362,1,39896,0,0,30.07,93459.18,41.39,1480303.62,b0
765269850,2,39953,0,0,30.27,93466.73,40.29,905793.88,b0
765286747,3,40009,0,0,30.31,93491.59,40.16,816424.19,b0
765279836,4,40066,0,0,30.16,93444.95,40.09,1453513.12,b0
765271387,5,40122,0,0,29.80,93472.66,41.05,1098123.37,b0
765283665,6,40179,0,0,29.61,93444.02,41.56,564031.94,b0
765268824,7,40236,0,0,29.74,93484.05,41.15,1107027.00,b0
765287253,8,40282,0,0,29.53,93457.61,41.29,802979.81,b0
765270362,1,40339,0,0,30.09,93459.96,41.37,1501741.50,b0
765269850,2,40395,0,0,30.27,93464.92,40.27,914898.38,b0
765286747,3,40452,0,0,30.33,93493.65,40.12,818381.63,b0
765279836,4,40509,0,0,30.18,93443.95,40.05,1456614.50,b0
765271387,5,40565,0,0,29.81,93473.10,41.00,1111533.25,b0
765283665,6,40622,0,0,29.62,93442.36,41.51,566841.94,b0
765268824,7,40678,0,0,29.76,93484.14,41.10,1113346.00,b0
765287253,8,40725,0,0,29.54,93456.73,41.26,803925.44,b0
765270362,1,40782,0,0,30.09,93458.73,41.32,1514232.87,b0
765269850,2,40838,0,0,30.27,93464.75,40.22,918591.63,b0
765286747,3,40895,0,0,30.35,93492.08,40.09,814476.06,b0
765279836,4,40951,0,0,30.19,93443.84,40.04,1465998.62,b0
765271387,5,41008,0,0,29.82,93473.15,40.96,1107027.00,b0
765283665,6,41065,0,0,29.63,93443.38,41.49,568257.50,b0
765268824,7,41121,0,0,29.77,93484.74,41.08,1111533.25,b0
765287253,8,41167,0,0,29.55,93457.68,41.23,809166.31,b0
765270362,1,41224,0,0,30.09,93459.11,41.28,1513393.62,b0
765269850,2,41281,0,0,30.27,93464.42,40.21,920449.44,b0
765286747,3,41338,0,0,30.36,93490.86,40.04,822324.81,b0
765279836,4,41394,0,0,30.20,93445.33,39.99,1470736.12,b0
765271387,5,41451,0,0,29.84,93471.65,40.95,1114254.62,b0
765283665,6,41507,0,0,29.64,93442.24,41.47,571588.06,b0
765268824,7,41564,0,0,29.78,93483.52,41.05,1122499.37,b0
765287253,8,41610,0,0,29.56,93457.37,41.22,812537.19,b0
765270362,1,41667,0,0,30.10,93459.89,41.24,1529499.62,b0
765269850,2,41724,0,0,30.29,93467.00,40.15,923562.56,b0
765286747,3,41780,0,0,30.37,93492.73,40.02,824808.69,b0
765279836,4,41837,0,0,30.21,93443.05,39.95,1473911.50,b0
765271387,5,41894,0,0,29.86,93473.40,40.93,1120656.62,b0
765283665,6,41950,0,0,29.66,93441.30,41.43,573027.44,b0
765268824,7,42007,0,0,29.80,93482.30,41.02,1127132.62,b0
765287253,8,42053,0,0,29.58,93455.99,41.17,816424.19,b0
765270362,1,42110,0,0,30.11,93458.15,41.23,1528643.37,b0
765269850,2,42167,0,0,30.31,93464.93,40.13,924813.75,b0
765286747,3,42223,0,0,30.39,93492.59,39.99,826306.25,b0
765279836,4,42280,0,0,30.22,93443.84,39.93,1480303.62,b0
765271387,5,42336,0,0,29.86,93471.97,40.91,1124348.12,b0
765283665,6,42393,0,0,29.67,93441.81,41.42,574474.06,b0
765268824,7,42450,0,0,29.82,93481.84,40.99,1126202.87,b0
765287253,8,42496,0,0,29.60,93456.78,41.18,816912.63,b0
765270362,1,42553,0,0,30.13,93459.70,41.19,1515073.00,b0
765269850,2,42609,0,0,30.32,93466.05,40.09,922314.81,b0
765286747,3,42666,0,0,30.39,93491.17,39.97,829317.69,b0
765279836,4,42723,0,0,30.23,93440.88,39.88,1481910.25,b0
765271387,5,42779,0,0,29.88,93473.20,40.88,1117903.87,b0
765283665,6,42836,0,0,29.68,93440.66,41.40,573508.81,b0
765268824,7,42893,0,0,29.83,93482.98,40.96,1130866.87,b0
765287253,8,42939,0,0,29.61,93457.19,41.14,817401.69,b0
765270362,1,42996,0,0,30.14,93459.59,41.16,1528643.37,b0
765269850,2,43052,0,0,30.33,93465.02,40.07,926068.25,b0
765286747,3,43109,0,0,30.41,93492.16,39.94,830831.63,b0
765279836,4,43165,0,0,30.24,93441.29,39.85,1477100.62,b0
765271387,5,43222,0,0,29.89,93472.37,40.84,1130866.87,b0
765283665,6,43279,0,0,29.70,93442.95,41.37,573991.06,b0
765268824,7,43335,0,0,29.84,93483.95,40.91,1118820.00,b0
765287253,8,43381,0,0,29.63,93457.24,41.11,818381.63,b0
765270362,1,43438,0,0,30.15,93460.14,41.11,1527788.12,b0
765269850,2,43495,0,0,30.33,93466.27,40.03,930486.13,b0
765286747,3,43552,0,0,30.42,93493.09,39.88,829821.69,b0
765279836,4,43608,0,0,30.26,93443.67,39.82,1481910.25,b0
765271387,5,43665,0,0,29.91,93472.32,40.82,1125274.75,b0
765283665,6,43722,0,0,29.71,93444.18,41.36,575928.00,b0
765268824,7,43778,0,0,29.86,93483.63,40.89,1131804.37,b0
765287253,8,43824,0,0,29.63,93456.90,41.10,820348.50,b0
765270362,1,43881,0,0,30.16,93461.30,41.09,1537249.00,b0
765269850,2,43938,0,0,30.33,93464.70,40.00,928587.63,b0
765286747,3,43994,0,0,30.44,93492.63,39.86,828311.44,b0
765279836,4,44051,0,0,30.27,93443.22,39.79,1480303.62,b0
765271387,5,44108,0,0,29.93,93473.54,40.80,1127132.62,b0
765283665,6,44164,0,0,29.73,93444.33,41.34,574474.06,b0
765268824,7,44221,0,0,29.87,93483.16,40.85,1134626.00,b0
765287253,8,44267,0,0,29.65,93456.96,41.06,824310.75,b0
765270362,1,44324,0,0,30.17,93457.93,41.06,1542459.00,b0
765269850,2,44381,0,0,30.35,93466.39,39.98,928587.63,b0
765286747,3,44437,0,0,30.45,93493.20,39.84,831337.50,b0
765279836,4,44494,0,0,30.28,93442.01,39.76,1486751.37,b0
765271387,5,44551,0,0,29.94,93472.34,40.76,1133683.87,b0
765283665,6,44607,0,0,29.73,93441.87,41.32,574957.88,b0
765268824,7,44664,0,0,29.88,93482.82,40.84,1135569.75,b0
765287253,8,44710,0,0,29.67,93457.58,41.04,824808.69,b0
765270362,1,44767,0,0,30.18,93458.35,41.03,1525228.12,b0
765269850,2,44824,0,0,30.37,93465.02,39.95,929852.44,b0
765286747,3,44880,0,0,30.46,93493.23,39.82,833367.25,b0
765279836,4,44937,0,0,30.29,93443.32,39.72,1504223.25,b0
765271387,5,44993,0,0,29.95,93473.50,40.76,1136515.00,b0
765283665,6,45050,0,0,29.75,93443.66,41.28,578367.69,b0
765268824,7,45107,0,0,29.89,93483.97,40.80,1137461.87,b0
765287253,8,45153,0,0,29.67,93455.80,41.00,824808.69,b0
765270362,1,45210,0,0,30.20,93460.80,40.97,1530356.75,b0
765269850,2,45266,0,0,30.38,93465.59,39.94,934946.38,b0
765286747,3,45323,0,0,30.47,93492.38,39.78,834385.81,b0
765279836,4,45380,0,0,30.29,93441.91,39.69,1508377.87,b0
765271387,5,45436,0,0,29.96,93472.70,40.73,1136515.00,b0
765283665,6,45493,0,0,29.76,93443.27,41.26,579841.44,b0
765268824,7,45549,0,0,29.90,93481.83,40.76,1147017.62,b0
765287253,8,45596,0,0,29.69,93455.30,40.98,830831.63,b0
765270362,1,45653,0,0,30.21,93460.51,40.97,1540718.50,b0
765269850,2,45709,0,0,30.38,93466.13,39.90,936228.56,b0
765286747,3,45766,0,0,30.48,93491.70,39.75,835406.88,b0
765279836,4,45822,0,0,30.30,93441.78,39.66,1489996.37,b0
765271387,5,45879,0,0,29.97,93472.55,40.70,1140311.75,b0
765283665,6,45936,0,0,29.77,93442.65,41.25,581322.75,b0
765268824,7,45992,0,0,29.90,93483.46,40.73,1147982.12,b0
765287253,8,46038,0,0,29.66,93455.38,40.94,840550.00,b0
765270362,1,46095,0,0,30.21,93459.65,40.95,1552103.12,b0
765269850,2,46152,0,0,30.39,93466.18,39.87,949246.81,b0
765286747,3,46209,0,0,30.49,93491.00,39.70,844187.94,b0
765279836,4,46265,0,0,30.30,93443.22,39.62,1520133.62,b0
765271387,5,46322,0,0,29.96,93473.07,40.65,1141265.00,b0
765283665,6,46379,0,0,29.76,93442.50,41.19,585310.06,b0
765268824,7,46435,0,0,29.89,93482.13,40.68,1157716.25,b0
765287253,8,46481,0,0,29.66,93456.28,40.91,843145.31,b0
765270362,1,46538,0,0,30.22,93459.84,40.91,1549461.00,b0
765269850,2,46595,0,0,30.37,93465.57,39.83,948587.31,b0
765286747,3,46651,0,0,30.49,93491.72,39.69,840032.81,b0
765279836,4,46708,0,0,30.28,93442.38,39.59,1518443.00,b0
765271387,5,46765,0,0,29.95,93473.16,40.63,1154778.62,b0
765283665,6,46821,0,0,29.75,93443.47,41.16,588336.69,b0
765268824,7,46878,0,0,29.89,93483.42,40.66,1161656.25,b0
765287253,8,46924,0,0,29.66,93456.80,40.86,851559.25,b0
765270362,1,46981,0,0,30.21,93461.41,40.88,1571757.50,b0
765269850,2,47038,0,0,30.36,93464.99,39.80,959925.00,b0
765286747,3,47094,0,0,30.47,93491.30,39.65,844710.25,b0
765279836,4,47151,0,0,30.28,93442.73,39.56,1538981.75,b0
765271387,5,47208,0,0,29.95,93473.18,40.59,1162645.50,b0
765283665,6,47264,0,0,29.75,93441.52,41.13,593967.50,b0
765268824,7,47321,0,0,29.88,93482.84,40.61,1172631.00,b0
765287253,8,47367,0,0,29.66,93454.30,40.83,852090.69,b0
765270362,1,47424,0,0,30.20,93458.69,40.83,1583607.25,b0
765269850,2,47481,0,0,30.35,93464.25,39.80,959925.00,b0
765286747,3,47537,0,0,30.47,93494.17,39.62,855293.38,b0
765279836,4,47594,0,0,30.28,93441.13,39.53,1537249.00,b0
765271387,5,47650,0,0,29.96,93472.11,40.55,1165623.25,b0
765283665,6,47707,0,0,29.77,93443.68,41.10,594484.75,b0
765268824,7,47764,0,0,29.90,93482.20,40.59,1178705.00,b0
765287253,8,47810,0,0,29.69,93454.95,40.81,856366.31,b0
765270362,1,47867,0,0,30.21,93459.79,40.80,1587289.25,b0
765269850,2,47923,0,0,30.35,93466.52,39.73,963991.50,b0
765286747,3,47980,0,0,30.48,93490.59,39.55,863406.44,b0
765279836,4,48037,0,0,30.27,93440.72,39.50,1547704.50,b0
765271387,5,48093,0,0,29.97,93472.77,40.52,1173639.00,b0
765283665,6,48150,0,0,29.78,93441.50,41.08,598655.38,b0
765268824,7,48206,0,0,29.92,93483.88,40.54,1184842.37,b0
765287253,8,48253,0,0,29.70,93456.24,40.79,863406.44,b0
765270362,1,48309,0,0,30.18,93458.76,40.75,1608798.12,b0
765269850,2,48366,0,0,30.32,93465.88,39.71,967406.69,b0
765286747,3,48423,0,0,30.48,93491.51,39.53,862315.81,b0
765279836,4,48479,0,0,30.27,93443.05,39.46,1569950.12,b0
765271387,5,48536,0,0,29.96,93473.25,40.48,1179723.50,b0
765283665,6,48593,0,0,29.79,93443.05,41.05,602352.94,b0
765268824,7,48649,0,0,29.91,93483.31,40.52,1186902.37,b0
765287253,8,48695,0,0,29.71,93456.45,40.75,867245.38,b0
765270362,1,48752,0,0,30.17,93457.59,40.75,1592844.62,b0
765269850,2,48809,0,0,30.31,93464.60,39.67,972921.63,b0
765286747,3,48866,0,0,30.49,93491.38,39.51,869454.44,b0
765279836,4,48922,0,0,30.28,93439.88,39.42,1569950.12,b0
765271387,5,48979,0,0,29.98,93474.42,40.47,1181765.75,b0
765283665,6,49035,0,0,29.79,93443.22,41.01,605558.81,b0
765268824,7,49092,0,0,29.93,93482.47,40.50,1190005.75,b0
765287253,8,49138,0,0,29.72,93458.83,40.71,864499.81,b0
765270362,1,49195,0,0,30.18,93458.74,40.70,1612598.37,b0
765269850,2,49252,0,0,30.32,93466.59,39.67,975702.69,b0
765286747,3,49308,0,0,30.51,93492.52,39.45,871674.81,b0
765279836,4,49365,0,0,30.29,93440.80,39.40,1579942.12,b0
765271387,5,49422,0,0,30.00,93472.23,40.44,1188969.50,b0
765283665,6,49478,0,0,29.81,93443.18,40.98,605022.19,b0
765268824,7,49535,0,0,29.95,93483.64,40.46,1198361.62,b0
765287253,8,49581,0,0,29.74,93456.56,40.68,875587.88,b0
765270362,1,49638,0,0,30.20,93458.66,40.67,1612598.37,b0
765269850,2,49695,0,0,30.35,93464.91,39.64,977099.25,b0
765286747,3,49751,0,0,30.52,93492.19,39.43,873906.56,b0
765279836,4,49808,0,0,30.29,93442.25,39.39,1579942.12,b0
765271387,5,49864,0,0,30.01,93471.07,40.41,1192083.87,b0
765283665,6,49921,0,0,29.81,93442.49,40.95,605558.81,b0
765268824,7,49978,0,0,29.94,93482.89,40.44,1197310.75,b0
765287253,8,50024,0,0,29.74,93457.09,40.66,877275.63,b0
765270362,1,50081,0,0,30.21,93458.03,40.66,1615460.50,b0
765269850,2,50137,0,0,30.36,93464.82,39.64,980608.06,b0
765286747,3,50194,0,0,30.52,93492.02,39.41,880670.81,b0
765279836,4,50251,0,0,30.31,93442.70,39.37,1588212.50,b0
765271387,5,50307,0,0,30.01,93472.52,40.39,1201525.37,b0
765283665,6,50364,0,0,29.81,93443.26,40.93,610978.50,b0
765268824,7,50421,0,0,29.93,93482.49,40.39,1200468.87,b0
765287253,8,50467,0,0,29.73,93459.57,40.63,877275.63,b0
765270362,1,50524,0,0,30.24,93460.34,40.64,1625074.37,b0
765269850,2,50580,0,0,30.39,93466.36,39.62,982018.69,b0
765286747,3,50637,0,0,30.54,93492.44,39.37,881808.38,b0
765279836,4,50693,0,0,30.32,93439.72,39.35,1583607.25,b0
765271387,5,50750,0,0,30.02,93472.38,40.36,1202583.62,b0
765283665,6,50807,0,0,29.82,93442.81,40.91,613724.88,b0
765268824,7,50863,0,0,29.92,93482.63,40.39,1206835.62,b0
765287253,8,50909,0,0,29.72,93457.20,40.60,884665.25,b0
765270362,1,50966,0,0,30.26,93458.31,40.63,1627010.87,b0
765269850,2,51023,0,0,30.40,93464.10,39.61,987701.94,b0
765286747,3,51080,0,0,30.55,93492.67,39.36,886964.06,b0
765279836,4,51136,0,0,30.34,93440.95,39.34,1604072.87,b0
765271387,5,51193,0,0,30.02,93472.73,40.35,1210044.37,b0
765283665,6,51250,0,0,29.83,93444.30,40.88,617611.56,b0
765268824,7,51306,0,0,29.92,93483.18,40.34,1212193.00,b0
765287253,8,51352,0,0,29.72,93456.48,40.60,885238.81,b0
765270362,1,51409,0,0,30.28,93459.69,40.62,1632848.37,b0
765269850,2,51466,0,0,30.43,93464.92,39.60,992007.75,b0
765286747,3,51522,0,0,30.57,93491.48,39.34,892763.75,b0
765279836,4,51579,0,0,30.36,93441.56,39.31,1612598.37,b0
765271387,5,51636,0,0,30.03,93473.36,40.33,1208972.87,b0
765283665,6,51692,0,0,29.84,93444.39,40.86,616496.06,b0
765268824,7,51749,0,0,29.91,93480.80,40.35,1212193.00,b0
765287253,8,51795,0,0,29.72,93456.86,40.57,887540.63,b0
765270362,1,51852,0,0,30.30,93459.41,40.59,1634803.37,b0
765269850,2,51909,0,0,30.45,93465.36,39.57,994174.75,b0
765286747,3,51965,0,0,30.58,93492.79,39.31,903396.56,b0
765279836,4,52022,0,0,30.37,93442.35,39.28,1616416.75,b0
765271387,5,52079,0,0,30.04,93471.64,40.32,1223051.62,b0
765283665,6,52135,0,0,29.85,93444.32,40.83,619292.44,b0
765268824,7,52192,0,0,29.92,93482.99,40.31,1216513.25,b0
765287253,8,52238,0,0,29.72,93457.76,40.55,894518.44,b0
765270362,1,52295,0,0,30.31,93457.34,40.59,1643659.75,b0
765269850,2,52352,0,0,30.47,93468.31,39.57,997078.88,b0
765286747,3,52408,0,0,30.59,93492.11,39.30,899231.63,b0
765279836,4,52465,0,0,30.39,93443.51,39.25,1620253.12,b0
765271387,5,52521,0,0,30.05,93471.72,40.29,1214349.25,b0
765283665,6,52578,0,0,29.86,93444.30,40.81,621547.81,b0
765268824,7,52635,0,0,29.93,93483.95,40.30,1216513.25,b0
765287253,8,52681,0,0,29.75,93457.48,40.55,899231.63,b0
765270362,1,52738,0,0,30.32,93458.51,40.57,1643659.75,b0
765269850,2,52794,0,0,30.49,93464.83,39.54,1003675.56,b0
765286747,3,52851,0,0,30.60,93492.32,39.27,899824.25,b0
765279836,4,52908,0,0,30.40,93442.87,39.25,1617374.12,b0
765271387,5,52964,0,0,30.07,93473.12,40.25,1219773.62,b0
765283665,6,53021,0,0,29.88,93443.60,40.79,627258.81,b0
765268824,7,53077,0,0,29.95,93482.94,40.28,1221957.00,b0
765287253,8,53124,0,0,29.77,93456.31,40.52,897458.38,b0
765270362,1,53181,0,0,30.34,93460.20,40.55,1638727.75,b0
765269850,2,53237,0,0,30.50,93467.40,39.53,1000732.94,b0
765286747,3,53294,0,0,30.62,93492.75,39.24,899231.63,b0
765279836,4,53350,0,0,30.42,93441.02,39.24,1625074.37,b0
765271387,5,53407,0,0,30.10,93475.23,40.25,1224148.25,b0
765283665,6,53464,0,0,29.92,93447.49,40.77,622114.19,b0
765268824,7,53520,0,0,29.97,93484.64,40.28,1223051.62,b0
765287253,8,53566,0,0,29.78,93457.97,40.49,894518.44,b0
765270362,1,53623,0,0,30.34,93458.45,40.54,1631872.50,b0
765269850,2,53680,0,0,30.52,93465.30,39.53,999268.13,b0
765286747,3,53737,0,0,30.62,93491.30,39.23,898048.69,b0
765279836,4,53793,0,0,30.44,93443.60,39.20,1622178.25,b0
765271387,5,53850,0,0,30.11,93471.57,40.23,1217598.12,b0
765283665,6,53906,0,0,29.93,93444.56,40.76,622114.19,b0
765268824,7,53963,0,0,29.98,93483.58,40.27,1221957.00,b0
765287253,8,54009,0,0,29.79,93457.81,40.49,896868.81,b0
765270362,1,54066,0,0,30.36,93460.32,40.52,1644649.62,b0
765269850,2,54123,0,0,30.53,93466.26,39.50,1005153.38,b0
765286747,3,54179,0,0,30.64,93490.65,39.23,901606.88,b0
765279836,4,54236,0,0,30.46,93443.72,39.22,1632848.37,b0
765271387,5,54293,0,0,30.12,93473.62,40.22,1227449.75,b0
765283665,6,54349,0,0,29.93,93444.77,40.73,628992.63,b0
765268824,7,54406,0,0,29.99,93482.91,40.25,1215430.25,b0
765287253,8,54452,0,0,29.80,93456.41,40.50,900417.69,b0
765270362,1,54509,0,0,30.37,93460.36,40.49,1642671.00,b0
765269850,2,54566,0,0,30.54,93466.13,39.51,1001467.00,b0
765286747,3,54622,0,0,30.66,93491.42,39.21,903396.56,b0
765279836,4,54679,0,0,30.47,93445.02,39.18,1623142.50,b0
765271387,5,54735,0,0,30.12,93471.83,40.20,1224148.25,b0
765283665,6,54792,0,0,29.93,93444.07,40.73,624390.25,b0
765268824,7,54849,0,0,29.99,93481.64,40.24,1219773.62,b0
765287253,8,54895,0,0,29.81,93458.25,40.48,900417.69,b0
765270362,1,54952,0,0,30.38,93459.72,40.48,1650614.50,b0
765269850,2,55008,0,0,30.55,93466.34,39.48,1004413.94,b0
765286747,3,55065,0,0,30.67,93491.31,39.19,901606.88,b0
765279836,4,55122,0,0,30.48,93443.43,39.18,1631872.50,b0
765271387,5,55178,0,0,30.12,93472.70,40.19,1224148.25,b0
765283665,6,55235,0,0,29.93,93444.82,40.71,631903.75,b0
765268824,7,55292,0,0,30.00,93483.87,40.25,1223051.62,b0
765287253,8,55338,0,0,29.83,93458.30,40.46,899231.63,b0
765270362,1,55395,0,0,30.39,93459.63,40.45,1646633.12,b0
765269850,2,55451,0,0,30.56,93466.73,39.44,1003675.56,b0
765286747,3,55508,0,0,30.69,93491.90,39.18,897458.38,b0
765279836,4,55565,0,0,30.49,93443.14,39.14,1622178.25,b0
765271387,5,55621,0,0,30.13,93473.84,40.16,1238584.87,b0
765283665,6,55678,0,0,29.93,93444.10,40.67,628413.63,b0
765268824,7,55734,0,0,30.00,93483.31,40.22,1223051.62,b0
765287253,8,55780,0,0,29.83,93457.77,40.45,905793.88,b0
765270362,1,55837,0,0,30.40,93460.02,40.46,1652612.50,b0
765269850,2,55894,0,0,30.57,93466.42,39.46,1000732.94,b0
765286747,3,55951,0,0,30.70,93492.87,39.18,897458.38,b0
765279836,4,56007,0,0,30.51,93443.23,39.13,1626042.12,b0
765271387,5,56064,0,0,30.13,93473.17,40.14,1236341.62,b0
765283665,6,56121,0,0,29.94,93445.24,40.66,630153.88,b0
765268824,7,56177,0,0,30.01,93483.91,40.18,1226347.25,b0
765287253,8,56223,0,0,29.84,93459.59,40.41,909413.88,b0
765270362,1,56280,0,0,30.41,93462.26,40.45,1648621.50,b0
765269850,2,56337,0,0,30.58,93468.10,39.43,1008867.00,b0
765286747,3,56393,0,0,30.71,93493.07,39.15,906395.25,b0
765279836,4,56450,0,0,30.51,93443.98,39.10,1636763.25,b0
765271387,5,56507,0,0,30.14,93473.76,40.11,1243095.62,b0
765283665,6,56563,0,0,29.95,93446.91,40.62,633663.38,b0
765268824,7,56620,0,0,30.03,93483.62,40.18,1231879.75,b0
765287253,8,56666,0,0,29.83,93458.33,40.40,910626.94,b0
765270362,1,56723,0,0,30.41,93460.83,40.41,1655618.37,b0
765269850,2,56780,0,0,30.59,93467.61,39.38,1008122.06,b0
765286747,3,56836,0,0,30.71,93493.97,39.12,907600.25,b0
765279836,4,56893,0,0,30.52,93446.33,39.11,1644649.62,b0
765271387,5,56950,0,0,30.15,93472.20,40.11,1248780.50,b0
765283665,6,57006,0,0,29.96,93447.08,40.59,634841.94,b0
765268824,7,57063,0,0,30.05,93483.70,40.16,1240836.12,b0
765287253,8,57109,0,0,29.86,93460.74,40.37,912452.69,b0
765270362,1,57166,0,0,30.42,93459.61,40.38,1660652.75,b0
765269850,2,57223,0,0,30.59,93465.97,39.36,1014112.38,b0
765286747,3,57279,0,0,30.71,93493.79,39.11,906997.31,b0
765279836,4,57336,0,0,30.52,93443.47,39.05,1652612.50,b0
765271387,5,57392,0,0,30.17,93473.27,40.06,1247639.37,b0
765283665,6,57449,0,0,29.98,93444.41,40.58,645039.38,b0
765268824,7,57506,0,0,30.07,93482.50,40.13,1240836.12,b0
765287253,8,57552,0,0,29.87,93459.35,40.34,919210.06,b0
765270362,1,57609,0,0,30.42,93459.09,40.36,1658635.37,b0
765269850,2,57665,0,0,30.60,93468.17,39.34,1019412.63,b0
765286747,3,57722,0,0,30.73,93494.73,39.06,913062.88,b0
765279836,4,57779,0,0,30.54,93446.67,39.03,1658635.37,b0
765271387,5,57835,0,0,30.19,93474.12,40.04,1252216.50,b0
765283665,6,57892,0,0,30.00,93445.85,40.55,642006.25,b0
765268824,7,57948,0,0,30.07,93483.59,40.11,1245363.37,b0
765287253,8,57995,0,0,29.87,93460.05,40.32,927956.50,b0
765270362,1,58052,0,0,30.43,93461.28,40.34,1660652.75,b0
765269850,2,58108,0,0,30.60,93466.74,39.32,1022466.31,b0
765286747,3,58165,0,0,30.74,93493.54,39.03,914898.38,b0
765279836,4,58221,0,0,30.55,93444.89,39.00,1670813.75,b0
765271387,5,58278,0,0,30.20,93473.29,40.01,1275615.12,b0
765283665,6,58335,0,0,29.99,93443.81,40.53,643822.69,b0
765268824,7,58391,0,0,30.08,93484.00,40.08,1251069.00,b0
765287253,8,58437,0,0,29.89,93458.88,40.30,927326.25,b0
765270362,1,58494,0,0,30.44,93460.77,40.29,1683172.37,b0
765269850,2,58551,0,0,30.60,93467.10,39.29,1029404.38,b0
765286747,3,58608,0,0,30.74,93492.80,39.00,918591.63,b0
765279836,4,58664,0,0,30.54,93445.24,38.99,1673886.37,b0
765271387,5,58721,0,0,30.22,93474.10,39.99,1272049.75,b0
765283665,6,58778,0,0,30.00,93443.73,40.49,650571.81,b0
765268824,7,58834,0,0,30.10,93484.27,40.06,1256827.25,b0
765287253,8,58880,0,0,29.90,93459.82,40.27,930486.13,b0
765270362,1,58937,0,0,30.43,93460.41,40.28,1698880.12,b0
765269850,2,58994,0,0,30.60,93466.92,39.26,1035651.06,b0
765286747,3,59050,0,0,30.74,93493.88,38.99,924813.75,b0
765279836,4,59107,0,0,30.56,93444.77,38.96,1685250.00,b0
765271387,5,59164,0,0,30.22,93472.20,39.97,1274424.37,b0
765283665,6,59220,0,0,30.03,93445.55,40.48,649334.19,b0
765268824,7,59277,0,0,30.10,93484.27,40.05,1261472.12,b0
765287253,8,59323,0,0,29.91,93459.84,40.25,929852.44,b0
765270362,1,59380,0,0,30.42,93459.77,40.25,1692562.00,b0
765269850,2,59437,0,0,30.60,93465.32,39.23,1041179.44,b0
765286747,3,59493,0,0,30.74,93492.26,38.96,930486.13,b0
765279836,4,59550,0,0,30.57,93446.45,38.92,1695715.12,b0
765271387,5,59607,0,0,30.24,93474.63,39.93,1291298.87,b0
765283665,6,59663,0,0,30.04,93445.35,40.45,662568.75,b0
765268824,7,59720,0,0,30.10,93484.24,40.00,1268504.12,b0
765287253,8,59766,0,0,29.90,93459.26,40.23,953223.19,b0
765270362,1,59823,0,0,30.44,93460.42,40.22,1704181.37,b0
765269850,2,59880,0,0,30.63,93467.96,39.21,1049987.12,b0
765286747,3,59936,0,0,30.75,93495.01,38.93,934306.56,b0
765279836,4,59993,0,0,30.58,93445.09,38.87,1700996.62,b0
765271387,5,60049,0,0,30.25,93474.47,39.91,1285221.25,b0
765283665,6,60106,0,0,30.05,93445.61,40.42,656199.94,b0
765268824,7,60163,0,0,30.10,93483.70,39.97,1274424.37,b0
765287253,8,60209,0,0,29.89,93459.06,40.20,947928.75,b0
765270362,1,60266,0,0,30.46,93460.38,40.19,1712732.62,b0
765269850,2,60322,0,0,30.65,93467.87,39.20,1056487.00,b0
765286747,3,60379,0,0,30.77,93494.01,38.91,945958.44,b0
765279836,4,60436,0,0,30.60,93445.34,38.85,1706311.12,b0
765271387,5,60492,0,0,30.25,93472.59,39.87,1302384.75,b0
765283665,6,60549,0,0,30.05,93444.34,40.40,658732.69,b0
765268824,7,60605,0,0,30.09,93482.21,39.94,1282806.12,b0
765287253,8,60652,0,0,29.89,93458.32,40.17,951230.81,b0
765270362,1,60708,0,0,30.48,93460.13,40.16,1724631.62,b0
765269850,2,60765,0,0,30.66,93467.20,39.17,1059767.12,b0
765286747,3,60822,0,0,30.79,93494.43,38.90,944649.44,b0
765279836,4,60878,0,0,30.61,93444.68,38.82,1725721.50,b0
765271387,5,60935,0,0,30.26,93473.68,39.84,1306122.50,b0
765283665,6,60992,0,0,30.06,93446.29,40.36,669062.38,b0
765268824,7,61048,0,0,30.11,93483.74,39.93,1285221.25,b0
765287253,8,61094,0,0,29.90,93458.39,40.13,957233.00,b0
765270362,1,61151,0,0,30.48,93459.96,40.14,1730095.00,b0
765269850,2,61208,0,0,30.68,93468.16,39.15,1063067.75,b0
765286747,3,61265,0,0,30.79,93492.44,38.85,949907.25,b0
765279836,4,61321,0,0,30.61,93444.16,38.81,1727905.50,b0
765271387,5,61378,0,0,30.28,93474.16,39.81,1312399.87,b0
765283665,6,61434,0,0,30.07,93446.17,40.34,665151.00,b0
765268824,7,61491,0,0,30.12,93483.07,39.89,1290078.75,b0
765287253,8,61537,0,0,29.93,93457.94,40.12,958577.13,b0
765270362,1,61594,0,0,30.49,93460.52,40.13,1752299.50,b0
765269850,2,61651,0,0,30.69,93465.69,39.11,1069731.00,b0
765286747,3,61707,0,0,30.80,93492.66,38.84,958577.13,b0
765279836,4,61764,0,0,30.62,93445.12,38.78,1745578.50,b0
765271387,5,61821,0,0,30.29,93474.42,39.79,1318737.87,b0
765283665,6,61877,0,0,30.09,93446.52,40.32,667101.00,b0
765268824,7,61934,0,0,30.14,93484.80,39.86,1298668.37,b0
765287253,8,61980,0,0,29.93,93457.96,40.10,979904.31,b0
765270362,1,62037,0,0,30.50,93460.08,40.10,1743349.62,b0
765269850,2,62094,0,0,30.70,93468.45,39.07,1072251.25,b0
765286747,3,62150,0,0,30.80,93492.49,38.80,963991.50,b0
765279836,4,62207,0,0,30.64,93445.02,38.77,1737802.25,b0
765271387,5,62263,0,0,30.30,93472.55,39.76,1329007.12,b0
765283665,6,62320,0,0,30.10,93445.76,40.28,679045.06,b0
765268824,7,62377,0,0,30.13,93483.48,39.87,1303628.25,b0
765287253,8,62423,0,0,29.94,93459.41,40.07,973615.38,b0
765270362,1,62480,0,0,30.52,93460.71,40.06,1762478.50,b0
765269850,2,62536,0,0,30.71,93465.99,39.06,1076478.37,b0
765286747,3,62593,0,0,30.81,93491.28,38.79,965354.69,b0
765279836,4,62650,0,0,30.65,93443.48,38.72,1748932.50,b0
765271387,5,62706,0,0,30.31,93472.23,39.73,1326424.87,b0
765283665,6,62763,0,0,30.10,93445.07,40.27,680398.69,b0
765268824,7,62820,0,0,30.12,93484.71,39.82,1307373.12,b0
765287253,8,62866,0,0,29.92,93458.27,40.03,985563.06,b0
765270362,1,62923,0,0,30.53,93461.68,40.04,1763616.75,b0
765269850,2,62979,0,0,30.73,93466.94,39.03,1080738.75,b0
765286747,3,63036,0,0,30.83,93493.68,38.76,963991.50,b0
765279836,4,63092,0,0,30.66,93445.70,38.70,1770477.62,b0
765271387,5,63149,0,0,30.31,93472.96,39.70,1334202.00,b0
765283665,6,63206,0,0,30.11,93446.53,40.24,681757.69,b0
765268824,7,63262,0,0,30.11,93482.68,39.81,1314927.75,b0
765287253,8,63308,0,0,29.92,93459.33,40.03,979201.50,b0
765270362,1,63365,0,0,30.55,93461.99,40.01,1772776.50,b0
765269850,2,63422,0,0,30.75,93469.16,39.00,1085896.12,b0
765286747,3,63479,0,0,30.85,93495.54,38.75,970846.19,b0
765279836,4,63535,0,0,30.67,93447.70,38.68,1776235.87,b0
765271387,5,63592,0,0,30.31,93474.38,39.66,1338124.75,b0
765283665,6,63649,0,0,30.12,93446.45,40.22,683806.38,b0
765268824,7,63705,0,0,30.11,93485.38,39.77,1317465.37,b0
765287253,8,63751,0,0,29.92,93460.06,39.98,992729.06,b0
765270362,1,63808,0,0,30.56,93460.05,40.00,1777392.00,b0
765269850,2,63865,0,0,30.77,93469.96,38.98,1087626.12,b0
765286747,3,63921,0,0,30.85,93494.09,38.72,976400.50,b0
765279836,4,63978,0,0,30.68,93446.70,38.64,1782031.75,b0
765271387,5,64035,0,0,30.32,93475.54,39.64,1355393.75,b0
765283665,6,64091,0,0,30.12,93446.72,40.16,694944.00,b0
765268824,7,64148,0,0,30.11,93485.20,39.76,1320012.87,b0
765287253,8,64194,0,0,29.93,93460.44,39.98,988417.00,b0
765270362,1,64251,0,0,30.57,93460.83,39.99,1796097.37,b0
765269850,2,64308,0,0,30.78,93470.38,38.94,1094601.87,b0
765286747,3,64364,0,0,30.86,93494.49,38.69,979904.31,b0
765279836,4,64421,0,0,30.69,93445.84,38.61,1793737.62,b0
765271387,5,64478,0,0,30.33,93473.61,39.63,1360797.37,b0
765283665,6,64534,0,0,30.13,93445.50,40.16,690725.13,b0
765268824,7,64591,0,0,30.10,93485.18,39.73,1325137.50,b0
765287253,8,64637,0,0,29.91,93460.75,39.94,991287.50,b0
765270362,1,64694,0,0,30.58,93461.61,39.95,1797279.50,b0
765269850,2,64751,0,0,30.78,93467.53,38.92,1099007.25,b0
765286747,3,64807,0,0,30.87,93495.06,38.67,987701.94,b0
765279836,4,64864,0,0,30.69,93445.49,38.59,1799648.50,b0
765271387,5,64920,0,0,30.33,93475.04,39.60,1362155.00,b0
765283665,6,64977,0,0,30.14,93448.28,40.13,692125.69,b0
765268824,7,65034,0,0,30.11,93483.56,39.71,1336814.62,b0
765287253,8,65080,0,0,29.93,93459.92,39.95,990568.31,b0
765270362,1,65137,0,0,30.59,93460.41,39.92,1802023.75,b0
765269850,2,65193,0,0,30.79,93468.12,38.90,1103448.25,b0
765286747,3,65250,0,0,30.87,93493.84,38.65,982018.69,b0
765279836,4,65307,0,0,30.70,93446.27,38.57,1799648.50,b0
765271387,5,65363,0,0,30.33,93472.95,39.57,1368984.00,b0
765283665,6,65420,0,0,30.14,93445.47,40.09,692125.69,b0
765268824,7,65476,0,0,30.11,93484.30,39.70,1335507.00,b0
765287253,8,65523,0,0,29.94,93458.34,39.93,1016377.19,b0
765270362,1,65579,0,0,30.60,93460.08,39.90,1799648.50,b0
765269850,2,65636,0,0,30.81,93467.66,38.86,1104340.75,b0
765286747,3,65693,0,0,30.88,93493.15,38.62,989850.19,b0
765279836,4,65749,0,0,30.71,93446.46,38.54,1806793.12,b0
765271387,5,65806,0,0,30.35,93476.27,39.53,1370358.00,b0
765283665,6,65863,0,0,30.16,93444.55,40.08,692125.69,b0
765268824,7,65919,0,0,30.13,93483.47,39.69,1338124.75,b0
765287253,8,65965,0,0,29.95,93458.73,39.91,1007378.25,b0
765270362,1,66022,0,0,30.61,93460.69,39.87,1816408.00,b0
765269850,2,66079,0,0,30.82,93466.47,38.83,1100779.37,b0
765286747,3,66136,0,0,30.90,93494.82,38.60,996351.25,b0
765279836,4,66192,0,0,30.74,93446.79,38.52,1807989.37,b0
765271387,5,66249,0,0,30.37,93474.27,39.52,1375881.75,b0
765283665,6,66305,0,0,30.18,93446.88,40.06,699931.63,b0
765268824,7,66362,0,0,30.14,93485.14,39.66,1346040.12,b0
765287253,8,66408,0,0,29.96,93460.21,39.88,1008122.06,b0
765270362,1,66465,0,0,30.62,93461.30,39.85,1811587.75,b0
765269850,2,66522,0,0,30.84,93468.34,38.80,1115164.75,b0
765286747,3,66578,0,0,30.92,93494.88,38.57,993451.38,b0
765279836,4,66635,0,0,30.75,93447.05,38.50,1816408.00,b0
765271387,5,66692,0,0,30.37,93475.49,39.48,1374496.62,b0
765283665,6,66748,0,0,30.18,93448.03,40.03,700650.00,b0
765268824,7,66805,0,0,30.13,93484.20,39.65,1348699.37,b0
765287253,8,66851,0,0,29.96,93459.12,39.86,1009613.00,b0
765270362,1,66908,0,0,30.65,93462.87,39.76,1826125.75,b0
765269850,2,66965,0,0,30.85,93468.94,38.79,1118820.00,b0
765286747,3,67021,0,0,30.94,93495.31,38.56,1000732.94,b0
765279836,4,67078,0,0,30.75,93444.00,38.48,1828571.37,b0
765271387,5,67134,0,0,30.37,93475.66,39.48,1371734.75,b0
765283665,6,67191,0,0,30.18,93446.24,40.02,706450.50,b0
765268824,7,67248,0,0,30.13,93484.20,39.62,1347368.37,b0
765287253,8,67294,0,0,29.96,93459.84,39.83,1021701.19,b0
765270362,1,67351,0,0,30.66,93462.22,39.79,1829796.75,b0
765269850,2,67407,0,0,30.87,93468.44,38.77,1119737.50,b0
765286747,3,67464,0,0,30.94,93493.16,38.53,1003675.56,b0
765279836,4,67521,0,0,30.77,93445.54,38.45,1827347.75,b0
765271387,5,67577,0,0,30.38,93474.83,39.45,1385656.25,b0
765283665,6,67634,0,0,30.19,93447.87,39.99,708650.50,b0
765268824,7,67691,0,0,30.14,93484.23,39.62,1351369.12,b0
765287253,8,67737,0,0,29.96,93459.84,39.83,1012608.19,b0
765270362,1,67794,0,0,30.67,93461.78,39.78,1815200.50,b0
765269850,2,67850,0,0,30.88,93468.70,38.73,1116989.37,b0
765286747,3,67907,0,0,30.96,93495.57,38.51,1005153.38,b0
765279836,4,67963,0,0,30.78,93442.18,38.44,1821253.87,b0
765271387,5,68020,0,0,30.39,93476.15,39.42,1392723.62,b0
765283665,6,68077,0,0,30.19,93446.52,39.97,708650.50,b0
765268824,7,68133,0,0,30.13,93485.30,39.61,1354049.62,b0
765287253,8,68179,0,0,29.96,93459.84,39.82,1012608.19,b0
765270362,1,68236,0,0,30.69,93463.66,39.76,1832252.25,b0
765269850,2,68293,0,0,30.90,93468.05,38.73,1114254.62,b0
765286747,3,68350,0,0,30.97,93495.97,38.48,1003675.56,b0
765279836,4,68406,0,0,30.78,93444.91,38.41,1833482.50,b0
765271387,5,68463,0,0,30.39,93475.25,39.41,1395570.75,b0
765283665,6,68520,0,0,30.19,93446.70,39.96,710864.31,b0
765268824,7,68576,0,0,30.14,93485.67,39.59,1356740.62,b0
765287253,8,68622,0,0,29.96,93460.55,39.81,1026309.19,b0
765270362,1,68679,0,0,30.71,93463.06,39.74,1820040.00,b0
765269850,2,68736,0,0,30.92,93470.44,38.68,1118820.00,b0
765286747,3,68792,0,0,30.97,93494.37,38.47,1007378.25,b0
765279836,4,68849,0,0,30.80,93444.06,38.39,1832252.25,b0
765271387,5,68906,0,0,30.39,93477.05,39.38,1398429.50,b0
765283665,6,68962,0,0,30.20,93446.75,39.93,715333.56,b0
765268824,7,69019,0,0,30.13,93483.64,39.55,1362155.00,b0
765287253,8,69065,0,0,29.96,93459.65,39.76,1018652.06,b0
765270362,1,69122,0,0,30.72,93463.11,39.71,1824905.37,b0
765269850,2,69179,0,0,30.93,93468.88,38.65,1121577.25,b0
765286747,3,69235,0,0,30.99,93496.24,38.43,1011857.69,b0
765279836,4,69292,0,0,30.80,93443.20,38.36,1838420.12,b0
765271387,5,69349,0,0,30.39,93476.73,39.35,1404182.37,b0
765283665,6,69405,0,0,30.21,93447.20,39.91,713091.94,b0
765268824,7,69462,0,0,30.14,93484.05,39.55,1364878.37,b0
765287253,8,69508,0,0,29.96,93458.95,39.77,1037224.63,b0
765270362,1,69565,0,0,30.74,93462.86,39.70,1833482.50,b0
765269850,2,69622,0,0,30.94,93469.48,38.64,1126202.87,b0
765286747,3,69678,0,0,31.00,93496.27,38.41,1010360.13,b0
765279836,4,69735,0,0,30.82,93442.91,38.34,1833482.50,b0
765271387,5,69791,0,0,30.38,93476.31,39.33,1402739.75,b0
765283665,6,69848,0,0,30.21,93445.58,39.88,719859.38,b0
765268824,7,69905,0,0,30.14,93483.86,39.54,1366244.12,b0
765287253,8,69951,0,0,29.96,93457.50,39.76,1028628.81,b0
765270362,1,70008,0,0,30.75,93463.30,39.66,1832252.25,b0
765269850,2,70064,0,0,30.96,93469.70,38.62,1127132.62,b0
765286747,3,70121,0,0,31.01,93495.58,38.39,1011108.38,b0
765279836,4,70178,0,0,30.83,93444.23,38.31,1862241.37,b0
765271387,5,70234,0,0,30.39,93476.01,39.34,1408528.25,b0
765283665,6,70291,0,0,30.21,93447.03,39.88,719101.13,b0
765268824,7,70347,0,0,30.14,93485.34,39.55,1378660.37,b0
765287253,8,70394,0,0,29.97,93459.32,39.75,1032518.25,b0
765270362,1,70451,0,0,30.77,93462.66,39.65,1834714.50,b0
765269850,2,70507,0,0,30.96,93469.20,38.60,1126202.87,b0
765286747,3,70564,0,0,31.02,93495.96,38.37,1008867.00,b0
765279836,4,70620,0,0,30.84,93442.86,38.27,1849627.50,b0
765271387,5,70677,0,0,30.40,93474.80,39.31,1414364.62,b0
765283665,6,70734,0,0,30.22,93446.57,39.84,716083.94,b0
765268824,7,70790,0,0,30.15,93485.73,39.54,1378660.37,b0
765287253,8,70836,0,0,29.99,93460.31,39.74,1036437.25,b0
765270362,1,70893,0,0,30.78,93464.14,39.61,1832252.25,b0
765269850,2,70950,0,0,30.98,93469.48,38.57,1127132.62,b0
765286747,3,71007,0,0,31.03,93493.66,38.34,1017134.31,b0
765279836,4,71063,0,0,30.84,93443.77,38.27,1872457.12,b0
765271387,5,71120,0,0,30.40,93476.62,39.29,1426183.87,b0
765283665,6,71176,0,0,30.23,93445.45,39.82,718344.44,b0
765268824,7,71233,0,0,30.18,93487.47,39.54,1378660.37,b0
765287253,8,71279,0,0,30.01,93460.90,39.73,1041974.06,b0
765270362,1,71336,0,0,30.79,93463.51,39.61,1831023.75,b0
765269850,2,71393,0,0,30.98,93468.05,38.55,1130866.87,b0
765286747,3,71449,0,0,31.05,93496.08,38.34,1020174.38,b0
765279836,4,71506,0,0,30.86,93443.30,38.24,1864784.87,b0
765271387,5,71563,0,0,30.42,93477.45,39.28,1427675.12,b0
765283665,6,71619,0,0,30.25,93446.20,39.81,722908.56,b0
765268824,7,71676,0,0,30.19,93486.05,39.52,1388474.62,b0
765287253,8,71722,0,0,30.02,93458.44,39.71,1052415.25,b0
765270362,1,71779,0,0,30.81,93463.95,39.58,1839658.62,b0
765269850,2,71836,0,0,31.00,93467.22,38.51,1149915.75,b0
765286747,3,71892,0,0,31.06,93495.58,38.30,1022466.31,b0
765279836,4,71949,0,0,30.87,93443.03,38.21,1876317.00,b0
765271387,5,72005,0,0,30.44,93475.59,39.28,1435178.75,b0
765283665,6,72062,0,0,30.27,93447.30,39.79,724442.88,b0
765268824,7,72119,0,0,30.20,93484.67,39.50,1384251.37,b0
765287253,8,72165,0,0,30.04,93459.92,39.71,1047570.31,b0
765270362,1,72222,0,0,30.82,93461.70,39.55,1838420.12,b0
765269850,2,72278,0,0,31.01,93466.56,38.47,1141265.00,b0
765286747,3,72335,0,0,31.08,93495.48,38.29,1020174.38,b0
765279836,4,72392,0,0,30.89,93442.76,38.20,1875028.62,b0
765271387,5,72448,0,0,30.45,93475.13,39.25,1439718.75,b0
765283665,6,72505,0,0,30.28,93447.40,39.78,726756.56,b0
765268824,7,72562,0,0,30.21,93484.90,39.49,1391304.37,b0
765287253,8,72608,0,0,30.05,93460.67,39.70,1054040.12,b0
765270362,1,72665,0,0,30.84,93463.79,39.52,1839658.62,b0
765269850,2,72721,0,0,31.03,93466.80,38.46,1133683.87,b0
765286747,3,72778,0,0,31.10,93498.05,38.28,1028628.81,b0
765279836,4,72835,0,0,30.91,93443.02,38.16,1881488.25,b0
765271387,5,72891,0,0,30.46,93475.73,39.24,1445817.12,b0
765283665,6,72948,0,0,30.29,93447.51,39.75,733787.19,b0
765268824,7,73004,0,0,30.22,93485.82,39.50,1394145.62,b0
765287253,8,73050,0,0,30.06,93460.16,39.69,1048374.69,b0
765270362,1,73107,0,0,30.85,93464.19,39.50,1839658.62,b0
765269850,2,73164,0,0,31.05,93467.23,38.44,1156735.37,b0
765286747,3,73221,0,0,31.11,93495.02,38.25,1020174.38,b0
765279836,4,73277,0,0,30.93,93444.39,38.15,1882785.62,b0
765271387,5,73334,0,0,30.47,93474.55,39.22,1450424.87,b0
765283665,6,73391,0,0,30.30,93447.98,39.74,734576.75,b0
765268824,7,73447,0,0,30.24,93486.09,39.48,1399863.25,b0
765287253,8,73493,0,0,30.08,93461.12,39.66,1060590.37,b0
765270362,1,73550,0,0,30.86,93464.60,39.48,1842140.75,b0
765269850,2,73607,0,0,31.06,93467.48,38.42,1148948.12,b0
765286747,3,73663,0,0,31.12,93495.42,38.24,1021701.19,b0
765279836,4,73720,0,0,30.93,93442.62,38.12,1886688.12,b0
765271387,5,73777,0,0,30.48,93477.88,39.22,1453513.12,b0
765283665,6,73833,0,0,30.32,93447.23,39.72,733787.19,b0
765268824,7,73890,0,0,30.25,93486.87,39.46,1396998.62,b0
765287253,8,73936,0,0,30.08,93458.83,39.65,1050795.25,b0
765270362,1,73993,0,0,30.86,93463.75,39.46,1849627.50,b0
765269850,2,74050,0,0,31.08,93468.96,38.40,1144134.12,b0
765286747,3,74106,0,0,31.13,93495.09,38.21,1028628.81,b0
765279836,4,74163,0,0,30.94,93444.30,38.11,1893228.62,b0
765271387,5,74220,0,0,30.50,93476.94,39.19,1458170.12,b0
765283665,6,74276,0,0,30.32,93446.03,39.69,742567.06,b0
765268824,7,74333,0,0,30.26,93486.71,39.46,1411440.37,b0
765287253,8,74379,0,0,30.09,93460.48,39.64,1050795.25,b0
765270362,1,74436,0,0,30.87,93463.96,39.44,1853393.62,b0
765269850,2,74493,0,0,31.09,93469.19,38.37,1142219.75,b0
765286747,3,74549,0,0,31.13,93494.02,38.18,1027854.44,b0
765279836,4,74606,0,0,30.96,93442.77,38.10,1890607.00,b0
765271387,5,74662,0,0,30.51,93475.55,39.18,1461291.50,b0
765283665,6,74719,0,0,30.34,93447.22,39.69,738550.31,b0
765268824,7,74776,0,0,30.27,93486.19,39.41,1411440.37,b0
765287253,8,74822,0,0,30.10,93459.97,39.62,1061414.87,b0
765270362,1,74879,0,0,30.88,93463.31,39.41,1857175.25,b0
765269850,2,74935,0,0,31.10,93469.41,38.36,1147982.12,b0
765286747,3,74992,0,0,31.15,93495.70,38.17,1027854.44,b0
765279836,4,75049,0,0,30.98,93443.38,38.08,1902461.62,b0
765271387,5,75105,0,0,30.52,93475.45,39.17,1469153.50,b0
765283665,6,75162,0,0,30.35,93447.88,39.68,741760.25,b0
765268824,7,75218,0,0,30.27,93486.05,39.42,1412901.00,b0
765287253,8,75265,0,0,30.11,93461.41,39.61,1062240.62,b0
765270362,1,75322,0,0,30.90,93462.84,39.40,1862241.37,b0
765269850,2,75378,0,0,31.12,93467.53,38.34,1154778.62,b0
765286747,3,75435,0,0,31.16,93492.84,38.15,1036437.25,b0
765279836,4,75491,0,0,31.00,93443.30,38.07,1902461.62,b0
765271387,5,75548,0,0,30.53,93475.88,39.14,1472322.12,b0
765283665,6,75605,0,0,30.36,93448.31,39.67,740151.81,b0
765268824,7,75661,0,0,30.28,93486.05,39.39,1418773.87,b0
765287253,8,75707,0,0,30.10,93460.14,39.59,1073094.00,b0
765270362,1,75764,0,0,30.91,93464.01,39.39,1869892.75,b0
765269850,2,75821,0,0,31.13,93468.27,38.32,1162645.50,b0
765286747,3,75878,0,0,31.18,93495.24,38.14,1033299.69,b0
765279836,4,75934,0,0,31.00,93442.81,38.04,1910447.75,b0
765271387,5,75991,0,0,30.54,93477.21,39.13,1502567.87,b0
765283665,6,76047,0,0,30.36,93447.23,39.64,741760.25,b0
765268824,7,76104,0,0,30.29,93485.01,39.36,1424695.62,b0
765287253,8,76150,0,0,30.11,93458.76,39.55,1084171.50,b0
765270362,1,76207,0,0,30.92,93462.06,39.33,1884084.62,b0
765269850,2,76264,0,0,31.14,93466.73,38.30,1154778.62,b0
765286747,3,76320,0,0,31.19,93495.28,38.13,1036437.25,b0
765279836,4,76377,0,0,31.02,93445.05,38.01,1917154.25,b0
765271387,5,76434,0,0,30.55,93476.34,39.10,1481910.25,b0
765283665,6,76490,0,0,30.37,93447.72,39.61,744998.19,b0
765268824,7,76547,0,0,30.30,93485.22,39.34,1430667.12,b0
765287253,8,76593,0,0,30.13,93460.59,39.56,1086760.37,b0
765270362,1,76650,0,0,30.93,93463.03,39.33,1889298.87,b0
765269850,2,76707,0,0,31.15,93466.77,38.25,1170620.12,b0
765286747,3,76763,0,0,31.19,93494.57,38.10,1038802.94,b0
765279836,4,76820,0,0,31.03,93444.39,38.00,1927983.00,b0
765271387,5,76876,0,0,30.57,93475.23,39.08,1509211.50,b0
765283665,6,76933,0,0,30.38,93446.78,39.60,743375.69,b0
765268824,7,76990,0,0,30.31,93484.73,39.33,1433671.62,b0
765287253,8,77036,0,0,30.13,93459.00,39.54,1075630.25,b0
765270362,1,77093,0,0,30.94,93462.73,39.31,1893228.62,b0
765269850,2,77149,0,0,31.17,93467.02,38.24,1160668.75,b0
765286747,3,77206,0,0,31.20,93495.15,38.09,1045965.25,b0
765279836,4,77263,0,0,31.05,93444.88,37.97,1941692.37,b0
765271387,5,77319,0,0,30.58,93477.13,39.07,1504223.25,b0
765283665,6,77376,0,0,30.39,93448.12,39.60,746627.75,b0
765268824,7,77433,0,0,30.33,93487.90,39.32,1436688.87,b0
765287253,8,77479,0,0,30.15,93459.04,39.52,1079884.00,b0
765270362,1,77536,0,0,30.94,93461.52,39.27,1903788.00,b0
765269850,2,77592,0,0,31.17,93465.77,38.22,1171624.75,b0
765286747,3,77649,0,0,31.22,93496.09,38.06,1049987.12,b0
765279836,4,77706,0,0,31.06,93443.82,37.96,1934813.37,b0
765271387,5,77762,0,0,30.59,93476.99,39.05,1515914.12,b0
765283665,6,77819,0,0,30.41,93448.09,39.57,747445.25,b0
765268824,7,77875,0,0,30.35,93489.05,39.31,1441238.62,b0
765287253,8,77921,0,0,30.16,93461.24,39.49,1091102.87,b0
765270362,1,77978,0,0,30.96,93464.26,39.25,1909112.12,b0
765269850,2,78035,0,0,31.18,93466.00,38.20,1169617.37,b0
765286747,3,78092,0,0,31.22,93496.31,38.04,1053227.00,b0
765279836,4,78148,0,0,31.07,93444.41,37.95,1951405.37,b0
765271387,5,78205,0,0,30.61,93475.13,39.04,1510881.62,b0
765283665,6,78262,0,0,30.41,93447.41,39.57,748264.50,b0
765268824,7,78318,0,0,30.36,93486.19,39.30,1442761.50,b0
765287253,8,78364,0,0,30.18,93460.22,39.47,1095480.12,b0
765270362,1,78421,0,0,30.96,93461.78,39.21,1917154.25,b0
765269850,2,78478,0,0,31.19,93467.81,38.15,1190005.75,b0
765286747,3,78534,0,0,31.23,93495.62,38.02,1057305.12,b0
765279836,4,78591,0,0,31.08,93445.19,37.92,1941692.37,b0
765271387,5,78648,0,0,30.62,93474.83,39.02,1514232.87,b0
765283665,6,78704,0,0,30.42,93447.65,39.53,740955.13,b0
765268824,7,78761,0,0,30.38,93486.62,39.26,1450424.87,b0
765287253,8,78807,0,0,30.19,93460.45,39.46,1099007.25,b0
765270362,1,78864,0,0,30.97,93461.28,39.19,1937559.12,b0
765269850,2,78921,0,0,31.20,93466.96,38.13,1193125.50,b0
765286747,3,78977,0,0,31.24,93493.12,37.99,1059767.12,b0
765279836,4,79034,0,0,31.08,93444.31,37.90,1955598.00,b0
765271387,5,79091,0,0,30.63,93477.44,38.99,1513393.62,b0
765283665,6,79147,0,0,30.42,93445.41,39.53,754605.75,b0
765268824,7,79204,0,0,30.39,93485.75,39.26,1451967.37,b0
765287253,8,79250,0,0,30.20,93459.23,39.45,1095480.12,b0
765270362,1,79307,0,0,30.98,93461.91,39.17,1936185.25,b0
765269850,2,79364,0,0,31.20,93468.08,38.09,1182789.50,b0
765286747,3,79420,0,0,31.24,93492.96,37.96,1069731.00,b0
765279836,4,79477,0,0,31.10,93444.58,37.87,1954198.50,b0
765271387,5,79533,0,0,30.64,93474.66,38.99,1510046.12,b0
765283665,6,79590,0,0,30.43,93447.10,39.52,746627.75,b0
765268824,7,79647,0,0,30.40,93485.09,39.24,1445817.12,b0
765287253,8,79693,0,0,30.22,93460.00,39.44,1099007.25,b0
765270362,1,79750,0,0,30.99,93462.49,39.14,1944457.62,b0
765269850,2,79806,0,0,31.22,93467.40,38.08,1197310.75,b0
765286747,3,79863,0,0,31.26,93492.47,37.95,1072251.25,b0
765279836,4,79920,0,0,31.10,93443.51,37.86,1968284.50,b0
765271387,5,79976,0,0,30.66,93475.27,38.97,1516756.12,b0
765283665,6,80033,0,0,30.44,93446.32,39.52,754188.94,b0
765268824,7,80089,0,0,30.41,93485.67,39.23,1445817.12,b0
765287253,8,80136,0,0,30.23,93459.67,39.44,1099007.25,b0
765270362,1,80193,0,0,31.00,93461.82,39.11,1961216.12,b0
765269850,2,80249,0,0,31.23,93466.92,38.06,1188969.50,b0
765286747,3,80306,0,0,31.27,93492.88,37.91,1077327.75,b0
765279836,4,80362,0,0,31.12,93443.97,37.83,1969704.25,b0
765271387,5,80419,0,0,30.66,93473.37,38.99,1517599.12,b0
765283665,6,80476,0,0,30.46,93448.76,39.54,752941.19,b0
765268824,7,80532,0,0,30.43,93484.83,39.20,1459729.12,b0
765287253,8,80578,0,0,30.24,93459.54,39.41,1093725.00,b0
765270362,1,80635,0,0,31.01,93462.43,39.07,1955598.00,b0
765269850,2,80692,0,0,31.24,93467.70,38.03,1196261.62,b0
765286747,3,80749,0,0,31.28,93493.45,37.91,1076478.37,b0
765279836,4,80805,0,0,31.13,93445.45,37.80,1994157.75,b0
765271387,5,80862,0,0,30.68,93475.08,38.95,1523526.12,b0
765283665,6,80918,0,0,30.46,93446.97,39.49,750458.06,b0
765268824,7,80975,0,0,30.45,93487.06,39.18,1450424.87,b0
765287253,8,81021,0,0,30.25,93460.09,39.41,1103448.25,b0
765270362,1,81078,0,0,31.02,93462.30,39.05,1972550.00,b0
765269850,2,81135,0,0,31.24,93465.91,37.99,1214349.25,b0
765286747,3,81191,0,0,31.28,93493.09,37.86,1080738.75,b0
765279836,4,81248,0,0,31.14,93444.42,37.77,1994157.75,b0
765271387,5,81305,0,0,30.68,93473.68,38.93,1521828.00,b0
765283665,6,81361,0,0,30.46,93446.81,39.50,751283.94,b0
765268824,7,81418,0,0,30.46,93482.76,39.15,1450424.87,b0
765287253,8,81464,0,0,30.25,93459.57,39.39,1094601.87,b0
765270362,1,81521,0,0,31.03,93460.52,39.05,1968284.50,b0
765269850,2,81578,0,0,31.25,93466.63,37.99,1217598.12,b0
765286747,3,81634,0,0,31.30,93492.96,37.85,1085033.12,b0
765279836,4,81691,0,0,31.14,93444.43,37.76,1992702.50,b0
765271387,5,81747,0,0,30.69,93472.12,38.94,1525228.12,b0
765283665,6,81804,0,0,30.47,93447.11,39.48,758378.06,b0
765268824,7,81861,0,0,30.47,93483.91,39.16,1450424.87,b0
765287253,8,81907,0,0,30.27,93458.56,39.37,1104340.75,b0
765270362,1,81964,0,0,31.04,93460.96,39.02,1986902.75,b0
765269850,2,82020,0,0,31.25,93465.74,37.96,1204705.87,b0
765286747,3,82077,0,0,31.31,93490.84,37.82,1081594.87,b0
765279836,4,82134,0,0,31.16,93444.13,37.74,2000000.00,b0
765271387,5,82190,0,0,30.70,93471.98,38.91,1526933.87,b0
765283665,6,82247,0,0,30.48,93446.15,39.47,756277.69,b0
765268824,7,82304,0,0,30.48,93482.32,39.14,1450424.87,b0
765287253,8,82350,0,0,30.28,93460.02,39.35,1101667.62,b0
765270362,1,82407,0,0,31.04,93460.77,38.98,2005876.62,b0
765269850,2,82463,0,0,31.26,93467.20,37.92,1216513.25,b0
765286747,3,82520,0,0,31.31,93492.66,37.79,1099007.25,b0
765279836,4,82577,0,0,31.17,93443.48,37.71,2008827.87,b0
765271387,5,82633,0,0,30.71,93471.02,38.89,1534657.12,b0
765283665,6,82690,0,0,30.49,93447.81,39.44,757957.06,b0
765268824,7,82746,0,0,30.50,93482.20,39.11,1456614.50,b0
765287253,8,82792,0,0,30.29,93457.73,39.33,1099892.62,b0
765270362,1,82849,0,0,31.05,93462.47,38.98,1975403.87,b0
765269850,2,82906,0,0,31.26,93466.88,37.90,1197310.75,b0
765286747,3,82963,0,0,31.32,93492.70,37.76,1096359.75,b0
765279836,4,83019,0,0,31.18,93443.34,37.68,2007351.12,b0
765271387,5,83076,0,0,30.72,93470.36,38.86,1535520.12,b0
765283665,6,83133,0,0,30.50,93447.81,39.43,767328.56,b0
765268824,7,83189,0,0,30.52,93482.64,39.10,1459729.12,b0
765287253,8,83235,0,0,30.32,93460.86,39.32,1102557.25,b0
765270362,1,83292,0,0,31.07,93463.44,38.93,1989798.37,b0
765269850,2,83349,0,0,31.27,93464.96,37.88,1206835.62,b0
765286747,3,83405,0,0,31.33,93492.54,37.75,1100779.37,b0
765279836,4,83462,0,0,31.19,93445.74,37.66,2022216.75,b0
765271387,5,83519,0,0,30.74,93470.63,38.87,1545952.12,b0
765283665,6,83575,0,0,30.52,93446.66,39.43,759221.50,b0
765268824,7,83632,0,0,30.54,93483.25,39.10,1456614.50,b0
765287253,8,83678,0,0,30.32,93458.20,39.32,1112438.87,b0
765270362,1,83735,0,0,31.07,93461.11,38.92,2004404.25,b0
765269850,2,83792,0,0,31.28,93465.71,37.84,1226347.25,b0
765286747,3,83848,0,0,31.34,93491.68,37.73,1102557.25,b0
765279836,4,83905,0,0,31.20,93445.05,37.64,2028224.75,b0
765271387,5,83962,0,0,30.75,93472.31,38.85,1543330.87,b0
765283665,6,84018,0,0,30.52,93447.63,39.41,767760.06,b0
765268824,7,84075,0,0,30.54,93482.18,39.09,1458170.12,b0
765287253,8,84121,0,0,30.32,93460.52,39.30,1109726.37,b0
765270362,1,84178,0,0,31.09,93460.86,38.90,1992702.50,b0
765269850,2,84235,0,0,31.30,93464.53,37.83,1226347.25,b0
765286747,3,84291,0,0,31.36,93492.09,37.70,1100779.37,b0
765279836,4,84348,0,0,31.20,93443.83,37.62,2028224.75,b0
765271387,5,84404,0,0,30.75,93471.42,38.83,1543330.87,b0
765283665,6,84461,0,0,30.53,93449.30,39.40,766467.06,b0
765268824,7,84518,0,0,30.54,93480.00,39.06,1473911.50,b0
765287253,8,84564,0,0,30.31,93459.06,39.27,1116076.25,b0
765270362,1,84621,0,0,31.10,93463.06,38.87,1998536.25,b0
765269850,2,84677,0,0,31.31,93466.17,37.80,1231879.75,b0
765286747,3,84734,0,0,31.35,93492.08,37.67,1114254.62,b0
765279836,4,84791,0,0,31.21,93444.23,37.59,2026719.50,b0
765271387,5,84847,0,0,30.74,93470.84,38.80,1553869.50,b0
765283665,6,84904,0,0,30.53,93448.22,39.38,773413.88,b0
765268824,7,84960,0,0,30.54,93481.63,39.03,1467574.37,b0
765287253,8,85007,0,0,30.33,93460.72,39.26,1119737.50,b0
765270362,1,85064,0,0,31.10,93461.50,38.84,2019226.00,b0
765269850,2,85120,0,0,31.31,93467.63,37.79,1240836.12,b0
765286747,3,85177,0,0,31.37,93491.96,37.65,1113346.00,b0
765279836,4,85233,0,0,31.22,93443.94,37.55,2028224.75,b0
765271387,5,85290,0,0,30.74,93470.68,38.79,1560083.75,b0
765283665,6,85347,0,0,30.53,93447.03,39.36,773852.25,b0
765268824,7,85403,0,0,30.55,93480.93,39.01,1475504.37,b0
765287253,8,85449,0,0,30.33,93459.84,39.23,1126202.87,b0
765270362,1,85506,0,0,31.12,93461.20,38.84,1986902.75,b0
765269850,2,85563,0,0,31.32,93465.34,37.76,1216513.25,b0
765286747,3,85620,0,0,31.39,93493.10,37.63,1114254.62,b0
765279836,4,85676,0,0,31.23,93443.05,37.54,2034268.62,b0
765271387,5,85733,0,0,30.76,93470.78,38.77,1563657.12,b0
765283665,6,85789,0,0,30.55,93447.52,39.36,773852.25,b0
765268824,7,85846,0,0,30.56,93480.97,39.02,1505882.37,b0
765287253,8,85892,0,0,30.34,93458.96,39.22,1124348.12,b0
765270362,1,85949,0,0,31.12,93460.30,38.80,1986902.75,b0
765269850,2,86006,0,0,31.33,93466.27,37.75,1231879.75,b0
765286747,3,86062,0,0,31.39,93492.20,37.62,1116989.37,b0
765279836,4,86119,0,0,31.24,93444.91,37.51,2041874.37,b0
765271387,5,86176,0,0,30.77,93472.09,38.76,1570853.25,b0
765283665,6,86232,0,0,30.56,93446.73,39.32,773852.25,b0
765268824,7,86289,0,0,30.58,93481.76,38.97,1510046.12,b0
765287253,8,86335,0,0,30.36,93461.00,39.19,1113346.00,b0
765270362,1,86392,0,0,31.12,93461.05,38.78,2005876.62,b0
765269850,2,86449,0,0,31.34,93467.36,37.74,1237462.25,b0
765286747,3,86505,0,0,31.39,93492.38,37.59,1119737.50,b0
765279836,4,86562,0,0,31.25,93444.98,37.50,2051076.62,b0
765271387,5,86618,0,0,30.79,93471.50,38.74,1565450.00,b0
765283665,6,86675,0,0,30.57,93446.35,39.31,777820.00,b0
765268824,7,86732,0,0,30.60,93484.19,38.96,1515914.12,b0
765287253,8,86778,0,0,30.37,93460.15,39.19,1130866.87,b0
765270362,1,86835,0,0,31.14,93462.92,38.81,2000000.00,b0
765269850,2,86891,0,0,31.34,93464.88,37.70,1246500.25,b0
765286747,3,86948,0,0,31.41,93492.09,37.56,1120656.62,b0
765279836,4,87005,0,0,31.26,93444.10,37.48,2038825.25,b0
765271387,5,87061,0,0,30.79,93472.09,38.72,1581772.50,b0
765283665,6,87118,0,0,30.58,93446.91,39.29,783174.00,b0
765268824,7,87175,0,0,30.60,93480.78,38.95,1513393.62,b0
765287253,8,87221,0,0,30.38,93460.54,39.17,1134626.00,b0
765270362,1,87278,0,0,31.15,93460.66,38.77,2008827.87,b0
765269850,2,87334,0,0,31.36,93466.93,37.70,1246500.25,b0
765286747,3,87391,0,0,31.42,93491.40,37.55,1115164.75,b0
765279836,4,87448,0,0,31.27,93443.98,37.45,2054162.50,b0
765271387,5,87504,0,0,30.80,93469.81,38.69,1583607.25,b0
765283665,6,87561,0,0,30.59,93444.89,39.28,785878.75,b0
765268824,7,87617,0,0,30.62,93484.29,38.91,1516756.12,b0
765287253,8,87663,0,0,30.39,93460.39,39.16,1135569.75,b0
765270362,1,87720,0,0,31.16,93460.57,38.76,2017734.00,b0
765269850,2,87777,0,0,31.38,93467.90,37.67,1236341.62,b0
765286747,3,87834,0,0,31.44,93491.27,37.54,1122499.37,b0
765279836,4,87890,0,0,31.29,93446.60,37.44,2060362.12,b0
765271387,5,87947,0,0,30.81,93472.39,38.68,1583607.25,b0
765283665,6,88004,0,0,30.60,93445.15,39.26,784073.50,b0
765268824,7,88060,0,0,30.63,93483.06,38.90,1515073.00,b0
765287253,8,88106,0,0,30.39,93459.48,39.14,1140311.75,b0
765270362,1,88163,0,0,31.17,93460.80,38.72,2051076.62,b0
765269850,2,88220,0,0,31.39,93468.13,37.66,1248780.50,b0
765286747,3,88277,0,0,31.44,93491.47,37.54,1127132.62,b0
765279836,4,88333,0,0,31.30,93443.59,37.43,2060362.12,b0
765271387,5,88390,0,0,30.82,93471.37,38.66,1590062.12,b0
765283665,6,88446,0,0,30.61,93446.33,39.25,789971.06,b0
765268824,7,88503,0,0,30.64,93483.27,38.85,1513393.62,b0
765287253,8,88549,0,0,30.40,93459.90,39.12,1139360.25,b0
765270362,1,88606,0,0,31.18,93461.92,38.69,2055708.87,b0
765269850,2,88663,0,0,31.40,93467.26,37.65,1244228.37,b0
765286747,3,88719,0,0,31.46,93492.23,37.51,1116076.25,b0
765279836,4,88776,0,0,31.32,93446.73,37.41,2060362.12,b0
765271387,5,88833,0,0,30.83,93470.70,38.65,1595636.87,b0
765283665,6,88889,0,0,30.61,93447.46,39.23,788147.00,b0
765268824,7,88946,0,0,30.65,93483.30,38.85,1525228.12,b0
765287253,8,88992,0,0,30.41,93460.64,39.10,1142219.75,b0
765270362,1,89049,0,0,31.19,93462.34,38.69,2019226.00,b0
765269850,2,89106,0,0,31.41,93467.30,37.64,1247639.37,b0
765286747,3,89162,0,0,31.47,93493.55,37.49,1121577.25,b0
765279836,4,89219,0,0,31.33,93445.54,37.38,2058808.75,b0
765271387,5,89275,0,0,30.84,93471.34,38.63,1591916.00,b0
765283665,6,89332,0,0,30.64,93443.75,39.22,789971.06,b0
765268824,7,89389,0,0,30.66,93482.28,38.84,1527788.12,b0
765287253,8,89435,0,0,30.42,93459.44,39.11,1143176.12,b0
765270362,1,89492,0,0,31.20,93461.14,38.67,2019226.00,b0
765269850,2,89548,0,0,31.42,93467.70,37.60,1256827.25,b0
765286747,3,89605,0,0,31.48,93492.51,37.48,1128996.75,b0
765279836,4,89662,0,0,31.34,93445.59,37.38,2065036.50,b0
765271387,5,89718,0,0,30.85,93470.16,38.61,1602190.50,b0
765283665,6,89775,0,0,30.65,93442.61,39.19,790428.38,b0
765268824,7,89832,0,0,30.68,93483.41,38.81,1534657.12,b0
765287253,8,89878,0,0,30.44,93459.47,39.09,1147017.62,b0
765270362,1,89935,0,0,31.21,93461.92,38.66,2022216.75,b0
765269850,2,89991,0,0,31.43,93468.27,37.60,1252216.50,b0
765286747,3,90048,0,0,31.49,93492.17,37.45,1117903.87,b0
765279836,4,90105,0,0,31.35,93444.93,37.35,2082358.87,b0
765271387,5,90161,0,0,30.87,93471.16,38.61,1595636.87,b0
765283665,6,90218,0,0,30.67,93445.48,39.18,794568.38,b0
765268824,7,90274,0,0,30.69,93483.84,38.79,1532934.12,b0
765287253,8,90320,0,0,30.45,93462.01,39.03,1153802.87,b0
765270362,1,90377,0,0,31.23,93461.44,38.62,2066599.37,b0
765269850,2,90434,0,0,31.44,93467.96,37.56,1266151.50,b0
765286747,3,90491,0,0,31.51,93490.95,37.44,1135569.75,b0
765279836,4,90547,0,0,31.36,93446.23,37.34,2095140.62,b0
765271387,5,90604,0,0,30.88,93469.79,38.56,1608798.12,b0
765283665,6,90661,0,0,30.67,93446.03,39.17,795958.00,b0
765268824,7,90717,0,0,30.70,93482.59,38.76,1534657.12,b0
765287253,8,90763,0,0,30.46,93462.23,39.02,1155756.25,b0
765270362,1,90820,0,0,31.23,93461.66,38.60,2046465.12,b0
765269850,2,90877,0,0,31.45,93469.78,37.56,1256827.25,b0
765286747,3,90933,0,0,31.52,93490.45,37.44,1130866.87,b0
765279836,4,90990,0,0,31.37,93445.40,37.32,2077605.87,b0
765271387,5,91047,0,0,30.89,93472.71,38.55,1613551.25,b0
765283665,6,91103,0,0,30.67,93442.12,39.14,791803.63,b0
765268824,7,91160,0,0,30.71,93482.27,38.73,1546827.75,b0
765287253,8,91206,0,0,30.47,93461.73,38.99,1160668.75,b0
765270362,1,91263,0,0,31.24,93460.45,38.59,2060362.12,b0
765269850,2,91320,0,0,31.46,93468.21,37.54,1261472.12,b0
765286747,3,91376,0,0,31.53,93492.66,37.40,1131804.37,b0
765279836,4,91433,0,0,31.38,93445.09,37.31,2090329.12,b0
765271387,5,91490,0,0,30.90,93472.78,38.53,1621215.12,b0
765283665,6,91546,0,0,30.68,93444.04,39.10,797352.56,b0
765268824,7,91603,0,0,30.73,93482.52,38.71,1538981.75,b0
765287253,8,91649,0,0,30.49,93460.73,38.98,1158698.75,b0
765270362,1,91706,0,0,31.26,93461.61,38.57,2048000.00,b0
765269850,2,91763,0,0,31.46,93468.06,37.51,1275615.12,b0
765286747,3,91819,0,0,31.54,93491.79,37.40,1133683.87,b0
765279836,4,91876,0,0,31.39,93445.85,37.31,2095140.62,b0
765271387,5,91932,0,0,30.91,93470.85,38.53,1627010.87,b0
765283665,6,91989,0,0,30.70,93441.66,39.09,800156.25,b0
765268824,7,92046,0,0,30.76,93483.70,38.69,1551221.37,b0
765287253,8,92092,0,0,30.51,93460.79,38.97,1161656.25,b0
765270362,1,92149,0,0,31.26,93461.10,38.57,2072874.50,b0
765269850,2,92205,0,0,31.47,93466.29,37.51,1262638.75,b0
765286747,3,92262,0,0,31.55,93491.84,37.38,1140311.75,b0
765279836,4,92319,0,0,31.40,93444.45,37.28,2101590.50,b0
765271387,5,92375,0,0,30.93,93469.56,38.47,1627010.87,b0
765283665,6,92432,0,0,30.71,93442.73,39.07,801565.56,b0
765268824,7,92488,0,0,30.77,93482.13,38.68,1544203.62,b0
765287253,8,92535,0,0,30.52,93460.63,38.95,1161656.25,b0
765270362,1,92592,0,0,31.27,93460.95,38.52,2088730.25,b0
765269850,2,92648,0,0,31.48,93467.76,37.48,1274424.37,b0
765286747,3,92705,0,0,31.57,93493.50,37.36,1141265.00,b0
765279836,4,92761,0,0,31.41,93444.70,37.26,2109709.00,b0
765271387,5,92818,0,0,30.94,93471.41,38.48,1627980.87,b0
765283665,6,92875,0,0,30.71,93442.91,39.05,804399.06,b0
765268824,7,92931,0,0,30.78,93484.51,38.65,1552985.75,b0
765287253,8,92977,0,0,30.52,93461.34,38.93,1174648.75,b0
765270362,1,93034,0,0,31.28,93461.93,38.53,2071302.12,b0
765269850,2,93091,0,0,31.49,93468.89,37.44,1279200.50,b0
765286747,3,93148,0,0,31.56,93490.06,37.34,1142219.75,b0
765279836,4,93204,0,0,31.41,93444.88,37.23,2104830.50,b0
765271387,5,93261,0,0,30.93,93471.73,38.46,1630897.87,b0
765283665,6,93318,0,0,30.72,93444.26,39.04,809646.19,b0
765268824,7,93374,0,0,30.77,93483.05,38.62,1561868.50,b0
765287253,8,93420,0,0,30.51,93462.20,38.92,1178705.00,b0
765270362,1,93477,0,0,31.29,93460.55,38.49,2095140.62,b0
765269850,2,93534,0,0,31.50,93468.19,37.45,1282806.12,b0
765286747,3,93590,0,0,31.58,93492.11,37.34,1154778.62,b0
765279836,4,93647,0,0,31.41,93442.73,37.21,2124481.25,b0
765271387,5,93704,0,0,30.94,93472.88,38.44,1637744.87,b0
765283665,6,93760,0,0,30.73,93443.75,39.02,811089.13,b0
765268824,7,93817,0,0,30.78,93483.05,38.60,1566348.00,b0
765287253,8,93863,0,0,30.52,93462.24,38.88,1178705.00,b0
765270362,1,93920,0,0,31.30,93462.05,38.48,2099974.25,b0
765269850,2,93977,0,0,31.49,93465.84,37.42,1288860.87,b0
765286747,3,94033,0,0,31.60,93491.26,37.32,1148948.12,b0
765279836,4,94090,0,0,31.41,93442.91,37.18,2126135.50,b0
765271387,5,94147,0,0,30.95,93472.55,38.40,1646633.12,b0
765283665,6,94203,0,0,30.74,93444.96,38.99,817891.38,b0
765268824,7,94260,0,0,30.78,93482.71,38.58,1572662.75,b0
765287253,8,94306,0,0,30.53,93460.31,38.86,1187935.00,b0
765270362,1,94363,0,0,31.31,93460.09,38.45,2111340.25,b0
765269850,2,94420,0,0,31.48,93467.43,37.40,1292521.25,b0
765286747,3,94476,0,0,31.62,93493.84,37.27,1157716.25,b0
765279836,4,94533,0,0,31.42,93445.65,37.17,2131113.50,b0
765271387,5,94589,0,0,30.96,93471.02,38.40,1643659.75,b0
765283665,6,94646,0,0,30.76,93443.34,38.97,825307.25,b0
765268824,7,94703,0,0,30.79,93483.30,38.57,1586367.12,b0
765287253,8,94749,0,0,30.55,93463.95,38.85,1200468.87,b0
765270362,1,94806,0,0,31.32,93463.41,38.43,2088730.25,b0
765269850,2,94862,0,0,31.48,93467.78,37.37,1299904.75,b0
765286747,3,94919,0,0,31.63,93493.35,37.25,1158698.75,b0
765279836,4,94976,0,0,31.42,93444.57,37.14,2152956.75,b0
765271387,5,95032,0,0,30.97,93472.91,38.36,1653613.25,b0
765283665,6,95089,0,0,30.77,93442.92,38.96,825307.25,b0
765268824,7,95145,0,0,30.79,93483.30,38.54,1582689.37,b0
765287253,8,95192,0,0,30.55,93463.76,38.82,1201525.37,b0
765270362,1,95249,0,0,31.33,93460.19,38.40,2085539.75,b0
765269850,2,95305,0,0,31.48,93466.15,37.35,1301143.62,b0
765286747,3,95362,0,0,31.64,93494.09,37.25,1162645.50,b0
765279836,4,95418,0,0,31.42,93444.02,37.10,2161477.50,b0
765271387,5,95475,0,0,30.98,93472.05,38.35,1660652.75,b0
765283665,6,95532,0,0,30.78,93445.33,38.92,824808.69,b0
765268824,7,95588,0,0,30.80,93481.32,38.52,1588212.50,b0
765287253,8,95634,0,0,30.55,93461.80,38.82,1200468.87,b0
765270362,1,95691,0,0,31.32,93461.08,38.40,2126135.50,b0
765269850,2,95748,0,0,31.49,93466.04,37.34,1312399.87,b0
765286747,3,95805,0,0,31.63,93491.18,37.21,1171624.75,b0
765279836,4,95861,0,0,31.42,93443.68,37.10,2171792.25,b0
765271387,5,95918,0,0,30.98,93469.91,38.33,1670813.75,b0
765283665,6,95974,0,0,30.78,93444.94,38.91,826306.25,b0
765268824,7,96031,0,0,30.81,93482.81,38.49,1605959.62,b0
765287253,8,96077,0,0,30.58,93463.13,38.80,1200468.87,b0
765270362,1,96134,0,0,31.32,93461.08,38.36,2132778.00,b0
765269850,2,96191,0,0,31.50,93467.12,37.32,1313662.62,b0
765286747,3,96247,0,0,31.63,93492.27,37.22,1168616.25,b0
765279836,4,96304,0,0,31.42,93443.86,37.08,2170066.25,b0
765271387,5,96361,0,0,30.98,93473.66,38.32,1681100.00,b0
765283665,6,96417,0,0,30.78,93442.83,38.89,830831.63,b0
765268824,7,96474,0,0,30.82,93484.50,38.48,1615460.50,b0
765287253,8,96520,0,0,30.59,93461.22,38.79,1216513.25,b0
765270362,1,96577,0,0,31.33,93460.19,38.35,2156357.00,b0
765269850,2,96634,0,0,31.49,93467.63,37.30,1316195.37,b0
765286747,3,96690,0,0,31.63,93491.91,37.18,1179723.50,b0
765279836,4,96747,0,0,31.43,93442.66,37.05,2170066.25,b0
765271387,5,96803,0,0,30.98,93471.18,38.29,1686290.62,b0
765283665,6,96860,0,0,30.80,93442.30,38.86,833367.25,b0
765268824,7,96917,0,0,30.80,93483.88,38.44,1614505.37,b0
765287253,8,96963,0,0,30.58,93462.80,38.77,1211117.62,b0
765270362,1,97020,0,0,31.35,93463.19,38.32,2144502.50,b0
765269850,2,97076,0,0,31.50,93469.12,37.29,1327714.75,b0
765286747,3,97133,0,0,31.64,93493.21,37.13,1175660.12,b0
765279836,4,97190,0,0,31.44,93443.96,37.04,2192719.50,b0
765271387,5,97246,0,0,30.99,93472.12,38.26,1689420.50,b0
765283665,6,97303,0,0,30.79,93440.80,38.86,844187.94,b0
765268824,7,97360,0,0,30.80,93480.42,38.43,1613551.25,b0
765287253,8,97406,0,0,30.57,93461.14,38.73,1216513.25,b0
765270362,1,97463,0,0,31.36,93463.27,38.31,2159768.00,b0
765269850,2,97519,0,0,31.52,93466.66,37.28,1325137.50,b0
765286747,3,97576,0,0,31.65,93492.16,37.12,1186902.37,b0
765279836,4,97632,0,0,31.46,93443.13,37.02,2183951.00,b0
765271387,5,97689,0,0,31.00,93471.61,38.23,1695715.12,b0
765283665,6,97746,0,0,30.80,93444.50,38.83,841067.75,b0
765268824,7,97802,0,0,30.81,93483.18,38.41,1620253.12,b0
765287253,8,97848,0,0,30.57,93462.23,38.72,1228554.25,b0
765270362,1,97905,0,0,31.36,93462.02,38.30,2139462.00,b0
765269850,2,97962,0,0,31.52,93467.22,37.25,1332899.50,b0
765286747,3,98019,0,0,31.65,93493.06,37.11,1187935.00,b0
765279836,4,98075,0,0,31.46,93442.78,36.99,2189203.75,b0
765271387,5,98132,0,0,31.02,93471.58,38.22,1702056.87,b0
765283665,6,98189,0,0,30.81,93442.02,38.80,849440.06,b0
765268824,7,98245,0,0,30.81,93481.55,38.38,1633825.25,b0
765287253,8,98291,0,0,30.58,93462.78,38.72,1237462.25,b0
765270362,1,98348,0,0,31.37,93460.58,38.28,2136114.75,b0
765269850,2,98405,0,0,31.53,93469.05,37.26,1334202.00,b0
765286747,3,98461,0,0,31.64,93492.84,37.07,1193125.50,b0
765279836,4,98518,0,0,31.46,93442.06,36.98,2212260.25,b0
765271387,5,98575,0,0,31.03,93474.71,38.21,1708446.25,b0
765283665,6,98631,0,0,30.81,93442.55,38.75,851028.44,b0
765268824,7,98688,0,0,30.82,93485.41,38.36,1639711.75,b0
765287253,8,98734,0,0,30.58,93462.44,38.69,1241964.87,b0
765270362,1,98791,0,0,31.36,93462.91,38.26,2183951.00,b0
765269850,2,98848,0,0,31.52,93465.60,37.24,1334202.00,b0
765286747,3,98904,0,0,31.64,93492.66,37.06,1196261.62,b0
765279836,4,98961,0,0,31.46,93442.08,36.97,2228509.25,b0
765271387,5,99018,0,0,31.03,93471.83,38.17,1722455.87,b0
765283665,6,99074,0,0,30.80,93443.25,38.75,858520.25,b0
765268824,7,99131,0,0,30.82,93484.70,38.35,1648621.50,b0
765287253,8,99177,0,0,30.57,93460.80,38.66,1239709.50,b0
765270362,1,99234,0,0,31.37,93461.70,38.26,2190960.25,b0
765269850,2,99291,0,0,31.53,93466.52,37.24,1343391.25,b0
765286747,3,99347,0,0,31.65,93492.34,37.05,1212193.00,b0
765279836,4,99404,0,0,31.47,93441.74,36.96,2230329.50,b0
765271387,5,99460,0,0,31.03,93472.76,38.15,1724631.62,b0
765283665,6,99517,0,0,30.80,93443.61,38.72,862860.75,b0
765268824,7,99574,0,0,30.84,93482.38,38.33,1640697.00,b0
765287253,8,99620,0,0,30.59,93461.75,38.64,1251069.00,b0
765270362,1,99677,0,0,31.35,93462.99,38.22,2192719.50,b0
765269850,2,99733,0,0,31.50,93467.31,37.21,1356740.62,b0
765286747,3,99790,0,0,31.66,93492.91,37.03,1212193.00,b0
765279836,4,99847,0,0,31.46,93442.61,36.94,2244998.75,b0
765271387,5,99903,0,0,31.04,93473.91,38.15,1726812.87,b0
765283665,6,99960,0,0,30.80,93443.73,38.70,863952.75,b0
765268824,7,100016,0,0,30.86,93483.73,38.31,1665717.75,b0
765287253,8,100063,0,0,30.61,93462.17,38.61,1252216.50,b0
765270362,1,100120,0,0,31.34,93462.95,38.21,2198014.50,b0
765269850,2,100176,0,0,31.48,93467.07,37.20,1362155.00,b0
765286747,3,100233,0,0,31.65,93494.13,37.00,1220864.37,b0
765279836,4,100289,0,0,31.45,93444.17,36.91,2244998.75,b0
765271387,5,100346,0,0,31.04,93472.28,38.09,1741126.50,b0
765283665,6,100403,0,0,30.80,93444.63,38.67,864499.81,b0
765268824,7,100459,0,0,30.88,93483.27,38.30,1665717.75,b0
765287253,8,100505,0,0,30.63,93462.58,38.60,1262638.75,b0
765270362,1,100562,0,0,31.35,93462.99,38.18,2203335.25,b0
765269850,2,100619,0,0,31.50,93467.33,37.19,1366244.12,b0
765286747,3,100676,0,0,31.61,93491.30,36.97,1225246.75,b0
765279836,4,100732,0,0,31.45,93444.73,36.88,2265486.75,b0
765271387,5,100789,0,0,31.04,93473.89,38.10,1747813.12,b0
765283665,6,100845,0,0,30.81,93444.91,38.67,870008.50,b0
765268824,7,100902,0,0,30.89,93484.38,38.29,1675941.12,b0
765287253,8,100948,0,0,30.63,93462.42,38.60,1273235.87,b0
765270362,1,101005,0,0,31.35,93461.79,38.18,2208681.50,b0
765269850,2,101062,0,0,31.52,93467.92,37.18,1363515.37,b0
765286747,3,101118,0,0,31.61,93492.73,36.95,1230769.25,b0
765279836,4,101175,0,0,31.47,93443.19,36.87,2271139.50,b0
765271387,5,101232,0,0,31.06,93474.88,38.08,1764756.62,b0
765283665,6,101288,0,0,30.83,93445.28,38.65,877839.69,b0
765268824,7,101345,0,0,30.89,93484.59,38.26,1693611.75,b0
765287253,8,101391,0,0,30.65,93463.55,38.57,1276808.00,b0
765270362,1,101448,0,0,31.37,93463.27,38.16,2230329.50,b0
765269850,2,101505,0,0,31.53,93467.95,37.17,1375881.75,b0
765286747,3,101561,0,0,31.63,93491.72,36.93,1234106.62,b0
765279836,4,101618,0,0,31.49,93442.05,36.87,2280623.50,b0
765271387,5,101674,0,0,31.07,93472.30,38.05,1762478.50,b0
765283665,6,101731,0,0,30.84,93443.74,38.62,879536.19,b0
765268824,7,101788,0,0,30.91,93483.91,38.26,1683172.37,b0
765287253,8,101834,0,0,30.66,93463.03,38.56,1280400.12,b0
765270362,1,101891,0,0,31.37,93462.91,38.14,2223066.50,b0
765269850,2,101947,0,0,31.54,93467.27,37.14,1373114.37,b0
765286747,3,102004,0,0,31.65,93492.52,36.94,1234106.62,b0
765279836,4,102061,0,0,31.51,93442.51,36.84,2288268.25,b0
765271387,5,102117,0,0,31.08,93473.45,38.04,1773928.12,b0
765283665,6,102174,0,0,30.85,93443.12,38.61,880670.81,b0
765268824,7,102231,0,0,30.92,93484.88,38.21,1687332.62,b0
765287253,8,102277,0,0,30.67,93463.63,38.54,1276808.00,b0
765270362,1,102334,0,0,31.36,93463.79,38.13,2219452.75,b0
765269850,2,102390,0,0,31.54,93468.20,37.15,1373114.37,b0
765286747,3,102447,0,0,31.67,93492.39,36.91,1237462.25,b0
765279836,4,102504,0,0,31.52,93441.65,36.83,2282530.00,b0
765271387,5,102560,0,0,31.09,93472.09,38.03,1767040.50,b0
765283665,6,102617,0,0,30.86,93444.66,38.59,882948.94,b0
765268824,7,102673,0,0,30.93,93482.55,38.19,1706311.12,b0
765287253,8,102719,0,0,30.69,93464.02,38.53,1285221.25,b0
765270362,1,102776,0,0,31.37,93463.10,38.12,2235807.75,b0
765269850,2,102833,0,0,31.54,93468.02,37.13,1380053.87,b0
765286747,3,102890,0,0,31.67,93492.39,36.90,1243095.62,b0
765279836,4,102946,0,0,31.53,93440.28,36.83,2278720.50,b0
765271387,5,103003,0,0,31.10,93473.37,38.01,1776235.87,b0
765283665,6,103060,0,0,30.87,93443.86,38.57,881808.38,b0
765268824,7,103116,0,0,30.95,93483.15,38.18,1698880.12,b0
765287253,8,103162,0,0,30.70,93461.03,38.51,1287645.37,b0
765270362,1,103219,0,0,31.37,93463.29,38.08,2244998.75,b0
765269850,2,103276,0,0,31.54,93468.73,37.10,1381450.25,b0
765286747,3,103332,0,0,31.69,93494.63,36.89,1243095.62,b0
765279836,4,103389,0,0,31.54,93441.96,36.82,2305657.25,b0
765271387,5,103446,0,0,31.12,93473.88,38.01,1772776.50,b0
765283665,6,103502,0,0,30.88,93442.54,38.56,883520.25,b0
765268824,7,103559,0,0,30.98,93485.98,38.16,1704181.37,b0
765287253,8,103605,0,0,30.72,93462.71,38.50,1287645.37,b0
765270362,1,103673,0,0,31.37,93461.85,38.06,2244998.75,b0
765269850,2,103719,0,0,31.55,93468.94,37.11,1382849.37,b0
765286747,3,103775,0,0,31.70,93493.55,36.87,1247639.37,b0
765279836,4,103832,0,0,31.55,93443.41,36.81,2303712.00,b0
765271387,5,103889,0,0,31.13,93474.48,37.98,1792560.12,b0
765283665,6,103945,0,0,30.90,93442.73,38.56,881808.38,b0
765268824,7,104002,0,0,30.99,93483.49,38.16,1706311.12,b0
765287253,8,104048,0,0,30.74,93461.52,38.50,1287645.37,b0
765270362,1,104115,0,0,31.38,93462.98,38.07,2252405.75,b0
765269850,2,104162,0,0,31.57,93470.07,37.08,1388474.62,b0
765286747,3,104218,0,0,31.71,93493.95,36.85,1247639.37,b0
765279836,4,104275,0,0,31.55,93442.01,36.79,2297896.25,b0
765271387,5,104331,0,0,31.16,93474.27,37.98,1772776.50,b0
765283665,6,104388,0,0,30.92,93445.27,38.55,888117.94,b0
765268824,7,104445,0,0,31.01,93484.29,38.13,1698880.12,b0
765287253,8,104491,0,0,30.75,93460.84,38.48,1290078.75,b0
765270362,1,104558,0,0,31.39,93463.40,38.05,2273030.00,b0
765269850,2,104604,0,0,31.57,93468.51,37.08,1394145.62,b0
765286747,3,104661,0,0,31.72,93492.91,36.84,1248780.50,b0
765279836,4,104718,0,0,31.57,93443.31,36.76,2327272.75,b0
765271387,5,104774,0,0,31.17,93473.98,37.96,1782031.75,b0
765283665,6,104831,0,0,30.94,93445.95,38.54,889274.88,b0
765268824,7,104887,0,0,31.03,93486.18,38.12,1696768.87,b0
765287253,8,104934,0,0,30.78,93460.91,38.46,1282806.12,b0
765270362,1,105001,0,0,31.40,93464.55,38.05,2265486.75,b0
765269850,2,105047,0,0,31.59,93469.98,37.06,1392723.62,b0
765286747,3,105104,0,0,31.73,93494.94,36.83,1256827.25,b0
765279836,4,105160,0,0,31.57,93442.62,36.73,2321337.50,b0
765271387,5,105217,0,0,31.18,93472.66,37.95,1787865.50,b0
765283665,6,105274,0,0,30.95,93444.26,38.54,886964.06,b0
765268824,7,105330,0,0,31.04,93484.94,38.12,1709515.87,b0
765287253,8,105376,0,0,30.80,93461.71,38.44,1282806.12,b0
765270362,1,105444,0,0,31.40,93463.11,38.03,2256127.75,b0
765269850,2,105490,0,0,31.60,93470.54,37.04,1401300.00,b0
765286747,3,105547,0,0,31.74,93494.97,36.82,1261472.12,b0
765279836,4,105603,0,0,31.59,93442.53,36.73,2321337.50,b0
765271387,5,105660,0,0,31.20,93474.23,37.94,1785527.50,b0
765283665,6,105716,0,0,30.97,93445.02,38.54,892763.75,b0
765268824,7,105773,0,0,31.05,93485.34,38.09,1714883.87,b0
765287253,8,105819,0,0,30.81,93461.38,38.41,1285221.25,b0
765270362,1,105887,0,0,31.40,93461.88,38.02,2256127.75,b0
765269850,2,105933,0,0,31.60,93471.84,37.05,1395570.75,b0
765286747,3,105989,0,0,31.75,93493.02,36.81,1257985.25,b0
765279836,4,106046,0,0,31.61,93442.98,36.71,2331246.50,b0
765271387,5,106103,0,0,31.22,93476.85,37.93,1782031.75,b0
765283665,6,106159,0,0,30.99,93445.23,38.52,890434.81,b0
765268824,7,106216,0,0,31.04,93483.13,38.04,1720285.62,b0
765287253,8,106262,0,0,30.82,93462.66,38.40,1285221.25,b0
765270362,1,106330,0,0,31.41,93463.71,38.01,2274923.75,b0
765269850,2,106376,0,0,31.61,93468.45,37.04,1404182.37,b0
765286747,3,106432,0,0,31.77,93493.97,36.78,1263807.50,b0
765279836,4,106489,0,0,31.62,93443.24,36.71,2339234.75,b0
765271387,5,106546,0,0,31.22,93474.16,37.92,1798463.25,b0
765283665,6,106602,0,0,31.00,93447.10,38.50,894518.44,b0
765268824,7,106659,0,0,31.03,93483.46,38.02,1713807.50,b0
765287253,8,106705,0,0,30.81,93463.32,38.38,1302384.75,b0
765270362,1,106772,0,0,31.43,93465.24,37.99,2280623.50,b0
765269850,2,106818,0,0,31.63,93469.96,37.02,1394145.62,b0
765286747,3,106875,0,0,31.78,93495.65,36.79,1257985.25,b0
765279836,4,106932,0,0,31.63,93445.05,36.69,2339234.75,b0
765271387,5,106988,0,0,31.22,93473.63,37.90,1802023.75,b0
765283665,6,107045,0,0,31.01,93447.36,38.48,895104.88,b0
765268824,7,107102,0,0,31.02,93485.77,38.01,1720285.62,b0
765287253,8,107148,0,0,30.80,93462.94,38.35,1304874.12,b0
765270362,1,107215,0,0,31.44,93463.88,37.99,2286352.25,b0
765269850,2,107261,0,0,31.64,93469.84,37.02,1401300.00,b0
765286747,3,107318,0,0,31.80,93493.88,36.76,1264978.37,b0
765279836,4,107375,0,0,31.63,93442.20,36.69,2339234.75,b0
765271387,5,107431,0,0,31.23,93474.23,37.88,1810386.75,b0
765283665,6,107488,0,0,31.01,93444.16,38.47,893347.88,b0
765268824,7,107544,0,0,31.04,93485.84,37.98,1728999.62,b0
765287253,8,107591,0,0,30.80,93463.51,38.33,1297434.25,b0
765270362,1,107658,0,0,31.47,93465.78,37.97,2290187.25,b0
765269850,2,107704,0,0,31.66,93470.80,37.01,1395570.75,b0
765286747,3,107761,0,0,31.79,93491.89,36.75,1262638.75,b0
765279836,4,107817,0,0,31.64,93440.84,36.65,2343249.50,b0
765271387,5,107874,0,0,31.25,93474.91,37.84,1816408.00,b0
765283665,6,107931,0,0,31.02,93445.70,38.46,893932.75,b0
765268824,7,107987,0,0,31.05,93483.33,37.97,1736697.00,b0
765287253,8,108033,0,0,30.82,93462.48,38.31,1312399.87,b0
765270362,1,108111,0,0,31.47,93465.09,37.96,2280623.50,b0
765269850,2,108157,0,0,31.67,93470.13,37.00,1407076.62,b0
765286747,3,108214,0,0,31.81,93493.91,36.74,1278003.12,b0
765279836,4,108260,0,0,31.66,93444.67,36.63,2335233.75,b0
765271387,5,108317,0,0,31.26,93474.58,37.82,1817617.00,b0
765283665,6,108373,0,0,31.04,93446.27,38.44,899231.63,b0
765268824,7,108430,0,0,31.05,93482.42,37.95,1726812.87,b0
765287253,8,108476,0,0,30.83,93463.04,38.29,1311139.62,b0
765270362,1,108554,0,0,31.48,93465.15,37.97,2294035.25,b0
765269850,2,108600,0,0,31.68,93472.48,36.98,1411440.37,b0
765286747,3,108657,0,0,31.82,93493.23,36.73,1268504.12,b0
765279836,4,108703,0,0,31.67,93443.46,36.64,2353346.75,b0
765271387,5,108760,0,0,31.27,93476.09,37.80,1823686.50,b0
765283665,6,108816,0,0,31.06,93445.14,38.40,905193.38,b0
765268824,7,108873,0,0,31.06,93485.20,37.92,1725721.50,b0
765287253,8,108919,0,0,30.84,93461.83,38.25,1316195.37,b0
765270362,1,108997,0,0,31.49,93465.75,37.95,2301770.25,b0
765269850,2,109043,0,0,31.67,93471.73,36.97,1404182.37,b0
765286747,3,109100,0,0,31.83,93494.88,36.71,1267326.75,b0
765279836,4,109146,0,0,31.68,93444.22,36.62,2351320.25,b0
765271387,5,109202,0,0,31.29,93475.84,37.79,1826125.75,b0
765283665,6,109259,0,0,31.06,93446.26,38.39,906997.31,b0
765268824,7,109316,0,0,31.07,93485.22,37.90,1747813.12,b0
765287253,8,109362,0,0,30.85,93464.16,38.22,1322570.25,b0
765270362,1,109440,0,0,31.50,93464.72,37.95,2315432.50,b0
765269850,2,109486,0,0,31.70,93469.88,36.96,1415831.37,b0
765286747,3,109543,0,0,31.84,93495.64,36.71,1276808.00,b0
765279836,4,109589,0,0,31.68,93445.14,36.61,2349297.50,b0
765271387,5,109645,0,0,31.30,93475.34,37.76,1827347.75,b0
765283665,6,109702,0,0,31.07,93446.02,38.37,906395.25,b0
765268824,7,109758,0,0,31.07,93483.40,37.88,1734490.75,b0
765287253,8,109805,0,0,30.85,93463.30,38.21,1323852.62,b0
765270362,1,109883,0,0,31.51,93465.84,37.94,2317397.50,b0
765269850,2,109929,0,0,31.72,93471.21,36.96,1420249.62,b0
765286747,3,109985,0,0,31.84,93494.91,36.68,1278003.12,b0
765279836,4,110031,0,0,31.69,93444.66,36.59,2351320.25,b0
765271387,5,110088,0,0,31.30,93475.03,37.72,1827347.75,b0
765283665,6,110145,0,0,31.07,93444.41,38.34,906997.31,b0
765268824,7,110201,0,0,31.07,93483.02,37.85,1753424.62,b0
765287253,8,110247,0,0,30.85,93463.84,38.20,1322570.25,b0
765270362,1,110325,0,0,31.52,93464.45,37.91,2313470.75,b0
765269850,2,110371,0,0,31.73,93471.24,36.95,1429169.62,b0
765286747,3,110428,0,0,31.84,93495.47,36.69,1279200.50,b0
765279836,4,110474,0,0,31.70,93446.50,36.58,2359447.00,b0
765271387,5,110531,0,0,31.31,93475.63,37.71,1826125.75,b0
765283665,6,110587,0,0,31.09,93445.97,38.31,904593.63,b0
765268824,7,110644,0,0,31.09,93485.83,37.85,1740017.00,b0
765287253,8,110690,0,0,30.85,93462.75,38.17,1318737.87,b0
765270362,1,110768,0,0,31.53,93463.79,37.90,2317397.50,b0
765269850,2,110814,0,0,31.74,93471.45,36.93,1436688.87,b0
765286747,3,110871,0,0,31.85,93494.05,36.68,1282806.12,b0
765279836,4,110917,0,0,31.70,93444.35,36.56,2371743.00,b0
765271387,5,110974,0,0,31.32,93475.89,37.69,1832252.25,b0
765283665,6,111030,0,0,31.09,93446.68,38.27,916126.13,b0
765268824,7,111087,0,0,31.08,93484.92,37.83,1753424.62,b0
765287253,8,111133,0,0,30.84,93464.34,38.15,1335507.00,b0
765270362,1,111211,0,0,31.55,93466.75,37.89,2345262.00,b0
765269850,2,111257,0,0,31.75,93472.23,36.90,1432167.87,b0
765286747,3,111314,0,0,31.86,93491.56,36.67,1287645.37,b0
765279836,4,111360,0,0,31.71,93444.38,36.55,2382087.75,b0
765271387,5,111416,0,0,31.31,93475.83,37.68,1848375.50,b0
765283665,6,111473,0,0,31.09,93447.40,38.27,921070.38,b0
765268824,7,111530,0,0,31.09,93484.01,37.80,1751175.75,b0
765287253,8,111576,0,0,30.85,93464.90,38.12,1332899.50,b0
765270362,1,111654,0,0,31.55,93466.59,37.89,2343249.50,b0
765269850,2,111700,0,0,31.76,93471.70,36.89,1436688.87,b0
765286747,3,111757,0,0,31.87,93493.21,36.66,1286432.12,b0
765279836,4,111803,0,0,31.72,93446.58,36.52,2384167.75,b0
765271387,5,111859,0,0,31.32,93476.05,37.64,1848375.50,b0
765283665,6,111916,0,0,31.09,93447.75,38.24,921692.19,b0
765268824,7,111973,0,0,31.09,93484.04,37.80,1750053.37,b0
765287253,8,112019,0,0,30.85,93463.45,38.10,1355393.75,b0
765270362,1,112107,0,0,31.56,93464.68,37.86,2345262.00,b0
765269850,2,112153,0,0,31.76,93472.27,36.89,1448885.75,b0
765286747,3,112210,0,0,31.88,93493.43,36.62,1301143.62,b0
765279836,4,112256,0,0,31.71,93444.41,36.51,2392523.25,b0
765271387,5,112302,0,0,31.32,93474.80,37.61,1853393.62,b0
765283665,6,112359,0,0,31.08,93446.81,38.21,922938.25,b0
765268824,7,112415,0,0,31.10,93484.98,37.77,1757939.87,b0
765287253,8,112461,0,0,30.85,93462.02,38.08,1351369.12,b0
765270362,1,112550,0,0,31.57,93466.72,37.86,2341240.25,b0
765269850,2,112596,0,0,31.75,93473.48,36.83,1451967.37,b0
765286747,3,112653,0,0,31.87,93494.30,36.62,1292521.25,b0
765279836,4,112699,0,0,31.70,93445.94,36.49,2386251.00,b0
765271387,5,112745,0,0,31.33,93474.31,37.60,1873742.00,b0
765283665,6,112802,0,0,31.08,93445.53,38.18,926068.25,b0
765268824,7,112858,0,0,31.11,93482.63,37.74,1772776.50,b0
765287253,8,112904,0,0,30.85,93461.86,38.07,1342070.75,b0
765270362,1,112993,0,0,31.57,93465.10,37.86,2365579.00,b0
765269850,2,113039,0,0,31.73,93473.04,36.84,1462857.12,b0
765286747,3,113096,0,0,31.89,93494.53,36.60,1298668.37,b0
765279836,4,113142,0,0,31.67,93444.20,36.47,2413671.25,b0
765271387,5,113188,0,0,31.33,93476.66,37.57,1873742.00,b0
765283665,6,113244,0,0,31.08,93445.86,38.17,927956.50,b0
765268824,7,113301,0,0,31.12,93483.78,37.74,1773928.12,b0
765287253,8,113347,0,0,30.85,93463.09,38.02,1351369.12,b0
765270362,1,113436,0,0,31.58,93466.06,37.81,2377939.00,b0
765269850,2,113482,0,0,31.76,93473.67,36.81,1448885.75,b0
765286747,3,113538,0,0,31.88,93493.77,36.58,1306122.50,b0
765279836,4,113585,0,0,31.69,93444.66,36.46,2411539.50,b0
765271387,5,113631,0,0,31.34,93474.70,37.56,1867335.25,b0
765283665,6,113687,0,0,31.07,93446.02,38.15,935587.00,b0
765268824,7,113744,0,0,31.14,93483.27,37.72,1771626.25,b0
765287253,8,113790,0,0,30.86,93463.12,38.03,1358090.12,b0
765270362,1,113879,0,0,31.61,93467.78,37.79,2373804.75,b0
765269850,2,113925,0,0,31.76,93470.84,36.79,1461291.50,b0
765286747,3,113981,0,0,31.89,93493.62,36.56,1308626.25,b0
765279836,4,114027,0,0,31.71,93443.11,36.45,2422235.25,b0
765271387,5,114073,0,0,31.35,93474.98,37.55,1880192.75,b0
765283665,6,114130,0,0,31.08,93446.81,38.13,938158.50,b0
765268824,7,114187,0,0,31.16,93486.09,37.72,1786695.75,b0
765287253,8,114233,0,0,30.86,93464.05,38.03,1371734.75,b0
765270362,1,114321,0,0,31.61,93466.73,37.79,2367630.00,b0
765269850,2,114367,0,0,31.78,93471.99,36.78,1465998.62,b0
765286747,3,114424,0,0,31.90,93493.66,36.54,1316195.37,b0
765279836,4,114470,0,0,31.73,93446.06,36.43,2433026.50,b0
765271387,5,114516,0,0,31.36,93476.31,37.54,1897174.62,b0
765283665,6,114573,0,0,31.09,93447.93,38.10,942042.31,b0
765268824,7,114629,0,0,31.16,93484.63,37.70,1786695.75,b0
765287253,8,114676,0,0,30.86,93464.02,38.01,1367612.75,b0
765270362,1,114764,0,0,31.63,93465.05,37.76,2398828.75,b0
765269850,2,114810,0,0,31.79,93474.00,36.77,1467574.37,b0
765286747,3,114867,0,0,31.90,93488.07,36.54,1322570.25,b0
765279836,4,114913,0,0,31.73,93446.45,36.41,2443914.00,b0
765271387,5,114959,0,0,31.36,93474.16,37.52,1906446.37,b0
765283665,6,115016,0,0,31.10,93446.84,38.09,947928.75,b0
765268824,7,115072,0,0,31.15,93485.53,37.68,1789036.87,b0
765287253,8,115118,0,0,30.85,93463.09,37.96,1382849.37,b0
765270362,1,115207,0,0,31.63,93465.23,37.75,2386251.00,b0
765269850,2,115253,0,0,31.78,93471.82,36.75,1470736.12,b0
765286747,3,115310,0,0,31.93,93493.21,36.53,1320012.87,b0
765279836,4,115356,0,0,31.73,93445.92,36.41,2454899.50,b0
765271387,5,115402,0,0,31.37,93475.82,37.50,1910447.75,b0
765283665,6,115459,0,0,31.11,93445.98,38.09,946614.31,b0
765268824,7,115515,0,0,31.15,93483.33,37.68,1790209.75,b0
765287253,8,115561,0,0,30.85,93463.30,37.95,1389888.00,b0
765270362,1,115650,0,0,31.64,93462.76,37.71,2407287.75,b0
765269850,2,115696,0,0,31.79,93472.20,36.73,1500916.12,b0
765286747,3,115752,0,0,31.95,93493.99,36.52,1320012.87,b0
765279836,4,115799,0,0,31.74,93446.66,36.39,2454899.50,b0
765271387,5,115845,0,0,31.36,93472.51,37.47,1919850.00,b0
765283665,6,115901,0,0,31.11,93447.08,38.08,950568.56,b0
765268824,7,115958,0,0,31.14,93484.77,37.63,1800835.37,b0
765287253,8,116004,0,0,30.85,93463.82,37.95,1384251.37,b0
765270362,1,116103,0,0,31.66,93464.32,37.71,2420088.75,b0
765269850,2,116149,0,0,31.80,93474.20,36.72,1508377.87,b0
765286747,3,116206,0,0,31.96,93492.40,36.50,1334202.00,b0
765279836,4,116252,0,0,31.76,93446.59,36.39,2468213.25,b0
765271387,5,116298,0,0,31.35,93477.13,37.45,1907778.25,b0
765283665,6,116344,0,0,31.11,93446.88,38.06,957233.00,b0
765268824,7,116401,0,0,31.14,93485.12,37.64,1823686.50,b0
765287253,8,116447,0,0,30.86,93465.47,37.95,1392723.62,b0
765270362,1,116546,0,0,31.67,93463.84,37.68,2430860.50,b0
765269850,2,116592,0,0,31.79,93474.89,36.68,1509211.50,b0
765286747,3,116649,0,0,31.97,93493.36,36.46,1334202.00,b0
765279836,4,116695,0,0,31.75,93448.34,36.35,2463759.50,b0
765271387,5,116741,0,0,31.34,93476.34,37.43,1911785.25,b0
765283665,6,116787,0,0,31.12,93447.21,38.02,963311.38,b0
765268824,7,116844,0,0,31.15,93486.41,37.62,1824905.37,b0
765287253,8,116890,0,0,30.87,93463.35,37.93,1398429.50,b0
765270362,1,116989,0,0,31.67,93465.60,37.66,2439547.25,b0
765269850,2,117035,0,0,31.78,93471.79,36.68,1507545.12,b0
765286747,3,117092,0,0,31.98,93493.17,36.45,1342070.75,b0
765279836,4,117138,0,0,31.74,93444.15,36.33,2493000.50,b0
765271387,5,117184,0,0,31.33,93475.91,37.40,1932075.50,b0
765283665,6,117230,0,0,31.14,93448.93,38.01,960600.38,b0
765268824,7,117286,0,0,31.16,93485.38,37.60,1827347.75,b0
765287253,8,117333,0,0,30.88,93462.67,37.94,1407076.62,b0
765270362,1,117432,0,0,31.68,93464.23,37.62,2433026.50,b0
765269850,2,117478,0,0,31.81,93472.80,36.64,1510881.62,b0
765286747,3,117534,0,0,31.99,93494.30,36.43,1338124.75,b0
765279836,4,117580,0,0,31.79,93446.38,36.33,2495278.75,b0
765271387,5,117627,0,0,31.37,93475.80,37.41,1927983.00,b0
765283665,6,117673,0,0,31.16,93447.91,37.99,963991.50,b0
765268824,7,117729,0,0,31.18,93484.16,37.60,1824905.37,b0
765287253,8,117775,0,0,30.91,93465.98,37.91,1399863.25,b0
765270362,1,117874,0,0,31.69,93462.85,37.62,2437369.75,b0
765269850,2,117921,0,0,31.83,93473.80,36.65,1520133.62,b0
765286747,3,117977,0,0,32.00,93494.70,36.42,1343391.25,b0
765279836,4,118023,0,0,31.81,93447.71,36.32,2483929.75,b0
765271387,5,118069,0,0,31.38,93474.82,37.41,1938934.87,b0
765283665,6,118115,0,0,31.17,93448.91,37.98,965354.69,b0
765268824,7,118172,0,0,31.19,93487.63,37.59,1833482.50,b0
765287253,8,118218,0,0,30.92,93464.41,37.92,1401300.00,b0
765270362,1,118317,0,0,31.70,93465.62,37.63,2441728.75,b0
765269850,2,118363,0,0,31.85,93474.22,36.65,1520133.62,b0
765286747,3,118420,0,0,32.01,93494.89,36.38,1342070.75,b0
765279836,4,118466,0,0,31.82,93446.52,36.33,2474924.50,b0
765271387,5,118512,0,0,31.40,93475.65,37.40,1944457.62,b0
765283665,6,118558,0,0,31.18,93445.93,37.97,970156.31,b0
765268824,7,118615,0,0,31.19,93484.20,37.60,1834714.50,b0
765287253,8,118661,0,0,30.93,93464.61,37.91,1411440.37,b0
765270362,1,118760,0,0,31.70,93465.08,37.61,2441728.75,b0
765269850,2,118806,0,0,31.87,93475.18,36.65,1512555.37,b0
765286747,3,118863,0,0,32.02,93493.84,36.38,1343391.25,b0
765279836,4,118909,0,0,31.84,93445.35,36.30,2490726.75,b0
765271387,5,118955,0,0,31.42,93475.57,37.40,1930709.37,b0
765283665,6,119001,0,0,31.19,93448.41,37.98,975702.69,b0
765268824,7,119058,0,0,31.20,93485.16,37.58,1831023.75,b0
765287253,8,119104,0,0,30.96,93466.82,37.91,1409982.75,b0
765270362,1,119203,0,0,31.71,93462.59,37.61,2428698.50,b0
765269850,2,119249,0,0,31.87,93473.41,36.64,1523526.12,b0
765286747,3,119306,0,0,32.02,93493.50,36.38,1344714.37,b0
765279836,4,119352,0,0,31.84,93446.98,36.31,2472683.25,b0
765271387,5,119398,0,0,31.43,93476.23,37.41,1938934.87,b0
765283665,6,119444,0,0,31.20,93447.73,37.97,968092.63,b0
765268824,7,119501,0,0,31.22,93486.31,37.60,1829796.75,b0
765287253,8,119547,0,0,30.97,93465.25,37.91,1414364.62,b0
765270362,1,119646,0,0,31.72,93464.28,37.60,2428698.50,b0
765269850,2,119692,0,0,31.88,93474.17,36.64,1511718.00,b0
765286747,3,119748,0,0,32.03,93493.72,36.37,1343391.25,b0
765279836,4,119795,0,0,31.86,93448.52,36.32,2490726.75,b0
765271387,5,119841,0,0,31.44,93474.84,37.43,1934813.37,b0
765283665,6,119887,0,0,31.21,93448.41,37.99,968779.56,b0
765268824,7,119943,0,0,31.23,93484.88,37.60,1837183.25,b0
765287253,8,119989,0,0,30.98,93465.81,37.93,1401300.00,b0
765270362,1,120099,0,0,31.73,93465.23,37.59,2422235.25,b0
765269850,2,120145,0,0,31.89,93473.47,36.64,1514232.87,b0
765286747,3,120202,0,0,32.03,93492.63,36.38,1343391.25,b0
765279836,4,120248,0,0,31.86,93447.99,36.31,2477169.75,b0
765271387,5,120294,0,0,31.45,93475.77,37.42,1945843.25,b0
765283665,6,120340,0,0,31.22,93447.75,37.98,970846.19,b0
765268824,7,120386,0,0,31.23,93486.34,37.58,1849627.50,b0
765287253,8,120432,0,0,30.98,93466.19,37.91,1420249.62,b0
765270362,1,120542,0,0,31.73,93463.05,37.60,2420088.75,b0
765269850,2,120588,0,0,31.88,93477.72,36.66,1504223.25,b0
765286747,3,120645,0,0,32.04,93495.01,36.39,1338124.75,b0
765279836,4,120691,0,0,31.86,93452.24,36.30,2479419.00,b0
765271387,5,120737,0,0,31.44,93477.88,37.40,1934813.37,b0
765283665,6,120783,0,0,31.22,93451.67,37.97,972921.63,b0
765268824,7,120829,0,0,31.23,93486.53,37.59,1845876.50,b0
765287253,8,120875,0,0,30.99,93466.39,37.91,1404182.37,b0
765270362,1,120985,0,0,31.73,93463.95,37.61,2424386.00,b0
765269850,2,121031,0,0,31.85,93472.44,36.64,1515914.12,b0
765286747,3,121087,0,0,32.04,93493.74,36.38,1344714.37,b0
765279836,4,121134,0,0,31.84,93449.10,36.31,2506732.00,b0
765271387,5,121180,0,0,31.43,93474.21,37.40,1941692.37,b0
765283665,6,121226,0,0,31.20,93447.05,37.94,969467.44,b0
765268824,7,121272,0,0,31.24,93484.73,37.56,1834714.50,b0
765287253,8,121318,0,0,31.01,93465.02,37.89,1411440.37,b0
765270362,1,121428,0,0,31.73,93464.14,37.59,2424386.00,b0
765269850,2,121474,0,0,31.88,93471.68,36.62,1525228.12,b0
765286747,3,121530,0,0,32.04,93493.57,36.40,1346040.12,b0
765279836,4,121576,0,0,31.86,93447.63,36.30,2497561.00,b0
765271387,5,121622,0,0,31.46,93476.76,37.39,1943074.00,b0
765283665,6,121669,0,0,31.23,93446.59,37.95,975005.94,b0
765268824,7,121715,0,0,31.25,93485.85,37.54,1850881.12,b0
765287253,8,121761,0,0,31.02,93466.84,37.89,1420249.62,b0
765270362,1,121870,0,0,31.73,93464.67,37.59,2435196.25,b0
765269850,2,121916,0,0,31.90,93474.23,36.63,1524376.62,b0
765286747,3,121973,0,0,32.05,93495.03,36.38,1351369.12,b0
765279836,4,122019,0,0,31.89,93449.20,36.30,2495278.75,b0
765271387,5,122065,0,0,31.48,93476.01,37.38,1962625.75,b0
765283665,6,122111,0,0,31.26,93446.18,37.95,976400.50,b0
765268824,7,122157,0,0,31.27,93485.20,37.54,1849627.50,b0
765287253,8,122204,0,0,31.03,93466.17,37.87,1414364.62,b0
765270362,1,122313,0,0,31.74,93464.89,37.55,2450493.50,b0
765269850,2,122359,0,0,31.91,93472.84,36.60,1530356.75,b0
765286747,3,122416,0,0,32.06,93496.51,36.37,1348699.37,b0
765279836,4,122462,0,0,31.92,93451.46,36.27,2513654.50,b0
765271387,5,122508,0,0,31.50,93475.95,37.36,1968284.50,b0
765283665,6,122554,0,0,31.28,93445.84,37.95,978499.75,b0
765268824,7,122600,0,0,31.27,93484.84,37.50,1871174.00,b0
765287253,8,122646,0,0,31.04,93464.40,37.85,1424695.62,b0
765270362,1,122756,0,0,31.75,93466.20,37.53,2450493.50,b0
765269850,2,122802,0,0,31.93,93475.26,36.60,1530356.75,b0
765286747,3,122859,0,0,32.07,93495.09,36.35,1354049.62,b0
765279836,4,122905,0,0,31.93,93449.89,36.28,2513654.50,b0
765271387,5,122951,0,0,31.51,93475.28,37.34,1954198.50,b0
765283665,6,122997,0,0,31.29,93447.20,37.91,970846.19,b0
765268824,7,123043,0,0,31.28,93486.87,37.48,1869892.75,b0
765287253,8,123089,0,0,31.05,93466.94,37.82,1429169.62,b0
765270362,1,123199,0,0,31.76,93465.01,37.53,2461538.50,b0
765269850,2,123245,0,0,31.95,93474.62,36.58,1529499.62,b0
765286747,3,123302,0,0,32.08,93494.95,36.34,1364878.37,b0
765279836,4,123348,0,0,31.94,93450.16,36.26,2518290.75,b0
765271387,5,123394,0,0,31.52,93475.00,37.32,1978266.12,b0
765283665,6,123440,0,0,31.31,93448.82,37.90,975702.69,b0
765268824,7,123486,0,0,31.28,93487.07,37.46,1869892.75,b0
765287253,8,123532,0,0,31.06,93468.40,37.80,1430667.12,b0
765270362,1,123652,0,0,31.77,93465.42,37.53,2465984.25,b0
765269850,2,123698,0,0,31.96,93473.92,36.55,1531215.00,b0
765286747,3,123755,0,0,32.11,93495.95,36.30,1359442.37,b0
765279836,4,123801,0,0,31.96,93450.94,36.22,2520615.50,b0
765271387,5,123847,0,0,31.54,93477.63,37.29,1968284.50,b0
765283665,6,123893,0,0,31.32,93448.16,37.88,980608.06,b0
765268824,7,123939,0,0,31.28,93486.70,37.45,1875028.62,b0
765287253,8,123985,0,0,31.06,93465.91,37.78,1436688.87,b0
765270362,1,124095,0,0,31.77,93464.18,37.49,2470446.25,b0
765269850,2,124141,0,0,31.97,93477.70,36.54,1533795.12,b0
765286747,3,124198,0,0,32.12,93495.80,36.29,1367612.75,b0
765279836,4,124244,0,0,31.95,93450.93,36.20,2493000.50,b0
765271387,5,124290,0,0,31.53,93476.66,37.27,1975403.87,b0
765283665,6,124336,0,0,31.32,93451.05,37.87,974310.19,b0
765268824,7,124382,0,0,31.26,93488.99,37.42,1878899.12,b0
765287253,8,124428,0,0,31.05,93468.73,37.76,1430667.12,b0
765270362,1,124538,0,0,31.79,93466.41,37.48,2472683.25,b0
765269850,2,124584,0,0,31.96,93476.41,36.55,1538981.75,b0
765286747,3,124641,0,0,32.13,93494.91,36.27,1362155.00,b0
765279836,4,124687,0,0,31.95,93451.27,36.20,2518290.75,b0
765271387,5,124733,0,0,31.52,93477.29,37.24,1982575.00,b0
765283665,6,124779,0,0,31.30,93447.52,37.86,976400.50,b0
765268824,7,124825,0,0,31.25,93487.30,37.40,1878899.12,b0
765287253,8,124871,0,0,31.04,93468.16,37.72,1430667.12,b0
765270362,1,124981,0,0,31.80,93464.49,37.47,2497561.00,b0
765269850,2,125027,0,0,31.99,93474.41,36.52,1541588.25,b0
765286747,3,125083,0,0,32.14,93494.75,36.26,1366244.12,b0
765279836,4,125130,0,0,31.97,93448.87,36.19,2525277.50,b0
765271387,5,125176,0,0,31.55,93477.28,37.24,1991249.37,b0
765283665,6,125222,0,0,31.32,93447.34,37.83,984142.25,b0
765268824,7,125268,0,0,31.26,93486.45,37.38,1878899.12,b0
765287253,8,125314,0,0,31.06,93467.33,37.72,1439718.75,b0
765270362,1,125424,0,0,31.81,93467.78,37.46,2488456.75,b0
765269850,2,125470,0,0,32.01,93473.76,36.49,1540718.50,b0
765286747,3,125526,0,0,32.16,93496.26,36.24,1368984.00,b0
765279836,4,125572,0,0,31.98,93451.80,36.16,2518290.75,b0
765271387,5,125618,0,0,31.56,93478.24,37.23,1997074.62,b0
765283665,6,125665,0,0,31.35,93449.86,37.82,989133.06,b0
765268824,7,125711,0,0,31.28,93486.70,37.36,1875028.62,b0
765287253,8,125757,0,0,31.07,93468.08,37.70,1448885.75,b0
765270362,1,125866,0,0,31.81,93464.75,37.44,2479419.00,b0
765269850,2,125912,0,0,32.03,93476.16,36.48,1545077.37,b0
765286747,3,125969,0,0,32.17,93498.45,36.23,1373114.37,b0
765279836,4,126015,0,0,32.00,93450.96,36.15,2544099.50,b0
765271387,5,126072,0,0,31.56,93477.58,37.19,1991249.37,b0
765283665,6,126118,0,0,31.36,93448.71,37.79,982725.50,b0
765268824,7,126164,0,0,31.28,93485.77,37.34,1897174.62,b0
765287253,8,126210,0,0,31.08,93468.63,37.68,1458170.12,b0
765270362,1,126309,0,0,31.83,93468.45,37.42,2504433.00,b0
765269850,2,126355,0,0,32.05,93477.84,36.47,1549461.00,b0
765286747,3,126412,0,0,32.18,93498.30,36.21,1370358.00,b0
765279836,4,126458,0,0,32.00,93450.99,36.11,2534653.50,b0
765271387,5,126515,0,0,31.55,93479.30,37.17,2000000.00,b0
765283665,6,126561,0,0,31.35,93451.14,37.76,984142.25,b0
765268824,7,126607,0,0,31.27,93491.55,37.32,1894542.12,b0
765287253,8,126653,0,0,31.05,93466.58,37.64,1435178.75,b0
765270362,1,126752,0,0,31.84,93466.70,37.38,2513654.50,b0
765269850,2,126798,0,0,32.06,93476.45,36.45,1547704.50,b0
765286747,3,126855,0,0,32.19,93498.51,36.19,1366244.12,b0
765279836,4,126901,0,0,32.02,93451.76,36.12,2534653.50,b0
765271387,5,126957,0,0,31.54,93479.96,37.13,2001465.87,b0
765283665,6,127004,0,0,31.32,93448.76,37.73,994899.19,b0
765268824,7,127050,0,0,31.23,93487.07,37.32,1895857.50,b0
765287253,8,127096,0,0,31.03,93467.77,37.64,1451967.37,b0
765270362,1,127195,0,0,31.85,93467.64,37.40,2495278.75,b0
765269850,2,127241,0,0,32.07,93476.11,36.44,1555640.00,b0
765286747,3,127298,0,0,32.18,93499.04,36.17,1378660.37,b0
765279836,4,127344,0,0,32.02,93452.84,36.09,2560800.25,b0
765271387,5,127400,0,0,31.56,93478.82,37.11,2005876.62,b0
765283665,6,127446,0,0,31.35,93449.40,37.71,995624.69,b0
765268824,7,127493,0,0,31.26,93487.54,37.30,1899814.50,b0
765287253,8,127539,0,0,31.05,93466.05,37.63,1464426.12,b0
765270362,1,127648,0,0,31.86,93467.13,37.34,2515970.50,b0
765269850,2,127694,0,0,32.07,93476.14,36.39,1555640.00,b0
765286747,3,127751,0,0,32.20,93498.91,36.17,1381450.25,b0
765279836,4,127797,0,0,32.02,93450.54,36.04,2546471.75,b0
765271387,5,127843,0,0,31.58,93480.17,37.10,2019226.00,b0
765283665,6,127889,0,0,31.37,93449.70,37.70,998537.31,b0
765268824,7,127935,0,0,31.28,93488.86,37.29,1907778.25,b0
765287253,8,127981,0,0,31.07,93467.18,37.60,1461291.50,b0
765270362,1,128091,0,0,31.86,93466.05,37.34,2534653.50,b0
765269850,2,128137,0,0,32.07,93479.88,36.37,1557414.50,b0
765286747,3,128194,0,0,32.19,93497.09,36.12,1382849.37,b0
765279836,4,128240,0,0,32.03,93452.91,36.03,2558401.00,b0
765271387,5,128286,0,0,31.59,93477.39,37.07,2023715.37,b0
765283665,6,128332,0,0,31.38,93448.37,37.67,1004413.94,b0
765268824,7,128378,0,0,31.27,93488.30,37.28,1911785.25,b0
765287253,8,128424,0,0,31.08,93468.66,37.59,1469153.50,b0
765270362,1,128534,0,0,31.87,93466.28,37.32,2532303.00,b0
765269850,2,128580,0,0,32.07,93477.56,36.34,1565450.00,b0
765286747,3,128637,0,0,32.20,93497.83,36.12,1384251.37,b0
765279836,4,128683,0,0,32.02,93452.48,36.02,2560800.25,b0
765271387,5,128729,0,0,31.60,93478.14,37.06,2017734.00,b0
765283665,6,128775,0,0,31.39,93448.80,37.65,1005893.94,b0
765268824,7,128821,0,0,31.27,93488.46,37.25,1917154.25,b0
765287253,8,128867,0,0,31.08,93466.84,37.56,1470736.12,b0
765270362,1,128977,0,0,31.88,93467.43,37.30,2539367.75,b0
765269850,2,129023,0,0,32.10,93478.75,36.33,1579028.50,b0
765286747,3,129079,0,0,32.22,93498.59,36.08,1382849.37,b0
765279836,4,129126,0,0,32.05,93450.47,36.00,2563204.00,b0
765271387,5,129172,0,0,31.60,93478.55,37.04,2040348.75,b0
765283665,6,129218,0,0,31.39,93449.41,37.62,1005893.94,b0
765268824,7,129264,0,0,31.28,93489.04,37.27,1926622.75,b0
765287253,8,129310,0,0,31.08,93469.37,37.54,1465998.62,b0
765270362,1,129420,0,0,31.89,93466.26,37.27,2544099.50,b0
765269850,2,129466,0,0,32.12,93477.57,36.31,1578116.00,b0
765286747,3,129522,0,0,32.23,93497.20,36.08,1384251.37,b0
765279836,4,129568,0,0,32.06,93450.91,35.98,2570442.50,b0
765271387,5,129614,0,0,31.60,93478.19,37.00,2043402.37,b0
765283665,6,129661,0,0,31.40,93450.93,37.61,1011857.69,b0
765268824,7,129707,0,0,31.29,93490.16,37.24,1923908.00,b0
765287253,8,129753,0,0,31.09,93470.81,37.55,1478700.37,b0
765270362,1,129862,0,0,31.91,93467.03,37.25,2548848.75,b0
765269850,2,129908,0,0,32.13,93476.73,36.29,1569950.12,b0
765286747,3,129965,0,0,32.23,93497.02,36.06,1385656.25,b0
765279836,4,130011,0,0,32.07,93450.96,35.96,2572864.25,b0
765271387,5,130057,0,0,31.61,93478.41,37.00,2052618.37,b0
765283665,6,130103,0,0,31.42,93451.78,37.60,1013359.75,b0
765268824,7,130149,0,0,31.30,93488.03,37.26,1926622.75,b0
765287253,8,130196,0,0,31.10,93469.42,37.52,1489996.37,b0
765270362,1,130305,0,0,31.91,93466.18,37.25,2546471.75,b0
765269850,2,130351,0,0,32.15,93477.88,36.29,1572662.75,b0
765286747,3,130408,0,0,32.24,93499.38,36.05,1394145.62,b0
765279836,4,130454,0,0,32.09,93450.52,35.94,2577721.75,b0
765271387,5,130500,0,0,31.62,93478.14,36.98,2040348.75,b0
765283665,6,130546,0,0,31.42,93449.63,37.57,1011108.38,b0
765268824,7,130592,0,0,31.32,93489.76,37.24,1945843.25,b0
765287253,8,130638,0,0,31.11,93468.02,37.52,1486751.37,b0
765270362,1,130748,0,0,31.91,93467.97,37.22,2558401.00,b0
765269850,2,130794,0,0,32.16,93477.54,36.24,1578116.00,b0
765286747,3,130851,0,0,32.24,93498.13,36.03,1392723.62,b0
765279836,4,130897,0,0,32.10,93449.45,35.92,2582597.75,b0
765271387,5,130943,0,0,31.63,93479.24,36.97,2063476.12,b0
765283665,6,130989,0,0,31.40,93449.52,37.55,1011857.69,b0
765268824,7,131035,0,0,31.33,93489.04,37.22,1934813.37,b0
765287253,8,131081,0,0,31.11,93469.80,37.49,1481910.25,b0
765270362,1,131201,0,0,31.93,93468.94,37.21,2556006.25,b0
765269850,2,131247,0,0,32.15,93477.88,36.23,1575384.62,b0
765286747,3,131304,0,0,32.25,93498.88,36.00,1391304.37,b0
765279836,4,131350,0,0,32.10,93452.36,35.90,2570442.50,b0
765271387,5,131396,0,0,31.63,93478.91,36.95,2052618.37,b0
765283665,6,131442,0,0,31.41,93449.25,37.51,1012608.19,b0
765268824,7,131488,0,0,31.33,93487.60,37.21,1938934.87,b0
765287253,8,131535,0,0,31.12,93467.86,37.49,1511718.00,b0
765270362,1,131644,0,0,31.91,93465.99,37.18,2548848.75,b0
765269850,2,131690,0,0,32.13,93480.49,36.19,1571757.50,b0
765286747,3,131747,0,0,32.25,93497.98,35.99,1398429.50,b0
765279836,4,131793,0,0,32.08,93451.90,35.87,2582597.75,b0
765271387,5,131839,0,0,31.61,93478.41,36.92,2051076.62,b0
765283665,6,131885,0,0,31.39,93450.66,37.50,1015621.13,b0
765268824,7,131931,0,0,31.33,93489.95,37.21,1934813.37,b0
765287253,8,131977,0,0,31.11,93471.58,37.49,1488372.12,b0
765270362,1,132087,0,0,31.93,93467.86,37.17,2537008.25,b0
765269850,2,132133,0,0,32.12,93478.99,36.17,1566348.00,b0
765286747,3,132190,0,0,32.26,93498.19,35.96,1398429.50,b0
765279836,4,132236,0,0,32.07,93448.98,35.86,2580157.50,b0
765271387,5,132282,0,0,31.59,93476.70,36.92,2051076.62,b0
765283665,6,132328,0,0,31.38,93448.75,37.52,1017892.63,b0
765268824,7,132374,0,0,31.30,93486.41,37.22,1954198.50,b0
765287253,8,132420,0,0,31.09,93469.20,37.49,1489996.37,b0
765270362,1,132530,0,0,31.92,93467.12,37.13,2544099.50,b0
765269850,2,132576,0,0,32.12,93475.80,36.14,1574476.25,b0
765286747,3,132633,0,0,32.26,93498.38,35.95,1396998.62,b0
765279836,4,132679,0,0,32.09,93449.59,35.82,2577721.75,b0
765271387,5,132725,0,0,31.62,93477.02,36.93,2052618.37,b0
765283665,6,132771,0,0,31.41,93449.55,37.50,1017134.31,b0
765268824,7,132817,0,0,31.34,93489.81,37.20,1940312.62,b0
765287253,8,132863,0,0,31.12,93467.86,37.49,1489996.37,b0
765270362,1,132973,0,0,31.92,93465.13,37.12,2565612.25,b0
765269850,2,133019,0,0,32.13,93477.44,36.12,1583607.25,b0
765286747,3,133075,0,0,32.28,93498.59,35.91,1405628.00,b0
765279836,4,133121,0,0,32.10,93449.81,35.80,2587492.00,b0
765271387,5,133168,0,0,31.64,93478.76,36.91,2063476.12,b0
765283665,6,133214,0,0,31.42,93448.61,37.49,1011857.69,b0
765268824,7,133260,0,0,31.35,93487.85,37.21,1932075.50,b0
765287253,8,133306,0,0,31.14,93468.80,37.50,1501741.50,b0
765270362,1,133415,0,0,31.93,93466.45,37.08,2558401.00,b0
765269850,2,133462,0,0,32.13,93475.84,36.12,1579942.12,b0
765286747,3,133518,0,0,32.28,93499.52,35.88,1399863.25,b0
765279836,4,133564,0,0,32.11,93449.18,35.79,2592405.00,b0
765271387,5,133610,0,0,31.64,93478.26,36.93,2057257.62,b0
765283665,6,133657,0,0,31.43,93447.49,37.48,1011857.69,b0
765268824,7,133703,0,0,31.36,93486.80,37.22,1944457.62,b0
765287253,8,133749,0,0,31.15,93469.01,37.48,1500916.12,b0
765270362,1,133858,0,0,31.94,93465.60,37.07,2560800.25,b0
765269850,2,133904,0,0,32.14,93475.68,36.09,1598439.00,b0
765286747,3,133961,0,0,32.29,93496.12,35.88,1398429.50,b0
765279836,4,134007,0,0,32.12,93449.38,35.78,2587492.00,b0
765271387,5,134053,0,0,31.65,93476.50,36.92,2058808.75,b0
765283665,6,134099,0,0,31.44,93448.23,37.49,1017892.63,b0
765268824,7,134145,0,0,31.38,93486.13,37.21,1945843.25,b0
765287253,8,134192,0,0,31.16,93469.57,37.50,1500916.12,b0
765270362,1,134301,0,0,31.95,93466.17,37.07,2577721.75,b0
765269850,2,134347,0,0,32.15,93478.05,36.08,1588212.50,b0
765286747,3,134404,0,0,32.29,93497.73,35.85,1399863.25,b0
765279836,4,134450,0,0,32.12,93449.39,35.76,2609748.25,b0
765271387,5,134496,0,0,31.65,93479.02,36.90,2061918.00,b0
765283665,6,134542,0,0,31.44,93448.98,37.48,1020174.38,b0
765268824,7,134588,0,0,31.39,93489.62,37.22,1943074.00,b0
765287253,8,134634,0,0,31.17,93467.64,37.51,1505882.37,b0
765270362,1,134754,0,0,31.95,93465.98,37.05,2585042.50,b0
765269850,2,134801,0,0,32.14,93476.40,36.06,1597503.87,b0
765286747,3,134857,0,0,32.30,93497.02,35.84,1409982.75,b0
765279836,4,134903,0,0,32.11,93448.62,35.75,2607256.50,b0
765271387,5,134949,0,0,31.64,93477.72,36.88,2043402.37,b0
765283665,6,134995,0,0,31.45,93449.59,37.48,1022466.31,b0
765268824,7,135042,0,0,31.39,93487.63,37.21,1947230.75,b0
765287253,8,135088,0,0,31.17,93468.91,37.49,1502567.87,b0
765270362,1,135197,0,0,31.94,93466.68,37.03,2589946.25,b0
765269850,2,135243,0,0,32.11,93477.91,36.04,1588212.50,b0
765286747,3,135300,0,0,32.29,93498.63,35.77,1412901.00,b0
765279836,4,135346,0,0,32.10,93450.90,35.73,2612245.00,b0
765271387,5,135392,0,0,31.62,93478.48,36.88,2069732.25,b0
765283665,6,135438,0,0,31.42,93449.32,37.45,1019412.63,b0
765268824,7,135484,0,0,31.37,93490.84,37.19,1964037.37,b0
765287253,8,135530,0,0,31.16,93470.64,37.50,1503395.12,b0
765270362,1,135640,0,0,31.93,93466.63,37.02,2592405.00,b0
765269850,2,135686,0,0,32.10,93477.30,36.04,1606904.62,b0
765286747,3,135743,0,0,32.29,93497.38,35.82,1424695.62,b0
765279836,4,135789,0,0,32.06,93448.77,35.71,2614746.25,b0
765271387,5,135835,0,0,31.60,93476.54,36.87,2063476.12,b0
765283665,6,135881,0,0,31.40,93448.73,37.45,1021701.19,b0
765268824,7,135927,0,0,31.36,93488.61,37.18,1972550.00,b0
765287253,8,135973,0,0,31.14,93467.38,37.50,1510046.12,b0
765270362,1,136083,0,0,31.93,93464.63,37.02,2612245.00,b0
765269850,2,136129,0,0,32.11,93477.00,36.04,1601251.00,b0
765286747,3,136186,0,0,32.28,93497.18,35.82,1421728.62,b0
765279836,4,136232,0,0,32.09,93448.71,35.71,2629855.50,b0
765271387,5,136278,0,0,31.62,93478.30,36.91,2072874.50,b0
765283665,6,136324,0,0,31.42,93448.10,37.45,1023232.56,b0
765268824,7,136370,0,0,31.38,93487.41,37.19,1979700.37,b0
765287253,8,136416,0,0,31.16,93468.14,37.50,1513393.62,b0
765270362,1,136526,0,0,31.94,93466.29,37.02,2609748.25,b0
765269850,2,136572,0,0,32.13,93478.69,36.04,1618332.62,b0
765286747,3,136628,0,0,32.29,93496.48,35.79,1429169.62,b0
765279836,4,136675,0,0,32.10,93449.63,35.73,2632390.75,b0
765271387,5,136721,0,0,31.63,93476.57,36.90,2079187.87,b0
765283665,6,136767,0,0,31.44,93450.20,37.44,1030959.00,b0
765268824,7,136813,0,0,31.39,93485.99,37.18,1984015.50,b0
765287253,8,136859,0,0,31.17,93465.49,37.50,1520133.62,b0
765270362,1,136969,0,0,31.95,93465.13,37.02,2614746.25,b0
765269850,2,137015,0,0,32.13,93475.47,36.06,1616416.75,b0
765286747,3,137071,0,0,32.30,93496.16,35.79,1426183.87,b0
765279836,4,137117,0,0,32.11,93445.57,35.72,2642580.75,b0
765271387,5,137163,0,0,31.66,93478.91,36.90,2088730.25,b0
765283665,6,137210,0,0,31.46,93447.54,37.46,1027854.44,b0
765268824,7,137256,0,0,31.42,93485.91,37.20,1976834.00,b0
765287253,8,137302,0,0,31.19,93466.29,37.52,1513393.62,b0
765270362,1,137411,0,0,31.97,93463.93,37.02,2624799.75,b0
765269850,2,137457,0,0,32.15,93475.88,36.05,1614505.37,b0
765286747,3,137514,0,0,32.33,93497.31,35.76,1441238.62,b0
765279836,4,137560,0,0,32.13,93447.13,35.72,2647705.25,b0
765271387,5,137606,0,0,31.68,93477.23,36.92,2074449.25,b0
765283665,6,137652,0,0,31.48,93448.64,37.46,1038802.94,b0
765268824,7,137698,0,0,31.43,93485.59,37.22,1986902.75,b0
765287253,8,137745,0,0,31.21,93466.71,37.51,1516756.12,b0
765270362,1,137854,0,0,31.98,93465.09,37.01,2624799.75,b0
765269850,2,137900,0,0,32.17,93475.78,36.07,1620253.12,b0
765286747,3,137957,0,0,32.34,93496.97,35.79,1435178.75,b0
765279836,4,138003,0,0,32.15,93447.36,35.73,2650275.00,b0
765271387,5,138049,0,0,31.69,93476.24,36.91,2088730.25,b0
765283665,6,138095,0,0,31.50,93448.66,37.46,1034082.31,b0
765268824,7,138141,0,0,31.46,93487.31,37.21,1972550.00,b0
765287253,8,138187,0,0,31.23,93465.86,37.50,1529499.62,b0
765270362,1,138307,0,0,31.99,93465.32,37.03,2619763.25,b0
765269850,2,138354,0,0,32.17,93473.49,36.07,1628952.12,b0
765286747,3,138410,0,0,32.36,93497.76,35.81,1433671.62,b0
765279836,4,138456,0,0,32.17,93447.45,35.74,2652849.75,b0
765271387,5,138502,0,0,31.71,93476.18,36.92,2090329.12,b0
765283665,6,138549,0,0,31.51,93448.55,37.46,1034082.31,b0
765268824,7,138595,0,0,31.48,93486.66,37.22,1995615.12,b0
765287253,8,138641,0,0,31.25,93467.52,37.52,1533795.12,b0
765270362,1,138750,0,0,32.00,93464.63,37.03,2637475.75,b0
765269850,2,138796,0,0,32.17,93477.24,36.06,1627010.87,b0
765286747,3,138853,0,0,32.35,93495.02,35.80,1435178.75,b0
765279836,4,138899,0,0,32.18,93448.39,35.73,2642580.75,b0
765271387,5,138945,0,0,31.71,93476.35,36.93,2088730.25,b0
765283665,6,138991,0,0,31.52,93451.48,37.46,1032518.25,b0
765268824,7,139037,0,0,31.49,93491.06,37.22,1972550.00,b0
765287253,8,139084,0,0,31.25,93468.60,37.52,1518443.00,b0
765270362,1,139193,0,0,32.01,93467.38,37.02,2634930.75,b0
765269850,2,139239,0,0,32.14,93473.20,36.07,1621215.12,b0
765286747,3,139296,0,0,32.36,93495.77,35.78,1442761.50,b0
765279836,4,139342,0,0,32.16,93447.23,35.72,2655429.50,b0
765271387,5,139388,0,0,31.70,93476.13,36.93,2085539.75,b0
765283665,6,139434,0,0,31.50,93448.33,37.48,1034866.13,b0
765268824,7,139480,0,0,31.48,93487.40,37.23,1995615.12,b0
765287253,8,139526,0,0,31.24,93467.69,37.54,1528643.37,b0
765270362,1,139636,0,0,32.01,93463.95,37.02,2634930.75,b0
765269850,2,139682,0,0,32.17,93473.30,36.06,1619292.37,b0
765286747,3,139739,0,0,32.37,93496.71,35.79,1433671.62,b0
765279836,4,139785,0,0,32.18,93448.23,35.71,2658014.25,b0
765271387,5,139831,0,0,31.73,93477.16,36.94,2087133.75,b0
765283665,6,139877,0,0,31.52,93447.41,37.49,1032518.25,b0
765268824,7,139923,0,0,31.51,93487.51,37.23,1995615.12,b0
765287253,8,139969,0,0,31.28,93467.25,37.54,1528643.37,b0
765270362,1,140079,0,0,32.01,93466.14,37.02,2627325.25,b0
765269850,2,140125,0,0,32.20,93475.72,36.07,1620253.12,b0
765286747,3,140182,0,0,32.37,93494.91,35.78,1430667.12,b0
765279836,4,140228,0,0,32.20,93447.79,35.73,2652849.75,b0
765271387,5,140274,0,0,31.74,93476.91,36.94,2093534.37,b0
765283665,6,140320,0,0,31.53,93448.24,37.49,1034866.13,b0
765268824,7,140366,0,0,31.53,93487.55,37.22,2000000.00,b0
765287253,8,140412,0,0,31.29,93467.83,37.53,1520133.62,b0
765270362,1,140522,0,0,32.02,93465.10,37.01,2619763.25,b0
765269850,2,140568,0,0,32.21,93475.23,36.07,1609746.50,b0
765286747,3,140624,0,0,32.38,93496.20,35.76,1433671.62,b0
765279836,4,140670,0,0,32.21,93447.49,35.72,2642580.75,b0
765271387,5,140717,0,0,31.74,93476.21,36.95,2087133.75,b0
765283665,6,140763,0,0,31.53,93447.01,37.48,1035651.06,b0
765268824,7,140809,0,0,31.53,93485.57,37.21,1991249.37,b0
765287253,8,140855,0,0,31.29,93466.57,37.53,1532074.00,b0
765270362,1,140964,0,0,32.04,93465.02,37.00,2614746.25,b0
765269850,2,141011,0,0,32.22,93474.74,36.06,1602190.50,b0
765286747,3,141067,0,0,32.39,93496.22,35.77,1426183.87,b0
765279836,4,141113,0,0,32.23,93447.92,35.70,2627325.25,b0
765271387,5,141159,0,0,31.76,93477.90,36.93,2088730.25,b0
765283665,6,141205,0,0,31.54,93448.10,37.49,1028628.81,b0
765268824,7,141252,0,0,31.54,93488.51,37.21,1981136.62,b0
765287253,8,141298,0,0,31.29,93468.01,37.53,1516756.12,b0
765270362,1,141407,0,0,32.05,93466.30,36.99,2592405.00,b0
765269850,2,141453,0,0,32.23,93475.65,36.06,1607850.87,b0
765286747,3,141510,0,0,32.39,93495.34,35.74,1417301.00,b0
765279836,4,141556,0,0,32.24,93447.96,35.69,2634930.75,b0
765271387,5,141602,0,0,31.76,93475.07,36.91,2076026.37,b0
765283665,6,141648,0,0,31.54,93446.55,37.45,1030959.00,b0
765268824,7,141694,0,0,31.57,93486.77,37.19,1995615.12,b0
765287253,8,141740,0,0,31.30,93466.25,37.51,1517599.12,b0
765270362,1,141861,0,0,32.04,93465.77,36.98,2619763.25,b0
765269850,2,141907,0,0,32.23,93475.66,36.04,1619292.37,b0
765286747,3,141963,0,0,32.41,93496.83,35.75,1421728.62,b0
765279836,4,142009,0,0,32.24,93447.27,35.69,2634930.75,b0
765271387,5,142056,0,0,31.78,93475.35,36.92,2072874.50,b0
765283665,6,142102,0,0,31.56,93449.55,37.45,1034082.31,b0
765268824,7,142148,0,0,31.58,93485.55,37.18,1998536.25,b0
765287253,8,142194,0,0,31.32,93467.73,37.51,1519287.87,b0
765270362,1,142303,0,0,32.02,93463.32,36.97,2602287.25,b0
765269850,2,142349,0,0,32.21,93476.31,36.01,1622178.25,b0
765286747,3,142406,0,0,32.39,93495.68,35.71,1420249.62,b0
765279836,4,142452,0,0,32.24,93448.34,35.65,2634930.75,b0
765271387,5,142498,0,0,31.77,93476.93,36.92,2069732.25,b0
765283665,6,142544,0,0,31.55,93450.51,37.44,1025538.31,b0
765268824,7,142590,0,0,31.57,93488.95,37.14,1981136.62,b0
765287253,8,142637,0,0,31.30,93469.30,37.49,1522676.62,b0
765270362,1,142746,0,0,32.03,93464.62,36.94,2619763.25,b0
765269850,2,142792,0,0,32.20,93475.38,35.98,1605015.62,b0
765286747,3,142849,0,0,32.36,93494.17,35.70,1418773.87,b0
765279836,4,142895,0,0,32.21,93446.59,35.64,2624799.75,b0
765271387,5,142941,0,0,31.75,93475.36,36.88,2072874.50,b0
765283665,6,142987,0,0,31.52,93447.73,37.43,1028628.81,b0
765268824,7,143033,0,0,31.56,93486.94,37.16,1991249.37,b0
765287253,8,143079,0,0,31.29,93468.17,37.47,1530356.75,b0
765270362,1,143189,0,0,32.03,93463.20,36.92,2614746.25,b0
765269850,2,143235,0,0,32.22,93473.84,35.98,1610696.00,b0
765286747,3,143292,0,0,32.39,93495.86,35.69,1418773.87,b0
765279836,4,143338,0,0,32.24,93445.65,35.63,2634930.75,b0
765271387,5,143384,0,0,31.78,93475.33,36.86,2085539.75,b0
765283665,6,143430,0,0,31.54,93447.44,37.42,1030181.06,b0
765268824,7,143476,0,0,31.59,93487.75,37.13,1992702.50,b0
765287253,8,143522,0,0,31.31,93464.85,37.45,1525228.12,b0
765270362,1,143632,0,0,32.05,93464.01,36.92,2619763.25,b0
765269850,2,143678,0,0,32.23,93474.59,35.97,1616416.75,b0
765286747,3,143735,0,0,32.40,93494.10,35.69,1420249.62,b0
765279836,4,143781,0,0,32.27,93448.66,35.60,2632390.75,b0
765271387,5,143827,0,0,31.80,93476.91,36.85,2091930.50,b0
765283665,6,143873,0,0,31.55,93446.60,37.39,1038013.19,b0
765268824,7,143919,0,0,31.61,93486.19,37.12,1994157.75,b0
765287253,8,143965,0,0,31.32,93467.20,37.46,1536384.12,b0
765270362,1,144075,0,0,32.06,93464.23,36.89,2609748.25,b0
765269850,2,144121,0,0,32.24,93476.77,35.94,1612598.37,b0
765286747,3,144177,0,0,32.42,93495.41,35.68,1417301.00,b0
765279836,4,144223,0,0,32.27,93445.44,35.59,2632390.75,b0
765271387,5,144270,0,0,31.81,93474.44,36.85,2087133.75,b0
765283665,6,144316,0,0,31.55,93445.77,37.39,1038013.19,b0
765268824,7,144362,0,0,31.62,93486.25,37.09,2002934.00,b0
765287253,8,144408,0,0,31.33,93464.54,37.44,1539849.62,b0
765270362,1,144517,0,0,32.05,93462.91,36.88,2614746.25,b0
765269850,2,144564,0,0,32.23,93473.16,35.93,1611646.62,b0
765286747,3,144620,0,0,32.43,93496.15,35.64,1421728.62,b0
765279836,4,144666,0,0,32.28,93447.46,35.58,2634930.75,b0
765271387,5,144712,0,0,31.82,93475.09,36.82,2087133.75,b0
765283665,6,144758,0,0,31.57,93447.69,37.37,1041974.06,b0
765268824,7,144805,0,0,31.63,93485.71,37.06,2000000.00,b0
765287253,8,144851,0,0,31.33,93464.73,37.42,1538114.87,b0
765270362,1,144960,0,0,32.07,93464.63,36.87,2642580.75,b0
765269850,2,145006,0,0,32.24,93473.02,35.92,1611646.62,b0
765286747,3,145063,0,0,32.42,93495.77,35.64,1423210.62,b0
765279836,4,145109,0,0,32.28,93447.99,35.57,2632390.75,b0
765271387,5,145155,0,0,31.82,93473.27,36.80,2077605.87,b0
765283665,6,145201,0,0,31.58,93448.87,37.37,1040386.06,b0
765268824,7,145247,0,0,31.64,93486.29,37.05,2010306.75,b0
765287253,8,145293,0,0,31.35,93465.13,37.38,1541588.25,b0
765270362,1,145414,0,0,32.06,93465.70,36.84,2614746.25,b0
765269850,2,145460,0,0,32.24,93473.38,35.89,1617374.12,b0
765286747,3,145516,0,0,32.43,93493.80,35.63,1423210.62,b0
765279836,4,145562,0,0,32.28,93446.18,35.53,2642580.75,b0
765271387,5,145609,0,0,31.83,93474.41,36.80,2095140.62,b0
765283665,6,145655,0,0,31.58,93446.55,37.35,1045164.56,b0
765268824,7,145701,0,0,31.65,93487.07,37.03,2014756.50,b0
765287253,8,145747,0,0,31.37,93463.95,37.36,1538114.87,b0
765270362,1,145856,0,0,32.08,93462.38,36.84,2614746.25,b0
765269850,2,145902,0,0,32.24,93476.42,35.89,1607850.87,b0
765286747,3,145959,0,0,32.42,93494.51,35.63,1415831.37,b0
765279836,4,146005,0,0,32.28,93448.89,35.51,2634930.75,b0
765271387,5,146062,0,0,31.81,93476.28,36.77,2093534.37,b0
765283665,6,146108,0,0,31.59,93448.56,37.34,1038802.94,b0
765268824,7,146154,0,0,31.66,93489.82,36.99,2004404.25,b0
765287253,8,146200,0,0,31.39,93467.39,37.36,1540718.50,b0
765270362,1,146299,0,0,32.09,93462.62,36.85,2609748.25,b0
765269850,2,146345,0,0,32.24,93474.63,35.89,1617374.12,b0
765286747,3,146402,0,0,32.41,93494.13,35.60,1417301.00,b0
765279836,4,146448,0,0,32.27,93445.77,35.52,2627325.25,b0
765271387,5,146505,0,0,31.79,93476.84,36.77,2090329.12,b0
765283665,6,146551,0,0,31.56,93447.94,37.33,1037224.63,b0
765268824,7,146597,0,0,31.63,93487.91,36.97,2010306.75,b0
765287253,8,146643,0,0,31.35,93466.93,37.35,1545077.37,b0
765270362,1,146742,0,0,32.09,93463.51,36.81,2602287.25,b0
765269850,2,146788,0,0,32.26,93472.92,35.87,1604072.87,b0
765286747,3,146845,0,0,32.44,93492.77,35.60,1424695.62,b0
765279836,4,146891,0,0,32.29,93446.24,35.50,2637475.75,b0
765271387,5,146947,0,0,31.80,93473.71,36.73,2096749.37,b0
765283665,6,146994,0,0,31.56,93445.26,37.30,1037224.63,b0
765268824,7,147040,0,0,31.64,93487.74,36.94,2013271.12,b0
765287253,8,147086,0,0,31.34,93465.65,37.31,1546827.75,b0
765270362,1,147185,0,0,32.10,93462.46,36.82,2597336.75,b0
765269850,2,147231,0,0,32.27,93473.30,35.86,1609746.50,b0
765286747,3,147288,0,0,32.44,93494.22,35.59,1420249.62,b0
765279836,4,147334,0,0,32.31,93445.95,35.47,2640025.75,b0
765271387,5,147390,0,0,31.85,93475.61,36.72,2087133.75,b0
765283665,6,147436,0,0,31.60,93447.25,37.31,1043566.88,b0
765268824,7,147483,0,0,31.68,93486.60,36.94,2011787.87,b0
765287253,8,147529,0,0,31.37,93465.39,37.31,1552103.12,b0
765270362,1,147628,0,0,32.12,93465.96,36.80,2609748.25,b0
765269850,2,147674,0,0,32.27,93472.25,35.86,1617374.12,b0
765286747,3,147730,0,0,32.44,93494.23,35.57,1418773.87,b0
765279836,4,147777,0,0,32.31,93445.63,35.49,2642580.75,b0
765271387,5,147833,0,0,31.87,93474.63,36.71,2093534.37,b0
765283665,6,147879,0,0,31.62,93447.77,37.29,1043566.88,b0
765268824,7,147925,0,0,31.70,93487.77,36.93,2022216.75,b0
765287253,8,147971,0,0,31.40,93465.45,37.29,1555640.00,b0
765270362,1,148071,0,0,32.11,93464.31,36.77,2594868.50,b0
765269850,2,148117,0,0,32.28,93473.52,35.84,1614505.37,b0
765286747,3,148173,0,0,32.44,93492.59,35.54,1420249.62,b0
765279836,4,148219,0,0,32.31,93445.98,35.47,2627325.25,b0
765271387,5,148276,0,0,31.87,93474.28,36.70,2101590.50,b0
765283665,6,148322,0,0,31.61,93444.85,37.29,1041974.06,b0
765268824,7,148368,0,0,31.71,93484.90,36.90,2019226.00,b0
765287253,8,148414,0,0,31.42,93463.18,37.28,1556526.75,b0
765270362,1,148513,0,0,32.11,93463.61,36.79,2587492.00,b0
765269850,2,148559,0,0,32.28,93473.17,35.82,1617374.12,b0
765286747,3,148616,0,0,32.44,93493.49,35.53,1421728.62,b0
765279836,4,148662,0,0,32.30,93444.33,35.45,2642580.75,b0
765271387,5,148719,0,0,31.88,93472.76,36.68,2117890.50,b0
765283665,6,148765,0,0,31.63,93446.15,37.27,1054854.50,b0
765268824,7,148811,0,0,31.72,93484.22,36.89,2025216.37,b0
765287253,8,148857,0,0,31.44,93465.21,37.24,1558303.25,b0
765270362,1,148967,0,0,32.12,93463.28,36.77,2624799.75,b0
765269850,2,149013,0,0,32.27,93471.52,35.82,1616416.75,b0
765286747,3,149069,0,0,32.46,93493.00,35.53,1423210.62,b0
765279836,4,149115,0,0,32.32,93447.08,35.43,2634930.75,b0
765271387,5,149162,0,0,31.89,93475.69,36.65,2116249.00,b0
765283665,6,149208,0,0,31.65,93445.73,37.24,1055670.12,b0
765268824,7,149254,0,0,31.74,93484.65,36.85,2025216.37,b0
765287253,8,149300,0,0,31.45,93463.63,37.22,1563657.12,b0
765270362,1,149409,0,0,32.12,93463.45,36.74,2599809.50,b0
765269850,2,149456,0,0,32.26,93473.98,35.79,1625074.37,b0
765286747,3,149512,0,0,32.45,93492.10,35.50,1418773.87,b0
765279836,4,149558,0,0,32.31,93447.59,35.42,2647705.25,b0
765271387,5,149604,0,0,31.91,93474.56,36.64,2108080.25,b0
765283665,6,149651,0,0,31.66,93447.31,37.22,1059767.12,b0
765268824,7,149697,0,0,31.74,93484.10,36.84,2031242.25,b0
765287253,8,149743,0,0,31.45,93458.80,37.22,1549461.00,b0
765270362,1,149852,0,0,32.13,93464.07,36.75,2604769.50,b0
765269850,2,149898,0,0,32.24,93473.20,35.80,1608798.12,b0
765286747,3,149955,0,0,32.45,93492.27,35.51,1420249.62,b0
765279836,4,150001,0,0,32.30,93445.56,35.39,2637475.75,b0
765271387,5,150047,0,0,31.92,93473.69,36.62,2108080.25,a0
765283665,6,150093,0,0,31.68,93445.30,37.21,1053227.00,b0
765268824,7,150139,0,0,31.75,93483.21,36.82,2031242.25,b0
765287253,8,150186,0,0,31.47,93462.97,37.19,1558303.25,b0
765270362,1,150295,0,0,32.14,93460.69,36.75,2607256.50,b0
765269850,2,150341,0,0,32.27,93472.76,35.80,1609746.50,b0
765286747,3,150398,0,0,32.49,93494.53,35.49,1420249.62,b0
765279836,4,150444,0,0,32.33,93445.51,35.41,2637475.75,b0
765271387,5,150490,0,0,31.93,93473.44,36.62,2106454.00,b0
765283665,6,150536,0,0,31.69,93445.23,37.21,1063067.75,b0
765268824,7,150582,0,0,31.76,93483.61,36.81,2019226.00,b0
765287253,8,150628,0,0,31.48,93460.85,37.19,1558303.25,b0
765270362,1,150738,0,0,32.14,93463.02,36.75,2594868.50,b0
765269850,2,150784,0,0,32.28,93473.16,35.81,1620253.12,b0
765286747,3,150841,0,0,32.50,93491.89,35.52,1435178.75,b0
765279836,4,150887,0,0,32.34,93445.56,35.40,2642580.75,b0
765271387,5,150933,0,0,31.94,93472.40,36.61,2104830.50,b0
765283665,6,150979,0,0,31.71,93447.95,37.21,1050795.25,b0
765268824,7,151025,0,0,31.77,93486.18,36.79,2013271.12,b0
765287253,8,151071,0,0,31.49,93460.18,37.17,1554754.25,b0
765270362,1,151181,0,0,32.14,93462.84,36.76,2607256.50,b0
765269850,2,151227,0,0,32.27,93472.97,35.83,1624107.87,b0
765286747,3,151284,0,0,32.51,93492.08,35.53,1444287.75,b0
765279836,4,151330,0,0,32.35,93447.76,35.40,2632390.75,b0
765271387,5,151376,0,0,31.96,93473.42,36.62,2096749.37,b0
765283665,6,151422,0,0,31.72,93445.34,37.22,1050795.25,b0
765268824,7,151468,0,0,31.77,93485.09,36.80,2016244.12,b0
765287253,8,151514,0,0,31.50,93461.47,37.17,1547704.50,b0
765270362,1,151624,0,0,32.14,93463.21,36.77,2612245.00,b0
765269850,2,151670,0,0,32.28,93471.19,35.82,1625074.37,b0
765286747,3,151726,0,0,32.52,93491.73,35.53,1444287.75,b0
765279836,4,151772,0,0,32.35,93444.89,35.40,2650275.00,b0
765271387,5,151829,0,0,31.96,93472.88,36.61,2111340.25,b0
765283665,6,151875,0,0,31.73,93446.33,37.20,1058124.50,b0
765268824,7,151921,0,0,31.77,93486.02,36.77,2016244.12,b0
765287253,8,151967,0,0,31.52,93461.33,37.18,1547704.50,b0
765270362,1,152066,0,0,32.14,93461.60,36.76,2614746.25,b0
765269850,2,152112,0,0,32.28,93473.70,35.83,1627010.87,b0
765286747,3,152169,0,0,32.53,93493.20,35.53,1445817.12,b0
765279836,4,152215,0,0,32.35,93445.59,35.41,2652849.75,b0
765271387,5,152272,0,0,31.94,93474.92,36.59,2114610.25,b0
765283665,6,152318,0,0,31.72,93446.62,37.19,1057305.12,b0
765268824,7,152364,0,0,31.76,93487.25,36.76,2029732.37,b0
765287253,8,152410,0,0,31.52,93464.91,37.15,1549461.00,b0
765270362,1,152509,0,0,32.14,93461.44,36.76,2612245.00,b0
765269850,2,152555,0,0,32.29,93472.12,35.84,1635782.75,b0
765286747,3,152612,0,0,32.52,93491.73,35.53,1435178.75,b0
765279836,4,152658,0,0,32.33,93445.54,35.39,2668404.00,b0
765271387,5,152715,0,0,31.91,93474.00,36.58,2112974.00,b0
765283665,6,152761,0,0,31.70,93444.65,37.17,1063067.75,b0
765268824,7,152807,0,0,31.73,93484.62,36.76,2022216.75,b0
765287253,8,152853,0,0,31.50,93462.34,37.14,1555640.00,b0
765270362,1,152963,0,0,32.15,93464.17,36.76,2629855.50,b0
765269850,2,153009,0,0,32.28,93471.76,35.83,1635782.75,b0
765286747,3,153065,0,0,32.51,93490.62,35.50,1436688.87,b0
765279836,4,153111,0,0,32.33,93444.61,35.39,2663199.00,b0
765271387,5,153157,0,0,31.93,93473.63,36.56,2122829.75,b0
765283665,6,153204,0,0,31.71,93445.45,37.16,1064725.75,b0
765268824,7,153250,0,0,31.75,93484.69,36.74,2055708.87,b0
765287253,8,153296,0,0,31.52,93460.42,37.11,1562762.25,b0
765270362,1,153405,0,0,32.15,93462.93,36.77,2632390.75,b0
765269850,2,153451,0,0,32.29,93475.16,35.83,1631872.50,b0
765286747,3,153508,0,0,32.49,93490.76,35.50,1435178.75,b0
765279836,4,153554,0,0,32.33,93445.15,35.38,2676249.50,b0
765271387,5,153600,0,0,31.95,93471.55,36.53,2137787.00,b0
765283665,6,153646,0,0,31.73,93446.54,37.14,1072251.25,b0
765268824,7,153692,0,0,31.76,93484.71,36.72,2035785.25,b0
765287253,8,153739,0,0,31.53,93460.46,37.11,1557414.50,b0
765270362,1,153848,0,0,32.17,93462.50,36.76,2650275.00,b0
765269850,2,153894,0,0,32.29,93472.51,35.81,1644649.62,b0
765286747,3,153951,0,0,32.50,93490.96,35.49,1450424.87,a0
765279836,4,153997,0,0,32.33,93445.33,35.38,2689428.75,b0
765271387,5,154043,0,0,31.97,93473.52,36.53,2134445.00,b0
765283665,6,154089,0,0,31.75,93446.21,37.13,1074783.50,b0
765268824,7,154135,0,0,31.79,93484.62,36.68,2043402.37,b0
765287253,8,154181,0,0,31.55,93459.25,37.07,1571757.50,b0
765270362,1,154291,0,0,32.19,93460.60,36.75,2660604.00,b0
765269850,2,154337,0,0,32.33,93469.95,35.82,1641683.37,b0
765286747,3,154394,0,0,32.53,93490.69,35.46,1451967.37,b0
765279836,4,154440,0,0,32.37,93446.77,35.36,2686782.50,b0
765271387,5,154486,0,0,31.99,93470.55,36.50,2147876.25,b0
765283665,6,154532,0,0,31.76,93444.70,37.08,1064725.75,b0
765268824,7,154578,0,0,31.81,93483.96,36.68,2035785.25,b0
765287253,8,154624,0,0,31.56,93461.44,37.05,1573569.00,b0
765270362,1,154734,0,0,32.20,93461.57,36.74,2634930.75,b0
765269850,2,154780,0,0,32.36,93472.55,35.81,1648621.50,b0
765286747,3,154837,0,0,32.55,93492.55,35.47,1469153.50,b0
765279836,4,154883,0,0,32.39,93445.59,35.37,2692080.25,b0
765271387,5,154929,0,0,32.01,93473.22,36.51,2142819.75,b0
765283665,6,154975,0,0,31.78,93445.05,37.07,1066389.00,b0
765268824,7,155021,0,0,31.83,93484.37,36.67,2037304.12,b0
765287253,8,155067,0,0,31.57,93459.48,37.02,1571757.50,b0
765270362,1,155177,0,0,32.21,93461.41,36.72,2650275.00,b0
765269850,2,155223,0,0,32.36,93471.51,35.81,1640697.00,b0
765286747,3,155279,0,0,32.56,93490.95,35.47,1445817.12,b0
765279836,4,155325,0,0,32.40,93447.09,35.34,2684141.50,b0
765271387,5,155372,0,0,32.03,93472.59,36.48,2147876.25,b0
765283665,6,155418,0,0,31.80,93446.77,37.05,1069731.00,b0
765268824,7,155464,0,0,31.85,93484.83,36.64,2029732.37,b0
765287253,8,155510,0,0,31.59,93460.99,37.00,1571757.50,b0
765270362,1,155619,0,0,32.22,93461.84,36.71,2632390.75,b0
765269850,2,155666,0,0,32.37,93471.37,35.80,1657628.50,b0
765286747,3,155722,0,0,32.57,93493.34,35.46,1469153.50,b0
765279836,4,155768,0,0,32.41,93445.71,35.33,2689428.75,b0
765271387,5,155814,0,0,32.05,93471.66,36.47,2146188.00,b0
765283665,6,155860,0,0,31.80,93444.88,37.03,1069731.00,b0
765268824,7,155907,0,0,31.88,93485.64,36.63,2025216.37,b0
765287253,8,155953,0,0,31.61,93461.76,36.99,1576294.00,b0
765270362,1,156062,0,0,32.22,93458.97,36.71,2658014.25,b0
765269850,2,156108,0,0,32.39,93471.42,35.79,1644649.62,b0
765286747,3,156165,0,0,32.58,93491.90,35.44,1470736.12,b0
765279836,4,156211,0,0,32.42,93444.49,35.32,2700066.00,b0
765271387,5,156257,0,0,32.07,93473.73,36.44,2136114.75,b0
765283665,6,156303,0,0,31.81,93445.32,37.01,1074783.50,b0
765268824,7,156349,0,0,31.89,93485.13,36.61,2029732.37,b0
765287253,8,156395,0,0,31.62,93462.13,36.96,1573569.00,b0
765270362,1,156516,0,0,32.23,93459.35,36.71,2655429.50,b0
765269850,2,156562,0,0,32.39,93471.98,35.78,1658635.37,b0
765286747,3,156618,0,0,32.58,93492.10,35.44,1473911.50,b0
765279836,4,156664,0,0,32.43,93446.51,35.35,2700066.00,b0
765271387,5,156711,0,0,32.08,93472.77,36.42,2144502.50,b0
765283665,6,156757,0,0,31.82,93445.59,37.02,1083311.25,b0
765268824,7,156803,0,0,31.90,93483.88,36.60,2026719.50,b0
765287253,8,156849,0,0,31.62,93461.43,36.95,1590062.12,b0
765270362,1,156958,0,0,32.24,93461.01,36.68,2655429.50,b0
765269850,2,157004,0,0,32.39,93474.64,35.76,1645640.87,b0
765286747,3,157061,0,0,32.56,93491.13,35.40,1451967.37,b0
765279836,4,157107,0,0,32.43,93447.04,35.30,2694736.75,b0
765271387,5,157153,0,0,32.08,93474.16,36.42,2129451.50,b0
765283665,6,157199,0,0,31.81,93448.16,36.98,1074783.50,b0
765268824,7,157245,0,0,31.91,93488.64,36.57,2029732.37,b0
765287253,8,157292,0,0,31.62,93462.66,36.93,1578116.00,b0
765270362,1,157401,0,0,32.23,93460.29,36.68,2660604.00,b0
765269850,2,157447,0,0,32.37,93472.58,35.74,1654615.25,b0
765286747,3,157504,0,0,32.54,93491.81,35.42,1472322.12,b0
765279836,4,157550,0,0,32.41,93446.05,35.31,2705416.00,b0
765271387,5,157607,0,0,32.07,93474.12,36.40,2136114.75,b0
765283665,6,157653,0,0,31.79,93444.92,36.97,1076478.37,b0
765268824,7,157699,0,0,31.90,93485.15,36.54,2010306.75,b0
765287253,8,157745,0,0,31.60,93458.88,36.87,1573569.00,b0
765270362,1,157844,0,0,32.24,93460.49,36.66,2668404.00,b0
765269850,2,157890,0,0,32.40,93473.07,35.74,1659643.37,b0
765286747,3,157947,0,0,32.56,93490.77,35.40,1451967.37,b0
765279836,4,157993,0,0,32.43,93444.73,35.28,2727030.75,b0
765271387,5,158049,0,0,32.09,93474.02,36.36,2132778.00,b0
765283665,6,158096,0,0,31.82,93447.53,36.96,1070569.75,b0
765268824,7,158142,0,0,31.91,93487.73,36.53,2008827.87,b0
765287253,8,158188,0,0,31.63,93463.41,36.88,1571757.50,b0
765270362,1,158287,0,0,32.24,93460.83,36.64,2668404.00,b0
765269850,2,158333,0,0,32.41,93471.13,35.73,1663688.00,b0
765286747,3,158390,0,0,32.57,93491.35,35.39,1504223.25,b0
765279836,4,158436,0,0,32.45,93448.61,35.28,2718884.75,b0
765271387,5,158492,0,0,32.08,93473.30,36.36,2136114.75,b0
765283665,6,158538,0,0,31.82,93445.91,36.93,1069731.00,b0
765268824,7,158585,0,0,31.90,93482.62,36.51,2023715.37,b0
765287253,8,158631,0,0,31.62,93461.61,36.85,1567247.00,b0
765270362,1,158730,0,0,32.24,93459.98,36.62,2665799.00,b0
765269850,2,158776,0,0,32.43,93472.29,35.72,1664702.25,b0
765286747,3,158832,0,0,32.59,93492.66,35.37,1475504.37,b0
765279836,4,158879,0,0,32.46,93447.03,35.27,2702738.25,b0
765271387,5,158935,0,0,32.12,93473.13,36.33,2137787.00,b0
765283665,6,158981,0,0,31.84,93443.09,36.93,1072251.25,b0
765268824,7,159027,0,0,31.93,93483.98,36.48,2014756.50,b0
765287253,8,159073,0,0,31.65,93462.59,36.85,1585446.12,b0
765270362,1,159172,0,0,32.25,93460.91,36.63,2676249.50,b0
765269850,2,159219,0,0,32.44,93471.95,35.68,1671836.75,b0
765286747,3,159275,0,0,32.60,93491.06,35.37,1507545.12,b0
765279836,4,159321,0,0,32.46,93445.42,35.23,2705416.00,b0
765271387,5,159378,0,0,32.14,93473.45,36.32,2141139.50,b0
765283665,6,159424,0,0,31.86,93448.12,36.91,1079030.50,b0
765268824,7,159470,0,0,31.95,93484.42,36.47,2007351.12,b0
765287253,8,159516,0,0,31.66,93462.61,36.81,1573569.00,b0
765270362,1,159615,0,0,32.25,93458.94,36.60,2681505.75,b0
765269850,2,159661,0,0,32.45,93472.70,35.70,1669792.12,b0
765286747,3,159718,0,0,32.60,93491.61,35.37,1469153.50,b0
765279836,4,159764,0,0,32.47,93445.27,35.22,2700066.00,b0
765271387,5,159821,0,0,32.15,93473.88,36.28,2142819.75,b0
765283665,6,159867,0,0,31.87,93445.11,36.89,1080738.75,b0
765268824,7,159913,0,0,31.97,93485.41,36.46,2013271.12,b0
765287253,8,159959,0,0,31.66,93459.95,36.79,1576294.00,b0
765270362,1,160069,0,0,32.27,93460.30,36.58,2697398.75,b0
765269850,2,160115,0,0,32.45,93471.47,35.67,1675941.12,b0
765286747,3,160171,0,0,32.62,93491.67,35.34,1504223.25,b0
765279836,4,160217,0,0,32.49,93447.69,35.22,2716180.25,b0
765271387,5,160274,0,0,32.15,93472.63,36.28,2151260.50,b0
765283665,6,160320,0,0,31.87,93444.75,36.87,1082452.37,b0
765268824,7,160366,0,0,31.98,93484.89,36.42,2011787.87,b0
765287253,8,160412,0,0,31.68,93460.88,36.79,1574476.25,b0
765270362,1,160511,0,0,32.29,93460.90,36.56,2686782.50,b0
765269850,2,160558,0,0,32.45,93474.67,35.64,1672860.87,b0
765286747,3,160614,0,0,32.62,93493.84,35.33,1480303.62,b0
765279836,4,160660,0,0,32.49,93449.11,35.20,2727030.75,b0
765271387,5,160717,0,0,32.15,93472.95,36.23,2139462.00,b0
765283665,6,160763,0,0,31.87,93448.73,36.84,1081594.87,b0
765268824,7,160809,0,0,31.99,93487.07,36.41,2014756.50,b0
765287253,8,160855,0,0,31.69,93464.11,36.75,1585446.12,b0
765270362,1,160954,0,0,32.30,93461.16,36.55,2713481.25,b0
765269850,2,161000,0,0,32.43,93471.94,35.63,1675941.12,b0
765286747,3,161057,0,0,32.62,93491.49,35.31,1462857.12,b0
765279836,4,161103,0,0,32.47,93446.51,35.18,2735225.50,b0
765271387,5,161160,0,0,32.14,93472.00,36.23,2141139.50,b0
765283665,6,161206,0,0,31.85,93444.09,36.82,1080738.75,b0
765268824,7,161252,0,0,31.96,93483.37,36.37,2017734.00,b0
765287253,8,161298,0,0,31.66,93460.64,36.72,1580856.75,b0
765270362,1,161397,0,0,32.30,93458.13,36.53,2689428.75,b0
765269850,2,161443,0,0,32.47,93472.77,35.59,1672860.87,b0
765286747,3,161500,0,0,32.66,93492.51,35.31,1500916.12,b0
765279836,4,161546,0,0,32.50,93446.30,35.18,2724310.00,b0
765271387,5,161603,0,0,32.17,93474.69,36.21,2159768.00,b0
765283665,6,161649,0,0,31.89,93442.29,36.81,1085033.12,b0
765268824,7,161695,0,0,31.98,93484.87,36.35,2025216.37,b0
765287253,8,161741,0,0,31.69,93462.52,36.70,1579942.12,b0
765270362,1,161840,0,0,32.32,93459.48,36.50,2697398.75,b0
765269850,2,161886,0,0,32.49,93472.48,35.58,1671836.75,b0
765286747,3,161943,0,0,32.66,93493.59,35.29,1481910.25,b0
765279836,4,161989,0,0,32.50,93446.84,35.14,2729756.75,b0
765271387,5,162045,0,0,32.17,93473.46,36.19,2152956.75,b0
765283665,6,162091,0,0,31.90,93443.64,36.79,1085033.12,b0
765268824,7,162138,0,0,31.98,93485.43,36.35,2032754.37,b0
765287253,8,162184,0,0,31.69,93461.62,36.71,1579942.12,b0
765270362,1,162283,0,0,32.32,93459.45,36.50,2694736.75,b0
765269850,2,162329,0,0,32.49,93471.41,35.56,1680065.62,b0
765286747,3,162385,0,0,32.66,93492.15,35.25,1517599.12,b0
765279836,4,162432,0,0,32.50,93448.29,35.14,2746228.75,b0
765271387,5,162488,0,0,32.16,93473.42,36.15,2156357.00,b0
765283665,6,162534,0,0,31.89,93443.18,36.78,1083311.25,b0
765268824,7,162580,0,0,31.98,93484.32,36.31,2035785.25,b0
765287253,8,162627,0,0,31.68,93461.06,36.68,1589136.75,b0
765270362,1,162726,0,0,32.33,93459.48,36.46,2694736.75,b0
765269850,2,162772,0,0,32.49,93470.36,35.54,1678000.87,b0
765286747,3,162828,0,0,32.65,93492.09,35.21,1481910.25,b0
765279836,4,162874,0,0,32.49,93446.80,35.11,2748993.25,b0
765271387,5,162931,0,0,32.16,93471.95,36.14,2175252.25,b0
765283665,6,162977,0,0,31.90,93445.74,36.76,1088493.25,b0
765268824,7,163023,0,0,31.97,93484.50,36.28,2043402.37,b0
765287253,8,163069,0,0,31.69,93461.07,36.66,1613551.25,b0
765270362,1,163179,0,0,32.34,93459.72,36.45,2724310.00,b0
765269850,2,163225,0,0,32.50,93471.63,35.54,1696768.87,b0
765286747,3,163282,0,0,32.65,93495.36,35.21,1516756.12,b0
765279836,4,163328,0,0,32.48,93446.55,35.09,2743469.50,b0
765271387,5,163384,0,0,32.16,93473.57,36.13,2203335.25,b0
765283665,6,163430,0,0,31.90,93443.78,36.72,1103448.25,b0
765268824,7,163477,0,0,31.98,93484.33,36.27,2054162.50,b0
765287253,8,163523,0,0,31.69,93461.80,36.64,1610696.00,b0
765270362,1,163622,0,0,32.34,93458.85,36.44,2724310.00,b0
765269850,2,163668,0,0,32.49,93474.48,35.50,1685250.00,b0
765286747,3,163724,0,0,32.63,93493.31,35.20,1481910.25,b0
765279836,4,163771,0,0,32.46,93446.64,35.06,2746228.75,b0
765271387,5,163827,0,0,32.16,93475.34,36.10,2175252.25,b0
765283665,6,163873,0,0,31.91,93446.20,36.70,1093725.00,b0
765268824,7,163919,0,0,31.98,93487.61,36.25,2058808.75,b0
765287253,8,163965,0,0,31.70,93464.16,36.62,1604072.87,b0
765270362,1,164065,0,0,32.35,93459.42,36.40,2713481.25,b0
765269850,2,164111,0,0,32.48,93471.39,35.49,1686290.62,b0
765286747,3,164167,0,0,32.63,93491.69,35.16,1505052.37,b0
765279836,4,164213,0,0,32.46,93445.04,35.06,2768502.75,b0
765271387,5,164270,0,0,32.14,93472.91,36.08,2196246.75,b0
765283665,6,164316,0,0,31.88,93444.14,36.69,1101667.62,b0
765268824,7,164362,0,0,31.97,93485.02,36.21,2060362.12,b0
765287253,8,164408,0,0,31.69,93461.80,36.59,1605959.62,b0
765270362,1,164507,0,0,32.35,93458.73,36.40,2727030.75,b0
765269850,2,164553,0,0,32.51,93473.47,35.47,1694662.75,b0
765286747,3,164610,0,0,32.65,93491.93,35.17,1526080.50,b0
765279836,4,164656,0,0,32.49,93447.52,35.06,2774128.00,b0
765271387,5,164713,0,0,32.16,93473.59,36.06,2183951.00,b0
765283665,6,164759,0,0,31.90,93445.63,36.67,1104340.75,b0
765268824,7,164805,0,0,31.99,93486.73,36.20,2069732.25,b0
765287253,8,164851,0,0,31.71,93460.23,36.56,1628952.12,b0
765270362,1,164950,0,0,32.37,93462.75,36.38,2740716.00,b0
765269850,2,164996,0,0,32.53,93471.20,35.44,1694662.75,b0
765286747,3,165053,0,0,32.67,93493.97,35.15,1505882.37,b0
765279836,4,165099,0,0,32.51,93446.19,35.02,2771312.50,b0
765271387,5,165156,0,0,32.19,93475.52,36.03,2214054.00,b0
765283665,6,165202,0,0,31.91,93445.72,36.64,1107027.00,b0
765268824,7,165248,0,0,31.98,93483.62,36.17,2074449.25,b0
765287253,8,165294,0,0,31.70,93461.84,36.55,1621215.12,b0
765270362,1,165393,0,0,32.37,93461.15,36.37,2735225.50,b0
765269850,2,165439,0,0,32.54,93471.25,35.43,1692562.00,b0
765286747,3,165496,0,0,32.69,93493.13,35.14,1510046.12,b0
765279836,4,165542,0,0,32.54,93448.29,35.02,2774128.00,b0
765271387,5,165598,0,0,32.19,93475.36,36.02,2219452.75,b0
765283665,6,165645,0,0,31.92,93445.61,36.64,1113346.00,b0
765268824,7,165691,0,0,32.00,93485.30,36.16,2082358.87,b0
765287253,8,165737,0,0,31.72,93462.44,36.52,1624107.87,b0
765270362,1,165836,0,0,32.38,93460.11,36.36,2713481.25,b0
765269850,2,165882,0,0,32.55,93472.88,35.43,1692562.00,b0
765286747,3,165939,0,0,32.70,93491.71,35.12,1524376.62,b0
765279836,4,165985,0,0,32.56,93447.64,35.02,2768502.75,b0
765271387,5,166041,0,0,32.20,93473.81,36.01,2203335.25,b0
765283665,6,166087,0,0,31.94,93445.06,36.60,1106130.12,b0
765268824,7,166133,0,0,32.01,93485.34,36.14,2088730.25,b0
765287253,8,166180,0,0,31.74,93461.22,36.51,1629924.37,b0
765270362,1,166279,0,0,32.38,93460.65,36.33,2748993.25,b0
765269850,2,166325,0,0,32.56,93473.10,35.40,1689420.50,b0
765286747,3,166381,0,0,32.71,93492.82,35.10,1538981.75,b0
765279836,4,166427,0,0,32.55,93446.01,34.99,2782608.75,b0
765271387,5,166484,0,0,32.21,93474.93,35.99,2223066.50,b0
765283665,6,166530,0,0,31.96,93446.12,36.58,1116989.37,b0
765268824,7,166576,0,0,32.01,93486.62,36.12,2095140.62,b0
765287253,8,166622,0,0,31.75,93461.79,36.49,1625074.37,b0
765270362,1,166732,0,0,32.37,93459.01,36.33,2737968.00,b0
765269850,2,166778,0,0,32.56,93472.57,35.38,1697823.87,b0
765286747,3,166835,0,0,32.72,93494.10,35.10,1535520.12,b0
765279836,4,166881,0,0,32.56,93445.87,34.98,2785447.25,b0
765271387,5,166937,0,0,32.22,93474.27,35.95,2248696.25,b0
765283665,6,166983,0,0,31.98,93446.15,36.56,1114254.62,b0
765268824,7,167030,0,0,32.02,93485.91,36.09,2090329.12,b0
765287253,8,167076,0,0,31.76,93462.71,36.47,1642671.00,b0
765270362,1,167175,0,0,32.38,93460.27,36.31,2743469.50,b0
765269850,2,167221,0,0,32.55,93474.31,35.36,1698880.12,b0
765286747,3,167277,0,0,32.72,93492.84,35.09,1520133.62,b0
765279836,4,167324,0,0,32.57,93448.22,34.98,2782608.75,b0
765271387,5,167380,0,0,32.22,93475.52,35.94,2215850.75,b0
765283665,6,167426,0,0,31.99,93448.88,36.55,1120656.62,b0
765268824,7,167472,0,0,32.02,93488.09,36.07,2088730.25,b0
765287253,8,167518,0,0,31.75,93463.05,36.46,1632848.37,b0
765270362,1,167617,0,0,32.38,93461.73,36.30,2724310.00,b0
765269850,2,167664,0,0,32.54,93471.60,35.37,1702056.87,b0
765286747,3,167720,0,0,32.71,93493.54,35.08,1542459.00,b0
765279836,4,167766,0,0,32.56,93446.76,34.94,2776949.25,b0
765271387,5,167823,0,0,32.22,93474.11,35.93,2210469.50,b0
765283665,6,167869,0,0,31.98,93446.54,36.53,1115164.75,b0
765268824,7,167915,0,0,32.00,93486.03,36.05,2093534.37,b0
765287253,8,167961,0,0,31.75,93464.48,36.43,1648621.50,b0
765270362,1,168060,0,0,32.38,93462.28,36.28,2754539.25,b0
765269850,2,168106,0,0,32.57,93473.49,35.35,1709515.87,b0
765286747,3,168163,0,0,32.75,93494.19,35.08,1545952.12,b0
765279836,4,168209,0,0,32.60,93448.38,34.94,2799726.50,b0
765271387,5,168266,0,0,32.26,93473.63,35.90,2224877.75,b0
765283665,6,168312,0,0,32.01,93445.21,36.52,1111533.25,b0
765268824,7,168358,0,0,32.02,93485.93,36.06,2095140.62,b0
765287253,8,168404,0,0,31.78,93463.29,36.42,1650614.50,b0
765270362,1,168503,0,0,32.38,93461.56,36.27,2774128.00,b0
765269850,2,168549,0,0,32.58,93473.91,35.34,1700996.62,b0
765286747,3,168606,0,0,32.76,93494.03,35.05,1552985.75,b0
765279836,4,168652,0,0,32.61,93447.16,34.94,2808364.75,b0
765271387,5,168709,0,0,32.29,93477.19,35.92,2232152.50,b0
765283665,6,168755,0,0,32.04,93446.84,36.53,1117903.87,b0
765268824,7,168801,0,0,32.04,93487.63,36.03,2108080.25,b0
765287253,8,168847,0,0,31.79,93461.90,36.41,1648621.50,b0
765270362,1,168946,0,0,32.39,93461.41,36.27,2779776.00,b0
765269850,2,168992,0,0,32.59,93472.50,35.32,1712732.62,b0
765286747,3,169049,0,0,32.77,93495.31,35.05,1549461.00,b0
765279836,4,169095,0,0,32.63,93449.23,34.91,2819965.50,b0
765271387,5,169151,0,0,32.30,93476.90,35.89,2250549.50,b0
765283665,6,169198,0,0,32.05,93446.42,36.52,1118820.00,b0
765268824,7,169244,0,0,32.03,93486.87,36.02,2121180.75,b0
765287253,8,169290,0,0,31.80,93462.81,36.40,1638727.75,b0
765270362,1,169389,0,0,32.39,93463.39,36.25,2779776.00,b0
765269850,2,169435,0,0,32.60,93473.07,35.30,1718120.75,b0
765286747,3,169492,0,0,32.78,93494.09,35.03,1553869.50,b0
765279836,4,169538,0,0,32.63,93448.52,34.91,2814153.25,b0
765271387,5,169594,0,0,32.28,93477.34,35.87,2226692.00,b0
765283665,6,169640,0,0,32.05,93447.90,36.51,1119737.50,b0
765268824,7,169686,0,0,32.02,93485.18,36.00,2119534.25,b0
765287253,8,169733,0,0,31.79,93464.93,36.40,1646633.12,b0
765270362,1,169832,0,0,32.41,93462.26,36.24,2785447.25,b0
765269850,2,169878,0,0,32.61,93474.72,35.27,1715961.50,b0
765286747,3,169934,0,0,32.79,93495.92,35.01,1565450.00,b0
765279836,4,169980,0,0,32.64,93449.27,34.89,2808364.75,b0
765271387,5,170037,0,0,32.29,93477.57,35.88,2269252.00,b0
765283665,6,170083,0,0,32.05,93447.16,36.49,1127132.62,b0
765268824,7,170129,0,0,32.01,93485.52,35.99,2121180.75,b0
765287253,8,170175,0,0,31.78,93465.46,36.36,1661663.25,b0
765270362,1,170285,0,0,32.42,93463.02,36.22,2782608.75,b0
765269850,2,170331,0,0,32.62,93472.44,35.27,1717040.50,b0
765286747,3,170388,0,0,32.80,93496.50,35.00,1552103.12,b0
765279836,4,170434,0,0,32.64,93447.49,34.86,2822880.75,b0
765271387,5,170490,0,0,32.30,93477.08,35.84,2232152.50,b0
765283665,6,170536,0,0,32.07,93447.85,36.46,1124348.12,b0
765268824,7,170583,0,0,32.02,93489.20,35.96,2117890.50,b0
765287253,8,170629,0,0,31.79,93464.94,36.35,1660652.75,b0
765270362,1,170728,0,0,32.43,93461.79,36.22,2785447.25,b0
765269850,2,170774,0,0,32.63,93476.55,35.27,1723543.00,b0
765286747,3,170830,0,0,32.79,93496.12,34.99,1551221.37,b0
765279836,4,170877,0,0,32.65,93450.74,34.85,2825802.00,b0
765271387,5,170933,0,0,32.30,93479.06,35.82,2261733.75,b0
765283665,6,170979,0,0,32.07,93450.01,36.44,1126202.87,b0
765268824,7,171025,0,0,32.00,93489.31,35.95,2119534.25,b0
765287253,8,171072,0,0,31.78,93466.53,36.34,1644649.62,b0
765270362,1,171171,0,0,32.44,93464.74,36.20,2768502.75,b0
765269850,2,171217,0,0,32.61,93473.13,35.25,1726812.87,b0
765286747,3,171273,0,0,32.78,93495.73,34.97,1568147.00,b0
765279836,4,171319,0,0,32.64,93449.27,34.84,2825802.00,b0
765271387,5,171376,0,0,32.29,93479.16,35.81,2269252.00,b0
765283665,6,171422,0,0,32.05,93446.27,36.44,1123422.87,b0
765268824,7,171468,0,0,31.98,93487.42,35.97,2117890.50,b0
765287253,8,171514,0,0,31.76,93464.32,36.32,1656622.87,b0
765270362,1,171613,0,0,32.45,93463.49,36.20,2811256.00,b0
765269850,2,171659,0,0,32.65,93474.86,35.24,1727905.50,b0
765286747,3,171716,0,0,32.82,93497.27,34.96,1569950.12,b0
765279836,4,171762,0,0,32.67,93448.85,34.83,2817056.50,b0
765271387,5,171819,0,0,32.31,93479.69,35.80,2241313.25,b0
765283665,6,171865,0,0,32.08,93448.34,36.44,1124348.12,b0
765268824,7,171911,0,0,31.99,93487.45,35.96,2132778.00,b0
765287253,8,171957,0,0,31.78,93466.89,36.32,1670813.75,b0
765270362,1,172056,0,0,32.46,93463.39,36.19,2814153.25,b0
765269850,2,172102,0,0,32.67,93475.11,35.23,1740017.00,b0
765286747,3,172159,0,0,32.83,93498.56,34.96,1563657.12,b0
765279836,4,172205,0,0,32.68,93449.61,34.84,2834602.00,b0
765271387,5,172262,0,0,32.31,93479.15,35.80,2282530.00,b0
765283665,6,172308,0,0,32.09,93449.80,36.41,1130866.87,b0
765268824,7,172354,0,0,31.98,93487.41,35.93,2141139.50,b0
765287253,8,172400,0,0,31.76,93465.22,36.31,1667752.50,b0
765270362,1,172499,0,0,32.46,93463.03,36.16,2785447.25,b0
765269850,2,172545,0,0,32.68,93474.08,35.21,1754551.25,b0
765286747,3,172602,0,0,32.84,93498.04,34.94,1577204.50,b0
765279836,4,172648,0,0,32.69,93449.84,34.78,2834602.00,b0
765271387,5,172704,0,0,32.32,93479.34,35.78,2271139.50,b0
765283665,6,172751,0,0,32.08,93448.34,36.39,1128996.75,b0
765268824,7,172797,0,0,31.97,93487.02,35.93,2142819.75,b0
765287253,8,172843,0,0,31.75,93465.73,36.28,1680065.62,b0
765270362,1,172942,0,0,32.47,93461.65,36.16,2822880.75,b0
765269850,2,172988,0,0,32.70,93475.74,35.20,1736697.00,b0
765286747,3,173045,0,0,32.85,93496.98,34.92,1574476.25,b0
765279836,4,173091,0,0,32.69,93449.67,34.80,2843457.25,b0
765271387,5,173147,0,0,32.31,93478.05,35.76,2288268.25,b0
765283665,6,173193,0,0,32.08,93449.23,36.37,1139360.25,b0
765268824,7,173240,0,0,31.97,93487.57,35.93,2151260.50,b0
765287253,8,173286,0,0,31.74,93465.89,36.27,1679032.62,b0
765270362,1,173395,0,0,32.48,93464.04,36.15,2819965.50,b0
765269850,2,173441,0,0,32.71,93475.77,35.19,1744463.37,b0
765286747,3,173498,0,0,32.85,93498.44,34.92,1573569.00,b0
765279836,4,173544,0,0,32.69,93448.07,34.76,2837547.75,b0
765271387,5,173601,0,0,32.32,93479.17,35.73,2309557.25,b0
765283665,6,173647,0,0,32.09,93447.48,36.35,1145093.62,b0
765268824,7,173693,0,0,31.98,93488.68,35.91,2149567.00,b0
765287253,8,173739,0,0,31.75,93464.66,36.25,1683172.37,b0
765270362,1,173838,0,0,32.49,93462.08,36.14,2828729.25,b0
765269850,2,173884,0,0,32.70,93478.24,35.18,1743349.62,b0
765286747,3,173941,0,0,32.84,93498.59,34.90,1552103.12,b0
765279836,4,173987,0,0,32.69,93451.98,34.74,2855350.25,b0
765271387,5,174043,0,0,32.31,93478.74,35.71,2288268.25,b0
765283665,6,174090,0,0,32.07,93451.10,36.32,1141265.00,b0
765268824,7,174136,0,0,31.98,93489.96,35.91,2156357.00,b0
765287253,8,174182,0,0,31.74,93465.70,36.23,1692562.00,b0
765270362,1,174281,0,0,32.48,93464.04,36.10,2846421.25,b0
765269850,2,174327,0,0,32.68,93477.45,35.16,1759072.37,b0
765286747,3,174384,0,0,32.82,93495.84,34.88,1579028.50,b0
765279836,4,174430,0,0,32.67,93450.46,34.72,2855350.25,b0
765271387,5,174486,0,0,32.29,93478.49,35.71,2311512.50,b0
765283665,6,174532,0,0,32.04,93446.56,36.31,1143176.12,b0
765268824,7,174579,0,0,31.97,93485.92,35.90,2166622.50,b0
765287253,8,174625,0,0,31.71,93461.86,36.24,1692562.00,b0
765270362,1,174724,0,0,32.47,93461.66,36.09,2819965.50,b0
765269850,2,174770,0,0,32.69,93477.31,35.13,1746695.12,b0
765286747,3,174826,0,0,32.83,93496.94,34.89,1591916.00,b0
765279836,4,174873,0,0,32.69,93449.47,34.74,2876404.50,b0
765271387,5,174929,0,0,32.31,93478.24,35.69,2315432.50,b0
765283665,6,174975,0,0,32.06,93447.98,36.29,1143176.12,b0
765268824,7,175021,0,0,32.00,93487.29,35.93,2170066.25,b0
765287253,8,175067,0,0,31.75,93464.13,36.26,1696768.87,b0
765270362,1,175166,0,0,32.48,93462.60,36.06,2849391.25,b0
765269850,2,175213,0,0,32.69,93475.52,35.12,1769330.50,b0
765286747,3,175269,0,0,32.84,93496.25,34.85,1599375.25,b0
765279836,4,175315,0,0,32.70,93450.96,34.71,2873377.75,b0
765271387,5,175372,0,0,32.32,93478.27,35.69,2315432.50,b0
765283665,6,175418,0,0,32.07,93448.20,36.29,1148948.12,b0
765268824,7,175464,0,0,32.00,93489.12,35.93,2166622.50,b0
765287253,8,175510,0,0,31.76,93464.85,36.24,1685250.00,b0
765270362,1,175609,0,0,32.49,93465.88,36.06,2855350.25,b0
765269850,2,175655,0,0,32.69,93476.41,35.10,1772776.50,b0
765286747,3,175712,0,0,32.85,93498.25,34.82,1591916.00,b0
765279836,4,175758,0,0,32.70,93450.80,34.70,2882477.25,b0
765271387,5,175815,0,0,32.32,93480.45,35.69,2288268.25,b0
765283665,6,175861,0,0,32.07,93448.63,36.29,1148948.12,b0
765268824,7,175907,0,0,32.00,93488.22,35.92,2163189.75,b0
765287253,8,175953,0,0,31.76,93465.38,36.24,1684210.50,b0
765270362,1,176052,0,0,32.47,93465.06,36.05,2849391.25,b0
765269850,2,176098,0,0,32.66,93475.25,35.05,1768184.75,b0
765286747,3,176155,0,0,32.85,93497.73,34.79,1588212.50,b0
765279836,4,176201,0,0,32.69,93449.86,34.67,2867343.25,b0
765271387,5,176258,0,0,32.32,93479.17,35.66,2313470.75,b0
765283665,6,176304,0,0,32.08,93449.90,36.26,1148948.12,b0
765268824,7,176350,0,0,32.01,93487.87,35.90,2168343.00,b0
765287253,8,176396,0,0,31.76,93464.50,36.25,1697823.87,b0
765270362,1,176495,0,0,32.47,93464.34,36.00,2873377.75,b0
765269850,2,176541,0,0,32.64,93476.77,35.05,1756808.87,b0
765286747,3,176598,0,0,32.86,93496.84,34.80,1591916.00,b0
765279836,4,176644,0,0,32.69,93450.38,34.65,2891634.25,b0
765271387,5,176700,0,0,32.32,93480.45,35.66,2280623.50,b0
765283665,6,176747,0,0,32.08,93448.14,36.25,1153802.87,b0
765268824,7,176793,0,0,32.02,93489.38,35.93,2152956.75,b0
765287253,8,176839,0,0,31.77,93466.31,36.24,1699937.75,b0
765270362,1,176948,0,0,32.45,93464.96,36.03,2873377.75,b0
765269850,2,176994,0,0,32.63,93476.20,35.04,1767040.50,b0
765286747,3,177051,0,0,32.86,93499.36,34.78,1592844.62,b0
765279836,4,177097,0,0,32.70,93450.77,34.66,2876404.50,b0
765271387,5,177143,0,0,32.32,93479.17,35.63,2305657.25,b0
765283665,6,177189,0,0,32.08,93449.72,36.25,1146054.87,b0
765268824,7,177235,0,0,32.03,93490.85,35.93,2168343.00,b0
765287253,8,177282,0,0,31.78,93467.05,36.24,1685250.00,b0
765270362,1,177391,0,0,32.46,93466.61,36.01,2864335.75,b0
765269850,2,177437,0,0,32.61,93477.04,35.05,1764756.62,b0
765286747,3,177494,0,0,32.86,93499.36,34.79,1589136.75,b0
765279836,4,177540,0,0,32.70,93453.13,34.65,2885523.00,b0
765271387,5,177597,0,0,32.34,93481.61,35.67,2278720.50,b0
765283665,6,177643,0,0,32.08,93449.23,36.24,1145093.62,b0
765268824,7,177689,0,0,32.05,93490.20,35.91,2171792.25,b0
765287253,8,177735,0,0,31.80,93467.82,36.25,1687332.62,b0
765270362,1,177834,0,0,32.44,93464.19,36.04,2876404.50,b0
765269850,2,177880,0,0,32.58,93478.38,35.08,1772776.50,b0
765286747,3,177937,0,0,32.85,93500.05,34.78,1603131.12,b0
765279836,4,177983,0,0,32.68,93452.14,34.70,2891634.25,b0
765271387,5,178039,0,0,32.32,93482.79,35.68,2319365.75,b0
765283665,6,178086,0,0,32.09,93453.39,36.25,1150885.12,b0
765268824,7,178132,0,0,32.06,93493.48,35.94,2173520.75,b0
765287253,8,178178,0,0,31.79,93469.60,36.29,1686290.62,b0
765270362,1,178277,0,0,32.44,93467.76,36.05,2864335.75,b0
765269850,2,178323,0,0,32.60,93478.45,35.11,1780869.62,b0
765286747,3,178380,0,0,32.85,93501.52,34.80,1604072.87,b0
765279836,4,178426,0,0,32.71,93453.14,34.71,2888575.50,b0
765271387,5,178482,0,0,32.30,93479.80,35.72,2286352.25,b0
765283665,6,178528,0,0,32.06,93450.42,36.24,1147982.12,b0
765268824,7,178574,0,0,32.04,93490.88,35.97,2175252.25,b0
765287253,8,178621,0,0,31.77,93468.46,36.29,1684210.50,b0
765270362,1,178720,0,0,32.42,93464.45,36.08,2882477.25,b0
765269850,2,178766,0,0,32.61,93477.20,35.15,1772776.50,b0
765286747,3,178822,0,0,32.86,93500.45,34.81,1612598.37,b0
765279836,4,178868,0,0,32.71,93452.07,34.72,2897771.50,b0
765271387,5,178925,0,0,32.32,93482.60,35.72,2303712.00,b0
765283665,6,178971,0,0,32.07,93450.93,36.30,1148948.12,b0
765268824,7,179017,0,0,32.06,93491.11,36.00,2192719.50,b0
765287253,8,179063,0,0,31.79,93466.89,36.33,1692562.00,b0
765270362,1,179162,0,0,32.44,93466.16,36.13,2870357.50,b0
765269850,2,179209,0,0,32.63,93477.99,35.21,1775081.25,b0
765286747,3,179265,0,0,32.86,93501.72,34.83,1611646.62,b0
765279836,4,179311,0,0,32.71,93451.75,34.75,2894699.75,b0
765271387,5,179368,0,0,32.33,93480.67,35.75,2294035.25,b0
765283665,6,179414,0,0,32.08,93450.14,36.31,1147017.62,b0
765268824,7,179460,0,0,32.06,93490.05,36.00,2176986.50,b0
765287253,8,179506,0,0,31.80,93467.66,36.33,1704181.37,b0
765270362,1,179605,0,0,32.45,93465.65,36.16,2891634.25,b0
765269850,2,179651,0,0,32.63,93476.04,35.24,1776235.87,b0
765286747,3,179708,0,0,32.87,93500.48,34.85,1608798.12,b0
765279836,4,179754,0,0,32.72,93453.41,34.76,2907026.25,b0
765271387,5,179811,0,0,32.33,93481.59,35.79,2321337.50,b0
765283665,6,179857,0,0,32.09,93451.12,36.31,1152828.62,b0
765268824,7,179903,0,0,32.07,93490.08,36.03,2190960.25,b0
765287253,8,179949,0,0,31.81,93467.13,36.36,1702056.87,b0
765270362,1,180059,0,0,32.45,93466.41,36.16,2894699.75,b0
765269850,2,180105,0,0,32.62,93475.66,35.24,1777392.00,b0
765286747,3,180161,0,0,32.87,93501.04,34.86,1610696.00,b0
765279836,4,180207,0,0,32.72,93452.15,34.77,2913229.00,b0
765271387,5,180253,0,0,32.34,93481.98,35.79,2333238.50,b0
765283665,6,180300,0,0,32.10,93450.80,36.32,1152828.62,b0
765268824,7,180346,0,0,32.08,93491.02,36.03,2190960.25,b0
765287253,8,180392,0,0,31.82,93467.70,36.37,1708446.25,b0
765270362,1,180501,0,0,32.46,93467.71,36.18,2897771.50,b0
765269850,2,180547,0,0,32.62,93480.12,35.26,1796097.37,b0
765286747,3,180604,0,0,32.86,93499.73,34.84,1599375.25,b0
765279836,4,180650,0,0,32.71,93453.70,34.76,2907026.25,b0
765271387,5,180707,0,0,32.35,93481.49,35.79,2307605.75,b0
765283665,6,180753,0,0,32.10,93450.51,36.34,1157716.25,b0
765268824,7,180799,0,0,32.09,93491.23,36.04,2206896.50,b0
765287253,8,180845,0,0,31.83,93467.20,36.38,1708446.25,b0
765270362,1,180944,0,0,32.46,93465.00,36.18,2903934.75,b0
765269850,2,180990,0,0,32.60,93476.12,35.26,1779708.87,b0
765286747,3,181047,0,0,32.86,93499.36,34.86,1590062.12,b0
765279836,4,181093,0,0,32.70,93453.10,34.77,2913229.00,b0
765271387,5,181150,0,0,32.34,93482.16,35.79,2317397.50,b0
765283665,6,181196,0,0,32.11,93453.05,36.33,1147982.12,b0
765268824,7,181242,0,0,32.09,93494.69,36.04,2203335.25,b0
765287253,8,181288,0,0,31.82,93469.32,36.38,1694662.75,b0
765270362,1,181387,0,0,32.47,93467.02,36.18,2900849.75,b0
765269850,2,181433,0,0,32.63,93476.58,35.26,1787865.50,b0
765286747,3,181490,0,0,32.89,93501.24,34.83,1617374.12,b0
765279836,4,181536,0,0,32.72,93451.61,34.77,2910124.25,b0
765271387,5,181592,0,0,32.33,93480.85,35.79,2319365.75,b0
765283665,6,181639,0,0,32.09,93451.26,36.33,1152828.62,b0
765268824,7,181685,0,0,32.09,93491.94,36.03,2198014.50,b0
765287253,8,181731,0,0,31.82,93467.34,36.39,1704181.37,b0
765270362,1,181830,0,0,32.48,93465.12,36.19,2891634.25,b0
765269850,2,181876,0,0,32.64,93477.16,35.26,1790209.75,b0
765286747,3,181933,0,0,32.90,93502.17,34.86,1611646.62,b0
765279836,4,181979,0,0,32.73,93452.91,34.76,2913229.00,b0
765271387,5,182035,0,0,32.35,93480.44,35.82,2315432.50,b0
765283665,6,182081,0,0,32.12,93451.52,36.34,1153802.87,b0
765268824,7,182128,0,0,32.11,93492.77,36.04,2192719.50,b0
765287253,8,182174,0,0,31.84,93467.95,36.39,1706311.12,b0
765270362,1,182273,0,0,32.49,93465.70,36.17,2891634.25,b0
765269850,2,182319,0,0,32.68,93479.06,35.26,1791384.25,b0
765286747,3,182375,0,0,32.90,93501.11,34.86,1603131.12,b0
765279836,4,182422,0,0,32.75,93452.65,34.77,2907026.25,b0
765271387,5,182478,0,0,32.37,93481.27,35.80,2347278.00,b0
765283665,6,182524,0,0,32.13,93451.32,36.32,1153802.87,b0
765268824,7,182570,0,0,32.13,93491.53,36.03,2203335.25,b0
765287253,8,182616,0,0,31.86,93467.80,36.37,1708446.25,b0
765270362,1,182716,0,0,32.51,93466.14,36.17,2885523.00,b0
765269850,2,182762,0,0,32.69,93478.56,35.24,1773928.12,b0
765286747,3,182818,0,0,32.91,93501.13,34.84,1623142.50,b0
765279836,4,182864,0,0,32.77,93453.77,34.75,2897771.50,b0
765271387,5,182921,0,0,32.38,93483.30,35.80,2315432.50,b0
765283665,6,182967,0,0,32.14,93450.80,36.36,1151856.00,b0
765268824,7,183013,0,0,32.14,93490.13,36.04,2198014.50,b0
765287253,8,183059,0,0,31.87,93468.02,36.38,1706311.12,b0
765270362,1,183158,0,0,32.51,93466.16,36.15,2894699.75,b0
765269850,2,183204,0,0,32.70,93476.66,35.23,1785527.50,b0
765286747,3,183261,0,0,32.91,93499.33,34.83,1617374.12,b0
765279836,4,183307,0,0,32.77,93452.70,34.75,2903934.75,b0
765271387,5,183364,0,0,32.38,93480.79,35.81,2349297.50,b0
765283665,6,183410,0,0,32.14,93450.32,36.35,1154778.62,b0
765268824,7,183456,0,0,32.16,93492.55,36.04,2198014.50,b0
765287253,8,183502,0,0,31.88,93466.59,36.39,1707378.12,b0
765270362,1,183612,0,0,32.52,93467.98,36.15,2846421.25,b0
765269850,2,183658,0,0,32.71,93478.46,35.22,1783195.50,b0
765286747,3,183714,0,0,32.91,93499.85,34.81,1613551.25,b0
765279836,4,183760,0,0,32.77,93453.09,34.75,2900849.75,b0
765271387,5,183807,0,0,32.40,93482.15,35.79,2339234.75,b0
765283665,6,183853,0,0,32.14,93451.58,36.35,1160668.75,b0
765268824,7,183899,0,0,32.17,93490.56,36.05,2205114.50,b0
765287253,8,183945,0,0,31.89,93467.90,36.38,1711659.00,b0
765270362,1,184054,0,0,32.52,93466.90,36.14,2891634.25,b0
765269850,2,184101,0,0,32.70,93480.59,35.23,1779708.87,b0
765286747,3,184157,0,0,32.89,93499.09,34.81,1603131.12,b0
765279836,4,184203,0,0,32.77,93453.95,34.72,2897771.50,b0
765271387,5,184260,0,0,32.41,93483.09,35.80,2357410.00,b0
765283665,6,184306,0,0,32.16,93451.38,36.35,1159682.87,b0
765268824,7,184352,0,0,32.18,93490.23,36.03,2206896.50,b0
765287253,8,184398,0,0,31.92,93467.96,36.38,1700996.62,b0
765270362,1,184497,0,0,32.52,93466.39,36.12,2885523.00,b0
765269850,2,184543,0,0,32.69,93479.09,35.20,1783195.50,b0
765286747,3,184600,0,0,32.89,93499.98,34.80,1617374.12,b0
765279836,4,184646,0,0,32.74,93453.66,34.71,2900849.75,b0
765271387,5,184703,0,0,32.39,93484.63,35.78,2309557.25,b0
765283665,6,184749,0,0,32.16,93453.72,36.34,1157716.25,b0
765268824,7,184795,0,0,32.18,93492.77,36.01,2206896.50,b0
765287253,8,184841,0,0,31.92,93471.38,36.37,1708446.25,b0
765270362,1,184940,0,0,32.53,93466.59,36.10,2885523.00,b0
765269850,2,184986,0,0,32.71,93480.27,35.19,1785527.50,b0
765286747,3,185043,0,0,32.90,93500.92,34.79,1626042.12,b0
765279836,4,185089,0,0,32.75,93453.71,34.70,2919458.25,b0
765271387,5,185146,0,0,32.37,93481.30,35.77,2341240.25,b0
765283665,6,185192,0,0,32.14,93452.41,36.35,1154778.62,b0
765268824,7,185238,0,0,32.15,93491.61,36.01,2203335.25,b0
765287253,8,185284,0,0,31.90,93469.53,36.37,1705245.62,b0
765270362,1,185383,0,0,32.54,93467.53,36.09,2897771.50,b0
765269850,2,185429,0,0,32.72,93482.24,35.18,1793737.62,b0
765286747,3,185486,0,0,32.91,93501.12,34.78,1614505.37,b0
765279836,4,185532,0,0,32.74,93453.11,34.67,2913229.00,b0
765271387,5,185588,0,0,32.38,93482.59,35.79,2343249.50,b0
765283665,6,185635,0,0,32.16,93453.70,36.34,1165623.25,b0
765268824,7,185681,0,0,32.18,93491.33,35.99,2205114.50,b0
765287253,8,185727,0,0,31.93,93470.67,36.38,1717040.50,b0
765270362,1,185826,0,0,32.55,93468.84,36.10,2900849.75,b0
765269850,2,185872,0,0,32.72,93480.12,35.17,1785527.50,b0
765286747,3,185929,0,0,32.92,93501.87,34.78,1625074.37,b0
765279836,4,185975,0,0,32.76,93453.55,34.69,2931997.25,b0
765271387,5,186031,0,0,32.39,93481.37,35.76,2347278.00,b0
765283665,6,186077,0,0,32.17,93452.18,36.33,1172631.00,b0
765268824,7,186123,0,0,32.19,93493.73,35.98,2212260.25,b0
765287253,8,186170,0,0,31.95,93470.91,36.37,1706311.12,b0
765270362,1,186269,0,0,32.54,93467.55,36.07,2903934.75,b0
765269850,2,186315,0,0,32.70,93477.19,35.14,1803213.75,b0
765286747,3,186371,0,0,32.93,93502.25,34.74,1628952.12,b0
765279836,4,186417,0,0,32.75,93453.71,34.65,2925714.25,b0
765271387,5,186474,0,0,32.39,93483.55,35.75,2371743.00,b0
765283665,6,186520,0,0,32.18,93452.99,36.27,1172631.00,b0
765268824,7,186566,0,0,32.19,93493.16,35.96,2232152.50,b0
765287253,8,186612,0,0,31.94,93467.85,36.31,1715961.50,b0
765270362,1,186722,0,0,32.55,93466.70,36.05,2913229.00,b0
765269850,2,186768,0,0,32.72,93481.02,35.13,1796097.37,b0
765286747,3,186825,0,0,32.95,93502.67,34.74,1632848.37,b0
765279836,4,186871,0,0,32.76,93454.30,34.64,2931997.25,b0
765271387,5,186927,0,0,32.40,93481.79,35.72,2377939.00,b0
765283665,6,186973,0,0,32.18,93453.73,36.27,1172631.00,b0
765268824,7,187020,0,0,32.19,93492.80,35.93,2233978.75,b0
765287253,8,187066,0,0,31.94,93469.46,36.32,1727905.50,b0
765270362,1,187165,0,0,32.57,93468.23,36.03,2910124.25,b0
765269850,2,187211,0,0,32.73,93482.81,35.10,1799648.50,b0
765286747,3,187267,0,0,32.93,93502.25,34.72,1633825.25,b0
765279836,4,187314,0,0,32.75,93456.05,34.63,2931997.25,b0
765271387,5,187370,0,0,32.39,93483.52,35.69,2369684.75,b0
765283665,6,187416,0,0,32.18,93454.58,36.27,1168616.25,b0
765268824,7,187462,0,0,32.18,93492.98,35.91,2230329.50,b0
765287253,8,187509,0,0,31.93,93471.41,36.28,1720285.62,b0
765270362,1,187608,0,0,32.58,93467.20,36.02,2928852.25,b0
765269850,2,187654,0,0,32.71,93479.36,35.08,1803213.75,b0
765286747,3,187710,0,0,32.92,93500.42,34.70,1634803.37,b0
765279836,4,187756,0,0,32.73,93452.91,34.60,2957400.75,b0
765271387,5,187813,0,0,32.38,93485.83,35.70,2375870.00,b0
765283665,6,187859,0,0,32.16,93450.30,36.23,1173639.00,b0
765268824,7,187905,0,0,32.18,93491.86,35.90,2235807.75,b0
765287253,8,187951,0,0,31.93,93468.88,36.26,1730095.00,b0
765270362,1,188050,0,0,32.58,93467.03,35.99,2935148.75,b0
765269850,2,188096,0,0,32.74,93479.29,35.08,1816408.00,b0
765286747,3,188153,0,0,32.95,93500.33,34.71,1626042.12,b0
765279836,4,188199,0,0,32.77,93453.62,34.62,2951008.75,b0
765271387,5,188256,0,0,32.41,93481.34,35.65,2345262.00,b0
765283665,6,188302,0,0,32.21,93452.90,36.22,1175660.12,b0
765268824,7,188348,0,0,32.23,93492.05,35.88,2248696.25,b0
765287253,8,188394,0,0,31.97,93469.53,36.25,1725721.50,b0
765270362,1,188493,0,0,32.59,93467.41,35.98,2947823.00,b0
765269850,2,188539,0,0,32.75,93479.34,35.05,1812790.50,b0
765286747,3,188596,0,0,32.97,93501.99,34.69,1634803.37,b0
765279836,4,188642,0,0,32.79,93452.25,34.60,2941472.25,b0
765271387,5,188699,0,0,32.44,93481.66,35.66,2384167.75,b0
765283665,6,188745,0,0,32.22,93453.55,36.21,1177688.37,b0
765268824,7,188791,0,0,32.25,93493.18,35.85,2232152.50,b0
765287253,8,188837,0,0,31.99,93468.86,36.25,1730095.00,b0
765270362,1,188936,0,0,32.61,93466.97,35.97,2935148.75,b0
765269850,2,188982,0,0,32.78,93476.91,35.07,1810386.75,b0
765286747,3,189039,0,0,32.98,93501.14,34.69,1638727.75,b0
765279836,4,189085,0,0,32.80,93452.48,34.58,2957400.75,b0
765271387,5,189141,0,0,32.45,93482.30,35.66,2365579.00,b0
765283665,6,189188,0,0,32.23,93453.82,36.22,1167616.87,b0
765268824,7,189234,0,0,32.27,93492.51,35.87,2228509.25,b0
765287253,8,189280,0,0,32.00,93467.82,36.24,1723543.00,b0
765270362,1,189379,0,0,32.62,93465.41,35.98,2941472.25,b0
765269850,2,189425,0,0,32.78,93474.80,35.06,1803213.75,b0
765286747,3,189482,0,0,33.00,93501.72,34.68,1629924.37,b0
765279836,4,189528,0,0,32.82,93450.25,34.59,2935148.75,b0
765271387,5,189584,0,0,32.48,93482.45,35.66,2369684.75,b0
765283665,6,189630,0,0,32.24,93452.14,36.20,1175660.12,b0
765268824,7,189677,0,0,32.28,93490.37,35.85,2221258.25,b0
765287253,8,189723,0,0,32.01,93467.31,36.24,1721370.00,b0
765270362,1,189822,0,0,32.62,93466.86,36.00,2938307.00,b0
765269850,2,189868,0,0,32.79,93475.71,35.09,1796097.37,b0
765286747,3,189924,0,0,33.01,93501.04,34.67,1628952.12,b0
765279836,4,189971,0,0,32.85,93453.05,34.59,2938307.00,b0
765271387,5,190027,0,0,32.49,93482.37,35.67,2377939.00,b0
765283665,6,190073,0,0,32.26,93452.47,36.22,1172631.00,b0
765268824,7,190119,0,0,32.31,93491.92,35.85,2246845.75,b0
765287253,8,190165,0,0,32.03,93465.74,36.24,1711659.00,b0
765270362,1,190275,0,0,32.63,93467.28,36.00,2916340.25,b0
765269850,2,190321,0,0,32.80,93476.45,35.09,1797279.50,b0
765286747,3,190378,0,0,33.03,93502.52,34.70,1636763.25,b0
765279836,4,190424,0,0,32.85,93450.91,34.61,2941472.25,b0
765271387,5,190480,0,0,32.51,93481.91,35.68,2357410.00,b0
765283665,6,190527,0,0,32.29,93453.60,36.22,1171624.75,b0
765268824,7,190573,0,0,32.31,93489.20,35.89,2223066.50,b0
765287253,8,190619,0,0,32.05,93465.63,36.25,1721370.00,b0
765270362,1,190718,0,0,32.64,93466.23,36.05,2916340.25,b0
765269850,2,190764,0,0,32.78,93477.63,35.13,1791384.25,b0
765286747,3,190821,0,0,33.02,93501.07,34.73,1633825.25,b0
765279836,4,190867,0,0,32.86,93451.84,34.66,2922583.00,b0
765271387,5,190923,0,0,32.51,93482.45,35.69,2333238.50,b0
765283665,6,190969,0,0,32.28,93453.90,36.24,1160668.75,b0
765268824,7,191016,0,0,32.32,93494.87,35.91,2233978.75,b0
765287253,8,191062,0,0,32.06,93469.22,36.27,1702056.87,b0
765270362,1,191161,0,0,32.64,93466.22,36.08,2903934.75,b0
765269850,2,191207,0,0,32.76,93473.26,35.15,1793737.62,b0
765286747,3,191263,0,0,33.01,93499.77,34.74,1618332.62,b0
765279836,4,191310,0,0,32.84,93449.79,34.68,2916340.25,b0
765271387,5,191366,0,0,32.49,93480.57,35.74,2333238.50,b0
765283665,6,191412,0,0,32.25,93452.57,36.28,1152828.62,b0
765268824,7,191458,0,0,32.30,93491.52,35.91,2214054.00,b0
765287253,8,191504,0,0,32.02,93465.01,36.30,1705245.62,b0
765270362,1,191604,0,0,32.63,93465.48,36.09,2922583.00,b0
765269850,2,191650,0,0,32.78,93476.23,35.19,1790209.75,b0
765286747,3,191706,0,0,33.03,93498.38,34.77,1611646.62,b0
765279836,4,191752,0,0,32.87,93451.73,34.72,2900849.75,b0
765271387,5,191809,0,0,32.51,93481.19,35.74,2325291.00,b0
765283665,6,191855,0,0,32.27,93450.73,36.27,1152828.62,b0
765268824,7,191901,0,0,32.32,93491.59,35.93,2221258.25,b0
765287253,8,191947,0,0,32.04,93465.77,36.31,1696768.87,b0
765270362,1,192046,0,0,32.64,93466.09,36.10,2894699.75,b0
765269850,2,192092,0,0,32.79,93473.55,35.20,1791384.25,b0
765286747,3,192149,0,0,33.04,93499.66,34.79,1607850.87,b0
765279836,4,192195,0,0,32.88,93449.44,34.71,2913229.00,b0
765271387,5,192252,0,0,32.53,93479.70,35.76,2319365.75,b0
765283665,6,192298,0,0,32.27,93451.09,36.30,1155756.25,b0
765268824,7,192344,0,0,32.33,93489.79,35.93,2205114.50,b0
765287253,8,192390,0,0,32.04,93465.25,36.32,1693611.75,b0
765270362,1,192489,0,0,32.64,93465.37,36.09,2910124.25,b0
765269850,2,192535,0,0,32.80,93474.87,35.19,1791384.25,b0
765286747,3,192592,0,0,33.04,93501.85,34.78,1606904.62,b0
765279836,4,192638,0,0,32.90,93450.06,34.73,2910124.25,b0
765271387,5,192695,0,0,32.54,93480.49,35.77,2329258.00,b0
765283665,6,192741,0,0,32.27,93452.20,36.29,1153802.87,b0
765268824,7,192787,0,0,32.34,93488.18,35.92,2201558.75,b0
765287253,8,192833,0,0,32.05,93465.80,36.31,1695715.12,b0
765270362,1,192932,0,0,32.65,93465.23,36.10,2907026.25,b0
765269850,2,192978,0,0,32.81,93473.80,35.18,1790209.75,b0
765286747,3,193035,0,0,33.05,93499.71,34.80,1613551.25,b0
765279836,4,193081,0,0,32.91,93450.29,34.71,2888575.50,b0
765271387,5,193137,0,0,32.55,93478.19,35.76,2331246.50,b0
765283665,6,193184,0,0,32.27,93450.63,36.30,1149915.75,b0
765268824,7,193230,0,0,32.36,93490.80,35.92,2194481.75,b0
765287253,8,193276,0,0,32.05,93465.09,36.30,1694662.75,b0
765270362,1,193385,0,0,32.64,93464.45,36.07,2900849.75,b0
765269850,2,193431,0,0,32.82,93472.94,35.17,1782031.75,b0
765286747,3,193488,0,0,33.05,93500.77,34.79,1607850.87,b0
765279836,4,193534,0,0,32.91,93451.73,34.70,2879437.50,b0
765271387,5,193591,0,0,32.54,93478.89,35.74,2295964.25,b0
765283665,6,193637,0,0,32.27,93450.24,36.27,1149915.75,b0
765268824,7,193683,0,0,32.36,93490.98,35.92,2183951.00,b0
765287253,8,193729,0,0,32.06,93464.77,36.28,1692562.00,b0
765270362,1,193828,0,0,32.64,93464.64,36.05,2882477.25,b0
765269850,2,193874,0,0,32.79,93476.08,35.15,1779708.87,b0
765286747,3,193931,0,0,33.03,93500.20,34.77,1602190.50,b0
765279836,4,193977,0,0,32.91,93451.55,34.69,2867343.25,b0
765271387,5,194034,0,0,32.53,93480.63,35.73,2297896.25,b0
765283665,6,194080,0,0,32.26,93453.56,36.27,1140311.75,b0
765268824,7,194126,0,0,32.35,93491.50,35.87,2196246.75,b0
765287253,8,194172,0,0,32.06,93465.82,36.26,1696768.87,b0
765270362,1,194271,0,0,32.65,93465.23,36.03,2891634.25,b0
765269850,2,194317,0,0,32.78,93474.61,35.12,1790209.75,b0
765286747,3,194374,0,0,33.02,93499.62,34.75,1598439.00,b0
765279836,4,194420,0,0,32.89,93448.56,34.67,2879437.50,b0
765271387,5,194476,0,0,32.53,93479.70,35.70,2299831.50,b0
765283665,6,194523,0,0,32.25,93450.61,36.26,1152828.62,b0
765268824,7,194569,0,0,32.35,93489.13,35.85,2214054.00,b0
765287253,8,194615,0,0,32.04,93464.52,36.24,1697823.87,b0
765270362,1,194714,0,0,32.66,93465.62,36.01,2888575.50,b0
765269850,2,194760,0,0,32.80,93472.88,35.09,1773928.12,b0
765286747,3,194817,0,0,33.05,93498.08,34.73,1593774.37,b0
765279836,4,194863,0,0,32.93,93450.89,34.65,2861334.25,b0
765271387,5,194919,0,0,32.56,93480.60,35.69,2321337.50,b0
765283665,6,194965,0,0,32.28,93452.69,36.23,1146054.87,b0
765268824,7,195012,0,0,32.38,93490.31,35.85,2215850.75,b0
765287253,8,195058,0,0,32.08,93464.27,36.23,1700996.62,b0
765270362,1,195157,0,0,32.64,93464.81,35.98,2891634.25,b0
765269850,2,195203,0,0,32.80,93471.98,35.09,1786695.75,b0
765286747,3,195259,0,0,33.07,93498.66,34.73,1600312.50,b0
765279836,4,195306,0,0,32.93,93448.19,34.61,2873377.75,b0
765271387,5,195362,0,0,32.58,93478.55,35.67,2313470.75,b0
765283665,6,195408,0,0,32.31,93451.85,36.24,1153802.87,b0
765268824,7,195454,0,0,32.40,93488.56,35.81,2212260.25,b0
765287253,8,195500,0,0,32.11,93464.17,36.20,1687332.62,b0
765270362,1,195600,0,0,32.64,93464.43,35.96,2916340.25,b0
765269850,2,195646,0,0,32.80,93475.05,35.06,1792560.12,b0
765286747,3,195702,0,0,33.07,93497.95,34.70,1605959.62,b0
765279836,4,195748,0,0,32.93,93450.56,34.58,2882477.25,b0
765271387,5,195805,0,0,32.59,93478.30,35.64,2317397.50,b0
765283665,6,195851,0,0,32.33,93451.82,36.22,1148948.12,b0
765268824,7,195897,0,0,32.42,93489.52,35.79,2219452.75,b0
765287253,8,195943,0,0,32.12,93462.95,36.21,1699937.75,b0
765270362,1,196042,0,0,32.64,93465.70,35.94,2922583.00,b0
765269850,2,196088,0,0,32.80,93472.52,35.04,1800835.37,b0
765286747,3,196145,0,0,33.07,93498.85,34.68,1620253.12,b0
765279836,4,196191,0,0,32.93,93448.38,34.58,2879437.50,b0
765271387,5,196248,0,0,32.60,93478.88,35.63,2331246.50,b0
765283665,6,196294,0,0,32.34,93453.15,36.20,1154778.62,b0
765268824,7,196340,0,0,32.43,93488.65,35.76,2221258.25,b0
765287253,8,196386,0,0,32.14,93464.77,36.17,1695715.12,b0
765270362,1,196496,0,0,32.63,93463.88,35.93,2913229.00,b0
765269850,2,196542,0,0,32.80,93473.59,35.03,1790209.75,b0
765286747,3,196598,0,0,33.07,93497.95,34.66,1611646.62,b0
765279836,4,196644,0,0,32.93,93448.95,34.55,2885523.00,b0
765271387,5,196701,0,0,32.61,93477.13,35.61,2282530.00,b0
765283665,6,196747,0,0,32.34,93448.74,36.20,1155756.25,b0
765268824,7,196793,0,0,32.44,93488.87,35.75,2223066.50,b0
765287253,8,196839,0,0,32.15,93461.59,36.16,1696768.87,b0
765270362,1,196938,0,0,32.63,93463.52,35.91,2947823.00,b0
765269850,2,196985,0,0,32.78,93476.77,35.01,1784360.75,b0
765286747,3,197041,0,0,33.07,93498.66,34.64,1620253.12,b0
765279836,4,197087,0,0,32.92,93450.85,34.51,2897771.50,b0
765271387,5,197144,0,0,32.60,93480.14,35.58,2321337.50,b0
765283665,6,197190,0,0,32.36,93452.45,36.16,1147017.62,b0
765268824,7,197236,0,0,32.44,93491.22,35.72,2226692.00,b0
765287253,8,197282,0,0,32.17,93466.11,36.13,1709515.87,b0
765270362,1,197381,0,0,32.64,93464.45,35.91,2951008.75,b0
765269850,2,197427,0,0,32.76,93475.60,34.97,1804405.25,b0
765286747,3,197484,0,0,33.07,93496.51,34.60,1625074.37,b0
765279836,4,197530,0,0,32.91,93448.67,34.51,2913229.00,b0
765271387,5,197587,0,0,32.61,93478.37,35.56,2325291.00,b0
765283665,6,197633,0,0,32.36,93450.52,36.15,1153802.87,b0
765268824,7,197679,0,0,32.44,93488.68,35.71,2224877.75,b0
765287253,8,197725,0,0,32.17,93463.24,36.14,1696768.87,b0
765270362,1,197824,0,0,32.65,93463.27,35.87,2954201.25,b0
765269850,2,197870,0,0,32.79,93473.38,34.97,1805598.37,b0
765286747,3,197927,0,0,33.10,93496.04,34.59,1628952.12,b0
765279836,4,197973,0,0,32.93,93448.60,34.50,2907026.25,b0
765271387,5,198029,0,0,32.65,93479.34,35.53,2329258.00,b0
765283665,6,198076,0,0,32.38,93447.70,36.13,1146054.87,b0
765268824,7,198122,0,0,32.48,93488.99,35.67,2224877.75,b0
765287253,8,198168,0,0,32.19,93461.70,36.09,1706311.12,b0
765270362,1,198267,0,0,32.66,93464.02,35.85,2970268.25,b0
765269850,2,198313,0,0,32.80,93472.34,34.96,1828571.37,b0
765286747,3,198370,0,0,33.12,93495.72,34.57,1622178.25,b0
765279836,4,198416,0,0,32.95,93449.01,34.45,2928852.25,b0
765271387,5,198472,0,0,32.66,93476.73,35.52,2347278.00,b0
765283665,6,198518,0,0,32.41,93450.06,36.11,1155756.25,b0
765268824,7,198565,0,0,32.50,93489.95,35.64,2230329.50,b0
765287253,8,198611,0,0,32.22,93464.80,36.07,1710586.75,b0
765270362,1,198710,0,0,32.67,93460.84,35.83,2941472.25,b0
765269850,2,198756,0,0,32.80,93472.36,34.93,1816408.00,b0
765286747,3,198812,0,0,33.12,93495.93,34.54,1630897.87,b0
765279836,4,198859,0,0,32.95,93449.76,34.42,2951008.75,b0
765271387,5,198915,0,0,32.66,93475.82,35.48,2347278.00,b0
765283665,6,198961,0,0,32.42,93451.62,36.08,1161656.25,b0
765268824,7,199007,0,0,32.49,93489.39,35.63,2224877.75,b0
765287253,8,199053,0,0,32.23,93463.20,36.07,1712732.62,b0
765270362,1,199153,0,0,32.68,93462.83,35.82,2954201.25,b0
765269850,2,199199,0,0,32.80,93474.13,34.90,1812790.50,b0
765286747,3,199255,0,0,33.14,93497.94,34.51,1638727.75,b0
765279836,4,199301,0,0,32.93,93447.51,34.39,2960607.25,b0
765271387,5,199358,0,0,32.64,93479.65,35.45,2363531.50,b0
765283665,6,199404,0,0,32.40,93450.20,36.04,1163636.37,b0
765268824,7,199450,0,0,32.48,93488.42,35.57,2239475.00,b0
765287253,8,199496,0,0,32.22,93464.98,36.03,1722455.87,b0
765270362,1,199595,0,0,32.68,93464.44,35.79,2970268.25,b0
765269850,2,199641,0,0,32.79,93473.38,34.90,1828571.37,b0
765286747,3,199698,0,0,33.12,93498.44,34.48,1646633.12,b0
765279836,4,199744,0,0,32.92,93451.05,34.37,2944644.25,b0
765271387,5,199801,0,0,32.63,93477.23,35.42,2367630.00,b0
765283665,6,199847,0,0,32.40,93448.77,36.01,1171624.75,b0
765268824,7,199893,0,0,32.47,93488.38,35.55,2241313.25,b0
765287253,8,199939,0,0,32.22,93464.28,35.97,1720285.62,b0
765270362,1,200049,0,0,32.67,93461.35,35.76,2986511.00,b0
765269850,2,200095,0,0,32.77,93473.33,34.87,1827347.75,b0
765286747,3,200151,0,0,33.12,93497.70,34.46,1652612.50,b0
765279836,4,200197,0,0,32.91,93449.74,34.34,2970268.25,b0
765271387,5,200254,0,0,32.62,93477.21,35.39,2375870.00,b0
765283665,6,200300,0,0,32.42,93449.78,35.97,1172631.00,b0
765268824,7,200346,0,0,32.47,93489.14,35.52,2265486.75,b0
765287253,8,200392,0,0,32.23,93464.30,35.95,1722455.87,b0
765270362,1,200491,0,0,32.67,93464.04,35.74,3053867.75,b0
765269850,2,200538,0,0,32.77,93476.16,34.84,1834714.50,b0
765286747,3,200594,0,0,33.10,93497.30,34.42,1655618.37,b0
765279836,4,200640,0,0,32.90,93453.29,34.32,2976744.25,b0
765271387,5,200697,0,0,32.61,93476.95,35.36,2363531.50,b0
765283665,6,200743,0,0,32.41,93451.88,35.96,1163636.37,b0
765268824,7,200789,0,0,32.46,93488.91,35.49,2259862.00,b0
765287253,8,200835,0,0,32.23,93465.55,35.92,1734490.75,b0
765270362,1,200934,0,0,32.68,93463.39,35.72,2986511.00,b0
765269850,2,200980,0,0,32.75,93474.69,34.83,1840898.87,b0
765286747,3,201037,0,0,33.10,93498.73,34.40,1658635.37,b0
765279836,4,201083,0,0,32.89,93449.63,34.28,2970268.25,b0
765271387,5,201140,0,0,32.60,93477.63,35.32,2384167.75,b0
765283665,6,201186,0,0,32.40,93449.28,35.91,1174648.75,b0
765268824,7,201232,0,0,32.45,93486.71,35.45,2257993.50,b0
765287253,8,201278,0,0,32.22,93463.56,35.89,1723543.00,b0
765270362,1,201377,0,0,32.68,93464.30,35.71,3060713.50,b0
765269850,2,201423,0,0,32.78,93473.17,34.81,1848375.50,b0
765286747,3,201480,0,0,33.11,93498.41,34.37,1654615.25,b0
765279836,4,201526,0,0,32.90,93448.83,34.27,2976744.25,b0
765271387,5,201583,0,0,32.62,93474.89,35.28,2386251.00,b0
765283665,6,201629,0,0,32.43,93451.12,35.89,1173639.00,b0
765268824,7,201675,0,0,32.49,93489.01,35.43,2278720.50,b0
765287253,8,201721,0,0,32.25,93464.88,35.85,1743349.62,b0
765270362,1,201820,0,0,32.68,93464.65,35.69,2993058.00,b0
765269850,2,201866,0,0,32.80,93471.30,34.81,1848375.50,b0
765286747,3,201923,0,0,33.09,93499.27,34.37,1660652.75,b0
765279836,4,201969,0,0,32.89,93448.05,34.28,2973502.75,b0
765271387,5,202025,0,0,32.63,93476.91,35.28,2388338.25,b0
765283665,6,202071,0,0,32.41,93448.84,35.86,1184842.37,b0
765268824,7,202118,0,0,32.49,93487.55,35.40,2271139.50,b0
765287253,8,202164,0,0,32.25,93465.24,35.83,1751175.75,b0
765270362,1,202263,0,0,32.68,93462.85,35.66,3057286.75,b0
765269850,2,202309,0,0,32.83,93471.91,34.81,1848375.50,b0
765286747,3,202365,0,0,33.08,93498.15,34.35,1661663.25,b0
765279836,4,202412,0,0,32.90,93450.07,34.25,3050456.25,b0
765271387,5,202468,0,0,32.63,93478.53,35.25,2403050.75,b0
765283665,6,202514,0,0,32.41,93450.98,35.82,1184842.37,b0
765268824,7,202560,0,0,32.48,93488.81,35.38,2269252.00,b0
765287253,8,202607,0,0,32.24,93463.42,35.80,1736697.00,b0
765270362,1,202706,0,0,32.71,93464.96,35.66,2986511.00,b0
765269850,2,202752,0,0,32.85,93473.05,34.80,1853393.62,b0
765286747,3,202808,0,0,33.10,93498.38,34.34,1663688.00,b0
765279836,4,202854,0,0,32.92,93448.87,34.25,3055576.25,b0
765271387,5,202911,0,0,32.64,93477.66,35.24,2405167.25,b0
765283665,6,202957,0,0,32.42,93449.09,35.81,1184842.37,b0
765268824,7,203003,0,0,32.49,93491.02,35.35,2282530.00,b0
765287253,8,203049,0,0,32.25,93464.36,35.77,1733389.75,b0
765270362,1,203159,0,0,32.72,93465.22,35.66,2986511.00,b0
765269850,2,203205,0,0,32.87,93475.10,34.78,1832252.25,b0
765286747,3,203262,0,0,33.12,93498.80,34.32,1659643.37,b0
765279836,4,203308,0,0,32.93,93448.05,34.23,3053867.75,b0
765271387,5,203364,0,0,32.67,93480.73,35.24,2409411.75,b0
765283665,6,203410,0,0,32.44,93449.95,35.79,1181765.75,b0
765268824,7,203457,0,0,32.52,93491.27,35.35,2290187.25,b0
765287253,8,203503,0,0,32.27,93464.22,35.74,1742237.37,b0
765270362,1,203602,0,0,32.73,93463.79,35.66,2996342.25,b0
765269850,2,203648,0,0,32.88,93476.02,34.79,1834714.50,b0
765286747,3,203704,0,0,33.12,93498.61,34.31,1670813.75,b0
765279836,4,203751,0,0,32.94,93451.50,34.21,2996342.25,b0
765271387,5,203807,0,0,32.66,93478.52,35.19,2409411.75,b0
765283665,6,203853,0,0,32.44,93452.70,35.75,1183815.00,b0
765268824,7,203899,0,0,32.52,93492.57,35.32,2274923.75,b0
765287253,8,203945,0,0,32.27,93464.76,35.69,1741126.50,b0
765270362,1,204045,0,0,32.74,93464.02,35.64,2986511.00,b0
765269850,2,204091,0,0,32.87,93471.86,34.78,1834714.50,b0
765286747,3,204147,0,0,33.10,93496.75,34.32,1666734.50,b0
765279836,4,204193,0,0,32.92,93448.71,34.22,2989781.00,b0
765271387,5,204250,0,0,32.65,93478.41,35.19,2400937.75,b0
765283665,6,204296,0,0,32.42,93449.30,35.75,1181765.75,b0
765268824,7,204342,0,0,32.51,93488.37,35.32,2276820.50,b0
765287253,8,204388,0,0,32.26,93464.02,35.70,1744463.37,b0
765270362,1,204487,0,0,32.73,93464.16,35.64,2996342.25,b0
765269850,2,204533,0,0,32.88,93471.74,34.77,1844629.62,b0
765286747,3,204590,0,0,33.13,93499.35,34.29,1666734.50,b0
765279836,4,204636,0,0,32.93,93449.49,34.23,2996342.25,b0
765271387,5,204693,0,0,32.68,93479.68,35.16,2409411.75,b0
765283665,6,204739,0,0,32.45,93451.17,35.73,1186902.37,b0
765268824,7,204785,0,0,32.53,93488.95,35.27,2280623.50,b0
765287253,8,204831,0,0,32.27,93464.22,35.67,1735593.25,b0
765270362,1,204930,0,0,32.74,93464.38,35.63,3057286.75,b0
765269850,2,204976,0,0,32.89,93474.28,34.75,1840898.87,b0
765286747,3,205033,0,0,33.12,93497.01,34.29,1670813.75,b0
765279836,4,205079,0,0,32.95,93450.09,34.21,2989781.00,b0
765271387,5,205136,0,0,32.69,93477.98,35.15,2409411.75,b0
765283665,6,205182,0,0,32.45,93447.60,35.72,1187935.00,b0
765268824,7,205228,0,0,32.54,93486.99,35.27,2274923.75,b0
765287253,8,205274,0,0,32.28,93465.68,35.65,1751175.75,b0
765270362,1,205373,0,0,32.74,93464.73,35.62,3057286.75,b0
765269850,2,205419,0,0,32.89,93470.88,34.74,1831023.75,b0
765286747,3,205476,0,0,33.12,93498.43,34.29,1679032.62,b0
765279836,4,205522,0,0,32.95,93450.09,34.18,3069314.25,b0
765271387,5,205578,0,0,32.71,93480.05,35.14,2405167.25,b0
765283665,6,205625,0,0,32.48,93449.96,35.69,1195214.50,b0
765268824,7,205671,0,0,32.55,93489.02,35.25,2284439.50,b0
765287253,8,205717,0,0,32.29,93463.37,35.61,1751175.75,b0
765270362,1,205816,0,0,32.73,93463.98,35.60,2979992.75,b0
765269850,2,205862,0,0,32.89,93473.38,34.73,1848375.50,b0
765286747,3,205919,0,0,33.12,93498.25,34.27,1686290.62,b0
765279836,4,205965,0,0,32.95,93450.82,34.18,2993058.00,b0
765271387,5,206021,0,0,32.73,93477.63,35.13,2415806.50,b0
765283665,6,206067,0,0,32.49,93449.36,35.66,1192083.87,b0
765268824,7,206113,0,0,32.56,93488.31,35.23,2267367.75,b0
765287253,8,206160,0,0,32.30,93465.02,35.61,1738908.87,b0
765270362,1,206259,0,0,32.73,93463.79,35.60,2993058.00,b0
765269850,2,206305,0,0,32.89,93474.80,34.72,1849627.50,b0
765286747,3,206361,0,0,33.13,93497.73,34.28,1687332.62,b0
765279836,4,206407,0,0,32.94,93448.65,34.15,3057286.75,b0
765271387,5,206464,0,0,32.75,93479.95,35.10,2411539.50,b0
765283665,6,206510,0,0,32.51,93448.12,35.65,1187935.00,b0
765268824,7,206556,0,0,32.57,93489.08,35.20,2263608.75,b0
765287253,8,206602,0,0,32.31,93465.03,35.59,1728999.62,b0
765270362,1,206712,0,0,32.72,93464.28,35.58,2986511.00,b0
765269850,2,206758,0,0,32.89,93473.36,34.70,1843384.37,b0
765286747,3,206815,0,0,33.14,93496.87,34.28,1672860.87,b0
765279836,4,206861,0,0,32.96,93449.44,34.15,2986511.00,b0
765271387,5,206917,0,0,32.76,93479.30,35.11,2398828.75,b0
765283665,6,206963,0,0,32.53,93449.70,35.65,1190005.75,b0
765268824,7,207010,0,0,32.57,93488.51,35.20,2274923.75,b0
765287253,8,207056,0,0,32.32,93464.87,35.59,1738908.87,b0
765270362,1,207155,0,0,32.71,93463.90,35.58,2986511.00,b0
765269850,2,207201,0,0,32.87,93475.44,34.70,1843384.37,b0
765286747,3,207257,0,0,33.14,93495.96,34.25,1673886.37,b0
765279836,4,207304,0,0,32.97,93450.89,34.16,2983248.25,b0
765271387,5,207360,0,0,32.76,93479.27,35.08,2392523.25,b0
765283665,6,207406,0,0,32.54,93453.38,35.65,1186902.37,b0
765268824,7,207452,0,0,32.53,93491.14,35.19,2271139.50,b0
765287253,8,207499,0,0,32.29,93466.24,35.56,1732290.12,b0
765270362,1,207598,0,0,32.71,93462.84,35.56,3060713.50,b0
765269850,2,207644,0,0,32.85,93474.48,34.69,1850881.12,b0
765286747,3,207700,0,0,33.14,93497.04,34.26,1690466.37,b0
765279836,4,207746,0,0,32.96,93451.03,34.15,3055576.25,b0
765271387,5,207803,0,0,32.73,93478.38,35.08,2403050.75,b0
765283665,6,207849,0,0,32.50,93449.79,35.62,1187935.00,b0
765268824,7,207895,0,0,32.48,93490.45,35.17,2265486.75,b0
765287253,8,207941,0,0,32.24,93464.69,35.54,1738908.87,b0
765270362,1,208040,0,0,32.74,93465.29,35.56,3057286.75,b0
765269850,2,208086,0,0,32.88,93475.13,34.70,1855913.00,b0
765286747,3,208143,0,0,33.16,93498.18,34.26,1678000.87,b0
765279836,4,208189,0,0,32.97,93449.48,34.17,3055576.25,b0
765271387,5,208246,0,0,32.75,93479.01,35.08,2400937.75,b0
765283665,6,208292,0,0,32.51,93449.56,35.63,1180743.75,b0
765268824,7,208338,0,0,32.50,93489.05,35.17,2259862.00,b0
765287253,8,208384,0,0,32.26,93463.30,35.55,1731191.87,b0
765270362,1,208483,0,0,32.76,93464.85,35.58,3077963.50,b0
765269850,2,208529,0,0,32.90,93473.59,34.69,1858439.25,b0
765286747,3,208586,0,0,33.17,93496.60,34.24,1681100.00,b0
765279836,4,208632,0,0,32.98,93450.59,34.16,2986511.00,b0
765271387,5,208689,0,0,32.76,93480.14,35.06,2422235.25,b0
765283665,6,208735,0,0,32.52,93449.30,35.62,1195214.50,b0
765268824,7,208781,0,0,32.50,93489.41,35.17,2254265.25,b0
765287253,8,208827,0,0,32.27,93465.84,35.55,1740017.00,b0
765270362,1,208926,0,0,32.76,93465.23,35.57,3081437.00,b0
765269850,2,208972,0,0,32.91,93471.48,34.71,1854652.50,b0
765286747,3,209029,0,0,33.18,93498.60,34.26,1694662.75,b0
765279836,4,209075,0,0,32.99,93449.55,34.17,3069314.25,b0
765271387,5,209132,0,0,32.75,93477.43,35.08,2415806.50,b0
765283665,6,209178,0,0,32.52,93449.83,35.63,1193125.50,b0
765268824,7,209224,0,0,32.49,93488.99,35.18,2267367.75,b0
765287253,8,209270,0,0,32.26,93465.98,35.54,1733389.75,b0
765270362,1,209369,0,0,32.77,93467.07,35.59,3074498.00,b0
765269850,2,209415,0,0,32.92,93473.48,34.69,1862241.37,b0
765286747,3,209472,0,0,33.18,93496.79,34.26,1684210.50,b0
765279836,4,209518,0,0,32.99,93450.81,34.16,3069314.25,b0
765271387,5,209574,0,0,32.75,93479.20,35.06,2433026.50,b0
765283665,6,209620,0,0,32.52,93450.19,35.60,1194169.12,b0
765268824,7,209667,0,0,32.48,93488.45,35.18,2271139.50,b0
765287253,8,209713,0,0,32.25,93462.20,35.53,1743349.62,b0
765270362,1,209822,0,0,32.77,93465.09,35.59,3067590.25,b0
765269850,2,209868,0,0,32.92,93473.31,34.70,1867335.25,b0
765286747,3,209925,0,0,33.19,93498.08,34.25,1678000.87,b0
765279836,4,209971,0,0,33.00,93450.67,34.17,3057286.75,b0
765271387,5,210028,0,0,32.76,93478.91,35.06,2415806.50,b0
765283665,6,210074,0,0,32.53,93448.45,35.57,1198361.62,b0
765268824,7,210120,0,0,32.50,93488.67,35.18,2267367.75,b0
765287253,8,210166,0,0,32.26,93464.38,35.55,1738908.87,b0
765270362,1,210265,0,0,32.77,93466.88,35.58,3077963.50,b0
765269850,2,210311,0,0,32.92,93475.27,34.70,1853393.62,b0
765286747,3,210368,0,0,33.17,93497.32,34.23,1683172.37,b0
765279836,4,210414,0,0,33.00,93451.76,34.16,3047052.25,b0
765271387,5,210470,0,0,32.73,93479.83,35.07,2392523.25,b0
765283665,6,210517,0,0,32.53,93452.96,35.61,1191043.87,b0
765268824,7,210563,0,0,32.50,93492.66,35.19,2256127.75,b0
765287253,8,210609,0,0,32.28,93466.21,35.55,1728999.62,b0
765270362,1,210708,0,0,32.77,93464.70,35.57,3074498.00,b0
765269850,2,210754,0,0,32.91,93472.37,34.69,1849627.50,b0
765286747,3,210811,0,0,33.16,93497.47,34.25,1675941.12,b0
765279836,4,210857,0,0,33.00,93451.04,34.17,2979992.75,b0
765271387,5,210913,0,0,32.72,93478.13,35.06,2388338.25,b0
765283665,6,210959,0,0,32.52,93449.27,35.59,1180743.75,b0
765268824,7,211006,0,0,32.47,93488.75,35.21,2265486.75,b0
765287253,8,211052,0,0,32.26,93465.09,35.56,1726812.87,b0
765270362,1,211151,0,0,32.76,93464.87,35.57,3081437.00,b0
765269850,2,211197,0,0,32.93,93471.38,34.69,1859704.87,b0
765286747,3,211253,0,0,33.17,93497.31,34.26,1675941.12,b0
765279836,4,211300,0,0,33.01,93449.63,34.18,3047052.25,b0
765271387,5,211356,0,0,32.74,93478.25,35.08,2409411.75,b0
765283665,6,211402,0,0,32.52,93449.69,35.58,1195214.50,b0
765268824,7,211448,0,0,32.49,93487.55,35.23,2267367.75,b0
765287253,8,211494,0,0,32.26,93462.94,35.55,1736697.00,b0
765270362,1,211594,0,0,32.74,93463.14,35.57,3074498.00,b0
765269850,2,211640,0,0,32.93,93474.06,34.68,1875028.62,b0
765286747,3,211696,0,0,33.16,93496.92,34.24,1693611.75,b0
765279836,4,211742,0,0,33.00,93448.19,34.17,3057286.75,b0
765271387,5,211799,0,0,32.74,93478.43,35.06,2384167.75,b0
765283665,6,211845,0,0,32.52,93448.36,35.60,1199414.37,b0
765268824,7,211891,0,0,32.50,93488.67,35.23,2278720.50,b0
765287253,8,211937,0,0,32.27,93464.22,35.57,1730095.00,b0
765270362,1,212036,0,0,32.74,93464.77,35.57,3086661.75,b0
765269850,2,212082,0,0,32.94,93473.91,34.69,1860972.25,b0
765286747,3,212139,0,0,33.17,93496.04,34.23,1682135.50,b0
765279836,4,212185,0,0,33.02,93449.67,34.17,3055576.25,b0
765271387,5,212242,0,0,32.75,93477.62,35.08,2413671.25,b0
765283665,6,212288,0,0,32.53,93449.03,35.57,1198361.62,b0
765268824,7,212334,0,0,32.51,93488.73,35.21,2267367.75,b0
765287253,8,212380,0,0,32.29,93464.27,35.57,1742237.37,b0
765270362,1,212479,0,0,32.76,93464.87,35.53,3058999.25,b0
765269850,2,212525,0,0,32.96,93474.88,34.67,1858439.25,b0
765286747,3,212582,0,0,33.18,93496.44,34.23,1692562.00,b0
765279836,4,212628,0,0,33.03,93449.19,34.16,3052161.00,b0
765271387,5,212685,0,0,32.77,93478.26,35.05,2413671.25,b0
765283665,6,212731,0,0,32.55,93447.95,35.58,1193125.50,b0
765268824,7,212777,0,0,32.54,93487.34,35.23,2269252.00,b0
765287253,8,212823,0,0,32.30,93462.33,35.57,1740017.00,b0
765270362,1,212933,0,0,32.78,93464.75,35.56,3076229.75,b0
765269850,2,212979,0,0,32.97,93472.02,34.67,1868613.12,b0
765286747,3,213035,0,0,33.19,93495.38,34.22,1694662.75,b0
765279836,4,213081,0,0,33.04,93449.94,34.16,3052161.00,b0
765271387,5,213138,0,0,32.79,93478.91,35.05,2407287.75,b0
765283665,6,213184,0,0,32.56,93447.00,35.57,1195214.50,b0
765268824,7,213230,0,0,32.56,93488.31,35.23,2267367.75,b0
765287253,8,213276,0,0,32.32,93463.09,35.55,1734490.75,b0
765270362,1,213375,0,0,32.78,93463.88,35.56,3057286.75,b0
765269850,2,213421,0,0,32.96,93473.44,34.65,1864784.87,b0
765286747,3,213478,0,0,33.19,93495.19,34.22,1689420.50,b0
765279836,4,213524,0,0,33.04,93449.57,34.14,3047052.25,b0
765271387,5,213581,0,0,32.79,93477.67,35.05,2420088.75,b0
765283665,6,213627,0,0,32.57,93449.77,35.57,1184842.37,b0
765268824,7,213673,0,0,32.57,93490.16,35.24,2261733.75,b0
765287253,8,213719,0,0,32.33,93464.01,35.57,1736697.00,b0
765270362,1,213818,0,0,32.80,93465.05,35.56,3064148.00,b0
765269850,2,213864,0,0,32.97,93472.73,34.66,1871174.00,b0
765286747,3,213921,0,0,33.19,93497.55,34.24,1672860.87,b0
765279836,4,213967,0,0,33.04,93449.04,34.15,2996342.25,b0
765271387,5,214024,0,0,32.80,93478.41,35.05,2398828.75,b0
765283665,6,214070,0,0,32.57,93448.63,35.56,1187935.00,b0
765268824,7,214116,0,0,32.57,93487.06,35.21,2256127.75,b0
765287253,8,214162,0,0,32.33,93462.92,35.56,1738908.87,b0
765270362,1,214261,0,0,32.82,93465.13,35.55,3091904.25,b0
765269850,2,214307,0,0,32.99,93472.82,34.66,1868613.12,b0
765286747,3,214364,0,0,33.21,93495.07,34.24,1682135.50,b0
765279836,4,214410,0,0,33.08,93449.57,34.15,2979992.75,b0
765271387,5,214466,0,0,32.83,93478.77,35.05,2405167.25,b0
765283665,6,214513,0,0,32.60,93449.97,35.58,1186902.37,b0
765268824,7,214559,0,0,32.60,93488.81,35.23,2252405.75,b0
765287253,8,214605,0,0,32.36,93465.51,35.55,1744463.37,b0
765270362,1,214704,0,0,32.82,93462.63,35.57,3064148.00,b0
765269850,2,214750,0,0,33.01,93472.51,34.65,1862241.37,b0
765286747,3,214807,0,0,33.24,93494.96,34.23,1679032.62,b0
765279836,4,214853,0,0,33.09,93450.69,34.14,2993058.00,b0
765271387,5,214909,0,0,32.84,93476.87,35.05,2394621.50,b0
765283665,6,214955,0,0,32.61,93449.95,35.57,1187935.00,b0
765268824,7,215001,0,0,32.62,93487.23,35.22,2256127.75,b0
765287253,8,215048,0,0,32.37,93463.03,35.55,1743349.62,b0
765270362,1,215147,0,0,32.84,93465.95,35.55,3091904.25,b0
765269850,2,215193,0,0,33.01,93472.71,34.64,1882785.62,b0
765286747,3,215249,0,0,33.25,93493.73,34.24,1690466.37,b0
765279836,4,215295,0,0,33.10,93450.01,34.16,3052161.00,b0
765271387,5,215352,0,0,32.86,93478.56,35.05,2394621.50,b0
765283665,6,215398,0,0,32.63,93449.77,35.56,1185871.50,b0
765268824,7,215444,0,0,32.64,93487.09,35.22,2256127.75,b0
765287253,8,215490,0,0,32.39,93462.35,35.55,1744463.37,b0
765270362,1,215589,0,0,32.84,93463.09,35.53,3077963.50,b0
765269850,2,215636,0,0,33.02,93472.05,34.65,1884084.62,b0
765286747,3,215692,0,0,33.26,93496.64,34.23,1693611.75,b0
765279836,4,215738,0,0,33.10,93448.94,34.12,3058999.25,b0
765271387,5,215795,0,0,32.85,93477.30,35.03,2400937.75,b0
765283665,6,215841,0,0,32.63,93448.70,35.56,1200468.87,b0
765268824,7,215887,0,0,32.65,93491.12,35.19,2267367.75,b0
765287253,8,215933,0,0,32.40,93464.37,35.54,1744463.37,b0
765270362,1,216032,0,0,32.86,93464.96,35.54,3097164.50,b0
765269850,2,216078,0,0,33.03,93470.81,34.63,1876317.00,b0
765286747,3,216135,0,0,33.27,93495.76,34.23,1702056.87,b0
765279836,4,216181,0,0,33.10,93449.13,34.13,3055576.25,b0
765271387,5,216238,0,0,32.86,93478.02,35.01,2420088.75,b0
765283665,6,216284,0,0,32.65,93449.72,35.55,1194169.12,b0
765268824,7,216330,0,0,32.64,93487.27,35.17,2261733.75,b0
765287253,8,216376,0,0,32.40,93463.66,35.53,1746695.12,b0
765270362,1,216486,0,0,32.86,93465.15,35.50,3086661.75,b0
765269850,2,216532,0,0,33.04,93472.82,34.60,1886688.12,b0
765286747,3,216588,0,0,33.27,93496.13,34.21,1692562.00,b0
765279836,4,216634,0,0,33.11,93449.37,34.11,3057286.75,b0
765271387,5,216691,0,0,32.87,93478.46,35.00,2411539.50,b0
765283665,6,216737,0,0,32.65,93450.48,35.54,1200468.87,b0
765268824,7,216783,0,0,32.63,93489.45,35.17,2271139.50,b0
765287253,8,216829,0,0,32.39,93462.91,35.52,1735593.25,b0
765270362,1,216928,0,0,32.85,93462.58,35.49,3084918.00,b0
765269850,2,216975,0,0,33.02,93474.55,34.57,1890607.00,b0
765286747,3,217031,0,0,33.25,93495.55,34.18,1693611.75,b0
765279836,4,217077,0,0,33.10,93453.25,34.09,2986511.00,b0
765271387,5,217134,0,0,32.85,93479.07,34.97,2411539.50,b0
765283665,6,217180,0,0,32.63,93451.01,35.52,1191043.87,b0
765268824,7,217226,0,0,32.61,93488.11,35.13,2263608.75,b0
765287253,8,217272,0,0,32.37,93465.71,35.50,1735593.25,b0
765270362,1,217371,0,0,32.86,93462.27,35.50,3088407.25,b0
765269850,2,217417,0,0,33.01,93473.24,34.58,1877607.12,b0
765286747,3,217474,0,0,33.26,93497.71,34.17,1697823.87,b0
765279836,4,217520,0,0,33.08,93450.10,34.09,3071040.25,b0
765271387,5,217577,0,0,32.83,93476.41,34.96,2415806.50,b0
765283665,6,217623,0,0,32.60,93448.21,35.50,1205769.75,b0
765268824,7,217669,0,0,32.61,93486.82,35.14,2282530.00,b0
765287253,8,217715,0,0,32.34,93462.77,35.47,1752299.50,b0
765270362,1,217814,0,0,32.88,93461.99,35.49,3091904.25,b0
765269850,2,217860,0,0,33.05,93470.50,34.56,1869892.75,b0
765286747,3,217917,0,0,33.27,93494.66,34.15,1697823.87,b0
765279836,4,217963,0,0,33.10,93450.91,34.05,3074498.00,b0
765271387,5,218019,0,0,32.86,93478.41,34.95,2433026.50,b0
765283665,6,218066,0,0,32.61,93448.16,35.49,1203643.87,b0
765268824,7,218112,0,0,32.66,93487.88,35.10,2276820.50,b0
765287253,8,218158,0,0,32.38,93462.17,35.47,1754551.25,b0
765270362,1,218257,0,0,32.89,93464.38,35.48,3107739.00,b0
765269850,2,218303,0,0,33.06,93471.98,34.54,1877607.12,b0
765286747,3,218360,0,0,33.27,93496.68,34.15,1707378.12,b0
765279836,4,218406,0,0,33.10,93448.07,34.06,3083176.50,b0
765271387,5,218462,0,0,32.87,93476.00,34.92,2443914.00,b0
765283665,6,218508,0,0,32.62,93449.68,35.48,1204705.87,b0
765268824,7,218555,0,0,32.69,93487.97,35.10,2286352.25,b0
765287253,8,218601,0,0,32.41,93463.84,35.46,1759072.37,b0
765270362,1,218700,0,0,32.89,93463.70,35.45,3088407.25,b0
765269850,2,218746,0,0,33.07,93470.95,34.54,1878899.12,b0
765286747,3,218802,0,0,33.30,93495.82,34.15,1706311.12,b0
765279836,4,218849,0,0,33.12,93449.95,34.05,3076229.75,b0
765271387,5,218905,0,0,32.89,93477.90,34.91,2433026.50,b0
765283665,6,218951,0,0,32.64,93448.72,35.46,1202583.62,b0
765268824,7,218997,0,0,32.72,93489.15,35.10,2265486.75,b0
765287253,8,219043,0,0,32.43,93462.63,35.44,1751175.75,b0
765270362,1,219143,0,0,32.90,93463.19,35.44,3077963.50,b0
765269850,2,219189,0,0,33.08,93472.23,34.52,1882785.62,b0
765286747,3,219245,0,0,33.32,93495.16,34.12,1703118.50,b0
765279836,4,219291,0,0,33.14,93450.39,34.02,3074498.00,b0
765271387,5,219348,0,0,32.91,93478.16,34.90,2437369.75,b0
765283665,6,219394,0,0,32.65,93449.21,35.46,1203643.87,b0
765268824,7,219440,0,0,32.74,93487.19,35.08,2276820.50,b0
765287253,8,219486,0,0,32.45,93461.78,35.42,1754551.25,b0
765270362,1,219596,0,0,32.91,93462.33,35.44,3084918.00,b0
765269850,2,219642,0,0,33.10,93472.46,34.51,1884084.62,b0
765286747,3,219699,0,0,33.31,93494.06,34.11,1714883.87,b0
765279836,4,219745,0,0,33.17,93451.38,33.99,3081437.00,b0
765271387,5,219801,0,0,32.92,93477.70,34.89,2461538.50,b0
765283665,6,219847,0,0,32.66,93448.79,35.45,1210044.37,b0
765268824,7,219893,0,0,32.75,93488.70,35.04,2278720.50,b0
765287253,8,219940,0,0,32.45,93461.27,35.41,1760206.25,b0
765270362,1,220039,0,0,32.90,93462.11,35.40,3109508.50,b0
765269850,2,220085,0,0,33.08,93474.19,34.48,1880192.75,b0
765286747,3,220141,0,0,33.30,93495.67,34.09,1693611.75,b0
765279836,4,220187,0,0,33.16,93451.73,33.99,3077963.50,b0
765271387,5,220244,0,0,32.92,93478.56,34.86,2433026.50,b0
765283665,6,220290,0,0,32.67,93452.05,35.41,1200468.87,b0
765268824,7,220336,0,0,32.74,93491.03,35.03,2278720.50,b0
765287253,8,220382,0,0,32.45,93465.01,35.40,1757939.87,b0
765270362,1,220481,0,0,32.91,93462.33,35.38,3118386.00,b0
765269850,2,220528,0,0,33.06,93471.98,34.44,1881488.25,b0
765286747,3,220584,0,0,33.31,93494.77,34.07,1713807.50,b0
765279836,4,220630,0,0,33.15,93448.98,33.97,3069314.25,b0
765271387,5,220687,0,0,32.90,93477.78,34.86,2452694.50,b0
765283665,6,220733,0,0,32.66,93450.90,35.39,1210044.37,b0
765268824,7,220779,0,0,32.71,93488.40,35.00,2284439.50,b0
765287253,8,220825,0,0,32.41,93464.02,35.37,1769330.50,b0
765270362,1,220924,0,0,32.92,93462.04,35.35,3116606.50,b0
765269850,2,220970,0,0,33.10,93472.30,34.44,1895857.50,b0
765286747,3,221027,0,0,33.35,93495.24,34.04,1704181.37,b0
765279836,4,221073,0,0,33.19,93450.26,33.98,3081437.00,b0
765271387,5,221130,0,0,32.93,93478.84,34.82,2450493.50,b0
765283665,6,221176,0,0,32.68,93449.32,35.38,1207903.25,b0
765268824,7,221222,0,0,32.73,93488.82,34.98,2297896.25,b0
765287253,8,221268,0,0,32.43,93462.45,35.36,1777392.00,b0
765270362,1,221367,0,0,32.95,93463.22,35.34,3132696.00,b0
765269850,2,221413,0,0,33.12,93471.66,34.42,1897174.62,b0
765286747,3,221470,0,0,33.36,93495.10,34.03,1712732.62,b0
765279836,4,221516,0,0,33.21,93449.79,33.94,3081437.00,b0
765271387,5,221572,0,0,32.95,93478.91,34.80,2463759.50,b0
765283665,6,221619,0,0,32.70,93450.73,35.36,1215430.25,b0
765268824,7,221665,0,0,32.74,93489.04,34.95,2295964.25,b0
765287253,8,221711,0,0,32.44,93462.65,35.33,1778549.75,b0
765270362,1,221810,0,0,32.95,93463.41,35.34,3121951.25,b0
765269850,2,221856,0,0,33.14,93472.24,34.40,1897174.62,b0
765286747,3,221913,0,0,33.38,93495.87,34.03,1712732.62,b0
765279836,4,221959,0,0,33.23,93450.22,33.93,3081437.00,b0
765271387,5,222015,0,0,32.95,93477.52,34.80,2470446.25,b0
765283665,6,222061,0,0,32.71,93449.58,35.35,1213270.12,b0
765268824,7,222108,0,0,32.76,93489.63,34.95,2309557.25,b0
765287253,8,222154,0,0,32.45,93461.78,35.33,1779708.87,b0
765270362,1,222263,0,0,32.96,93462.93,35.32,3141706.50,b0
765269850,2,222309,0,0,33.15,93472.29,34.38,1893228.62,b0
765286747,3,222366,0,0,33.38,93494.05,34.01,1726812.87,b0
765279836,4,222412,0,0,33.23,93450.95,33.91,3088407.25,b0
765271387,5,222469,0,0,32.96,93478.27,34.78,2470446.25,b0
765283665,6,222515,0,0,32.71,93449.75,35.34,1220864.37,b0
765268824,7,222561,0,0,32.77,93489.66,34.94,2311512.50,b0
765287253,8,222607,0,0,32.46,93462.00,35.29,1780869.62,b0
765270362,1,222706,0,0,32.98,93463.73,35.31,3136294.00,b0
765269850,2,222752,0,0,33.16,93476.24,34.36,1899814.50,b0
765286747,3,222809,0,0,33.35,93495.61,34.00,1723543.00,b0
765279836,4,222855,0,0,33.22,93451.78,33.88,3083176.50,b0
765271387,5,222911,0,0,32.95,93479.66,34.75,2461538.50,b0
765283665,6,222958,0,0,32.71,93452.94,35.32,1221957.00,b0
765268824,7,223004,0,0,32.76,93490.56,34.89,2319365.75,b0
765287253,8,223050,0,0,32.45,93463.93,35.29,1783195.50,b0
765270362,1,223149,0,0,32.98,93461.95,35.26,3150769.25,b0
765269850,2,223195,0,0,33.13,93473.47,34.35,1894542.12,b0
765286747,3,223252,0,0,33.34,93495.02,33.96,1727905.50,b0
765279836,4,223298,0,0,33.19,93451.86,33.85,3097164.50,b0
765271387,5,223354,0,0,32.94,93478.51,34.73,2483929.75,b0
765283665,6,223400,0,0,32.70,93449.27,35.29,1210044.37,b0
765268824,7,223447,0,0,32.75,93488.14,34.86,2329258.00,b0
765287253,8,223493,0,0,32.44,93463.57,35.26,1782031.75,b0
765270362,1,223592,0,0,32.99,93463.61,35.27,3156232.00,b0
765269850,2,223638,0,0,33.16,93474.80,34.34,1906446.37,b0
765286747,3,223694,0,0,33.37,93495.48,33.94,1723543.00,b0
765279836,4,223741,0,0,33.21,93451.39,33.85,3102442.75,b0
765271387,5,223797,0,0,32.97,93479.05,34.69,2474924.50,b0
765283665,6,223843,0,0,32.74,93449.62,35.28,1220864.37,b0
765268824,7,223889,0,0,32.79,93490.27,34.87,2327272.75,b0
765287253,8,223935,0,0,32.48,93464.20,35.25,1787865.50,b0
765270362,1,224035,0,0,33.00,93463.12,35.24,3134494.00,b0
765269850,2,224081,0,0,33.17,93472.50,34.32,1899814.50,b0
765286747,3,224137,0,0,33.38,93493.88,33.94,1722455.87,b0
765279836,4,224183,0,0,33.22,93451.08,33.82,3109508.50,b0
765271387,5,224240,0,0,32.99,93480.05,34.71,2465984.25,b0
765283665,6,224286,0,0,32.75,93448.13,35.27,1228554.25,b0
765268824,7,224332,0,0,32.81,93488.49,34.84,2331246.50,b0
765287253,8,224378,0,0,32.50,93462.82,35.26,1786695.75,b0
765270362,1,224477,0,0,33.01,93460.28,35.22,3152588.00,b0
765269850,2,224523,0,0,33.18,93472.55,34.31,1917154.25,b0
765286747,3,224580,0,0,33.39,93495.36,33.92,1727905.50,b0
765279836,4,224626,0,0,33.24,93449.72,33.83,3100681.25,b0
765271387,5,224683,0,0,32.98,93480.03,34.68,2479419.00,b0
765283665,6,224729,0,0,32.74,93449.30,35.25,1236341.62,b0
765268824,7,224775,0,0,32.82,93489.27,34.84,2327272.75,b0
765287253,8,224821,0,0,32.51,93462.47,35.21,1791384.25,b0
765270362,1,224920,0,0,33.01,93462.63,35.22,3138096.25,b0
765269850,2,224966,0,0,33.19,93474.03,34.30,1898493.62,b0
765286747,3,225023,0,0,33.40,93496.44,33.89,1726812.87,b0
765279836,4,225069,0,0,33.24,93450.80,33.82,3109508.50,b0
765271387,5,225126,0,0,32.97,93479.59,34.67,2486191.25,b0
765283665,6,225172,0,0,32.71,93446.87,35.22,1238584.87,b0
765268824,7,225218,0,0,32.82,93487.62,34.82,2345262.00,b0
765287253,8,225264,0,0,32.51,93462.84,35.21,1802023.75,b0
765270362,1,225374,0,0,33.03,93463.23,35.20,3147138.00,b0
765269850,2,225420,0,0,33.19,93474.22,34.28,1910447.75,b0
765286747,3,225476,0,0,33.39,93497.33,33.89,1733389.75,b0
765279836,4,225522,0,0,33.24,93449.18,33.80,3127314.25,b0
765271387,5,225579,0,0,32.97,93478.30,34.63,2518290.75,b0
765283665,6,225625,0,0,32.70,93447.65,35.19,1237462.25,b0
765268824,7,225671,0,0,32.82,93486.16,34.79,2353346.75,b0
765287253,8,225717,0,0,32.52,93464.64,35.19,1805598.37,b0
765270362,1,225816,0,0,33.03,93464.49,35.18,3169052.25,b0
765269850,2,225862,0,0,33.18,93475.42,34.28,1910447.75,b0
765286747,3,225919,0,0,33.34,93495.77,33.87,1735593.25,b0
765279836,4,225965,0,0,33.21,93452.28,33.77,3123737.00,b0
765271387,5,226022,0,0,32.95,93478.60,34.63,2506732.00,b0
765283665,6,226068,0,0,32.69,93451.00,35.18,1238584.87,b0
765268824,7,226114,0,0,32.82,93493.08,34.77,2361487.50,b0
765287253,8,226160,0,0,32.51,93464.44,35.16,1803213.75,b0
765270362,1,226259,0,0,33.02,93463.78,35.16,3165378.75,b0
765269850,2,226305,0,0,33.15,93471.22,34.26,1906446.37,b0
765286747,3,226362,0,0,33.32,93494.27,33.87,1754551.25,b0
765279836,4,226408,0,0,33.19,93449.34,33.76,3139900.25,b0
765271387,5,226465,0,0,32.94,93478.15,34.59,2529956.75,b0
765283665,6,226511,0,0,32.68,93449.13,35.15,1243095.62,b0
765268824,7,226557,0,0,32.79,93488.99,34.75,2357410.00,b0
765287253,8,226603,0,0,32.49,93462.80,35.15,1818827.75,b0
765270362,1,226702,0,0,33.02,93464.48,35.16,3158057.00,b0
765269850,2,226748,0,0,33.17,93474.33,34.24,1919850.00,b0
765286747,3,226805,0,0,33.34,93496.29,33.82,1763616.75,b0
765279836,4,226851,0,0,33.21,93451.02,33.73,3158057.00,b0
765271387,5,226907,0,0,32.97,93480.48,34.60,2544099.50,b0
765283665,6,226954,0,0,32.70,93450.59,35.13,1245363.37,b0
765268824,7,227000,0,0,32.82,93488.52,34.72,2380011.50,b0
765287253,8,227046,0,0,32.51,93463.73,35.12,1824905.37,b0
765270362,1,227145,0,0,33.00,93462.95,35.14,3174578.50,b0
765269850,2,227191,0,0,33.17,93473.39,34.22,1934813.37,b0
765286747,3,227248,0,0,33.35,93496.32,33.81,1765897.87,b0
765279836,4,227294,0,0,33.21,93449.07,33.74,3167214.50,b0
765271387,5,227350,0,0,32.97,93479.23,34.57,2539367.75,b0
765283665,6,227396,0,0,32.70,93451.48,35.12,1262638.75,b0
765268824,7,227442,0,0,32.84,93488.76,34.70,2375870.00,b0
765287253,8,227489,0,0,32.53,93462.70,35.12,1833482.50,b0
765270362,1,227588,0,0,32.99,93462.90,35.12,3206262.25,b0
765269850,2,227634,0,0,33.15,93471.38,34.22,1944457.62,b0
765286747,3,227690,0,0,33.34,93496.11,33.81,1771626.25,b0
765279836,4,227736,0,0,33.22,93450.00,33.71,3191273.75,b0
765271387,5,227793,0,0,32.99,93480.43,34.55,2546471.75,b0
765283665,6,227839,0,0,32.71,93449.04,35.12,1266151.50,b0
765268824,7,227885,0,0,32.87,93490.33,34.68,2400937.75,b0
765287253,8,227931,0,0,32.56,93465.48,35.09,1832252.25,b0
765270362,1,228030,0,0,32.96,93463.99,35.09,3219493.00,b0
765269850,2,228076,0,0,33.13,93471.86,34.20,1947230.75,b0
765286747,3,228133,0,0,33.31,93494.42,33.80,1780869.62,b0
765279836,4,228179,0,0,33.21,93451.38,33.68,3217596.25,b0
765271387,5,228236,0,0,33.01,93477.64,34.54,2572864.25,b0
765283665,6,228282,0,0,32.70,93449.30,35.12,1267326.75,b0
765268824,7,228328,0,0,32.89,93488.72,34.66,2394621.50,b0
765287253,8,228374,0,0,32.58,93465.51,35.08,1833482.50,b0
765270362,1,228484,0,0,32.94,93464.07,35.07,3234748.25,b0
765269850,2,228530,0,0,33.12,93471.11,34.17,1956999.50,b0
765286747,3,228586,0,0,33.29,93496.37,33.79,1793737.62,b0
765279836,4,228633,0,0,33.20,93451.54,33.68,3217596.25,b0
765271387,5,228679,0,0,33.01,93478.72,34.52,2612245.00,b0
765283665,6,228725,0,0,32.69,93449.41,35.08,1272049.75,b0
765268824,7,228771,0,0,32.90,93489.13,34.64,2409411.75,b0
765287253,8,228817,0,0,32.60,93465.58,35.05,1844629.62,b0
765270362,1,228927,0,0,32.91,93464.51,35.03,3229010.75,b0
765269850,2,228973,0,0,33.08,93474.91,34.14,1962625.75,b0
765286747,3,229029,0,0,33.30,93496.19,33.77,1798463.25,b0
765279836,4,229075,0,0,33.19,93452.02,33.66,3232833.50,b0
765271387,5,229132,0,0,33.00,93479.23,34.50,2582597.75,b0
765283665,6,229178,0,0,32.70,93448.94,35.07,1280400.12,b0
765268824,7,229224,0,0,32.90,93489.66,34.60,2420088.75,b0
765287253,8,229270,0,0,32.59,93466.97,35.03,1848375.50,b0
765270362,1,229369,0,0,32.92,93462.93,35.05,3242430.25,b0
765269850,2,229415,0,0,33.06,93472.69,34.14,1986902.75,b0
765286747,3,229472,0,0,33.29,93495.80,33.77,1806793.12,b0
765279836,4,229518,0,0,33.17,93450.30,33.65,3242430.25,b0
765271387,5,229575,0,0,32.98,93481.27,34.49,2597336.75,b0
765283665,6,229621,0,0,32.69,93450.29,35.05,1274424.37,b0
765268824,7,229667,0,0,32.85,93490.64,34.58,2405167.25,b0
765287253,8,229713,0,0,32.55,93464.91,35.00,1854652.50,b0
765270362,1,229812,0,0,32.94,93465.70,35.03,3277455.50,b0
765269850,2,229858,0,0,33.09,93472.60,34.13,1984015.50,b0
765286747,3,229915,0,0,33.30,93496.02,33.76,1826125.75,b0
765279836,4,229961,0,0,33.19,93449.69,33.65,3261795.75,b0
765271387,5,230018,0,0,32.98,93480.37,34.46,2617252.50,b0
765283665,6,230064,0,0,32.68,93447.90,35.02,1291298.87,b0
765268824,7,230110,0,0,32.82,93489.08,34.55,2439547.25,b0
765287253,8,230156,0,0,32.53,93463.41,34.97,1859704.87,b0
765270362,1,230255,0,0,32.94,93465.17,35.03,3279423.50,b0
765269850,2,230301,0,0,33.10,93474.63,34.12,1997074.62,b0
765286747,3,230358,0,0,33.32,93496.26,33.74,1835948.00,b0
765279836,4,230404,0,0,33.21,93450.66,33.61,3285342.00,b0
765271387,5,230460,0,0,33.01,93479.44,34.46,2627325.25,b0
765283665,6,230507,0,0,32.72,93449.26,35.04,1294973.12,b0
765268824,7,230553,0,0,32.86,93490.11,34.55,2452694.50,b0
765287253,8,230599,0,0,32.56,93463.69,34.97,1867335.25,b0
765270362,1,230698,0,0,32.93,93462.27,35.00,3315257.00,b0
765269850,2,230744,0,0,33.09,93471.73,34.10,2011787.87,b0
765286747,3,230801,0,0,33.34,93497.39,33.72,1829796.75,b0
765279836,4,230847,0,0,33.21,93449.79,33.62,3291281.75,b0
765271387,5,230903,0,0,33.02,93477.52,34.43,2632390.75,b0
765283665,6,230949,0,0,32.73,93448.51,35.01,1296202.50,b0
765268824,7,230996,0,0,32.89,93489.84,34.53,2435196.25,b0
765287253,8,231042,0,0,32.60,93463.22,34.96,1872457.12,b0
765270362,1,231141,0,0,32.93,93462.77,35.00,3331435.50,b0
765269850,2,231187,0,0,33.09,93472.42,34.11,2007351.12,b0
765286747,3,231243,0,0,33.34,93494.84,33.72,1849627.50,b0
765279836,4,231290,0,0,33.21,93449.05,33.60,3311236.75,b0
765271387,5,231346,0,0,33.04,93480.15,34.45,2650275.00,b0
765283665,6,231392,0,0,32.73,93447.44,35.01,1306122.50,b0
765268824,7,231438,0,0,32.91,93489.70,34.51,2461538.50,b0
765287253,8,231484,0,0,32.61,93465.58,34.95,1880192.75,b0
765270362,1,231594,0,0,32.92,93461.46,34.97,3335505.00,b0
765269850,2,231640,0,0,33.07,93472.56,34.09,2013271.12,b0
765286747,3,231697,0,0,33.34,93497.91,33.72,1850881.12,b0
765279836,4,231743,0,0,33.19,93449.52,33.59,3327376.00,b0
765271387,5,231799,0,0,33.02,93479.35,34.42,2655429.50,b0
765283665,6,231846,0,0,32.72,93449.13,34.98,1312399.87,b0
765268824,7,231892,0,0,32.92,93489.56,34.50,2470446.25,b0
765287253,8,231938,0,0,32.61,93463.45,34.93,1885385.50,b0
765270362,1,232037,0,0,32.92,93462.73,34.97,3349826.25,b0
765269850,2,232083,0,0,33.07,93474.71,34.08,2008827.87,b0
765286747,3,232140,0,0,33.32,93494.99,33.69,1858439.25,b0
765279836,4,232186,0,0,33.18,93452.54,33.58,3341627.50,b0
765271387,5,232242,0,0,33.01,93477.14,34.38,2655429.50,b0
765283665,6,232288,0,0,32.73,93450.05,34.97,1307373.12,b0
765268824,7,232335,0,0,32.92,93492.08,34.50,2461538.50,b0
765287253,8,232381,0,0,32.62,93467.23,34.91,1885385.50,b0
765270362,1,232480,0,0,32.92,93461.49,34.97,3358065.25,b0
765269850,2,232526,0,0,33.05,93471.77,34.06,2029732.37,b0
765286747,3,232582,0,0,33.33,93496.45,33.69,1875028.62,b0
765279836,4,232629,0,0,33.17,93450.89,33.57,3351882.25,b0
765271387,5,232685,0,0,33.02,93479.69,34.36,2668404.00,b0
765283665,6,232731,0,0,32.72,93448.43,34.94,1314927.75,b0
765268824,7,232777,0,0,32.90,93488.94,34.47,2477169.75,b0
765287253,8,232823,0,0,32.60,93465.73,34.89,1897174.62,b0
765270362,1,232923,0,0,32.92,93461.68,34.98,3364271.00,b0
765269850,2,232969,0,0,33.08,93472.40,34.07,2037304.12,b0
765286747,3,233025,0,0,33.36,93495.27,33.69,1901137.12,b0
765279836,4,233071,0,0,33.21,93448.52,33.57,3364271.00,b0
765271387,5,233128,0,0,33.05,93478.27,34.37,2681505.75,b0
765283665,6,233174,0,0,32.77,93449.19,34.96,1317465.37,b0
765268824,7,233220,0,0,32.93,93489.21,34.46,2493000.50,b0
765287253,8,233266,0,0,32.62,93465.79,34.87,1901137.12,b0
765270362,1,233365,0,0,32.94,93462.84,34.97,3387223.50,b0
765269850,2,233411,0,0,33.10,93473.37,34.07,2044932.62,b0
765286747,3,233468,0,0,33.39,93496.25,33.67,1899814.50,b0
765279836,4,233514,0,0,33.22,93450.01,33.56,3368421.00,b0
765271387,5,233571,0,0,33.07,93479.62,34.37,2694736.75,b0
765283665,6,233617,0,0,32.80,93449.43,34.96,1332899.50,b0
765268824,7,233663,0,0,32.95,93490.17,34.45,2490726.75,b0
765287253,8,233709,0,0,32.64,93465.29,34.85,1903788.00,b0
765270362,1,233808,0,0,32.94,93461.57,34.96,3370500.00,b0
765269850,2,233854,0,0,33.09,93472.79,34.07,2049537.12,b0
765286747,3,233911,0,0,33.39,93496.42,33.65,1890607.00,b0
765279836,4,233957,0,0,33.23,93450.77,33.53,3380932.75,b0
765271387,5,234014,0,0,33.09,93479.00,34.35,2694736.75,b0
765283665,6,234060,0,0,32.82,93450.19,34.93,1326424.87,b0
765268824,7,234106,0,0,32.95,93489.64,34.42,2493000.50,b0
765287253,8,234152,0,0,32.65,93466.04,34.84,1903788.00,b0
765270362,1,234251,0,0,32.93,93462.98,34.96,3414756.25,b0
765269850,2,234297,0,0,33.08,93473.49,34.05,2071302.12,b0
765286747,3,234354,0,0,33.39,93496.06,33.65,1911785.25,b0
765279836,4,234400,0,0,33.23,93450.03,33.54,3395647.75,b0
765271387,5,234456,0,0,33.11,93481.98,34.36,2689428.75,b0
765283665,6,234503,0,0,32.83,93449.23,34.92,1329007.12,b0
765268824,7,234549,0,0,32.96,93486.74,34.40,2504433.00,b0
765287253,8,234595,0,0,32.66,93463.56,34.84,1905116.25,b0
765270362,1,234694,0,0,32.95,93462.52,34.94,3385124.00,b0
765269850,2,234740,0,0,33.09,93473.15,34.05,2058808.75,b0
765286747,3,234797,0,0,33.40,93495.75,33.64,1907778.25,b0
765279836,4,234843,0,0,33.24,93451.88,33.53,3395647.75,b0
765271387,5,234899,0,0,33.11,93478.95,34.33,2716180.25,b0
765283665,6,234945,0,0,32.85,93449.36,34.91,1329007.12,b0
765268824,7,234991,0,0,32.95,93488.36,34.39,2504433.00,b0
765287253,8,235038,0,0,32.67,93465.35,34.83,1914466.00,b0
765270362,1,235147,0,0,32.96,93462.39,34.94,3412622.25,b0
765269850,2,235193,0,0,33.12,93472.00,34.03,2055708.87,b0
765286747,3,235250,0,0,33.41,93496.13,33.63,1917154.25,b0
765279836,4,235296,0,0,33.25,93449.03,33.50,3408362.75,b0
765271387,5,235353,0,0,33.12,93479.34,34.30,2732488.25,b0
765283665,6,235399,0,0,32.85,93450.80,34.90,1329007.12,b0
765268824,7,235445,0,0,32.95,93488.35,34.37,2506732.00,b0
765287253,8,235491,0,0,32.67,93465.55,34.82,1926622.75,b0
765270362,1,235590,0,0,32.98,93463.03,34.95,3408362.75,b0
765269850,2,235636,0,0,33.12,93473.80,34.04,2063476.12,b0
765286747,3,235693,0,0,33.40,93496.81,33.61,1906446.37,b0
765279836,4,235739,0,0,33.25,93452.84,33.50,3408362.75,b0
765271387,5,235795,0,0,33.09,93479.37,34.28,2740716.00,b0
765283665,6,235842,0,0,32.83,93452.42,34.87,1339437.50,b0
765268824,7,235888,0,0,32.94,93492.87,34.36,2522944.25,b0
765287253,8,235934,0,0,32.65,93466.93,34.79,1922553.37,b0
765270362,1,236033,0,0,32.99,93463.05,34.94,3399875.50,b0
765269850,2,236079,0,0,33.11,93472.32,34.02,2063476.12,b0
765286747,3,236136,0,0,33.39,93496.98,33.61,1917154.25,b0
765279836,4,236182,0,0,33.23,93448.43,33.50,3412622.25,b0
765271387,5,236238,0,0,33.07,93478.70,34.30,2735225.50,b0
765283665,6,236284,0,0,32.81,93449.02,34.86,1338124.75,b0
765268824,7,236331,0,0,32.91,93489.16,34.34,2527615.00,b0
765287253,8,236377,0,0,32.63,93464.38,34.78,1923908.00,b0
765270362,1,236476,0,0,32.99,93463.98,34.92,3412622.25,b0
765269850,2,236522,0,0,33.14,93475.13,34.04,2071302.12,b0
765286747,3,236578,0,0,33.42,93495.97,33.60,1909112.12,b0
765279836,4,236625,0,0,33.26,93448.91,33.50,3421173.50,b0
765271387,5,236681,0,0,33.09,93480.83,34.25,2727030.75,b0
765283665,6,236727,0,0,32.84,93449.96,34.85,1346040.12,b0
765268824,7,236773,0,0,32.94,93490.33,34.33,2529956.75,b0
765287253,8,236819,0,0,32.66,93464.09,34.77,1933443.50,b0
765270362,1,236918,0,0,33.00,93465.11,34.93,3416892.50,b0
765269850,2,236965,0,0,33.16,93473.38,34.04,2065036.50,b0
765286747,3,237021,0,0,33.44,93496.37,33.61,1922553.37,b0
765279836,4,237067,0,0,33.27,93449.86,33.49,3423318.00,b0
765271387,5,237124,0,0,33.12,93480.64,34.24,2737968.00,b0
765283665,6,237170,0,0,32.86,93451.10,34.84,1338124.75,b0
765268824,7,237216,0,0,32.95,93488.91,34.30,2522944.25,b0
765287253,8,237262,0,0,32.68,93467.01,34.76,1926622.75,b0
765270362,1,237361,0,0,33.01,93465.68,34.91,3416892.50,b0
765269850,2,237407,0,0,33.17,93473.95,34.02,2077605.87,b0
765286747,3,237464,0,0,33.46,93496.59,33.60,1917154.25,b0
765279836,4,237510,0,0,33.29,93447.95,33.47,3423318.00,b0
765271387,5,237567,0,0,33.14,93481.97,34.24,2762900.50,b0
765283665,6,237613,0,0,32.87,93451.20,34.82,1336814.62,b0
765268824,7,237659,0,0,32.97,93489.51,34.29,2509035.25,b0
765287253,8,237705,0,0,32.70,93465.25,34.73,1930709.37,b0
765270362,1,237804,0,0,33.01,93463.87,34.91,3429767.75,b0
765269850,2,237850,0,0,33.17,93474.86,34.01,2080772.12,b0
765286747,3,237907,0,0,33.45,93498.56,33.61,1914466.00,b0
765279836,4,237953,0,0,33.29,93449.05,33.47,3425465.25,b0
765271387,5,238010,0,0,33.15,93477.37,34.23,2748993.25,b0
765283665,6,238056,0,0,32.88,93450.01,34.80,1344714.37,b0
765268824,7,238102,0,0,32.98,93490.62,34.28,2537008.25,b0
765287253,8,238148,0,0,32.71,93465.27,34.72,1933443.50,b0
765270362,1,238257,0,0,33.00,93464.94,34.92,3414756.25,b0
765269850,2,238304,0,0,33.17,93473.05,34.02,2087133.75,b0
765286747,3,238360,0,0,33.46,93498.41,33.60,1923908.00,b0
765279836,4,238406,0,0,33.31,93448.05,33.46,3431923.00,b0
765271387,5,238463,0,0,33.17,93477.84,34.21,2743469.50,b0
765283665,6,238509,0,0,32.90,93450.72,34.79,1340752.87,b0
765268824,7,238555,0,0,32.99,93488.84,34.27,2541731.25,b0
765287253,8,238601,0,0,32.73,93463.53,34.69,1922553.37,b0
765270362,1,238700,0,0,32.99,93461.66,34.91,3421173.50,b0
765269850,2,238746,0,0,33.17,93476.84,34.00,2074449.25,b0
765286747,3,238803,0,0,33.45,93498.02,33.58,1913124.75,b0
765279836,4,238849,0,0,33.32,93450.61,33.46,3412622.25,b0
765271387,5,238906,0,0,33.17,93478.20,34.20,2732488.25,b0
765283665,6,238952,0,0,32.92,93452.64,34.78,1342070.75,b0
765268824,7,238998,0,0,32.99,93489.75,34.24,2532303.00,b0
765287253,8,239044,0,0,32.74,93466.59,34.70,1927983.00,b0
765270362,1,239143,0,0,33.01,93464.95,34.91,3399875.50,b0
765269850,2,239189,0,0,33.16,93474.27,34.01,2077605.87,b0
765286747,3,239246,0,0,33.44,93496.56,33.56,1921200.75,b0
765279836,4,239292,0,0,33.31,93447.85,33.46,3421173.50,b0
765271387,5,239349,0,0,33.16,93477.64,34.19,2760107.75,b0
765283665,6,239395,0,0,32.91,93450.58,34.79,1346040.12,b0
765268824,7,239441,0,0,32.97,93488.95,34.24,2544099.50,b0
765287253,8,239487,0,0,32.71,93465.27,34.67,1940312.62,b0
765270362,1,239586,0,0,33.00,93463.84,34.89,3453625.75,b0
765269850,2,239632,0,0,33.18,93474.18,34.00,2080772.12,b0
765286747,3,239689,0,0,33.48,93498.09,33.57,1923908.00,b0
765279836,4,239735,0,0,33.33,93448.69,33.45,3425465.25,b0
765271387,5,239791,0,0,33.20,93476.21,34.19,2743469.50,b0
765283665,6,239838,0,0,32.94,93450.34,34.78,1346040.12,b0
765268824,7,239884,0,0,32.98,93488.80,34.23,2548848.75,b0
765287253,8,239930,0,0,32.72,93463.15,34.66,1934813.37,b0
765270362,1,240029,0,0,33.02,93465.74,34.88,3451443.00,b0
765269850,2,240075,0,0,33.21,93474.45,33.99,2083948.12,b0
765286747,3,240132,0,0,33.50,93500.31,33.57,1923908.00,b0
765279836,4,240178,0,0,33.35,93446.98,33.44,3436241.50,b0
765271387,5,240234,0,0,33.21,93477.52,34.19,2743469.50,b0
765283665,6,240280,0,0,32.95,93451.34,34.78,1340752.87,b0
765268824,7,240326,0,0,32.97,93490.77,34.21,2546471.75,b0
765287253,8,240373,0,0,32.72,93465.84,34.65,1936185.25,b0
765270362,1,240472,0,0,33.03,93464.88,34.89,3451443.00,b0
765269850,2,240518,0,0,33.23,93475.95,33.99,2088730.25,b0
765286747,3,240574,0,0,33.51,93497.09,33.56,1923908.00,b0
765279836,4,240620,0,0,33.37,93449.03,33.44,3429767.75,b0
765271387,5,240677,0,0,33.21,93477.38,34.16,2768502.75,b0
765283665,6,240723,0,0,32.96,93450.14,34.77,1347368.37,b0
765268824,7,240769,0,0,32.96,93488.93,34.19,2558401.00,b0
765287253,8,240815,0,0,32.71,93464.56,34.62,1943074.00,b0
765270362,1,240914,0,0,33.04,93465.67,34.88,3455811.00,b0
765269850,2,240961,0,0,33.25,93474.75,33.98,2085539.75,b0
765286747,3,241017,0,0,33.53,93500.55,33.55,1926622.75,b0
765279836,4,241063,0,0,33.37,93448.31,33.42,3429767.75,b0
765271387,5,241120,0,0,33.21,93477.02,34.15,2768502.75,b0
765283665,6,241166,0,0,32.96,93450.56,34.75,1352708.00,b0
765268824,7,241212,0,0,32.96,93491.29,34.20,2551230.25,b0
765287253,8,241258,0,0,32.70,93466.33,34.60,1961216.12,b0
765270362,1,241368,0,0,33.06,93462.84,34.87,3460190.00,b0
765269850,2,241414,0,0,33.26,93475.34,33.99,2074449.25,b0
765286747,3,241471,0,0,33.54,93499.69,33.53,1926622.75,b0
765279836,4,241517,0,0,33.38,93446.71,33.43,3427615.00,b0
765271387,5,241573,0,0,33.22,93477.76,34.15,2782608.75,b0
765283665,6,241619,0,0,32.96,93450.70,34.73,1362155.00,b0
765268824,7,241665,0,0,32.95,93492.20,34.20,2565612.25,b0
765287253,8,241712,0,0,32.70,93465.62,34.60,1973975.87,b0
765270362,1,241811,0,0,33.06,93462.87,34.89,3484474.75,b0
765269850,2,241857,0,0,33.26,93475.32,33.99,2074449.25,b0
765286747,3,241913,0,0,33.52,93498.91,33.55,1919850.00,b0
765279836,4,241959,0,0,33.38,93448.87,33.41,3427615.00,b0
765271387,5,242016,0,0,33.21,93477.90,34.10,2774128.00,b0
765283665,6,242062,0,0,32.96,93453.06,34.70,1350033.00,b0
765268824,7,242108,0,0,32.94,93494.34,34.16,2553616.00,b0
765287253,8,242154,0,0,32.69,93468.29,34.57,1969704.25,b0
765270362,1,242253,0,0,33.07,93465.27,34.88,3500106.75,b0
765269850,2,242299,0,0,33.25,93473.49,33.97,2093534.37,b0
765286747,3,242356,0,0,33.51,93498.91,33.54,1927983.00,b0
765279836,4,242402,0,0,33.36,93447.36,33.41,3429767.75,b0
765271387,5,242459,0,0,33.20,93476.41,34.10,2782608.75,b0
765283665,6,242505,0,0,32.95,93451.29,34.71,1354049.62,b0
765268824,7,242551,0,0,32.91,93490.06,34.17,2565612.25,b0
765287253,8,242597,0,0,32.66,93464.63,34.57,1968284.50,b0
765270362,1,242696,0,0,33.08,93465.13,34.86,3480034.00,b0
765269850,2,242742,0,0,33.27,93473.57,33.96,2079187.87,b0
765286747,3,242799,0,0,33.54,93499.33,33.53,1927983.00,b0
765279836,4,242845,0,0,33.39,93448.56,33.38,3434081.00,b0
765271387,5,242902,0,0,33.21,93476.13,34.09,2785447.25,b0
765283665,6,242948,0,0,32.98,93450.67,34.67,1366244.12,b0
765268824,7,242994,0,0,32.91,93490.43,34.16,2570442.50,b0
765287253,8,243040,0,0,32.67,93465.02,34.54,1975403.87,b0
765270362,1,243139,0,0,33.09,93463.90,34.86,3484474.75,b0
765269850,2,243185,0,0,33.30,93473.84,33.95,2085539.75,b0
765286747,3,243242,0,0,33.55,93498.27,33.52,1926622.75,b0
765279836,4,243288,0,0,33.41,93449.73,33.39,3442740.00,b0
765271387,5,243344,0,0,33.22,93476.35,34.08,2791141.50,b0
765283665,6,243391,0,0,32.98,93450.37,34.66,1362155.00,b0
765268824,7,243437,0,0,32.92,93489.38,34.15,2577721.75,b0
765287253,8,243483,0,0,32.69,93467.74,34.55,1971126.12,b0
765270362,1,243582,0,0,33.09,93463.92,34.85,3488926.75,b0
765269850,2,243628,0,0,33.32,93476.59,33.95,2114610.25,b0
765286747,3,243685,0,0,33.55,93498.81,33.51,1933443.50,b0
765279836,4,243731,0,0,33.41,93447.22,33.38,3457999.25,b0
765271387,5,243787,0,0,33.24,93479.33,34.06,2799726.50,b0
765283665,6,243833,0,0,32.99,93449.75,34.65,1368984.00,b0
765268824,7,243880,0,0,32.94,93490.33,34.15,2570442.50,b0
765287253,8,243926,0,0,32.69,93463.81,34.53,1982575.00,b0
765270362,1,244025,0,0,33.10,93466.66,34.85,3515879.75,b0
765269850,2,244071,0,0,33.33,93474.47,33.95,2109709.00,b0
765286747,3,244127,0,0,33.54,93498.25,33.50,1944457.62,b0
765279836,4,244174,0,0,33.42,93447.23,33.36,3480034.00,b0
765271387,5,244230,0,0,33.25,93478.50,34.08,2796859.00,b0
765283665,6,244276,0,0,33.00,93451.41,34.64,1367612.75,b0
765268824,7,244322,0,0,32.94,93490.71,34.15,2589946.25,b0
765287253,8,244368,0,0,32.72,93465.65,34.52,1984015.50,b0
765270362,1,244478,0,0,33.09,93464.64,34.83,3511358.75,b0
765269850,2,244524,0,0,33.34,93473.06,33.90,2112974.00,b0
765286747,3,244581,0,0,33.55,93498.44,33.50,1944457.62,b0
765279836,4,244627,0,0,33.42,93449.05,33.36,3457999.25,b0
765271387,5,244683,0,0,33.25,93476.70,34.06,2793997.25,b0
765283665,6,244730,0,0,33.00,93449.66,34.63,1373114.37,b0
765268824,7,244776,0,0,32.93,93489.39,34.14,2577721.75,b0
765287253,8,244822,0,0,32.71,93464.74,34.52,1982575.00,b0
765270362,1,244921,0,0,33.10,93463.74,34.82,3522683.25,b0
765269850,2,244967,0,0,33.34,93478.62,33.90,2119534.25,b0
765286747,3,245024,0,0,33.54,93498.98,33.47,1945843.25,b0
765279836,4,245070,0,0,33.42,93449.05,33.35,3471186.50,b0
765271387,5,245126,0,0,33.24,93478.05,34.03,2819965.50,b0
765283665,6,245172,0,0,33.00,93452.14,34.63,1368984.00,b0
765268824,7,245219,0,0,32.90,93492.04,34.14,2587492.00,b0
765287253,8,245265,0,0,32.69,93467.74,34.52,1984015.50,b0
765270362,1,245364,0,0,33.12,93465.47,34.79,3529513.25,b0
765269850,2,245410,0,0,33.32,93471.06,33.87,2119534.25,b0
765286747,3,245466,0,0,33.54,93498.25,33.46,1944457.62,b0
765279836,4,245513,0,0,33.41,93448.13,33.33,3468981.50,b0
765271387,5,245569,0,0,33.21,93477.20,34.01,2822880.75,b0
765283665,6,245615,0,0,32.98,93450.15,34.61,1371734.75,b0
765268824,7,245661,0,0,32.85,93489.37,34.13,2617252.50,b0
765287253,8,245707,0,0,32.64,93464.95,34.50,1988349.50,b0
765270362,1,245806,0,0,33.13,93464.44,34.80,3545553.00,b0
765269850,2,245853,0,0,33.36,93473.14,33.87,2131113.50,b0
765286747,3,245909,0,0,33.56,93497.21,33.47,1968284.50,b0
765279836,4,245955,0,0,33.44,93447.71,33.32,3475604.50,b0
765271387,5,246012,0,0,33.23,93477.28,34.01,2817056.50,b0
765283665,6,246058,0,0,32.99,93449.50,34.60,1371734.75,b0
765268824,7,246104,0,0,32.86,93491.20,34.15,2599809.50,b0
765287253,8,246150,0,0,32.64,93465.48,34.51,2007351.12,b0
765270362,1,246249,0,0,33.13,93463.91,34.79,3550162.50,b0
765269850,2,246295,0,0,33.38,93472.67,33.87,2134445.00,b0
765286747,3,246352,0,0,33.57,93498.49,33.45,1966866.75,b0
765279836,4,246398,0,0,33.44,93446.82,33.31,3500106.75,b0
765271387,5,246455,0,0,33.24,93476.47,34.00,2843457.25,b0
765283665,6,246501,0,0,33.00,93451.56,34.59,1380053.87,b0
765268824,7,246547,0,0,32.87,93489.95,34.12,2629855.50,b0
765287253,8,246593,0,0,32.65,93464.43,34.49,1998536.25,b0
765270362,1,246692,0,0,33.13,93464.09,34.76,3582768.50,b0
765269850,2,246738,0,0,33.38,93469.62,33.83,2131113.50,b0
765286747,3,246795,0,0,33.58,93498.15,33.42,1972550.00,b0
765279836,4,246841,0,0,33.46,93449.03,33.31,3500106.75,b0
765271387,5,246898,0,0,33.25,93477.39,34.01,2837547.75,b0
765283665,6,246944,0,0,33.00,93451.22,34.58,1388474.62,b0
765268824,7,246990,0,0,32.89,93489.81,34.13,2624799.75,b0
765287253,8,247036,0,0,32.67,93464.66,34.49,2005876.62,b0
765270362,1,247135,0,0,33.15,93465.08,34.75,3568721.50,b0
765269850,2,247181,0,0,33.39,93472.16,33.84,2139462.00,b0
765286747,3,247238,0,0,33.58,93499.59,33.40,1973975.87,b0
765279836,4,247284,0,0,33.46,93448.50,33.29,3518144.75,b0
765271387,5,247340,0,0,33.26,93477.44,33.98,2846421.25,b0
765283665,6,247387,0,0,33.00,93450.32,34.58,1391304.37,b0
765268824,7,247433,0,0,32.90,93491.67,34.14,2609748.25,b0
765287253,8,247479,0,0,32.68,93464.86,34.49,2001465.87,b0
765270362,1,247588,0,0,33.15,93464.55,34.76,3606427.50,b0
765269850,2,247634,0,0,33.39,93472.17,33.80,2154655.50,b0
765286747,3,247691,0,0,33.58,93497.80,33.40,1973975.87,b0
765279836,4,247737,0,0,33.46,93445.98,33.28,3538661.00,b0
765271387,5,247794,0,0,33.26,93477.13,33.97,2870357.50,b0
765283665,6,247840,0,0,33.01,93450.26,34.57,1385656.25,b0
765268824,7,247886,0,0,32.90,93489.31,34.13,2614746.25,b0
765287253,8,247932,0,0,32.69,93464.87,34.50,2004404.25,b0
765270362,1,248031,0,0,33.16,93465.84,34.74,3615978.75,b0
765269850,2,248077,0,0,33.39,93471.98,33.80,2141139.50,b0
765286747,3,248134,0,0,33.58,93496.89,33.38,1981136.62,b0
765279836,4,248180,0,0,33.46,93448.86,33.28,3513617.75,b0
765271387,5,248237,0,0,33.25,93479.73,33.96,2843457.25,b0
765283665,6,248283,0,0,33.01,93452.54,34.56,1375881.75,b0
765268824,7,248329,0,0,32.88,93492.72,34.12,2637475.75,b0
765287253,8,248375,0,0,32.68,93467.01,34.49,2000000.00,b0
765270362,1,248474,0,0,33.17,93465.88,34.73,3606427.50,b0
765269850,2,248520,0,0,33.36,93471.01,33.78,2164904.75,b0
765286747,3,248577,0,0,33.56,93495.41,33.40,1986902.75,b0
765279836,4,248623,0,0,33.44,93447.34,33.25,3524957.00,b0
765271387,5,248679,0,0,33.23,93476.38,33.95,2849391.25,b0
765283665,6,248726,0,0,32.98,93450.34,34.54,1381450.25,b0
765268824,7,248772,0,0,32.84,93487.30,34.12,2629855.50,b0
765287253,8,248818,0,0,32.65,93464.60,34.48,2002934.00,b0
765270362,1,248917,0,0,33.18,93466.47,34.73,3596926.50,b0
765269850,2,248963,0,0,33.40,93473.08,33.76,2166622.50,b0
765286747,3,249020,0,0,33.58,93499.25,33.38,1988349.50,b0
765279836,4,249066,0,0,33.44,93448.42,33.24,3536369.50,b0
765271387,5,249122,0,0,33.24,93476.83,33.95,2882477.25,b0
765283665,6,249168,0,0,32.99,93450.26,34.54,1382849.37,b0
765268824,7,249215,0,0,32.86,93488.83,34.13,2634930.75,b0
765287253,8,249261,0,0,32.66,93464.27,34.50,2013271.12,b0
765270362,1,249360,0,0,33.20,93466.20,34.72,3620773.50,b0
765269850,2,249406,0,0,33.41,93469.55,33.76,2168343.00,b0
765286747,3,249462,0,0,33.58,93495.98,33.37,2002934.00,b0
765279836,4,249509,0,0,33.44,93446.98,33.23,3552471.75,b0
765271387,5,249565,0,0,33.23,93476.73,33.95,2900849.75,b0
765283665,6,249611,0,0,32.98,93450.56,34.53,1399863.25,b0
765268824,7,249657,0,0,32.87,93489.58,34.15,2660604.00,b0
765287253,8,249703,0,0,32.65,93465.33,34.47,2016244.12,b0
765270362,1,249802,0,0,33.20,93464.78,34.68,3623175.50,b0
765269850,2,249849,0,0,33.42,93472.63,33.74,2170066.25,b0
