id,index,millis,gas_index,mes_index,temperature,pressure,humidity,gas_resistance,status
765286747,3,523,0,0,23.46,93803.54,50.07,302243.22,b0
765279836,4,569,0,0,23.26,93755.47,50.06,531948.06,b0
765271387,5,614,0,0,23.48,93788.51,49.62,433622.69,b0
765283665,6,660,0,0,23.54,93758.90,49.77,411162.41,b0
765268824,7,705,0,0,23.54,93796.53,49.57,489249.88,b0
765287253,8,751,0,0,23.50,93770.98,49.69,707915.69,b0
765270362,1,797,0,0,23.85,93759.05,52.58,540369.38,b0
765269850,2,843,0,0,23.82,93769.40,51.57,323743.28,b0
765286747,3,889,0,0,24.18,93792.31,50.33,297242.38,b0
765279836,4,935,0,0,24.07,93753.30,50.33,520589.72,b0
765271387,5,981,0,0,24.35,93788.60,49.91,413403.31,b0
765283665,6,1027,0,0,24.33,93761.20,50.07,402674.00,b0
765268824,7,1073,0,0,24.30,93804.54,49.90,478952.28,b0
765287253,8,1119,0,0,24.17,93773.13,50.00,692828.13,b0
765270362,1,1166,0,0,24.93,93768.47,52.88,542085.75,b0
765269850,2,1212,0,0,24.82,93791.59,51.85,324358.56,b0
765286747,3,1258,0,0,25.03,93811.10,50.58,295697.38,b0
765279836,4,1304,0,0,24.72,93767.73,50.57,522582.28,b0
765271387,5,1350,0,0,24.96,93799.80,50.14,413904.59,b0
765283665,6,1396,0,0,24.92,93769.56,50.29,401726.16,b0
765268824,7,1442,0,0,24.94,93808.34,50.09,482677.34,b0
765287253,8,1488,0,0,24.83,93777.94,50.22,694944.00,b0
765270362,1,1535,0,0,25.07,93779.40,52.95,543813.06,b0
765269850,2,1581,0,0,24.93,93795.63,51.94,324976.19,b0
765286747,3,1627,0,0,25.22,93815.32,50.64,294676.25,b0
765279836,4,1673,0,0,24.92,93767.91,50.64,521783.44,b0
765271387,5,1719,0,0,25.20,93801.56,50.25,416175.56,b0
765283665,6,1765,0,0,25.18,93772.38,50.40,400312.75,b0
765268824,7,1811,0,0,25.23,93812.40,50.23,483360.88,b0
765287253,8,1858,0,0,25.13,93779.37,50.31,696361.81,b0
765270362,1,1904,0,0,25.07,93775.45,52.92,542948.06,b0
765269850,2,1950,0,0,25.00,93795.55,51.95,324050.63,b0
765286747,3,1996,0,0,25.32,93815.48,50.67,295697.38,b0
765279836,4,2042,0,0,25.05,93768.09,50.69,522982.63,b0
765271387,5,2088,0,0,25.34,93802.52,50.27,416175.56,b0
765283665,6,2134,0,0,25.31,93770.38,50.43,399609.75,b0
765268824,7,2181,0,0,25.39,93812.33,50.26,484733.72,b0
765287253,8,2227,0,0,25.29,93780.29,50.35,695652.19,b0
765270362,1,2273,0,0,25.11,93778.14,52.87,547300.94,b0
765269850,2,2319,0,0,25.08,93795.96,51.91,327470.41,b0
765286747,3,2365,0,0,25.41,93815.48,50.65,294422.09,b0
765279836,4,2411,0,0,25.14,93770.20,50.66,523383.59,b0
765271387,5,2458,0,0,25.44,93802.66,50.27,416683.63,b0
765283665,6,2504,0,0,25.41,93771.02,50.45,397747.13,b0
765268824,7,2550,0,0,25.49,93811.20,50.25,485768.50,b0
765287253,8,2596,0,0,25.39,93782.86,50.31,696361.81,b0
765270362,1,2642,0,0,25.15,93777.74,52.78,542516.56,b0
765269850,2,2688,0,0,25.13,93793.68,51.84,323436.50,b0
765286747,3,2735,0,0,25.47,93813.34,50.59,295185.94,b0
765279836,4,2781,0,0,25.21,93769.71,50.63,520987.03,b0
765271387,5,2827,0,0,25.51,93804.09,50.23,414910.84,b0
765283665,6,2873,0,0,25.48,93771.49,50.42,399375.97,b0
765268824,7,2919,0,0,25.56,93812.71,50.21,484733.72,b0
765287253,8,2965,0,0,25.46,93783.11,50.29,695652.19,b0
765270362,1,3012,0,0,25.18,93777.63,52.68,544246.63,b0
765269850,2,3058,0,0,25.19,93794.09,51.75,324050.63,b0
765286747,3,3104,0,0,25.52,93813.11,50.50,294422.09,b0
765279836,4,3150,0,0,25.26,93769.41,50.58,521384.94,b0
765271387,5,3196,0,0,25.58,93804.48,50.18,416683.63,b0
765283665,6,3242,0,0,25.55,93774.83,50.36,399142.47,b0
765268824,7,3288,0,0,25.61,93812.89,50.17,484046.31,b0
765287253,8,3334,0,0,25.51,93783.56,50.22,694237.31,b0
765270362,1,3381,0,0,25.21,93779.14,52.57,540797.44,b0
765269850,2,3427,0,0,25.22,93793.44,51.67,323436.50,b0
765286747,3,3473,0,0,25.56,93815.35,50.43,293915.03,b0
765279836,4,3519,0,0,25.31,93770.03,50.51,522582.28,b0
765271387,5,3565,0,0,25.62,93802.42,50.09,414910.84,b0
765283665,6,3611,0,0,25.58,93772.43,50.31,399843.81,b0
765268824,7,3657,0,0,25.65,93812.23,50.09,484733.72,b0
765287253,8,3703,0,0,25.56,93783.49,50.13,692828.13,b0
765270362,1,3750,0,0,25.23,93778.05,52.48,542948.06,b0
765269850,2,3796,0,0,25.25,93794.20,51.57,325285.91,b0
765286747,3,3842,0,0,25.59,93815.38,50.33,293662.19,b0
765279836,4,3888,0,0,25.35,93771.55,50.42,524993.56,b0
765271387,5,3934,0,0,25.66,93801.52,50.02,416175.56,b0
765283665,6,3980,0,0,25.62,93773.38,50.25,399375.97,b0
765268824,7,4027,0,0,25.68,93812.07,50.01,483018.88,b0
765287253,8,4073,0,0,25.60,93784.59,50.07,692125.69,b0
765270362,1,4119,0,0,25.25,93779.27,52.36,541226.19,b0
765269850,2,4165,0,0,25.28,93796.51,51.47,322519.69,b0
765286747,3,4211,0,0,25.62,93815.16,50.24,292404.34,b0
765279836,4,4257,0,0,25.37,93770.50,50.37,523785.16,b0
765271387,5,4303,0,0,25.68,93802.49,49.93,417192.91,b0
765283665,6,4350,0,0,25.64,93772.31,50.17,397284.19,b0
765268824,7,4396,0,0,25.71,93810.97,49.93,486114.41,b0
765287253,8,4442,0,0,25.62,93782.06,49.99,691424.69,b0
765270362,1,4488,0,0,25.25,93777.52,52.24,546862.50,b0
765269850,2,4534,0,0,25.29,93795.71,51.35,323743.28,b0
765286747,3,4580,0,0,25.64,93815.81,50.14,294422.09,b0
765279836,4,4627,0,0,25.40,93772.10,50.27,521783.44,b0
765271387,5,4673,0,0,25.71,93801.82,49.86,419242.59,b0
765283665,6,4719,0,0,25.66,93772.89,50.09,397515.53,b0
765268824,7,4765,0,0,25.74,93813.12,49.85,483703.34,b0
765287253,8,4811,0,0,25.65,93783.45,49.90,693532.00,b0
765270362,1,4857,0,0,25.27,93779.98,52.13,549061.69,b0
765269850,2,4903,0,0,25.31,93792.85,51.25,328415.66,b0
765286747,3,4950,0,0,25.65,93814.52,50.04,293409.75,b0
765279836,4,4996,0,0,25.42,93769.80,50.20,523785.16,b0
765271387,5,5042,0,0,25.73,93801.16,49.77,415922.00,b0
765283665,6,5088,0,0,25.69,93771.43,50.01,397979.00,b0
765268824,7,5134,0,0,25.76,93813.63,49.77,484046.31,b0
765287253,8,5180,0,0,25.67,93784.31,49.81,693532.00,b0
765270362,1,5227,0,0,25.28,93779.37,52.00,546424.75,b0
765269850,2,5273,0,0,25.33,93796.14,51.15,324050.63,b0
765286747,3,5319,0,0,25.68,93817.34,49.96,292404.34,b0
765279836,4,5365,0,0,25.44,93772.42,50.08,521783.44,b0
765271387,5,5411,0,0,25.76,93802.84,49.70,416683.63,b0
765283665,6,5457,0,0,25.71,93771.90,49.96,399375.97,b0
765268824,7,5503,0,0,25.78,93813.75,49.68,485078.16,b0
765287253,8,5549,0,0,25.69,93784.23,49.72,694237.31,b0
765270362,1,5596,0,0,25.30,93778.98,51.89,546424.75,b0
765269850,2,5642,0,0,25.35,93797.36,51.05,323743.28,b0
765286747,3,5688,0,0,25.69,93815.95,49.86,294676.25,b0
765279836,4,5734,0,0,25.46,93772.04,50.03,522582.28,b0
765271387,5,5780,0,0,25.77,93801.52,49.60,416429.44,b0
765283665,6,5826,0,0,25.73,93771.38,49.86,397053.13,b0
765268824,7,5872,0,0,25.80,93814.25,49.61,484733.72,b0
765287253,8,5918,0,0,25.71,93784.86,49.64,690725.13,b0
765270362,1,5965,0,0,25.31,93779.04,51.79,545115.81,b0
765269850,2,6011,0,0,25.36,93795.15,50.95,325907.06,b0
765286747,3,6057,0,0,25.71,93818.38,49.77,292655.03,b0
765279836,4,6103,0,0,25.48,93772.05,49.91,521384.94,b0
765271387,5,6149,0,0,25.79,93801.90,49.52,417448.03,b0
765283665,6,6195,0,0,25.75,93771.48,49.78,399609.75,b0
765268824,7,6242,0,0,25.81,93814.13,49.49,482677.34,b0
765287253,8,6288,0,0,25.73,93783.20,49.55,689330.19,b0
765270362,1,6334,0,0,25.32,93777.18,51.69,541655.63,b0
765269850,2,6380,0,0,25.37,93794.69,50.82,325907.06,b0
765286747,3,6426,0,0,25.72,93817.38,49.68,294422.09,b0
765279836,4,6472,0,0,25.49,93772.17,49.85,520987.03,b0
765271387,5,6518,0,0,25.81,93801.52,49.45,414910.84,b0
765283665,6,6565,0,0,25.77,93771.17,49.71,395672.34,b0
765268824,7,6611,0,0,25.82,93812.05,49.43,478952.28,b0
765287253,8,6657,0,0,25.75,93784.01,49.46,687940.88,b0
765270362,1,6703,0,0,25.34,93778.23,51.58,549061.69,b0
765269850,2,6749,0,0,25.40,93796.29,50.75,327470.41,b0
765286747,3,6795,0,0,25.74,93816.62,49.61,293409.75,b0
765279836,4,6842,0,0,25.52,93770.73,49.76,519796.97,b0
765271387,5,6888,0,0,25.83,93801.84,49.36,416175.56,b0
765283665,6,6934,0,0,25.79,93770.94,49.63,395672.34,b0
765268824,7,6980,0,0,25.85,93813.64,49.36,479288.56,b0
765287253,8,7026,0,0,25.76,93783.94,49.39,685867.38,b0
765270362,1,7072,0,0,25.35,93778.20,51.49,545115.81,b0
765269850,2,7119,0,0,25.42,93796.23,50.64,325596.19,b0
765286747,3,7165,0,0,25.75,93815.46,49.52,291654.81,b0
765279836,4,7211,0,0,25.53,93769.96,49.68,521384.94,b0
765271387,5,7257,0,0,25.85,93804.51,49.28,416429.44,b0
765283665,6,7303,0,0,25.80,93772.09,49.54,394757.13,b0
765268824,7,7349,0,0,25.85,93812.05,49.28,477278.03,b0
765287253,8,7395,0,0,25.77,93784.00,49.31,682439.19,b0
765270362,1,7442,0,0,25.37,93778.01,51.40,543380.19,b0
765269850,2,7488,0,0,25.44,93796.88,50.56,323130.31,b0
765286747,3,7534,0,0,25.77,93817.54,49.42,291904.22,b0
765279836,4,7580,0,0,25.56,93771.41,49.60,520193.03,b0
765271387,5,7626,0,0,25.85,93801.38,49.18,412404.34,b0
765283665,6,7672,0,0,25.81,93770.65,49.48,394073.50,b0
765268824,7,7718,0,0,25.86,93811.77,49.22,475284.28,b0
765287253,8,7764,0,0,25.79,93786.57,49.22,682439.19,b0
765270362,1,7811,0,0,25.39,93779.76,51.30,541655.63,b0
765269850,2,7857,0,0,25.45,93794.68,50.46,322215.22,b0
765286747,3,7903,0,0,25.78,93816.34,49.35,290167.19,b0
765279836,4,7949,0,0,25.57,93769.96,49.53,519401.47,b0
765271387,5,7995,0,0,25.86,93802.18,49.10,411658.28,b0
765283665,6,8041,0,0,25.82,93772.53,49.43,391587.00,b0
765268824,7,8087,0,0,25.88,93812.73,49.11,473635.53,b0
765287253,8,8134,0,0,25.80,93784.52,49.15,678370.31,b0
765270362,1,8180,0,0,25.41,93779.74,51.22,537391.75,b0
765269850,2,8226,0,0,25.47,93794.82,50.40,325596.19,b0
765286747,3,8272,0,0,25.80,93817.89,49.27,291405.81,b0
765279836,4,8318,0,0,25.59,93770.65,49.45,517041.16,b0
765271387,5,8364,0,0,25.88,93804.64,49.04,410667.75,b0
765283665,6,8410,0,0,25.82,93773.27,49.35,393165.69,b0
765268824,7,8457,0,0,25.88,93810.99,49.06,472651.75,b0
765287253,8,8503,0,0,25.81,93783.48,49.07,678370.31,b0
765270362,1,8549,0,0,25.42,93778.56,51.13,543380.19,b0
765269850,2,8595,0,0,25.49,93797.05,50.31,324358.56,b0
765286747,3,8641,0,0,25.82,93815.34,49.19,290909.09,b0
765279836,4,8687,0,0,25.62,93773.30,49.37,517825.53,b0
765271387,5,8734,0,0,25.89,93801.36,48.97,412155.38,b0
765283665,6,8780,0,0,25.83,93771.11,49.27,390690.56,b0
765268824,7,8826,0,0,25.90,93811.96,49.00,472324.72,b0
765287253,8,8872,0,0,25.81,93783.87,48.97,673020.06,b0
765270362,1,8918,0,0,25.43,93779.21,51.05,542948.06,b0
765269850,2,8964,0,0,25.50,93795.18,50.22,325285.91,b0
765286747,3,9011,0,0,25.84,93816.70,49.11,289183.84,b0
765279836,4,9057,0,0,25.63,93770.60,49.32,516649.84,b0
765271387,5,9103,0,0,25.90,93801.82,48.90,408700.84,b0
765283665,6,9149,0,0,25.85,93772.34,49.21,392036.75,b0
765268824,7,9195,0,0,25.91,93812.74,48.92,472324.72,b0
765287253,8,9241,0,0,25.82,93786.37,48.92,671695.63,b0
765270362,1,9288,0,0,25.45,93778.98,50.97,539515.25,b0
765269850,2,9334,0,0,25.51,93793.84,50.15,324667.09,b0
765286747,3,9380,0,0,25.86,93818.98,49.04,289674.69,b0
765279836,4,9426,0,0,25.65,93772.48,49.22,514314.41,b0
765271387,5,9472,0,0,25.92,93802.72,48.84,409681.94,b0
765283665,6,9518,0,0,25.85,93772.40,49.16,388025.78,b0
765268824,7,9564,0,0,25.91,93811.16,48.85,469724.78,b0
765287253,8,9610,0,0,25.83,93784.11,48.83,673020.06,b0
765270362,1,9657,0,0,25.47,93778.63,50.91,537391.75,b0
765269850,2,9703,0,0,25.52,93796.07,50.10,324050.63,b0
765286747,3,9749,0,0,25.87,93817.65,48.97,287964.00,b0
765279836,4,9795,0,0,25.65,93769.69,49.14,515869.03,b0
765271387,5,9841,0,0,25.94,93803.00,48.76,409681.94,b0
765283665,6,9887,0,0,25.88,93773.44,49.08,389575.81,b0
765268824,7,9933,0,0,25.93,93812.73,48.78,469401.78,b0
765287253,8,9979,0,0,25.84,93784.53,48.78,668407.31,b0
765270362,1,10026,0,0,25.48,93779.04,50.84,540797.44,b0
765269850,2,10072,0,0,25.54,93795.13,50.00,321608.03,b0
765286747,3,10118,0,0,25.89,93818.98,48.91,286995.53,b0
765279836,4,10164,0,0,25.67,93770.00,49.09,515479.50,b0
765271387,5,10210,0,0,25.95,93803.52,48.70,409681.94,b0
765283665,6,10256,0,0,25.88,93771.35,49.01,389798.25,b0
765268824,7,10302,0,0,25.94,93812.02,48.73,467153.28,b0
765287253,8,10349,0,0,25.85,93784.77,48.70,667753.50,b0
765270362,1,10395,0,0,25.50,93782.05,50.77,539515.25,b0
765269850,2,10441,0,0,25.56,93796.84,49.93,323130.31,b0
765286747,3,10487,0,0,25.90,93817.27,48.84,286995.53,b0
765279836,4,10533,0,0,25.68,93767.41,49.01,517825.53,b0
765271387,5,10579,0,0,25.96,93802.86,48.64,409190.81,b0
765283665,6,10626,0,0,25.90,93771.21,48.96,389575.81,b0
765268824,7,10672,0,0,25.94,93811.35,48.67,470372.06,b0
765287253,8,10718,0,0,25.87,93785.76,48.64,663212.44,b0
765270362,1,10764,0,0,25.51,93780.54,50.69,542516.56,b0
765269850,2,10810,0,0,25.56,93798.45,49.85,321911.34,b0
765286747,3,10856,0,0,25.91,93817.68,48.75,287964.00,b0
765279836,4,10903,0,0,25.70,93770.73,48.95,511616.28,b0
765271387,5,10949,0,0,25.98,93805.32,48.58,409190.81,b0
765283665,6,10995,0,0,25.91,93771.80,48.90,389353.63,b0
765268824,7,11041,0,0,25.96,93814.49,48.60,469724.78,b0
765287253,8,11087,0,0,25.88,93787.43,48.59,668407.31,b0
765270362,1,11133,0,0,25.51,93780.02,50.63,541226.19,b0
765269850,2,11179,0,0,25.56,93796.17,49.80,323436.50,b0
765286747,3,11226,0,0,25.93,93817.06,48.72,286513.72,b0
765279836,4,11272,0,0,25.71,93769.57,48.88,511233.16,b0
765271387,5,11318,0,0,25.98,93803.06,48.53,409681.94,b0
765283665,6,11364,0,0,25.92,93770.93,48.84,388688.56,b0
765268824,7,11410,0,0,25.96,93811.98,48.55,465560.34,b0
765287253,8,11456,0,0,25.89,93785.52,48.53,663212.44,b0
765270362,1,11503,0,0,25.52,93780.15,50.54,540369.38,b0
765269850,2,11549,0,0,25.57,93798.01,49.72,323130.31,b0
765286747,3,11595,0,0,25.94,93815.88,48.63,286033.53,b0
765279836,4,11641,0,0,25.72,93768.40,48.85,514314.41,b0
765271387,5,11687,0,0,25.99,93804.60,48.48,408456.31,b0
765283665,6,11733,0,0,25.94,93771.99,48.80,386706.94,b0
765268824,7,11779,0,0,25.97,93811.33,48.51,466833.81,b0
765287253,8,11825,0,0,25.89,93785.03,48.47,663212.44,b0
765270362,1,11872,0,0,25.53,93780.89,50.50,539089.25,b0
765269850,2,11918,0,0,25.57,93794.66,49.65,323436.50,b0
765286747,3,11964,0,0,25.94,93817.16,48.60,287237.03,b0
765279836,4,12010,0,0,25.73,93770.45,48.76,510850.59,b0
765271387,5,12056,0,0,26.00,93804.16,48.43,407968.13,b0
765283665,6,12102,0,0,25.95,93773.43,48.76,385397.06,b0
765268824,7,12148,0,0,25.98,93813.38,48.45,465878.06,b0
765287253,8,12194,0,0,25.91,93784.94,48.41,665799.75,b0
765270362,1,12241,0,0,25.54,93782.38,50.44,539089.25,b0
765269850,2,12287,0,0,25.58,93796.78,49.61,325907.06,b0
765286747,3,12333,0,0,25.95,93815.95,48.54,286033.53,b0
765279836,4,12379,0,0,25.73,93770.49,48.73,512384.28,b0
765271387,5,12425,0,0,26.00,93802.38,48.39,408212.09,b0
765283665,6,12471,0,0,25.95,93770.91,48.70,386926.13,b0
765268824,7,12518,0,0,25.98,93813.04,48.39,469079.25,b0
765287253,8,12564,0,0,25.91,93783.87,48.38,662568.75,b0
765270362,1,12610,0,0,25.54,93781.15,50.39,541226.19,b0
765269850,2,12656,0,0,25.58,93796.16,49.56,323130.31,b0
765286747,3,12702,0,0,25.97,93816.42,48.49,286033.53,b0
765279836,4,12748,0,0,25.74,93767.19,48.65,512000.00,b0
765271387,5,12794,0,0,26.01,93805.48,48.34,408456.31,b0
765283665,6,12841,0,0,25.95,93769.87,48.65,386269.34,b0
765268824,7,12887,0,0,25.98,93812.51,48.36,465243.06,b0
765287253,8,12933,0,0,25.91,93786.20,48.32,658732.69,b0
765270362,1,12979,0,0,25.55,93780.69,50.35,539515.25,b0
765269850,2,13025,0,0,25.59,93796.39,49.51,322824.72,b0
765286747,3,13071,0,0,25.97,93818.08,48.45,285794.03,b0
765279836,4,13118,0,0,25.76,93769.64,48.64,512769.16,b0
765271387,5,13164,0,0,26.02,93804.44,48.28,408212.09,b0
765283665,6,13210,0,0,25.96,93772.05,48.62,386926.13,b0
765268824,7,13256,0,0,26.00,93812.59,48.33,463348.41,b0
765287253,8,13302,0,0,25.92,93784.46,48.26,665799.75,b0
765270362,1,13348,0,0,25.57,93780.49,50.30,539515.25,b0
765269850,2,13395,0,0,25.61,93796.34,49.46,324976.19,b0
765286747,3,13441,0,0,25.98,93816.34,48.40,286273.41,b0
765279836,4,13487,0,0,25.77,93768.62,48.57,511233.16,b0
765271387,5,13533,0,0,26.02,93804.52,48.25,406995.22,b0
765283665,6,13579,0,0,25.97,93772.00,48.55,384745.44,b0
765268824,7,13625,0,0,26.00,93812.40,48.27,463034.13,b0
765287253,8,13671,0,0,25.93,93784.36,48.24,660645.19,b0
765270362,1,13718,0,0,25.57,93778.91,50.26,537391.75,b0
765269850,2,13764,0,0,25.62,93795.72,49.44,324050.63,b0
765286747,3,13810,0,0,26.00,93815.36,48.37,285794.03,b0
765279836,4,13856,0,0,25.78,93767.63,48.51,511616.28,b0
765271387,5,13902,0,0,26.03,93803.89,48.22,405544.56,b0
765283665,6,13948,0,0,25.98,93771.84,48.53,385614.75,b0
765268824,7,13994,0,0,26.01,93812.11,48.25,463034.13,b0
765287253,8,14040,0,0,25.93,93783.83,48.18,658097.69,b0
765270362,1,14087,0,0,25.58,93779.00,50.22,536969.06,b0
765269850,2,14133,0,0,25.63,93795.59,49.38,323743.28,b0
765286747,3,14179,0,0,26.01,93815.63,48.32,285794.03,b0
765279836,4,14225,0,0,25.80,93770.30,48.50,512384.28,b0
765271387,5,14271,0,0,26.04,93804.33,48.18,408456.31,b0
765283665,6,14317,0,0,25.99,93772.07,48.48,385832.72,b0
765268824,7,14363,0,0,26.02,93814.16,48.21,462093.88,b0
765287253,8,14410,0,0,25.94,93783.88,48.16,658097.69,b0
765270362,1,14456,0,0,25.60,93780.23,50.14,537391.75,b0
765269850,2,14502,0,0,25.64,93793.51,49.33,323436.50,b0
765286747,3,14548,0,0,26.02,93815.34,48.29,286273.41,b0
765279836,4,14594,0,0,25.80,93769.28,48.45,512000.00,b0
765271387,5,14640,0,0,26.06,93805.16,48.14,408212.09,b0
765283665,6,14687,0,0,26.00,93772.53,48.45,386926.13,b0
765268824,7,14733,0,0,26.02,93812.38,48.18,462406.88,b0
765287253,8,14779,0,0,25.95,93786.24,48.12,661285.13,b0
765270362,1,14825,0,0,25.61,93782.10,50.13,538663.88,b0
765269850,2,14871,0,0,25.66,93796.16,49.30,324976.19,b0
765286747,3,14917,0,0,26.03,93814.85,48.25,285794.03,b0
765279836,4,14963,0,0,25.81,93770.23,48.41,510468.59,b0
765271387,5,15010,0,0,26.06,93803.73,48.11,406995.22,b0
765283665,6,15056,0,0,26.00,93771.68,48.41,385179.63,b0
765268824,7,15102,0,0,26.02,93811.51,48.13,461469.13,b0
765287253,8,15148,0,0,25.96,93785.41,48.08,655569.81,b0
765270362,1,15194,0,0,25.63,93782.40,50.09,538663.88,b0
765269850,2,15240,0,0,25.67,93797.63,49.25,324358.56,b0
765286747,3,15287,0,0,26.05,93815.48,48.20,285554.94,b0
765279836,4,15333,0,0,25.83,93771.05,48.38,511616.28,b0
765271387,5,15379,0,0,26.06,93804.14,48.06,407724.47,b0
765283665,6,15425,0,0,26.00,93772.81,48.39,384312.25,b0
765268824,7,15471,0,0,26.03,93811.73,48.11,460846.09,b0
765287253,8,15517,0,0,25.97,93786.17,48.02,657463.88,b0
765270362,1,15564,0,0,25.64,93782.16,50.06,539942.00,b0
765269850,2,15610,0,0,25.68,93797.16,49.22,325596.19,b0
765286747,3,15656,0,0,26.05,93814.80,48.14,284365.47,b0
765279836,4,15702,0,0,25.83,93767.53,48.32,508946.31,b0
765271387,5,15748,0,0,26.07,93804.74,48.02,408945.69,b0
765283665,6,15794,0,0,26.01,93772.90,48.35,383233.53,b0
765268824,7,15840,0,0,26.04,93813.75,48.07,459914.66,b0
765287253,8,15886,0,0,25.98,93785.51,48.02,660006.44,b0
765270362,1,15933,0,0,25.65,93783.28,50.00,539089.25,b0
765269850,2,15979,0,0,25.68,93796.85,49.19,323743.28,b0
765286747,3,16025,0,0,26.06,93816.98,48.10,285554.94,b0
765279836,4,16071,0,0,25.83,93770.76,48.29,510468.59,b0
765271387,5,16117,0,0,26.09,93805.24,47.98,407238.03,b0
765283665,6,16163,0,0,26.02,93771.74,48.31,385397.06,b0
765268824,7,16209,0,0,26.04,93813.01,48.04,458678.63,b0
765287253,8,16255,0,0,25.99,93786.43,47.99,658097.69,b0
765270362,1,16302,0,0,25.65,93781.55,49.95,539942.00,b0
765269850,2,16348,0,0,25.68,93795.24,49.14,322215.22,b0
765286747,3,16394,0,0,26.06,93814.88,48.08,285316.25,b0
765279836,4,16440,0,0,25.84,93770.48,48.26,512769.16,b0
765271387,5,16486,0,0,26.10,93805.89,47.98,406268.59,b0
765283665,6,16532,0,0,26.03,93771.16,48.27,383018.50,b0
765268824,7,16579,0,0,26.04,93813.06,48.01,460224.72,b0
765287253,8,16625,0,0,25.99,93785.23,47.95,658097.69,b0
765270362,1,16671,0,0,25.66,93783.24,49.94,538663.88,b0
765269850,2,16717,0,0,25.69,93796.69,49.10,322824.72,b0
765286747,3,16763,0,0,26.08,93817.45,48.04,284602.56,b0
765279836,4,16809,0,0,25.84,93768.15,48.22,508946.31,b0
765271387,5,16855,0,0,26.10,93804.30,47.93,407481.09,b0
765283665,6,16902,0,0,26.04,93772.55,48.26,385614.75,b0
765268824,7,16948,0,0,26.05,93812.55,47.96,458678.63,b0
765287253,8,16994,0,0,25.99,93784.16,47.93,659368.94,b0
765270362,1,17040,0,0,25.67,93783.15,49.88,539089.25,b0
765269850,2,17086,0,0,25.69,93794.57,49.05,323130.31,b0
765286747,3,17132,0,0,26.08,93814.79,48.00,283892.44,b0
765279836,4,17179,0,0,25.85,93770.52,48.17,508567.16,b0
765271387,5,17225,0,0,26.11,93805.10,47.89,406752.72,b0
765283665,6,17271,0,0,26.05,93773.20,48.22,383880.03,b0
765268824,7,17317,0,0,26.05,93810.02,47.94,460535.19,b0
765287253,8,17363,0,0,26.00,93786.16,47.87,658732.69,b0
765270362,1,17409,0,0,25.68,93782.82,49.85,536125.63,b0
765269850,2,17455,0,0,25.70,93795.74,49.02,322519.69,b0
765286747,3,17502,0,0,26.09,93815.94,47.97,283185.84,b0
765279836,4,17548,0,0,25.85,93770.20,48.13,508188.59,b0
765271387,5,17594,0,0,26.12,93806.08,47.85,405785.63,b0
765283665,6,17640,0,0,26.05,93773.45,48.19,384962.41,b0
765268824,7,17686,0,0,26.06,93813.54,47.90,458370.63,b0
765287253,8,17732,0,0,26.01,93785.83,47.85,657463.88,b0
765270362,1,17779,0,0,25.69,93782.90,49.83,534865.50,b0
765269850,2,17825,0,0,25.72,93794.41,48.99,320100.03,b0
765286747,3,17871,0,0,26.10,93814.55,47.94,283420.97,b0
765279836,4,17917,0,0,25.86,93770.62,48.10,508188.59,b0
765271387,5,17963,0,0,26.11,93805.12,47.83,405063.28,b0
765283665,6,18009,0,0,26.06,93774.21,48.16,384745.44,b0
765268824,7,18055,0,0,26.07,93813.58,47.90,458678.63,b0
765287253,8,18101,0,0,26.01,93786.38,47.82,658097.69,b0
765270362,1,18148,0,0,25.70,93781.41,49.77,534865.50,b0
765269850,2,18194,0,0,25.73,93795.77,48.95,321911.34,b0
765286747,3,18240,0,0,26.11,93814.59,47.91,282716.72,b0
765279836,4,18286,0,0,25.87,93768.73,48.06,509706.31,b0
765271387,5,18332,0,0,26.12,93806.59,47.82,403387.81,b0
765283665,6,18378,0,0,26.06,93772.44,48.12,381733.47,b0
765268824,7,18424,0,0,26.07,93813.42,47.86,456226.34,b0
765287253,8,18470,0,0,26.02,93787.33,47.79,658097.69,b0
765270362,1,18517,0,0,25.71,93782.74,49.74,536547.00,b0
765269850,2,18563,0,0,25.75,93796.56,48.92,322519.69,b0
765286747,3,18609,0,0,26.12,93816.80,47.89,283185.84,b0
765279836,4,18655,0,0,25.89,93769.94,48.04,508946.31,b0
765271387,5,18701,0,0,26.12,93805.38,47.77,406510.53,b0
765283665,6,18747,0,0,26.06,93772.66,48.08,381947.03,b0
765268824,7,18794,0,0,26.07,93813.23,47.84,456531.44,b0
765287253,8,18840,0,0,26.02,93786.28,47.76,655569.81,b0
765270362,1,18886,0,0,25.73,93783.64,49.70,537391.75,b0
765269850,2,18932,0,0,25.76,93795.59,48.89,322519.69,b0
765286747,3,18978,0,0,26.13,93816.34,47.82,282482.75,b0
765279836,4,19024,0,0,25.90,93769.31,48.00,507810.56,b0
765271387,5,19071,0,0,26.12,93805.23,47.76,407481.09,b0
765283665,6,19117,0,0,26.07,93774.73,48.08,381733.47,b0
765268824,7,19163,0,0,26.08,93813.30,47.81,457142.84,b0
765287253,8,19209,0,0,26.02,93786.09,47.72,653686.56,b0
765270362,1,19255,0,0,25.75,93784.30,49.67,535704.94,b0
765269850,2,19301,0,0,25.77,93797.30,48.86,323130.31,b0
765286747,3,19347,0,0,26.14,93815.49,47.80,282015.97,b0
765279836,4,19394,0,0,25.91,93771.01,47.98,507433.09,b0
765271387,5,19440,0,0,26.14,93804.64,47.71,406268.59,b0
765283665,6,19486,0,0,26.07,93773.86,48.03,382589.19,b0
765268824,7,19532,0,0,26.08,93812.02,47.78,455313.47,b0
765287253,8,19578,0,0,26.03,93787.21,47.71,654313.13,b0
765270362,1,19624,0,0,25.75,93782.70,49.64,534028.69,b0
765269850,2,19671,0,0,25.78,93796.27,48.82,322519.69,b0
765286747,3,19717,0,0,26.15,93816.45,47.76,282716.72,b0
765279836,4,19763,0,0,25.92,93770.69,47.94,508946.31,b0
765271387,5,19809,0,0,26.14,93805.73,47.68,403387.81,b0
765283665,6,19855,0,0,26.08,93773.06,48.01,381520.13,b0
765268824,7,19901,0,0,26.09,93814.09,47.75,457755.94,b0
765287253,8,19947,0,0,26.03,93785.79,47.68,654313.13,b0
765270362,1,19994,0,0,25.76,93783.30,49.59,536125.63,b0
765269850,2,20040,0,0,25.79,93797.40,48.78,323743.28,b0
765286747,3,20086,0,0,26.15,93815.38,47.72,282951.09,b0
765279836,4,20132,0,0,25.93,93770.59,47.90,507810.56,b0
765271387,5,20178,0,0,26.15,93805.26,47.66,405063.28,b0
765283665,6,20224,0,0,26.08,93772.74,47.99,380457.00,b0
765268824,7,20270,0,0,26.09,93814.42,47.72,453800.13,b0
765287253,8,20316,0,0,26.03,93785.78,47.64,653686.56,b0
765270362,1,20363,0,0,25.75,93780.98,49.54,534446.75,b0
765269850,2,20409,0,0,25.80,93796.05,48.75,322215.22,b0
765286747,3,20455,0,0,26.15,93815.20,47.70,282951.09,b0
765279836,4,20501,0,0,25.93,93769.70,47.86,507433.09,b0
765271387,5,20547,0,0,26.14,93804.13,47.63,405063.28,b0
765283665,6,20593,0,0,26.09,93773.30,47.95,383018.50,b0
765268824,7,20639,0,0,26.08,93811.14,47.70,458063.06,b0
765287253,8,20686,0,0,26.02,93786.81,47.63,651192.38,b0
765270362,1,20732,0,0,25.76,93782.46,49.53,535704.94,b0
765269850,2,20778,0,0,25.80,93798.02,48.71,322519.69,b0
765286747,3,20824,0,0,26.15,93816.27,47.64,283185.84,b0
765279836,4,20870,0,0,25.93,93769.17,47.84,507810.56,b0
765271387,5,20916,0,0,26.15,93804.90,47.60,405785.63,b0
765283665,6,20962,0,0,26.09,93774.57,47.92,380881.53,b0
765268824,7,21009,0,0,26.09,93814.04,47.67,458370.63,b0
765287253,8,21055,0,0,26.02,93786.46,47.58,656831.31,b0
765270362,1,21101,0,0,25.77,93783.55,49.50,536969.06,b0
765269850,2,21147,0,0,25.80,93796.23,48.67,323743.28,b0
765286747,3,21193,0,0,26.16,93815.61,47.63,283420.97,b0
765279836,4,21239,0,0,25.93,93768.63,47.82,507056.19,b0
765271387,5,21286,0,0,26.15,93805.28,47.58,407481.09,b0
765283665,6,21332,0,0,26.09,93774.10,47.90,380669.16,b0
765268824,7,21378,0,0,26.08,93813.84,47.65,457449.19,b0
765287253,8,21424,0,0,26.02,93787.87,47.56,658732.69,b0
765270362,1,21470,0,0,25.77,93780.24,49.43,535284.88,b0
765269850,2,21516,0,0,25.81,93794.32,48.63,323130.31,b0
765286747,3,21563,0,0,26.17,93814.05,47.61,283892.44,b0
765279836,4,21609,0,0,25.94,93771.03,47.78,508188.59,b0
765271387,5,21655,0,0,26.14,93805.55,47.55,406268.59,b0
765283665,6,21701,0,0,26.09,93772.59,47.86,382374.91,b0
765268824,7,21747,0,0,26.07,93812.66,47.61,459295.81,b0
765287253,8,21793,0,0,25.99,93785.76,47.53,660006.44,b0
765270362,1,21840,0,0,25.78,93782.10,49.43,539942.00,b0
765269850,2,21886,0,0,25.82,93797.63,48.63,324358.56,b0
765286747,3,21932,0,0,26.17,93816.77,47.56,283185.84,b0
765279836,4,21978,0,0,25.93,93770.99,47.73,509706.31,b0
765271387,5,22024,0,0,26.13,93805.10,47.52,407724.47,b0
765283665,6,22070,0,0,26.08,93774.07,47.84,382803.75,b0
765268824,7,22116,0,0,26.06,93812.95,47.59,458987.00,b0
765287253,8,22162,0,0,25.98,93786.42,47.51,660006.44,b0
765270362,1,22209,0,0,25.80,93782.02,49.39,536547.00,b0
765269850,2,22255,0,0,25.82,93796.39,48.58,324358.56,b0
765286747,3,22301,0,0,26.19,93816.13,47.53,284365.47,b0
765279836,4,22347,0,0,25.93,93770.59,47.71,512000.00,b0
765271387,5,22393,0,0,26.12,93805.70,47.50,409190.81,b0
765283665,6,22439,0,0,26.07,93772.09,47.83,386926.13,b0
765268824,7,22485,0,0,26.04,93811.97,47.56,459914.66,b0
765287253,8,22531,0,0,25.97,93785.99,47.48,660006.44,b0
765270362,1,22578,0,0,25.81,93781.39,49.36,536125.63,b0
765269850,2,22624,0,0,25.83,93794.68,48.56,324976.19,b0
765286747,3,22670,0,0,26.20,93816.20,47.52,284840.06,b0
765279836,4,22716,0,0,25.93,93769.04,47.68,515090.53,b0
765271387,5,22762,0,0,26.10,93805.72,47.47,409927.94,b0
765283665,6,22808,0,0,26.07,93773.59,47.81,386050.91,b0
765268824,7,22855,0,0,26.03,93812.27,47.54,462720.28,b0
765287253,8,22901,0,0,25.95,93785.35,47.47,662568.75,b0
765270362,1,22947,0,0,25.82,93782.05,49.32,538239.19,b0
765269850,2,22993,0,0,25.85,93796.59,48.53,325596.19,b0
765286747,3,23039,0,0,26.21,93815.55,47.48,284840.06,b0
765279836,4,23085,0,0,25.94,93770.34,47.65,511233.16,b0
765271387,5,23131,0,0,26.10,93806.24,47.46,412653.63,b0
765283665,6,23178,0,0,26.07,93773.66,47.77,386050.91,b0
765268824,7,23224,0,0,26.01,93812.16,47.52,464926.22,b0
765287253,8,23270,0,0,25.95,93785.32,47.44,666449.75,b0
765270362,1,23316,0,0,25.83,93781.43,49.31,539942.00,b0
765269850,2,23362,0,0,25.87,93796.00,48.50,327470.41,b0
765286747,3,23408,0,0,26.22,93814.53,47.45,284365.47,b0
765279836,4,23455,0,0,25.96,93771.70,47.63,512000.00,b0
765271387,5,23501,0,0,26.08,93803.60,47.44,411906.69,b0
765283665,6,23547,0,0,26.07,93774.02,47.75,386050.91,b0
765268824,7,23593,0,0,26.01,93813.00,47.52,463663.13,b0
765287253,8,23639,0,0,25.94,93785.62,47.43,664503.56,b0
765270362,1,23685,0,0,25.83,93782.15,49.28,537815.13,b0
765269850,2,23732,0,0,25.88,93796.94,48.47,327470.41,b0
765286747,3,23778,0,0,26.22,93812.91,47.44,284365.47,b0
765279836,4,23824,0,0,25.97,93770.36,47.59,516259.13,b0
765271387,5,23870,0,0,26.09,93805.65,47.40,413904.59,b0
765283665,6,23916,0,0,26.07,93771.89,47.74,387365.25,b0
765268824,7,23962,0,0,25.99,93811.84,47.50,464609.81,b0
765287253,8,24008,0,0,25.93,93785.06,47.41,665799.75,b0
765270362,1,24055,0,0,25.84,93781.80,49.25,542085.75,b0
765269850,2,24101,0,0,25.89,93795.58,48.44,326218.53,b0
765286747,3,24147,0,0,26.22,93815.11,47.39,285794.03,b0
765279836,4,24193,0,0,25.97,93769.66,47.56,516259.13,b0
765271387,5,24239,0,0,26.08,93805.23,47.40,415415.81,b0
765283665,6,24285,0,0,26.07,93773.45,47.71,389131.69,b0
765268824,7,24331,0,0,25.99,93812.55,47.49,465560.34,b0
765287253,8,24377,0,0,25.92,93785.02,47.41,667101.00,b0
765270362,1,24424,0,0,25.83,93783.37,49.22,542948.06,b0
765269850,2,24470,0,0,25.89,93796.13,48.41,324050.63,b0
765286747,3,24516,0,0,26.22,93814.75,47.36,285316.25,b0
765279836,4,24562,0,0,25.96,93769.98,47.54,517433.06,b0
765271387,5,24608,0,0,26.08,93804.66,47.39,414658.84,b0
765283665,6,24654,0,0,26.08,93774.07,47.69,390914.28,b0
765268824,7,24700,0,0,25.98,93811.78,47.47,464293.81,b0
765287253,8,24747,0,0,25.92,93784.45,47.40,667753.50,b0
765270362,1,24793,0,0,25.83,93782.12,49.21,543813.06,b0
765269850,2,24839,0,0,25.90,93797.10,48.38,327470.41,b0
765286747,3,24885,0,0,26.23,93813.36,47.36,285554.94,b0
765279836,4,24931,0,0,25.98,93770.28,47.52,516649.84,b0
765271387,5,24977,0,0,26.09,93805.85,47.37,417448.03,b0
765283665,6,25023,0,0,26.08,93774.09,47.68,388688.56,b0
765268824,7,25070,0,0,25.99,93811.45,47.46,464293.81,b0
765287253,8,25116,0,0,25.91,93784.78,47.37,668407.31,b0
765270362,1,25162,0,0,25.83,93781.62,49.13,542516.56,b0
765269850,2,25208,0,0,25.91,93795.71,48.33,327470.41,b0
765286747,3,25254,0,0,26.24,93815.17,47.31,285794.03,b0
765279836,4,25300,0,0,25.99,93769.64,47.50,519006.59,b0
765271387,5,25347,0,0,26.10,93805.87,47.36,416683.63,b0
765283665,6,25393,0,0,26.07,93772.24,47.65,389575.81,b0
765268824,7,25439,0,0,25.99,93813.82,47.46,469079.25,b0
765287253,8,25485,0,0,25.91,93786.73,47.37,671035.38,b0
765270362,1,25531,0,0,25.83,93782.33,49.13,542516.56,b0
765269850,2,25577,0,0,25.92,93797.05,48.32,327470.41,b0
765286747,3,25624,0,0,26.25,93816.70,47.30,285794.03,b0
765279836,4,25670,0,0,25.99,93769.12,47.47,519006.59,b0
765271387,5,25716,0,0,26.09,93805.14,47.35,419242.59,b0
765283665,6,25762,0,0,26.08,93773.01,47.64,390914.28,b0
765268824,7,25808,0,0,25.99,93810.36,47.41,469401.78,b0
765287253,8,25854,0,0,25.90,93785.44,47.37,673684.19,b0
765270362,1,25901,0,0,25.84,93782.57,49.10,543380.19,b0
765269850,2,25947,0,0,25.92,93796.00,48.30,328731.94,b0
765286747,3,25993,0,0,26.25,93816.37,47.26,285316.25,b0
765279836,4,26039,0,0,26.00,93769.40,47.45,519006.59,b0
765271387,5,26085,0,0,26.10,93805.18,47.34,419500.22,b0
765283665,6,26131,0,0,26.08,93772.18,47.62,392262.03,b0
765268824,7,26177,0,0,25.99,93812.54,47.42,468114.28,b0
765287253,8,26223,0,0,25.90,93785.78,47.36,674349.69,b0
765270362,1,26270,0,0,25.85,93780.11,49.07,542085.75,b0
765269850,2,26316,0,0,25.94,93797.02,48.29,328415.66,b0
765286747,3,26362,0,0,26.26,93813.51,47.22,283892.44,b0
765279836,4,26408,0,0,26.01,93770.48,47.42,519401.47,b0
765271387,5,26454,0,0,26.10,93805.53,47.35,419242.59,b0
765283665,6,26500,0,0,26.08,93772.16,47.61,392713.31,b0
765268824,7,26546,0,0,25.99,93811.80,47.41,470696.41,b0
765287253,8,26592,0,0,25.90,93787.00,47.33,673020.06,b0
765270362,1,26639,0,0,25.85,93781.59,49.04,543380.19,b0
765269850,2,26685,0,0,25.95,93797.45,48.23,330003.22,b0
765286747,3,26731,0,0,26.27,93818.05,47.21,286273.41,b0
765279836,4,26777,0,0,26.02,93770.76,47.40,516649.84,b0
765271387,5,26823,0,0,26.10,93802.50,47.31,419758.16,b0
765283665,6,26869,0,0,26.08,93772.39,47.59,395443.13,b0
765268824,7,26916,0,0,25.99,93812.52,47.40,471998.16,b0
765287253,8,26962,0,0,25.90,93785.77,47.34,675016.50,b0
765270362,1,27008,0,0,25.86,93783.07,49.04,543380.19,b0
765269850,2,27054,0,0,25.96,93797.50,48.22,329684.47,b0
765286747,3,27100,0,0,26.27,93815.91,47.19,285794.03,b0
765279836,4,27146,0,0,26.03,93770.48,47.37,520589.72,b0
765271387,5,27192,0,0,26.11,93804.06,47.28,421572.66,b0
765283665,6,27239,0,0,26.09,93772.41,47.58,392939.38,b0
765268824,7,27285,0,0,25.99,93812.00,47.40,469401.78,b0
765287253,8,27331,0,0,25.89,93783.76,47.34,673684.19,b0
765270362,1,27377,0,0,25.86,93782.88,49.01,546424.75,b0
765269850,2,27423,0,0,25.96,93796.46,48.16,329684.47,b0
765286747,3,27469,0,0,26.27,93816.09,47.16,285794.03,b0
765279836,4,27516,0,0,26.03,93770.85,47.36,520193.03,b0
765271387,5,27562,0,0,26.11,93804.79,47.29,422093.97,b0
765283665,6,27608,0,0,26.09,93773.69,47.54,393846.16,b0
765268824,7,27654,0,0,25.99,93812.00,47.40,475615.41,b0
765287253,8,27700,0,0,25.89,93784.84,47.32,679045.06,b0
765270362,1,27746,0,0,25.85,93781.95,48.97,547740.06,b0
765269850,2,27793,0,0,25.97,93797.55,48.14,330003.22,b0
765286747,3,27839,0,0,26.27,93815.20,47.14,286513.72,b0
765279836,4,27885,0,0,26.04,93769.65,47.34,522982.63,b0
765271387,5,27931,0,0,26.12,93804.87,47.27,423402.94,b0
765283665,6,27977,0,0,26.09,93773.11,47.53,394757.13,b0
765268824,7,28023,0,0,25.99,93811.63,47.36,474623.41,b0
765287253,8,28069,0,0,25.89,93786.27,47.31,679045.06,b0
765270362,1,28116,0,0,25.85,93780.29,48.95,549061.69,b0
765269850,2,28162,0,0,25.97,93796.28,48.11,331928.69,b0
765286747,3,28208,0,0,26.27,93814.66,47.12,287237.03,b0
765279836,4,28254,0,0,26.04,93771.46,47.30,522982.63,b0
765271387,5,28300,0,0,26.13,93804.90,47.25,424192.22,b0
765283665,6,28346,0,0,26.08,93771.83,47.50,397979.00,b0
765268824,7,28392,0,0,25.99,93812.38,47.38,474953.63,b0
765287253,8,28438,0,0,25.89,93785.39,47.31,679045.06,b0
765270362,1,28485,0,0,25.84,93782.23,48.91,550389.69,b0
765269850,2,28531,0,0,25.98,93797.95,48.10,331284.38,b0
765286747,3,28577,0,0,26.27,93814.28,47.09,286273.41,b0
765279836,4,28623,0,0,26.04,93771.46,47.27,524590.19,b0
765271387,5,28669,0,0,26.13,93805.45,47.25,424455.97,b0
765283665,6,28715,0,0,26.09,93773.69,47.49,395672.34,b0
765268824,7,28761,0,0,25.99,93809.83,47.37,475615.41,b0
765287253,8,28808,0,0,25.89,93784.27,47.30,679721.19,b0
765270362,1,28854,0,0,25.84,93781.12,48.88,551724.13,b0
765269850,2,28900,0,0,25.97,93795.60,48.06,332251.78,b0
765286747,3,28946,0,0,26.27,93815.77,47.06,287964.00,b0
765279836,4,28992,0,0,26.05,93769.91,47.25,525802.31,b0
765271387,5,29038,0,0,26.13,93805.44,47.23,429800.63,b0
765283665,6,29084,0,0,26.09,93772.30,47.46,395214.19,b0
765268824,7,29131,0,0,26.00,93812.21,47.35,477278.03,b0
765287253,8,29177,0,0,25.90,93786.82,47.28,678370.31,b0
765270362,1,29223,0,0,25.86,93782.15,48.88,552170.38,b0
765269850,2,29269,0,0,25.99,93798.56,48.02,332251.78,b0
765286747,3,29315,0,0,26.27,93813.77,47.04,287721.28,b0
765279836,4,29361,0,0,26.05,93769.41,47.24,527835.06,b0
765271387,5,29408,0,0,26.13,93804.77,47.22,426045.34,b0
765283665,6,29454,0,0,26.09,93774.08,47.47,398443.59,b0
765268824,7,29500,0,0,26.00,93811.85,47.34,477611.94,b0
765287253,8,29546,0,0,25.89,93786.22,47.30,685179.00,b0
765270362,1,29592,0,0,25.85,93784.02,48.84,553513.50,b0
765269850,2,29638,0,0,25.99,93797.14,47.99,335188.22,b0
765286747,3,29685,0,0,26.27,93815.20,47.04,287478.94,b0
765279836,4,29731,0,0,26.06,93770.00,47.20,524187.34,b0
765271387,5,29777,0,0,26.13,93806.03,47.21,426844.53,b0
765283665,6,29823,0,0,26.09,93773.56,47.44,397515.53,b0
765268824,7,29869,0,0,26.00,93812.95,47.34,476279.06,b0
765287253,8,29915,0,0,25.89,93785.72,47.27,683806.38,b0
765270362,1,29962,0,0,25.85,93782.59,48.83,551278.63,b0
765269850,2,30008,0,0,25.99,93799.49,47.99,333876.75,b0
765286747,3,30054,0,0,26.27,93815.55,46.98,287964.00,b0
765279836,4,30100,0,0,26.07,93773.11,47.18,524590.19,b0
765271387,5,30146,0,0,26.14,93805.37,47.19,427914.75,b0
765283665,6,30192,0,0,26.09,93773.16,47.42,399142.47,b0
765268824,7,30238,0,0,26.00,93811.31,47.32,477946.31,b0
765287253,8,30284,0,0,25.89,93785.01,47.28,685179.00,b0
765270362,1,30331,0,0,25.83,93781.62,48.79,554412.56,b0
765269850,2,30377,0,0,25.99,93798.76,47.95,332575.50,b0
765286747,3,30423,0,0,26.27,93814.66,46.97,288207.16,b0
765279836,4,30469,0,0,26.06,93771.10,47.16,527427.25,b0
765271387,5,30515,0,0,26.14,93804.99,47.17,429260.13,b0
765283665,6,30561,0,0,26.08,93773.45,47.40,398211.16,b0
765268824,7,30607,0,0,26.00,93813.49,47.33,481995.75,b0
765287253,8,30653,0,0,25.88,93784.97,47.26,687940.88,b0
765270362,1,30700,0,0,25.84,93781.50,48.79,558494.69,b0
765269850,2,30746,0,0,25.99,93798.78,47.94,335517.69,b0
765286747,3,30792,0,0,26.27,93815.20,46.96,287721.28,b0
765279836,4,30838,0,0,26.07,93772.76,47.13,528652.56,b0
765271387,5,30884,0,0,26.14,93804.82,47.16,430071.41,b0
765283665,6,30930,0,0,26.08,93773.09,47.40,401253.91,b0
765268824,7,30976,0,0,25.99,93813.08,47.34,480638.34,b0
765287253,8,31023,0,0,25.89,93785.69,47.24,687940.88,b0
765270362,1,31069,0,0,25.83,93781.26,48.77,555314.56,b0
765269850,2,31115,0,0,26.00,93797.40,47.89,336510.03,b0
765286747,3,31161,0,0,26.27,93817.88,46.94,288939.06,b0
765279836,4,31207,0,0,26.06,93772.69,47.12,530295.19,b0
765271387,5,31253,0,0,26.13,93805.08,47.16,430071.41,b0
765283665,6,31299,0,0,26.07,93773.30,47.39,401018.22,b0
765268824,7,31346,0,0,25.98,93811.06,47.30,479288.56,b0
765287253,8,31392,0,0,25.86,93783.43,47.25,690026.94,b0
765270362,1,31438,0,0,25.83,93783.03,48.76,558038.13,b0
765269850,2,31484,0,0,26.00,93797.77,47.86,336842.09,b0
765286747,3,31530,0,0,26.27,93815.20,46.91,291157.25,b0
765279836,4,31576,0,0,26.08,93771.91,47.11,530295.19,b0
765271387,5,31623,0,0,26.12,93805.23,47.14,431430.38,b0
765283665,6,31669,0,0,26.06,93773.92,47.36,401253.91,b0
765268824,7,31715,0,0,25.98,93812.51,47.29,481316.09,b0
765287253,8,31761,0,0,25.86,93785.03,47.25,690725.13,b0
765270362,1,31807,0,0,25.83,93781.09,48.71,556219.44,b0
765269850,2,31853,0,0,26.00,93797.95,47.85,338177.00,b0
765286747,3,31900,0,0,26.27,93817.02,46.90,290661.38,b0
765279836,4,31946,0,0,26.08,93772.46,47.07,532778.38,b0
765271387,5,31992,0,0,26.12,93805.75,47.13,435281.63,b0
765283665,6,32038,0,0,26.06,93772.66,47.35,401726.16,b0
765268824,7,32084,0,0,25.98,93812.51,47.30,483018.88,b0
765287253,8,32130,0,0,25.86,93785.56,47.25,692828.13,b0
765270362,1,32177,0,0,25.83,93783.33,48.71,562174.06,b0
765269850,2,32223,0,0,26.01,93798.16,47.84,340538.75,b0
765286747,3,32269,0,0,26.27,93816.59,46.88,291157.25,b0
765279836,4,32315,0,0,26.07,93769.73,47.04,533194.50,b0
765271387,5,32361,0,0,26.14,93806.41,47.11,433622.69,b0
765283665,6,32407,0,0,26.06,93772.85,47.35,405785.63,b0
765268824,7,32453,0,0,25.98,93811.56,47.28,483360.88,b0
765287253,8,32499,0,0,25.86,93785.73,47.24,697072.81,b0
765270362,1,32546,0,0,25.83,93783.73,48.70,560328.31,b0
765269850,2,32592,0,0,26.01,93799.41,47.80,341219.59,b0
765286747,3,32638,0,0,26.26,93817.46,46.86,291654.81,b0
765279836,4,32684,0,0,26.08,93771.23,47.05,534028.69,b0
765271387,5,32730,0,0,26.12,93802.92,47.09,436953.28,b0
765283665,6,32776,0,0,26.07,93772.73,47.35,404823.09,b0
765268824,7,32822,0,0,25.99,93812.52,47.27,486460.81,b0
765287253,8,32868,0,0,25.86,93784.66,47.24,694944.00,b0
765270362,1,32915,0,0,25.82,93780.64,48.67,562174.06,b0
765269850,2,32961,0,0,25.99,93797.54,47.78,340538.75,b0
765286747,3,33007,0,0,26.25,93813.84,46.85,292404.34,b0
765279836,4,33053,0,0,26.08,93771.23,47.03,534865.50,b0
765271387,5,33099,0,0,26.13,93804.61,47.08,435837.41,b0
765283665,6,33145,0,0,26.07,93772.89,47.33,406268.59,b0
765268824,7,33192,0,0,25.99,93813.05,47.27,487155.09,b0
765287253,8,33238,0,0,25.87,93784.70,47.25,695652.19,b0
765270362,1,33284,0,0,25.82,93781.14,48.66,562174.06,b0
765269850,2,33330,0,0,26.00,93798.30,47.77,342246.00,b0
765286747,3,33376,0,0,26.26,93817.62,46.84,293662.19,b0
765279836,4,33422,0,0,26.08,93771.73,47.00,536969.06,b0
765271387,5,33468,0,0,26.13,93802.79,47.09,437513.34,b0
765283665,6,33515,0,0,26.07,93772.39,47.34,407481.09,b0
765268824,7,33561,0,0,25.98,93811.42,47.29,486807.69,b0
765287253,8,33607,0,0,25.87,93784.71,47.23,701369.88,b0
765270362,1,33653,0,0,25.81,93782.52,48.66,564965.50,b0
765269850,2,33699,0,0,26.00,93799.19,47.75,342589.50,b0
765286747,3,33745,0,0,26.24,93815.59,46.83,291405.81,b0
765279836,4,33792,0,0,26.08,93771.93,47.00,538663.88,b0
765271387,5,33838,0,0,26.14,93804.84,47.08,438356.16,b0
765283665,6,33884,0,0,26.07,93772.77,47.31,405544.56,b0
765268824,7,33930,0,0,26.00,93812.03,47.27,489600.75,b0
765287253,8,33976,0,0,25.87,93784.22,47.25,696361.81,b0
765270362,1,34022,0,0,25.82,93782.20,48.67,567784.88,b0
765269850,2,34069,0,0,26.00,93798.45,47.74,341903.19,b0
765286747,3,34115,0,0,26.25,93816.87,46.83,293157.75,b0
765279836,4,34161,0,0,26.08,93771.41,46.98,537815.13,b0
765271387,5,34207,0,0,26.15,93804.55,47.07,440335.41,b0
765283665,6,34253,0,0,26.08,93773.35,47.31,407238.03,b0
765268824,7,34299,0,0,26.00,93810.25,47.28,490656.44,b0
765287253,8,34345,0,0,25.88,93786.01,47.25,702091.19,b0
765270362,1,34392,0,0,25.83,93781.77,48.65,566841.94,b0
765269850,2,34438,0,0,26.01,93796.75,47.72,342933.69,b0
765286747,3,34484,0,0,26.26,93816.23,46.81,293915.03,b0
765279836,4,34530,0,0,26.09,93771.49,46.97,541655.63,b0
765271387,5,34576,0,0,26.15,93804.19,47.07,439202.22,b0
765283665,6,34622,0,0,26.07,93771.91,47.29,408700.84,b0
765268824,7,34668,0,0,26.00,93811.72,47.27,492071.13,b0
765287253,8,34714,0,0,25.89,93786.08,47.23,703538.31,b0
765270362,1,34761,0,0,25.83,93782.29,48.66,569680.13,b0
765269850,2,34807,0,0,26.01,93797.12,47.72,342933.69,b0
765286747,3,34853,0,0,26.27,93815.52,46.81,293157.75,b0
765279836,4,34899,0,0,26.11,93770.54,46.97,543813.06,b0
765271387,5,34945,0,0,26.16,93805.88,47.06,441189.16,b0
765283665,6,34991,0,0,26.08,93772.74,47.30,407481.09,b0
765268824,7,35037,0,0,26.01,93812.52,47.28,491009.34,b0
765287253,8,35084,0,0,25.90,93785.56,47.24,704991.38,b0
765270362,1,35130,0,0,25.85,93783.48,48.66,569205.13,b0
765269850,2,35176,0,0,26.02,93797.35,47.71,344317.41,b0
765286747,3,35222,0,0,26.28,93816.84,46.82,293915.03,b0
765279836,4,35268,0,0,26.11,93770.55,46.95,544680.88,b0
765271387,5,35314,0,0,26.16,93803.41,47.05,444348.00,b0
765283665,6,35360,0,0,26.08,93772.00,47.30,409436.22,b0
765268824,7,35407,0,0,26.02,93811.48,47.26,492426.06,b0
765287253,8,35453,0,0,25.90,93783.65,47.24,706450.50,b0
765270362,1,35499,0,0,25.85,93783.30,48.65,568730.94,b0
765269850,2,35545,0,0,26.02,93796.33,47.69,345013.47,b0
765286747,3,35591,0,0,26.27,93815.23,46.81,294930.88,b0
765279836,4,35637,0,0,26.11,93771.48,46.93,545115.81,b0
765271387,5,35684,0,0,26.16,93804.18,47.04,443482.03,b0
765283665,6,35730,0,0,26.08,93772.54,47.31,409681.94,b0
765268824,7,35776,0,0,26.02,93811.12,47.23,493137.50,b0
765287253,8,35822,0,0,25.90,93784.17,47.24,705720.19,b0
765270362,1,35868,0,0,25.85,93783.37,48.63,571588.06,b0
765269850,2,35914,0,0,26.03,93798.68,47.68,344665.09,b0
765286747,3,35961,0,0,26.27,93816.63,46.80,295697.38,b0
765279836,4,36007,0,0,26.12,93772.38,46.91,545987.75,b0
765271387,5,36053,0,0,26.17,93806.02,47.04,444637.44,b0
765283665,6,36099,0,0,26.09,93771.70,47.28,411162.41,b0
765268824,7,36145,0,0,26.03,93811.55,47.26,496003.88,b0
765287253,8,36191,0,0,25.90,93785.09,47.23,711605.31,b0
765270362,1,36238,0,0,25.85,93780.85,48.64,573027.44,b0
765269850,2,36284,0,0,26.04,93798.18,47.66,346766.00,b0
765286747,3,36330,0,0,26.28,93815.61,46.77,297501.44,b0
765279836,4,36376,0,0,26.12,93771.72,46.91,546862.50,b0
765271387,5,36422,0,0,26.18,93805.19,47.02,441474.47,b0
765283665,6,36468,0,0,26.09,93773.54,47.28,412903.22,b0
765268824,7,36514,0,0,26.03,93811.75,47.26,494925.09,b0
765287253,8,36560,0,0,25.92,93785.86,47.24,709386.94,b0
765270362,1,36607,0,0,25.85,93782.45,48.63,573991.06,b0
765269850,2,36653,0,0,26.04,93798.02,47.65,346414.06,b0
765286747,3,36699,0,0,26.28,93816.18,46.76,296983.75,b0
765279836,4,36745,0,0,26.13,93770.36,46.90,547740.06,b0
765271387,5,36791,0,0,26.18,93801.80,47.03,443770.31,b0
765283665,6,36837,0,0,26.09,93770.36,47.27,411906.69,b0
765268824,7,36883,0,0,26.04,93812.16,47.24,496003.88,b0
765287253,8,36929,0,0,25.93,93785.95,47.23,716083.94,b0
765270362,1,36976,0,0,25.86,93783.92,48.62,574957.88,b0
765269850,2,37022,0,0,26.04,93798.02,47.65,348536.41,b0
765286747,3,37068,0,0,26.29,93816.23,46.76,296467.88,b0
765279836,4,37114,0,0,26.14,93773.64,46.88,548620.44,b0
765271387,5,37160,0,0,26.19,93804.95,47.01,448729.19,b0
765283665,6,37206,0,0,26.11,93772.66,47.28,413153.13,b0
765268824,7,37253,0,0,26.05,93810.75,47.24,498539.44,b0
765287253,8,37299,0,0,25.94,93786.68,47.23,713837.56,b0
765270362,1,37345,0,0,25.85,93781.38,48.61,575928.00,b0
765269850,2,37391,0,0,26.04,93798.54,47.63,347472.00,b0
765286747,3,37437,0,0,26.29,93816.77,46.77,296467.88,b0
765279836,4,37483,0,0,26.14,93774.16,46.86,550833.81,b0
765271387,5,37529,0,0,26.19,93803.91,46.99,449024.34,b0
765283665,6,37576,0,0,26.11,93771.46,47.27,414155.72,b0
765268824,7,37622,0,0,26.06,93812.09,47.23,498903.78,b0
765287253,8,37668,0,0,25.94,93785.83,47.21,715333.56,b0
765270362,1,37714,0,0,25.86,93780.59,48.63,579349.38,b0
765269850,2,37760,0,0,26.05,93797.57,47.61,348536.41,b0
765286747,3,37806,0,0,26.30,93815.55,46.75,298803.63,b0
765279836,4,37853,0,0,26.14,93770.26,46.86,552617.38,b0
765271387,5,37899,0,0,26.20,93803.95,47.00,448140.03,b0
765283665,6,37945,0,0,26.11,93772.38,47.26,413904.59,b0
765268824,7,37991,0,0,26.07,93811.95,47.22,500733.50,b0
765287253,8,38037,0,0,25.95,93786.05,47.20,717589.38,b0
765270362,1,38083,0,0,25.86,93782.03,48.59,575928.00,b0
765269850,2,38130,0,0,26.04,93797.70,47.61,348180.91,b0
765286747,3,38176,0,0,26.30,93816.30,46.74,299065.41,b0
765279836,4,38222,0,0,26.15,93771.95,46.87,551724.13,b0
765271387,5,38268,0,0,26.20,93803.47,46.98,448729.19,b0
765283665,6,38314,0,0,26.12,93772.69,47.26,415922.00,b0
765268824,7,38360,0,0,26.07,93811.80,47.23,497449.59,b0
765287253,8,38406,0,0,25.95,93784.62,47.20,715333.56,b0
765270362,1,38453,0,0,25.87,93781.70,48.60,579841.44,b0
765269850,2,38499,0,0,26.04,93796.79,47.62,352495.69,b0
765286747,3,38545,0,0,26.31,93816.70,46.76,299065.41,b0
765279836,4,38591,0,0,26.16,93773.23,46.85,551724.13,b0
765271387,5,38637,0,0,26.22,93805.35,46.99,448729.19,b0
765283665,6,38683,0,0,26.12,93771.43,47.26,416429.44,b0
765268824,7,38729,0,0,26.08,93813.30,47.21,501837.78,b0
765287253,8,38775,0,0,25.96,93785.04,47.21,716835.81,b0
765270362,1,38822,0,0,25.87,93780.99,48.60,579841.44,b0
765269850,2,38868,0,0,26.04,93794.84,47.58,352132.06,b0
765286747,3,38914,0,0,26.31,93815.98,46.76,298281.38,b0
765279836,4,38960,0,0,26.16,93772.02,46.85,553065.06,b0
765271387,5,39006,0,0,26.22,93803.04,46.97,447259.22,b0
765283665,6,39052,0,0,26.14,93771.79,47.26,418471.59,b0
765268824,7,39098,0,0,26.10,93813.60,47.23,500733.50,b0
765287253,8,39145,0,0,25.97,93786.20,47.22,722908.56,b0
765270362,1,39191,0,0,25.87,93782.63,48.61,579349.38,b0
765269850,2,39237,0,0,26.05,93796.87,47.59,352132.06,b0
765286747,3,39283,0,0,26.32,93816.93,46.75,299065.41,b0
765279836,4,39329,0,0,26.16,93770.79,46.83,553065.06,b0
765271387,5,39375,0,0,26.24,93803.94,46.99,449319.88,b0
765283665,6,39421,0,0,26.14,93773.47,47.27,416683.63,b0
765268824,7,39468,0,0,26.10,93813.41,47.21,502946.97,b0
765287253,8,39514,0,0,25.98,93785.87,47.20,719859.38,b0
765270362,1,39560,0,0,25.87,93781.76,48.59,581322.75,b0
765269850,2,39606,0,0,26.05,93796.50,47.59,351045.59,b0
765286747,3,39652,0,0,26.30,93814.88,46.74,300645.91,b0
765279836,4,39698,0,0,26.16,93769.85,46.82,557582.38,b0
765271387,5,39745,0,0,26.23,93804.58,46.99,450803.44,b0
765283665,6,39791,0,0,26.14,93774.62,47.26,417192.91,b0
765268824,7,39837,0,0,26.09,93812.82,47.19,503689.13,b0
765287253,8,39883,0,0,25.96,93786.66,47.19,719101.13,b0
765270362,1,39929,0,0,25.87,93782.23,48.59,579349.38,b0
765269850,2,39975,0,0,26.05,93799.84,47.57,353957.84,b0
765286747,3,40022,0,0,26.29,93815.34,46.73,300381.34,b0
765279836,4,40068,0,0,26.14,93771.53,46.81,557127.31,b0
765271387,5,40114,0,0,26.21,93803.72,46.97,452296.81,b0
765283665,6,40160,0,0,26.12,93773.16,47.26,420793.09,b0
765268824,7,40206,0,0,26.08,93812.38,47.21,502206.97,b0
765287253,8,40252,0,0,25.95,93784.83,47.19,721380.75,b0
765270362,1,40299,0,0,25.86,93783.61,48.58,582314.50,b0
765269850,2,40345,0,0,26.03,93796.73,47.55,352860.09,b0
765286747,3,40391,0,0,26.29,93815.87,46.70,300645.91,b0
765279836,4,40437,0,0,26.14,93771.17,46.80,560788.63,b0
765271387,5,40483,0,0,26.21,93804.03,46.95,453800.13,b0
765283665,6,40529,0,0,26.11,93772.52,47.24,422355.13,b0
765268824,7,40575,0,0,26.08,93812.38,47.19,503689.13,b0
765287253,8,40621,0,0,25.95,93785.32,47.19,724442.88,b0
765270362,1,40668,0,0,25.86,93781.09,48.58,585812.38,b0
765269850,2,40714,0,0,26.04,93797.48,47.56,355062.41,b0
765286747,3,40760,0,0,26.29,93814.42,46.72,302243.22,b0
765279836,4,40806,0,0,26.14,93772.41,46.80,558494.69,b0
765271387,5,40852,0,0,26.21,93805.98,46.96,459295.81,b0
765283665,6,40898,0,0,26.10,93772.42,47.24,422616.59,b0
765268824,7,40944,0,0,26.08,93813.08,47.16,504061.03,b0
765287253,8,40990,0,0,25.95,93784.97,47.19,723674.94,b0
765270362,1,41037,0,0,25.86,93781.79,48.57,587324.38,b0
765269850,2,41083,0,0,26.04,93797.68,47.54,355432.16,b0
765286747,3,41129,0,0,26.29,93814.28,46.71,301176.47,b0
765279836,4,41175,0,0,26.15,93772.66,46.77,562174.06,b0
765271387,5,41221,0,0,26.21,93804.98,46.94,455313.47,b0
765283665,6,41267,0,0,26.11,93773.76,47.22,421572.66,b0
765268824,7,41314,0,0,26.08,93812.57,47.14,505554.19,b0
765287253,8,41360,0,0,25.95,93786.42,47.18,725983.69,b0
765270362,1,41406,0,0,25.86,93781.85,48.57,587324.38,b0
765269850,2,41452,0,0,26.05,93796.33,47.54,356545.97,b0
765286747,3,41498,0,0,26.30,93815.20,46.70,302243.22,b0
765279836,4,41544,0,0,26.15,93771.77,46.75,562174.06,b0
765271387,5,41590,0,0,26.21,93804.60,46.92,455921.63,b0
765283665,6,41637,0,0,26.12,93773.66,47.23,423402.94,b0
765268824,7,41683,0,0,26.08,93814.20,47.18,505180.06,b0
765287253,8,41729,0,0,25.95,93783.95,47.17,728307.25,b0
765270362,1,41775,0,0,25.86,93780.61,48.56,589352.50,b0
765269850,2,41821,0,0,26.05,93796.88,47.51,358794.69,b0
765286747,3,41867,0,0,26.30,93815.23,46.67,304128.31,b0
765279836,4,41914,0,0,26.17,93772.95,46.75,560788.63,b0
765271387,5,41960,0,0,26.21,93803.74,46.92,458987.00,b0
765283665,6,42006,0,0,26.11,93772.90,47.23,421833.16,b0
765268824,7,42052,0,0,26.09,93812.59,47.15,507810.56,b0
765287253,8,42098,0,0,25.96,93784.86,47.15,728307.25,b0
765270362,1,42144,0,0,25.87,93781.55,48.54,591394.75,b0
765269850,2,42191,0,0,26.05,93796.66,47.52,356545.97,b0
765286747,3,42237,0,0,26.31,93815.63,46.68,304128.31,b0
765279836,4,42283,0,0,26.17,93770.48,46.76,562174.06,b0
765271387,5,42329,0,0,26.22,93805.41,46.93,462720.28,b0
765283665,6,42375,0,0,26.12,93772.98,47.18,425249.16,b0
765268824,7,42421,0,0,26.10,93813.20,47.14,508946.31,b0
765287253,8,42467,0,0,25.97,93785.08,47.16,730645.75,b0
765270362,1,42514,0,0,25.87,93781.91,48.54,590371.88,b0
765269850,2,42560,0,0,26.05,93797.02,47.48,358794.69,b0
765286747,3,42606,0,0,26.31,93818.32,46.67,303587.31,b0
765279836,4,42652,0,0,26.17,93772.82,46.74,564031.94,b0
765271387,5,42698,0,0,26.23,93804.60,46.90,463978.25,b0
765283665,6,42744,0,0,26.12,93772.16,47.21,424984.44,b0
765268824,7,42790,0,0,26.10,93813.03,47.15,512000.00,b0
765287253,8,42836,0,0,25.97,93784.20,47.15,731428.56,b0
765270362,1,42883,0,0,25.87,93781.73,48.53,593451.19,b0
765269850,2,42929,0,0,26.05,93797.77,47.50,358041.97,b0
765286747,3,42975,0,0,26.32,93815.34,46.67,304943.41,b0
765279836,4,43021,0,0,26.17,93769.97,46.72,567784.88,b0
765271387,5,43067,0,0,26.23,93804.45,46.91,459914.66,b0
765283665,6,43113,0,0,26.12,93772.10,47.21,425779.63,b0
765268824,7,43159,0,0,26.11,93812.92,47.14,512000.00,b0
765287253,8,43206,0,0,25.97,93785.64,47.15,733787.19,b0
765270362,1,43252,0,0,25.88,93782.00,48.51,591394.75,b0
765269850,2,43298,0,0,26.07,93798.39,47.49,361071.94,b0
765286747,3,43344,0,0,26.32,93814.27,46.66,304671.22,b0
765279836,4,43390,0,0,26.18,93770.41,46.73,567313.00,b0
765271387,5,43436,0,0,26.24,93804.16,46.88,462720.28,b0
765283665,6,43482,0,0,26.12,93771.45,47.20,424720.03,b0
765268824,7,43529,0,0,26.11,93811.50,47.14,513927.22,b0
765287253,8,43575,0,0,25.98,93784.80,47.14,732999.31,b0
765270362,1,43621,0,0,25.89,93783.30,48.53,591907.50,b0
765269850,2,43667,0,0,26.07,93797.85,47.46,359172.22,b0
765286747,3,43713,0,0,26.33,93815.91,46.66,304671.22,b0
765279836,4,43759,0,0,26.19,93771.17,46.72,568257.50,b0
765271387,5,43806,0,0,26.25,93802.95,46.90,467473.19,b0
765283665,6,43852,0,0,26.13,93771.93,47.19,428451.88,b0
765268824,7,43898,0,0,26.12,93813.18,47.12,509706.31,b0
765287253,8,43944,0,0,25.99,93786.64,47.14,736955.75,b0
765270362,1,43990,0,0,25.89,93782.04,48.51,592935.75,b0
765269850,2,44036,0,0,26.07,93796.27,47.45,358794.69,b0
765286747,3,44083,0,0,26.34,93816.66,46.65,306037.06,b0
765279836,4,44129,0,0,26.19,93771.18,46.70,569680.13,b0
765271387,5,44175,0,0,26.25,93805.15,46.90,464609.81,b0
765283665,6,44221,0,0,26.14,93772.49,47.20,426311.41,b0
765268824,7,44267,0,0,26.13,93811.80,47.11,512384.28,b0
765287253,8,44313,0,0,25.99,93785.58,47.14,735368.06,b0
765270362,1,44360,0,0,25.90,93781.06,48.50,594484.75,b0
765269850,2,44406,0,0,26.08,93797.40,47.45,360309.66,b0
765286747,3,44452,0,0,26.34,93817.41,46.66,304943.41,b0
765279836,4,44498,0,0,26.20,93770.15,46.69,568257.50,b0
765271387,5,44544,0,0,26.26,93805.36,46.89,466514.81,b0
765283665,6,44590,0,0,26.15,93773.50,47.20,426045.34,b0
765268824,7,44636,0,0,26.14,93811.48,47.11,513154.59,b0
765287253,8,44682,0,0,26.00,93785.80,47.13,736955.75,b0
765270362,1,44729,0,0,25.91,93782.23,48.54,595521.94,b0
765269850,2,44775,0,0,26.08,93796.70,47.47,360309.66,b0
765286747,3,44821,0,0,26.35,93815.50,46.66,306311.69,b0
765279836,4,44867,0,0,26.20,93771.43,46.69,568730.94,b0
765271387,5,44913,0,0,26.26,93805.95,46.86,463663.13,b0
765283665,6,44959,0,0,26.16,93773.26,47.18,428720.97,b0
765268824,7,45005,0,0,26.13,93811.27,47.11,515479.50,b0
765287253,8,45051,0,0,26.01,93786.21,47.13,739350.19,b0
765270362,1,45098,0,0,25.90,93781.45,48.51,595521.94,b0
765269850,2,45144,0,0,26.08,93797.08,47.48,360309.66,b0
765286747,3,45190,0,0,26.34,93816.70,46.65,307415.19,b0
765279836,4,45236,0,0,26.20,93772.16,46.69,570155.88,b0
765271387,5,45282,0,0,26.27,93804.56,46.88,464926.22,b0
765283665,6,45328,0,0,26.16,93774.18,47.19,428990.38,b0
765268824,7,45374,0,0,26.14,93811.66,47.11,516259.13,b0
765287253,8,45421,0,0,26.01,93786.55,47.11,739350.19,b0
765270362,1,45467,0,0,25.91,93782.44,48.52,594484.75,b0
765269850,2,45513,0,0,26.08,93798.48,47.45,360690.38,b0
765286747,3,45559,0,0,26.34,93817.06,46.65,307415.19,b0
765279836,4,45605,0,0,26.20,93771.98,46.68,573027.44,b0
765271387,5,45651,0,0,26.26,93804.85,46.87,471021.16,b0
765283665,6,45698,0,0,26.15,93772.83,47.19,430613.97,b0
765268824,7,45744,0,0,26.13,93813.61,47.11,518218.63,b0
765287253,8,45790,0,0,26.00,93784.57,47.12,740151.81,b0
765270362,1,45836,0,0,25.90,93781.96,48.51,598130.81,b0
765269850,2,45882,0,0,26.08,93797.41,47.45,364153.63,b0
765286747,3,45928,0,0,26.33,93814.85,46.64,307415.19,b0
765279836,4,45975,0,0,26.20,93772.46,46.68,573508.81,b0
765271387,5,46021,0,0,26.25,93805.51,46.89,465878.06,b0
765283665,6,46067,0,0,26.15,93774.12,47.21,431976.38,b0
765268824,7,46113,0,0,26.12,93812.48,47.09,516649.84,b0
765287253,8,46159,0,0,26.01,93785.31,47.12,740151.81,b0
765270362,1,46205,0,0,25.89,93781.20,48.52,598655.38,b0
765269850,2,46251,0,0,26.07,93796.29,47.44,362606.22,b0
765286747,3,46298,0,0,26.33,93816.24,46.64,307692.31,b0
765279836,4,46344,0,0,26.19,93771.54,46.67,575928.00,b0
765271387,5,46390,0,0,26.26,93804.48,46.84,470696.41,b0
765283665,6,46436,0,0,26.15,93773.00,47.19,430885.75,b0
765268824,7,46482,0,0,26.13,93812.66,47.09,518612.31,b0
765287253,8,46528,0,0,26.01,93785.52,47.13,748264.50,b0
765270362,1,46575,0,0,25.89,93782.59,48.49,600762.69,b0
765269850,2,46621,0,0,26.07,93798.61,47.45,363765.53,b0
765286747,3,46667,0,0,26.33,93813.93,46.61,308526.66,b0
765279836,4,46713,0,0,26.20,93770.54,46.66,576414.31,b0
765271387,5,46759,0,0,26.26,93804.67,46.83,472651.75,b0
765283665,6,46805,0,0,26.15,93772.27,47.18,431976.38,b0
765268824,7,46851,0,0,26.12,93812.27,47.09,518218.63,b0
765287253,8,46897,0,0,26.01,93784.97,47.12,747445.25,b0
765270362,1,46944,0,0,25.88,93783.98,48.50,603951.63,b0
765269850,2,46990,0,0,26.07,93797.00,47.43,375229.03,b0
765286747,3,47036,0,0,26.33,93817.32,46.61,309646.22,b0
765279836,4,47082,0,0,26.19,93771.54,46.66,578367.69,b0
765271387,5,47128,0,0,26.26,93803.23,46.84,470372.06,b0
765283665,6,47174,0,0,26.15,93773.17,47.17,433622.69,b0
765268824,7,47220,0,0,26.13,93813.39,47.07,522582.28,b0
765287253,8,47266,0,0,26.01,93785.16,47.10,744998.19,b0
765270362,1,47313,0,0,25.87,93781.73,48.48,602884.88,b0
765269850,2,47359,0,0,26.07,93798.41,47.43,375435.38,b0
765286747,3,47405,0,0,26.32,93816.91,46.61,310773.91,b0
765279836,4,47451,0,0,26.19,93771.91,46.65,578858.13,b0
765271387,5,47497,0,0,26.26,93804.83,46.82,470372.06,b0
765283665,6,47543,0,0,26.15,93772.97,47.17,434727.22,b0
765268824,7,47590,0,0,26.12,93812.48,47.04,522982.63,b0
765287253,8,47636,0,0,26.01,93785.83,47.07,744998.19,b0
765270362,1,47682,0,0,25.86,93782.00,48.46,603417.81,b0
765269850,2,47728,0,0,26.06,93797.45,47.40,366106.53,b0
765286747,3,47774,0,0,26.31,93813.84,46.60,311625.06,b0
765279836,4,47820,0,0,26.19,93772.44,46.62,583309.63,b0
765271387,5,47866,0,0,26.25,93804.58,46.82,474623.41,b0
765283665,6,47913,0,0,26.14,93773.79,47.16,435004.25,b0
765268824,7,47959,0,0,26.11,93811.67,47.07,522982.63,b0
765287253,8,48005,0,0,25.99,93787.71,47.08,747445.25,b0
765270362,1,48051,0,0,25.86,93780.91,48.45,603417.81,b0
765269850,2,48097,0,0,26.06,93797.98,47.39,378348.41,b0
765286747,3,48143,0,0,26.32,93815.88,46.59,310209.03,b0
765279836,4,48190,0,0,26.19,93771.00,46.62,580828.13,b0
765271387,5,48236,0,0,26.25,93805.48,46.82,475947.00,b0
765283665,6,48282,0,0,26.14,93773.29,47.14,438919.84,b0
765268824,7,48328,0,0,26.12,93813.72,47.03,522982.63,b0
765287253,8,48374,0,0,25.99,93786.10,47.06,743375.69,b0
765270362,1,48420,0,0,25.87,93783.12,48.43,607174.63,b0
765269850,2,48467,0,0,26.06,93797.12,47.37,376886.28,b0
765286747,3,48513,0,0,26.33,93816.11,46.57,311909.84,b0
765279836,4,48559,0,0,26.20,93771.25,46.60,583808.44,b0
765271387,5,48605,0,0,26.26,93802.72,46.79,474953.63,b0
765283665,6,48651,0,0,26.15,93771.63,47.14,436953.28,b0
765268824,7,48697,0,0,26.12,93812.30,47.03,523383.59,b0
765287253,8,48743,0,0,26.01,93785.83,47.05,754605.75,b0
765270362,1,48790,0,0,25.87,93782.05,48.43,608256.63,b0
765269850,2,48836,0,0,26.07,93796.26,47.35,378558.22,b0
765286747,3,48882,0,0,26.34,93814.54,46.58,311909.84,b0
765279836,4,48928,0,0,26.20,93770.55,46.59,585812.38,b0
765271387,5,48974,0,0,26.27,93806.75,46.76,476944.56,b0
765283665,6,49020,0,0,26.16,93775.45,47.13,441189.16,b0
765268824,7,49066,0,0,26.13,93813.61,47.02,524590.19,b0
765287253,8,49112,0,0,26.01,93786.92,47.04,755023.06,b0
765270362,1,49159,0,0,25.87,93782.05,48.41,611525.81,b0
765269850,2,49205,0,0,26.06,93796.01,47.36,379610.75,b0
765286747,3,49251,0,0,26.33,93813.96,46.55,311909.84,b0
765279836,4,49297,0,0,26.20,93770.39,46.56,586819.50,b0
765271387,5,49343,0,0,26.27,93802.07,46.76,475947.00,b0
765283665,6,49389,0,0,26.16,93772.91,47.13,438637.81,b0
765268824,7,49435,0,0,26.14,93812.37,47.01,527020.06,b0
765287253,8,49482,0,0,26.02,93786.80,47.04,755440.81,b0
765270362,1,49528,0,0,25.86,93783.07,48.42,612074.13,b0
765269850,2,49574,0,0,26.06,93795.85,47.33,380457.00,b0
765286747,3,49620,0,0,26.34,93816.66,46.55,313341.50,b0
765279836,4,49666,0,0,26.21,93772.38,46.56,586315.50,b0
765271387,5,49712,0,0,26.26,93804.18,46.76,478952.28,b0
765283665,6,49758,0,0,26.16,93772.80,47.12,440904.19,b0
765268824,7,49805,0,0,26.14,93812.20,46.99,528243.50,b0
765287253,8,49851,0,0,26.02,93785.55,47.04,757536.50,b0
765270362,1,49897,0,0,25.86,93783.44,48.41,611525.81,b0
765269850,2,49943,0,0,26.07,93796.81,47.32,381520.13,b0
765286747,3,49989,0,0,26.34,93816.86,46.55,314496.31,b0
765279836,4,50035,0,0,26.21,93771.69,46.55,589352.50,b0
765271387,5,50082,0,0,26.27,93803.91,46.76,481995.75,b0
765283665,6,50128,0,0,26.17,93771.29,47.10,441189.16,b0
765268824,7,50174,0,0,26.15,93812.41,46.99,531120.31,b0
765287253,8,50220,0,0,26.03,93784.56,47.02,760066.81,b0
765270362,1,50266,0,0,25.87,93782.05,48.40,612623.38,b0
765269850,2,50312,0,0,26.07,93797.70,47.32,382160.84,b0
765286747,3,50359,0,0,26.34,93815.79,46.52,312480.94,b0
765279836,4,50405,0,0,26.22,93770.67,46.55,590882.88,b0
765271387,5,50451,0,0,26.28,93804.89,46.75,481995.75,b0
765283665,6,50497,0,0,26.19,93773.34,47.08,440904.19,b0
765268824,7,50543,0,0,26.16,93813.22,47.00,529062.25,b0
765287253,8,50589,0,0,26.04,93786.37,47.02,756696.81,b0
765270362,1,50636,0,0,25.86,93780.97,48.40,615384.63,b0
765269850,2,50682,0,0,26.07,93798.26,47.29,382160.84,b0
765286747,3,50728,0,0,26.35,93817.63,46.52,314206.81,b0
765279836,4,50774,0,0,26.22,93771.91,46.53,589861.75,b0
765271387,5,50820,0,0,26.29,93804.06,46.73,484046.31,b0
765283665,6,50866,0,0,26.19,93772.83,47.10,444637.44,b0
765268824,7,50912,0,0,26.17,93812.38,46.97,530295.19,b0
765287253,8,50958,0,0,26.04,93786.56,47.01,756277.69,b0
765270362,1,51005,0,0,25.86,93781.30,48.38,615939.88,b0
765269850,2,51051,0,0,26.08,93797.21,47.27,381733.47,b0
765286747,3,51097,0,0,26.35,93815.66,46.52,315076.94,b0
765279836,4,51143,0,0,26.22,93773.56,46.51,592935.75,b0
765271387,5,51189,0,0,26.30,93802.91,46.72,479625.28,b0
765283665,6,51235,0,0,26.20,93772.90,47.06,445217.41,b0
765268824,7,51281,0,0,26.18,93813.55,46.96,530295.19,b0
765287253,8,51327,0,0,26.06,93787.56,46.99,762188.31,b0
765270362,1,51374,0,0,25.87,93780.99,48.38,616496.06,b0
765269850,2,51420,0,0,26.08,93796.86,47.29,383018.50,b0
765286747,3,51466,0,0,26.36,93817.87,46.48,315368.03,b0
765279836,4,51512,0,0,26.24,93772.77,46.50,592421.19,b0
765271387,5,51558,0,0,26.31,93801.77,46.73,480977.00,b0
765283665,6,51604,0,0,26.21,93774.11,47.08,444058.97,b0
765268824,7,51651,0,0,26.20,93813.10,46.97,531948.06,b0
765287253,8,51697,0,0,26.06,93785.63,46.97,762614.06,b0
765270362,1,51743,0,0,25.88,93782.52,48.37,619292.44,b0
765269850,2,51789,0,0,26.09,93796.56,47.26,384962.41,b0
765286747,3,51835,0,0,26.36,93817.35,46.48,315951.88,b0
765279836,4,51881,0,0,26.23,93771.86,46.48,596562.75,b0
765271387,5,51927,0,0,26.32,93802.95,46.72,481655.69,b0
765283665,6,51974,0,0,26.22,93773.63,47.06,443194.13,b0
765268824,7,52020,0,0,26.21,93814.26,46.95,530707.44,b0
765287253,8,52066,0,0,26.08,93785.00,46.97,763466.94,b0
765270362,1,52112,0,0,25.88,93780.40,48.35,620418.06,b0
765269850,2,52158,0,0,26.10,93796.66,47.25,386050.91,b0
765286747,3,52204,0,0,26.36,93816.08,46.47,315659.69,b0
765279836,4,52251,0,0,26.24,93773.16,46.49,593967.50,b0
765271387,5,52297,0,0,26.33,93801.55,46.69,487851.34,b0
765283665,6,52343,0,0,26.22,93771.92,47.04,448140.03,b0
765268824,7,52389,0,0,26.22,93815.59,46.94,531948.06,b0
765287253,8,52435,0,0,26.08,93784.66,46.96,765178.38,b0
765270362,1,52481,0,0,25.90,93783.38,48.36,618170.81,b0
765269850,2,52528,0,0,26.11,93797.59,47.26,386050.91,b0
765286747,3,52574,0,0,26.36,93815.92,46.46,317126.03,b0
765279836,4,52620,0,0,26.25,93771.63,46.49,597084.56,b0
765271387,5,52666,0,0,26.34,93803.04,46.69,482336.31,b0
765283665,6,52712,0,0,26.23,93772.39,47.03,446966.38,b0
765268824,7,52758,0,0,26.22,93813.80,46.94,534865.50,b0
765287253,8,52804,0,0,26.09,93784.38,46.95,769924.81,b0
765270362,1,52851,0,0,25.90,93782.32,48.35,620982.44,b0
765269850,2,52897,0,0,26.11,93797.08,47.25,385397.06,b0
765286747,3,52943,0,0,26.37,93817.21,46.46,316831.69,b0
765279836,4,52989,0,0,26.25,93772.36,46.45,596562.75,b0
765271387,5,53035,0,0,26.35,93802.42,46.69,488200.25,b0
765283665,6,53081,0,0,26.23,93771.81,47.03,443194.13,b0
765268824,7,53127,0,0,26.24,93814.96,46.93,535704.94,b0
765287253,8,53173,0,0,26.09,93785.44,46.95,771229.50,b0
765270362,1,53220,0,0,25.90,93783.61,48.33,625534.50,b0
765269850,2,53266,0,0,26.11,93797.23,47.23,385832.72,b0
765286747,3,53312,0,0,26.37,93816.16,46.44,318012.44,b0
765279836,4,53358,0,0,26.25,93773.43,46.46,598655.38,b0
765271387,5,53404,0,0,26.34,93801.52,46.65,490656.44,b0
765283665,6,53450,0,0,26.23,93773.04,47.01,447552.44,b0
765268824,7,53496,0,0,26.23,93812.94,46.92,536125.63,b0
765287253,8,53543,0,0,26.10,93784.76,46.95,769057.44,b0
765270362,1,53589,0,0,25.91,93782.58,48.34,623819.69,b0
765269850,2,53635,0,0,26.11,93797.63,47.22,386706.94,b0
765286747,3,53681,0,0,26.38,93816.38,46.44,316831.69,b0
765279836,4,53727,0,0,26.25,93773.43,46.43,599180.81,b0
765271387,5,53773,0,0,26.34,93804.71,46.65,487502.97,b0
765283665,6,53819,0,0,26.23,93771.46,47.01,447259.22,b0
765268824,7,53866,0,0,26.24,93812.61,46.91,537391.75,b0
765287253,8,53912,0,0,26.10,93786.54,46.91,774730.50,b0
765270362,1,53958,0,0,25.92,93781.95,48.34,623819.69,b0
765269850,2,54004,0,0,26.13,93796.13,47.22,387365.25,b0
765286747,3,54050,0,0,26.38,93814.81,46.43,318308.97,b0
765279836,4,54096,0,0,26.26,93774.05,46.43,599707.19,b0
765271387,5,54143,0,0,26.34,93803.30,46.63,489952.16,b0
765283665,6,54189,0,0,26.24,93770.90,47.01,450208.84,b0
765268824,7,54235,0,0,26.24,93814.66,46.88,539089.25,b0
765287253,8,54281,0,0,26.10,93786.91,46.91,768192.06,b0
765270362,1,54327,0,0,25.93,93780.77,48.33,624961.88,b0
765269850,2,54373,0,0,26.13,93799.16,47.22,388688.56,b0
765286747,3,54420,0,0,26.38,93815.52,46.43,318606.09,b0
765279836,4,54466,0,0,26.26,93771.91,46.43,602352.94,b0
765271387,5,54512,0,0,26.36,93803.95,46.64,491362.75,b0
765283665,6,54558,0,0,26.25,93772.41,46.99,450505.94,b0
765268824,7,54604,0,0,26.25,93815.59,46.86,536547.00,b0
765287253,8,54650,0,0,26.12,93785.75,46.90,771229.50,b0
765270362,1,54697,0,0,25.95,93784.84,48.32,626108.25,b0
765269850,2,54743,0,0,26.13,93795.81,47.21,389575.81,b0
765286747,3,54789,0,0,26.40,93815.80,46.44,319500.78,b0
765279836,4,54835,0,0,26.27,93771.82,46.42,602884.88,b0
765271387,5,54881,0,0,26.36,93801.50,46.63,486807.69,b0
765283665,6,54927,0,0,26.25,93772.28,46.97,450208.84,b0
765268824,7,54973,0,0,26.25,93813.44,46.87,537815.13,b0
765287253,8,55019,0,0,26.12,93784.16,46.90,775170.31,b0
765270362,1,55066,0,0,25.95,93782.00,48.32,630153.88,b0
765269850,2,55112,0,0,26.15,93797.34,47.22,392487.53,b0
765286747,3,55158,0,0,26.40,93816.53,46.42,319800.13,b0
765279836,4,55204,0,0,26.28,93769.73,46.41,608256.63,b0
765271387,5,55250,0,0,26.37,93802.64,46.63,495643.75,b0
765283665,6,55296,0,0,26.26,93771.84,46.97,450208.84,b0
765268824,7,55342,0,0,26.27,93814.44,46.85,539089.25,b0
765287253,8,55388,0,0,26.14,93786.91,46.90,773852.25,b0
765270362,1,55435,0,0,25.96,93783.86,48.31,627258.81,b0
765269850,2,55481,0,0,26.15,93798.44,47.19,390243.91,b0
765286747,3,55527,0,0,26.40,93816.17,46.40,320100.03,b0
765279836,4,55573,0,0,26.28,93770.48,46.39,607715.13,b0
765271387,5,55619,0,0,26.38,93804.11,46.61,489600.75,b0
765283665,6,55665,0,0,26.27,93770.70,46.97,450208.84,b0
765268824,7,55711,0,0,26.27,93813.91,46.84,539515.25,b0
765287253,8,55758,0,0,26.14,93785.51,46.88,780934.25,b0
765270362,1,55804,0,0,25.95,93782.34,48.31,627835.69,b0
765269850,2,55850,0,0,26.15,93798.73,47.17,390467.13,b0
765286747,3,55896,0,0,26.40,93816.53,46.40,321608.03,b0
765279836,4,55942,0,0,26.28,93771.70,46.39,605558.81,b0
765271387,5,55988,0,0,26.38,93802.38,46.59,496725.69,b0
765283665,6,56035,0,0,26.26,93770.95,46.96,452896.94,b0
765268824,7,56081,0,0,26.27,93814.08,46.81,542948.06,b0
765287253,8,56127,0,0,26.13,93785.30,46.86,773852.25,b0
765270362,1,56173,0,0,25.94,93782.11,48.31,628992.63,b0
765269850,2,56219,0,0,26.15,93800.34,47.20,392713.31,b0
765286747,3,56265,0,0,26.40,93815.95,46.38,320400.50,b0
765279836,4,56312,0,0,26.28,93773.12,46.36,605558.81,b0
765271387,5,56358,0,0,26.37,93801.97,46.58,490656.44,b0
765283665,6,56404,0,0,26.26,93772.90,46.95,453800.13,b0
765268824,7,56450,0,0,26.26,93814.02,46.81,541226.19,b0
765287253,8,56496,0,0,26.13,93785.98,46.84,778263.38,b0
765270362,1,56542,0,0,25.94,93782.63,48.29,630736.06,b0
765269850,2,56588,0,0,26.14,93798.54,47.17,392713.31,b0
765286747,3,56635,0,0,26.39,93815.95,46.37,321608.03,b0
765279836,4,56681,0,0,26.28,93775.09,46.36,609886.81,b0
765271387,5,56727,0,0,26.37,93801.62,46.57,496003.88,b0
765283665,6,56773,0,0,26.25,93771.57,46.95,452896.94,b0
765268824,7,56819,0,0,26.25,93813.27,46.79,542085.75,b0
765287253,8,56865,0,0,26.12,93785.76,46.83,779596.50,b0
765270362,1,56912,0,0,25.94,93783.36,48.28,631319.38,b0
765269850,2,56958,0,0,26.15,93800.19,47.15,392713.31,b0
765286747,3,57004,0,0,26.40,93817.24,46.39,321608.03,b0
765279836,4,57050,0,0,26.28,93771.51,46.34,612074.13,b0
765271387,5,57096,0,0,26.37,93803.21,46.56,498539.44,b0
765283665,6,57142,0,0,26.26,93772.71,46.92,453800.13,b0
765268824,7,57188,0,0,26.25,93813.45,46.76,543380.19,b0
765287253,8,57234,0,0,26.11,93784.48,46.82,783623.50,b0
765270362,1,57281,0,0,25.94,93783.71,48.27,635432.81,b0
765269850,2,57327,0,0,26.15,93797.36,47.14,394073.50,b0
765286747,3,57373,0,0,26.40,93816.88,46.34,322824.72,b0
765279836,4,57419,0,0,26.28,93770.30,46.34,610978.50,b0
765271387,5,57465,0,0,26.38,93804.34,46.55,494925.09,b0
765283665,6,57511,0,0,26.26,93771.13,46.91,455010.00,b0
765268824,7,57557,0,0,26.25,93813.99,46.77,544680.88,b0
765287253,8,57603,0,0,26.12,93784.88,46.81,783174.00,b0
765270362,1,57650,0,0,25.93,93781.16,48.24,634252.06,b0
765269850,2,57696,0,0,26.15,93799.67,47.13,396131.53,b0
765286747,3,57742,0,0,26.40,93816.16,46.34,323743.28,b0
765279836,4,57788,0,0,26.29,93773.19,46.31,612074.13,b0
765271387,5,57834,0,0,26.39,93802.61,46.56,496725.69,b0
765283665,6,57880,0,0,26.27,93771.49,46.90,455313.47,b0
765268824,7,57927,0,0,26.26,93813.65,46.75,545115.81,b0
765287253,8,57973,0,0,26.13,93785.27,46.80,787238.13,b0
765270362,1,58019,0,0,25.94,93782.98,48.23,633663.38,b0
765269850,2,58065,0,0,26.15,93797.55,47.12,397747.13,b0
765286747,3,58111,0,0,26.41,93816.20,46.35,324358.56,b0
765279836,4,58157,0,0,26.29,93770.91,46.32,611525.81,b0
765271387,5,58204,0,0,26.39,93802.63,46.52,498539.44,b0
765283665,6,58250,0,0,26.28,93771.77,46.89,457449.19,b0
765268824,7,58296,0,0,26.26,93813.51,46.73,547300.94,b0
765287253,8,58342,0,0,26.14,93785.87,46.80,787238.13,b0
765270362,1,58388,0,0,25.94,93783.23,48.23,639001.56,b0
765269850,2,58434,0,0,26.16,93800.27,47.10,397284.19,b0
765286747,3,58480,0,0,26.41,93816.41,46.33,324667.09,b0
765279836,4,58527,0,0,26.30,93772.55,46.29,615939.88,b0
765271387,5,58573,0,0,26.40,93802.16,46.51,503317.78,b0
765283665,6,58619,0,0,26.28,93770.38,46.89,457755.94,b0
765268824,7,58665,0,0,26.27,93813.39,46.74,547740.06,b0
765287253,8,58711,0,0,26.15,93785.38,46.79,785878.75,b0
765270362,1,58757,0,0,25.94,93781.93,48.23,642006.25,b0
765269850,2,58804,0,0,26.16,93797.62,47.09,396822.31,b0
765286747,3,58850,0,0,26.42,93816.99,46.31,324667.09,b0
765279836,4,58896,0,0,26.31,93770.83,46.30,615939.88,b0
765271387,5,58942,0,0,26.40,93802.59,46.49,498175.63,b0
765283665,6,58988,0,0,26.28,93771.95,46.86,457142.84,b0
765268824,7,59034,0,0,26.27,93815.01,46.73,552170.38,b0
765287253,8,59080,0,0,26.13,93785.10,46.78,790886.25,b0
765270362,1,59127,0,0,25.94,93784.12,48.21,639001.56,b0
765269850,2,59173,0,0,26.17,93798.36,47.09,397979.00,b0
765286747,3,59219,0,0,26.42,93815.90,46.32,325285.91,b0
765279836,4,59265,0,0,26.30,93772.20,46.28,614830.38,b0
765271387,5,59311,0,0,26.40,93802.88,46.50,504806.50,b0
765283665,6,59357,0,0,26.27,93770.19,46.87,457142.84,b0
765268824,7,59403,0,0,26.27,93815.34,46.70,552617.38,b0
765287253,8,59449,0,0,26.13,93786.34,46.75,792263.06,b0
765270362,1,59496,0,0,25.93,93781.70,48.19,640801.00,b0
765269850,2,59542,0,0,26.16,93797.09,47.09,400312.75,b0
765286747,3,59588,0,0,26.42,93819.47,46.31,325907.06,b0
765279836,4,59634,0,0,26.30,93771.31,46.27,620982.44,b0
765271387,5,59680,0,0,26.39,93803.38,46.46,503317.78,b0
765283665,6,59726,0,0,26.27,93771.14,46.84,458678.63,b0
765268824,7,59772,0,0,26.27,93814.62,46.71,553065.06,b0
765287253,8,59819,0,0,26.13,93786.02,46.75,795958.00,b0
765270362,1,59865,0,0,25.93,93781.91,48.19,641403.06,b0
765269850,2,59911,0,0,26.17,93798.01,47.06,401489.91,b0
765286747,3,59957,0,0,26.42,93817.53,46.28,326530.63,b0
765279836,4,60003,0,0,26.31,93770.65,46.26,622681.69,b0
765271387,5,60049,0,0,26.39,93802.84,46.47,507810.56,b0
765283665,6,60095,0,0,26.27,93771.85,46.85,460224.72,b0
765268824,7,60142,0,0,26.28,93814.84,46.69,551724.13,b0
765287253,8,60188,0,0,26.13,93786.02,46.74,796422.31,b0
765270362,1,60234,0,0,25.94,93781.73,48.20,645039.38,b0
765269850,2,60280,0,0,26.17,93799.09,47.05,401253.91,b0
765286747,3,60326,0,0,26.42,93817.88,46.29,327470.41,b0
765279836,4,60372,0,0,26.31,93769.41,46.25,620982.44,b0
765271387,5,60419,0,0,26.40,93803.81,46.46,507433.09,b0
765283665,6,60465,0,0,26.28,93770.88,46.82,459914.66,b0
765268824,7,60511,0,0,26.28,93814.13,46.69,554412.56,b0
765287253,8,60557,0,0,26.14,93787.26,46.73,797818.44,b0
765270362,1,60603,0,0,25.93,93784.21,48.18,645649.44,b0
765269850,2,60649,0,0,26.18,93799.13,47.05,401489.91,b0
765286747,3,60696,0,0,26.41,93816.77,46.28,327784.91,b0
765279836,4,60742,0,0,26.31,93769.77,46.24,623250.13,b0
765271387,5,60788,0,0,26.41,93805.68,46.44,509706.31,b0
765283665,6,60834,0,0,26.28,93771.77,46.82,462093.88,b0
765268824,7,60880,0,0,26.28,93813.44,46.66,556673.00,b0
765287253,8,60926,0,0,26.13,93786.37,46.73,796887.19,b0
765270362,1,60973,0,0,25.94,93781.20,48.17,644430.44,b0
765269850,2,61019,0,0,26.17,93797.84,47.03,401489.91,b0
765286747,3,61065,0,0,26.41,93817.49,46.26,328731.94,b0
765279836,4,61111,0,0,26.31,93771.23,46.24,623819.69,b0
765271387,5,61157,0,0,26.41,93802.30,46.45,502206.97,b0
765283665,6,61203,0,0,26.29,93772.06,46.83,463034.13,b0
765268824,7,61249,0,0,26.28,93813.96,46.63,557582.38,b0
765287253,8,61295,0,0,26.14,93785.88,46.69,797352.56,b0
765270362,1,61342,0,0,25.94,93782.27,48.16,646260.63,b0
765269850,2,61388,0,0,26.18,93799.33,47.03,405063.28,b0
765286747,3,61434,0,0,26.41,93816.41,46.27,328099.97,b0
765279836,4,61480,0,0,26.31,93770.87,46.21,621547.81,b0
765271387,5,61526,0,0,26.41,93801.78,46.42,511233.16,b0
765283665,6,61572,0,0,26.29,93770.95,46.78,461157.41,b0
765268824,7,61618,0,0,26.29,93813.83,46.65,557127.31,b0
765287253,8,61664,0,0,26.15,93784.88,46.73,799219.50,b0
765270362,1,61711,0,0,25.94,93782.34,48.15,649952.38,b0
765269850,2,61757,0,0,26.18,93798.27,47.02,402911.66,b0
765286747,3,61803,0,0,26.42,93815.21,46.27,328415.66,b0
765279836,4,61849,0,0,26.32,93771.98,46.22,628413.63,b0
765271387,5,61895,0,0,26.42,93803.25,46.43,508188.59,b0
765283665,6,61941,0,0,26.30,93772.70,46.79,466833.81,b0
765268824,7,61988,0,0,26.29,93814.41,46.66,557582.38,b0
765287253,8,62034,0,0,26.16,93784.72,46.71,794568.38,b0
765270362,1,62080,0,0,25.96,93782.30,48.14,648101.25,b0
765269850,2,62126,0,0,26.20,93798.54,47.01,404343.53,b0
765286747,3,62172,0,0,26.44,93816.37,46.25,329366.34,b0
765279836,4,62218,0,0,26.33,93769.40,46.22,625534.50,b0
765271387,5,62264,0,0,26.43,93803.88,46.40,505180.06,b0
765283665,6,62311,0,0,26.31,93773.65,46.78,463034.13,b0
765268824,7,62357,0,0,26.31,93814.49,46.63,560328.31,b0
765287253,8,62403,0,0,26.17,93784.77,46.70,802507.81,b0
765270362,1,62449,0,0,25.97,93782.17,48.14,647486.56,b0
765269850,2,62495,0,0,26.21,93798.62,47.00,405303.78,b0
765286747,3,62541,0,0,26.46,93816.84,46.27,329684.47,b0
765279836,4,62588,0,0,26.35,93771.50,46.19,623819.69,b0
765271387,5,62634,0,0,26.43,93803.75,46.40,511616.28,b0
765283665,6,62680,0,0,26.32,93771.89,46.78,464926.22,b0
765268824,7,62726,0,0,26.32,93815.09,46.61,559410.00,b0
765287253,8,62772,0,0,26.17,93784.78,46.68,805823.31,b0
765270362,1,62818,0,0,25.98,93782.63,48.13,651814.13,b0
765269850,2,62865,0,0,26.22,93797.26,46.98,406510.53,b0
765286747,3,62911,0,0,26.46,93816.70,46.24,328099.97,b0
765279836,4,62957,0,0,26.35,93770.81,46.19,627258.81,b0
765271387,5,63003,0,0,26.45,93804.04,46.39,511233.16,b0
765283665,6,63049,0,0,26.33,93773.80,46.78,464926.22,b0
765268824,7,63095,0,0,26.32,93814.04,46.60,559410.00,b0
765287253,8,63141,0,0,26.18,93786.62,46.67,803925.44,b0
765270362,1,63188,0,0,25.98,93781.74,48.15,652437.06,b0
765269850,2,63234,0,0,26.22,93799.63,46.99,405544.56,b0
765286747,3,63280,0,0,26.47,93817.84,46.23,329366.34,b0
765279836,4,63326,0,0,26.35,93768.51,46.17,627835.69,b0
765271387,5,63372,0,0,26.45,93803.19,46.38,512769.16,b0
765283665,6,63418,0,0,26.33,93771.77,46.74,466833.81,b0
765268824,7,63464,0,0,26.33,93813.71,46.59,559410.00,b0
765287253,8,63510,0,0,26.18,93784.66,46.66,809166.31,b0
765270362,1,63557,0,0,25.98,93781.38,48.11,650571.81,b0
765269850,2,63603,0,0,26.22,93798.20,46.96,407238.03,b0
765286747,3,63649,0,0,26.47,93816.20,46.22,330963.16,b0
765279836,4,63695,0,0,26.36,93769.13,46.15,626683.00,b0
765271387,5,63741,0,0,26.46,93802.69,46.36,513540.63,b0
765283665,6,63787,0,0,26.34,93772.77,46.75,467473.19,b0
765268824,7,63833,0,0,26.33,93815.37,46.58,563101.44,b0
765287253,8,63880,0,0,26.18,93785.93,46.66,806775.63,b0
765270362,1,63926,0,0,26.00,93784.00,48.12,651814.13,b0
765269850,2,63972,0,0,26.23,93797.72,46.96,407724.47,b0
765286747,3,64018,0,0,26.48,93818.95,46.21,329366.34,b0
765279836,4,64064,0,0,26.37,93769.34,46.17,627258.81,b0
765271387,5,64110,0,0,26.46,93802.91,46.35,515479.50,b0
765283665,6,64157,0,0,26.34,93771.60,46.76,468114.28,b0
765268824,7,64203,0,0,26.33,93813.56,46.58,559410.00,b0
765287253,8,64249,0,0,26.19,93783.31,46.66,803925.44,b0
765270362,1,64295,0,0,26.00,93781.71,48.09,651814.13,b0
765269850,2,64341,0,0,26.24,93799.55,46.94,407968.13,b0
765286747,3,64387,0,0,26.48,93816.63,46.21,329684.47,b0
765279836,4,64434,0,0,26.38,93771.00,46.15,629572.69,b0
765271387,5,64480,0,0,26.47,93802.98,46.33,514702.19,b0
765283665,6,64526,0,0,26.35,93771.92,46.74,465560.34,b0
765268824,7,64572,0,0,26.35,93816.00,46.57,560788.63,b0
765287253,8,64618,0,0,26.20,93784.60,46.63,808687.06,b0
765270362,1,64664,0,0,26.01,93782.32,48.12,649952.38,b0
765269850,2,64710,0,0,26.24,93796.20,46.94,410420.84,b0
765286747,3,64757,0,0,26.50,93817.61,46.21,329684.47,b0
765279836,4,64803,0,0,26.39,93770.73,46.13,631319.38,b0
765271387,5,64849,0,0,26.48,93801.89,46.33,515869.03,b0
765283665,6,64895,0,0,26.36,93771.66,46.74,466196.22,b0
765268824,7,64941,0,0,26.36,93812.80,46.57,559410.00,b0
765287253,8,64987,0,0,26.21,93784.13,46.64,810126.56,b0
765270362,1,65034,0,0,26.03,93782.68,48.10,654940.81,b0
765269850,2,65080,0,0,26.26,93798.29,46.95,406995.22,b0
765286747,3,65126,0,0,26.51,93816.95,46.21,329366.34,b0
765279836,4,65172,0,0,26.38,93768.56,46.13,627835.69,b0
765271387,5,65218,0,0,26.48,93802.20,46.33,510468.59,b0
765283665,6,65264,0,0,26.36,93772.16,46.73,467153.28,b0
765268824,7,65310,0,0,26.37,93813.79,46.55,560328.31,b0
765287253,8,65356,0,0,26.22,93783.64,46.63,809646.19,b0
765270362,1,65403,0,0,26.03,93781.42,48.09,654313.13,b0
765269850,2,65449,0,0,26.27,93799.24,46.93,407238.03,b0
765286747,3,65495,0,0,26.51,93816.44,46.19,329048.84,b0
765279836,4,65541,0,0,26.40,93768.86,46.12,627258.81,b0
765271387,5,65587,0,0,26.49,93803.20,46.33,517433.06,b0
765283665,6,65633,0,0,26.37,93772.11,46.71,469401.78,b0
765268824,7,65679,0,0,26.39,93814.45,46.57,560328.31,b0
765287253,8,65725,0,0,26.23,93782.09,46.63,806775.63,b0
765270362,1,65772,0,0,26.04,93780.83,48.10,652437.06,b0
765269850,2,65818,0,0,26.28,93797.53,46.92,410174.25,b0
765286747,3,65864,0,0,26.52,93815.59,46.18,329366.34,b0
765279836,4,65910,0,0,26.41,93771.98,46.11,630736.06,b0
765271387,5,65956,0,0,26.50,93802.25,46.32,517041.16,b0
765283665,6,66002,0,0,26.38,93773.24,46.72,469079.25,b0
765268824,7,66049,0,0,26.39,93813.54,46.55,560328.31,b0
765287253,8,66095,0,0,26.24,93782.31,46.63,810607.56,b0
765270362,1,66141,0,0,26.06,93783.63,48.09,653061.25,b0
765269850,2,66187,0,0,26.28,93797.69,46.91,409681.94,b0
765286747,3,66233,0,0,26.53,93817.46,46.16,331284.38,b0
765279836,4,66279,0,0,26.42,93770.43,46.11,628992.63,b0
765271387,5,66325,0,0,26.51,93803.52,46.31,516259.13,b0
765283665,6,66372,0,0,26.38,93771.04,46.72,469079.25,b0
765268824,7,66418,0,0,26.41,93815.09,46.54,562174.06,b0
765287253,8,66464,0,0,26.24,93780.95,46.62,812537.19,b0
765270362,1,66510,0,0,26.06,93782.20,48.09,653686.56,b0
765269850,2,66556,0,0,26.28,93797.71,46.92,408212.09,b0
765286747,3,66602,0,0,26.53,93816.94,46.18,332251.78,b0
765279836,4,66649,0,0,26.42,93769.21,46.11,633075.75,b0
765271387,5,66695,0,0,26.51,93802.15,46.29,517825.53,b0
765283665,6,66741,0,0,26.39,93771.84,46.71,471672.03,b0
765268824,7,66787,0,0,26.41,93814.41,46.52,562174.06,b0
765287253,8,66833,0,0,26.26,93783.66,46.60,810607.56,b0
765270362,1,66879,0,0,26.07,93784.45,48.09,656199.94,b0
765269850,2,66926,0,0,26.30,93799.92,46.91,408700.84,b0
765286747,3,66972,0,0,26.53,93815.88,46.18,330003.22,b0
765279836,4,67018,0,0,26.43,93769.81,46.08,630736.06,b0
765271387,5,67064,0,0,26.52,93802.60,46.30,517825.53,b0
765283665,6,67110,0,0,26.40,93773.20,46.70,469401.78,b0
765268824,7,67156,0,0,26.42,93815.02,46.52,564031.94,b0
765287253,8,67202,0,0,26.26,93784.04,46.60,810126.56,b0
765270362,1,67249,0,0,26.08,93783.26,48.08,656831.31,b0
765269850,2,67295,0,0,26.29,93798.50,46.90,410667.75,b0
765286747,3,67341,0,0,26.54,93818.97,46.15,330642.56,b0
765279836,4,67387,0,0,26.43,93770.52,46.08,632489.19,b0
765271387,5,67433,0,0,26.53,93804.27,46.30,517433.06,b0
765283665,6,67479,0,0,26.41,93771.13,46.70,467793.50,b0
765268824,7,67525,0,0,26.42,93815.33,46.51,563101.44,b0
765287253,8,67571,0,0,26.27,93785.33,46.60,812537.19,b0
765270362,1,67618,0,0,26.08,93783.64,48.07,656199.94,b0
765269850,2,67664,0,0,26.31,93799.46,46.89,411410.22,b0
765286747,3,67710,0,0,26.55,93817.77,46.15,330963.16,b0
765279836,4,67756,0,0,26.44,93770.77,46.07,630153.88,b0
765271387,5,67802,0,0,26.54,93804.50,46.28,518218.63,b0
765283665,6,67848,0,0,26.41,93772.55,46.67,468757.16,b0
765268824,7,67894,0,0,26.42,93814.30,46.50,564965.50,b0
765287253,8,67941,0,0,26.26,93781.91,46.57,813505.44,b0
765270362,1,67987,0,0,26.09,93782.77,48.07,655569.81,b0
765269850,2,68033,0,0,26.31,93799.51,46.87,411658.28,b0
765286747,3,68079,0,0,26.55,93817.92,46.12,330963.16,b0
765279836,4,68125,0,0,26.44,93770.44,46.08,633075.75,b0
765271387,5,68171,0,0,26.54,93804.01,46.28,522182.56,b0
765283665,6,68217,0,0,26.40,93770.33,46.66,471672.03,b0
765268824,7,68264,0,0,26.42,93815.74,46.48,561711.44,b0
765287253,8,68310,0,0,26.26,93784.05,46.57,817401.69,b0
765270362,1,68356,0,0,26.09,93783.33,48.04,660006.44,b0
765269850,2,68402,0,0,26.31,93799.46,46.85,412155.38,b0
765286747,3,68448,0,0,26.55,93817.37,46.12,331606.22,b0
765279836,4,68494,0,0,26.43,93768.92,46.06,636024.88,b0
765271387,5,68541,0,0,26.52,93801.70,46.26,522982.63,b0
765283665,6,68587,0,0,26.39,93773.29,46.66,473307.16,b0
765268824,7,68633,0,0,26.41,93814.76,46.46,566841.94,b0
765287253,8,68679,0,0,26.24,93780.75,46.57,818381.63,b0
765270362,1,68725,0,0,26.09,93781.02,48.02,662568.75,b0
765269850,2,68771,0,0,26.31,93799.64,46.84,412903.22,b0
765286747,3,68818,0,0,26.54,93815.52,46.10,333876.75,b0
765279836,4,68864,0,0,26.42,93769.74,46.03,634252.06,b0
765271387,5,68910,0,0,26.52,93804.14,46.23,515869.03,b0
765283665,6,68956,0,0,26.38,93772.95,46.64,471021.16,b0
765268824,7,69002,0,0,26.39,93811.56,46.46,566371.69,b0
765287253,8,69048,0,0,26.23,93784.79,46.53,818872.44,b0
765270362,1,69095,0,0,26.08,93781.82,48.02,658732.69,b0
765269850,2,69141,0,0,26.31,93798.93,46.84,415415.81,b0
765286747,3,69187,0,0,26.53,93817.09,46.11,333224.88,b0
765279836,4,69233,0,0,26.42,93770.23,46.01,636617.94,b0
765271387,5,69279,0,0,26.51,93803.18,46.21,521384.94,b0
765283665,6,69325,0,0,26.37,93771.93,46.64,473307.16,b0
765268824,7,69371,0,0,26.38,93812.55,46.43,568257.50,b0
765287253,8,69417,0,0,26.22,93783.27,46.54,822820.44,b0
765270362,1,69464,0,0,26.07,93781.71,47.99,664503.56,b0
765269850,2,69510,0,0,26.29,93799.55,46.81,415668.75,b0
765286747,3,69556,0,0,26.51,93817.00,46.08,333224.88,b0
765279836,4,69602,0,0,26.41,93769.80,46.03,638404.00,b0
765271387,5,69648,0,0,26.50,93802.21,46.21,520589.72,b0
765283665,6,69694,0,0,26.36,93773.28,46.60,476279.06,b0
765268824,7,69740,0,0,26.37,93813.62,46.41,571109.88,b0
765287253,8,69786,0,0,26.22,93783.48,46.51,822820.44,b0
765270362,1,69833,0,0,26.06,93782.17,47.98,666449.75,b0
765269850,2,69879,0,0,26.28,93798.08,46.80,414910.84,b0
765286747,3,69925,0,0,26.51,93818.23,46.04,334531.19,b0
765279836,4,69971,0,0,26.41,93771.41,46.00,642610.63,b0
765271387,5,70017,0,0,26.50,93801.86,46.18,524590.19,b0
765283665,6,70063,0,0,26.36,93772.34,46.59,475615.41,b0
765268824,7,70109,0,0,26.37,93814.14,46.41,572546.81,b0
765287253,8,70156,0,0,26.22,93784.00,46.51,824310.75,b0
765270362,1,70202,0,0,26.06,93783.23,47.97,667753.50,b0
765269850,2,70248,0,0,26.28,93799.30,46.78,417448.03,b0
765286747,3,70294,0,0,26.51,93817.52,46.06,335188.22,b0
765279836,4,70340,0,0,26.41,93769.64,45.99,643216.06,b0
765271387,5,70386,0,0,26.51,93804.63,46.19,525397.63,b0
765283665,6,70433,0,0,26.37,93771.78,46.58,477611.94,b0
765268824,7,70479,0,0,26.38,93815.47,46.40,572067.06,b0
765287253,8,70525,0,0,26.23,93783.51,46.47,830326.38,b0
765270362,1,70571,0,0,26.05,93782.29,47.95,666449.75,b0
765269850,2,70617,0,0,26.29,93797.91,46.76,418215.22,b0
765286747,3,70663,0,0,26.51,93817.88,46.04,334859.38,b0
765279836,4,70709,0,0,26.40,93769.25,45.99,643822.69,b0
765271387,5,70756,0,0,26.51,93802.85,46.18,526207.63,b0
765283665,6,70802,0,0,26.37,93772.16,46.58,477946.31,b0
765268824,7,70848,0,0,26.38,93814.05,46.39,579349.38,b0
765287253,8,70894,0,0,26.22,93784.20,46.47,833367.25,b0
765270362,1,70940,0,0,26.04,93783.67,47.94,667753.50,b0
765269850,2,70986,0,0,26.28,93798.04,46.76,419500.22,b0
765286747,3,71033,0,0,26.50,93815.69,46.03,335847.81,b0
765279836,4,71079,0,0,26.41,93769.80,45.96,644430.44,b0
765271387,5,71125,0,0,26.51,93803.39,46.14,528652.56,b0
765283665,6,71171,0,0,26.37,93772.47,46.57,478952.28,b0
765268824,7,71217,0,0,26.38,93814.22,46.39,576414.31,b0
765287253,8,71263,0,0,26.22,93783.66,46.47,828814.25,b0
765270362,1,71310,0,0,26.04,93783.50,47.93,668407.31,b0
765269850,2,71356,0,0,26.27,93799.41,46.74,419242.59,b0
765286747,3,71402,0,0,26.51,93816.77,46.02,336510.03,b0
765279836,4,71448,0,0,26.41,93771.61,45.95,645649.44,b0
765271387,5,71494,0,0,26.51,93803.92,46.14,530707.44,b0
765283665,6,71540,0,0,26.36,93770.10,46.55,479962.50,b0
765268824,7,71586,0,0,26.38,93814.02,46.36,577878.13,b0
765287253,8,71632,0,0,26.22,93782.59,46.47,831337.50,b0
765270362,1,71679,0,0,26.05,93783.33,47.93,670376.44,b0
765269850,2,71725,0,0,26.28,93797.85,46.72,419500.22,b0
765286747,3,71771,0,0,26.51,93816.97,45.99,337174.84,b0
765279836,4,71817,0,0,26.42,93771.14,45.95,648717.13,b0
765271387,5,71863,0,0,26.51,93801.91,46.14,534028.69,b0
765283665,6,71909,0,0,26.38,93772.18,46.55,481995.75,b0
765268824,7,71955,0,0,26.38,93814.22,46.37,575928.00,b0
765287253,8,72001,0,0,26.23,93783.53,46.45,833876.25,b0
765270362,1,72048,0,0,26.04,93782.95,47.91,670376.44,b0
765269850,2,72094,0,0,26.28,93798.22,46.73,419242.59,b0
765286747,3,72140,0,0,26.51,93818.23,46.02,336842.09,b0
765279836,4,72186,0,0,26.41,93770.03,45.93,651814.13,b0
765271387,5,72232,0,0,26.51,93801.97,46.13,535704.94,b0
765283665,6,72278,0,0,26.37,93770.90,46.55,480977.00,b0
765268824,7,72325,0,0,26.39,93814.79,46.36,578367.69,b0
765287253,8,72371,0,0,26.23,93784.40,46.45,837970.56,b0
765270362,1,72417,0,0,26.04,93782.20,47.89,672357.19,b0
765269850,2,72463,0,0,26.28,93798.56,46.71,419242.59,b0
765286747,3,72509,0,0,26.50,93817.46,46.01,339185.16,b0
765279836,4,72555,0,0,26.41,93769.84,45.92,648101.25,b0
765271387,5,72601,0,0,26.51,93802.50,46.10,533611.25,b0
765283665,6,72648,0,0,26.37,93771.42,46.53,482677.34,b0
765268824,7,72694,0,0,26.39,93814.43,46.34,579349.38,b0
765287253,8,72740,0,0,26.23,93783.18,46.45,835406.88,b0
765270362,1,72786,0,0,26.02,93780.84,47.87,677024.81,b0
765269850,2,72832,0,0,26.27,93798.18,46.71,422878.38,b0
765286747,3,72878,0,0,26.50,93817.63,45.98,339860.59,b0
765279836,4,72925,0,0,26.41,93769.84,45.91,650571.81,b0
765271387,5,72971,0,0,26.52,93805.38,46.10,533611.25,b0
765283665,6,73017,0,0,26.38,93773.24,46.51,483360.88,b0
765268824,7,73063,0,0,26.38,93814.05,46.33,578367.69,b0
765287253,8,73109,0,0,26.23,93784.07,46.43,842625.00,b0
765270362,1,73155,0,0,26.02,93781.37,47.89,679045.06,b0
765269850,2,73202,0,0,26.28,93797.85,46.68,425514.22,b0
765286747,3,73248,0,0,26.50,93818.18,45.98,339860.59,b0
765279836,4,73294,0,0,26.41,93768.43,45.90,649952.38,b0
765271387,5,73340,0,0,26.52,93803.30,46.09,535704.94,b0
765283665,6,73386,0,0,26.38,93772.18,46.51,483018.88,b0
765268824,7,73432,0,0,26.39,93813.75,46.32,581818.19,b0
765287253,8,73478,0,0,26.23,93782.82,46.43,844710.25,b0
765270362,1,73525,0,0,26.02,93781.73,47.87,677024.81,b0
765269850,2,73571,0,0,26.27,93797.65,46.68,425249.16,b0
765286747,3,73617,0,0,26.50,93818.71,45.98,341903.19,b0
765279836,4,73663,0,0,26.42,93771.31,45.89,656199.94,b0
765271387,5,73709,0,0,26.52,93802.76,46.07,535704.94,b0
765283665,6,73755,0,0,26.38,93772.04,46.52,485078.16,b0
765268824,7,73801,0,0,26.39,93812.99,46.32,582314.50,b0
765287253,8,73847,0,0,26.23,93781.73,46.42,843666.31,b0
765270362,1,73894,0,0,26.01,93781.46,47.85,679721.19,b0
765269850,2,73940,0,0,26.27,93799.03,46.67,423665.69,b0
765286747,3,73986,0,0,26.49,93816.66,45.97,342933.69,b0
765279836,4,74032,0,0,26.41,93770.01,45.89,656199.94,b0
765271387,5,74078,0,0,26.52,93802.89,46.06,539515.25,b0
765283665,6,74124,0,0,26.37,93772.34,46.50,488200.25,b0
765268824,7,74170,0,0,26.38,93812.75,46.31,584308.13,b0
765287253,8,74217,0,0,26.22,93782.24,46.41,845233.19,b0
765270362,1,74263,0,0,26.00,93782.41,47.85,682439.19,b0
765269850,2,74309,0,0,26.27,93798.85,46.65,426311.41,b0
765286747,3,74355,0,0,26.48,93817.70,45.95,341903.19,b0
765279836,4,74401,0,0,26.40,93769.57,45.87,655569.81,b0
765271387,5,74447,0,0,26.52,93803.79,46.07,540369.38,b0
765283665,6,74493,0,0,26.36,93770.81,46.50,487502.97,b0
765268824,7,74540,0,0,26.37,93815.59,46.29,586819.50,b0
765287253,8,74586,0,0,26.21,93784.13,46.39,846805.88,b0
765270362,1,74632,0,0,26.00,93781.71,47.85,681757.69,b0
765269850,2,74678,0,0,26.26,93797.73,46.66,427914.75,b0
765286747,3,74724,0,0,26.48,93816.98,45.95,343624.16,b0
765279836,4,74770,0,0,26.40,93769.78,45.87,661926.31,b0
765271387,5,74817,0,0,26.51,93801.57,46.05,542948.06,b0
765283665,6,74863,0,0,26.36,93771.63,46.49,491362.75,b0
765268824,7,74909,0,0,26.35,93813.33,46.29,584808.69,b0
765287253,8,74955,0,0,26.21,93784.47,46.39,855293.38,b0
765270362,1,75001,0,0,26.00,93782.40,47.82,682439.19,b0
765269850,2,75047,0,0,26.26,93798.98,46.63,428183.16,b0
765286747,3,75094,0,0,26.47,93818.37,45.95,344665.09,b0
765279836,4,75140,0,0,26.39,93769.88,45.85,663212.44,b0
765271387,5,75186,0,0,26.50,93802.41,46.05,541655.63,b0
765283665,6,75232,0,0,26.35,93772.09,46.48,490304.03,b0
765268824,7,75278,0,0,26.35,93814.39,46.28,590371.88,b0
765287253,8,75324,0,0,26.20,93784.58,46.38,853155.56,b0
765270362,1,75371,0,0,25.98,93781.91,47.83,684492.00,b0
765269850,2,75417,0,0,26.24,93796.73,46.63,430342.50,b0
765286747,3,75463,0,0,26.46,93816.52,45.94,346766.00,b0
765279836,4,75509,0,0,26.38,93768.38,45.83,661285.13,b0
765271387,5,75555,0,0,26.50,93803.11,46.04,542948.06,b0
765283665,6,75601,0,0,26.35,93773.28,46.47,493493.97,b0
765268824,7,75647,0,0,26.34,93813.08,46.27,590371.88,b0
765287253,8,75693,0,0,26.19,93783.63,46.38,857441.94,b0
765270362,1,75740,0,0,25.96,93781.25,47.82,687248.31,b0
765269850,2,75786,0,0,26.24,93798.30,46.62,430071.41,b0
765286747,3,75832,0,0,26.46,93817.91,45.94,345013.47,b0
765279836,4,75878,0,0,26.37,93767.60,45.84,661926.31,b0
765271387,5,75924,0,0,26.49,93802.32,46.04,545551.44,b0
765283665,6,75970,0,0,26.35,93771.83,46.46,492781.53,b0
765268824,7,76016,0,0,26.34,93813.81,46.28,591907.50,b0
765287253,8,76062,0,0,26.18,93785.38,46.37,861227.94,b0
765270362,1,76109,0,0,25.95,93782.21,47.81,689330.19,b0
765269850,2,76155,0,0,26.23,93796.30,46.62,429800.63,b0
765286747,3,76201,0,0,26.45,93816.63,45.94,347118.66,b0
765279836,4,76247,0,0,26.38,93771.40,45.83,667753.50,b0
765271387,5,76293,0,0,26.48,93802.78,46.02,547740.06,b0
765283665,6,76339,0,0,26.34,93771.36,46.45,494925.09,b0
765268824,7,76386,0,0,26.33,93814.09,46.26,590882.88,b0
765287253,8,76432,0,0,26.17,93784.63,46.36,859060.38,b0
765270362,1,76478,0,0,25.95,93783.23,47.81,691424.69,b0
765269850,2,76524,0,0,26.23,93798.25,46.60,432797.97,b0
765286747,3,76570,0,0,26.45,93817.89,45.94,347472.00,b0
765279836,4,76616,0,0,26.39,93769.48,45.82,671035.38,b0
765271387,5,76662,0,0,26.49,93803.51,46.00,542516.56,b0
765283665,6,76709,0,0,26.33,93770.56,46.43,493493.97,b0
765268824,7,76755,0,0,26.33,93814.08,46.25,592421.19,b0
765287253,8,76801,0,0,26.16,93785.12,46.35,860142.81,b0
765270362,1,76847,0,0,25.94,93781.93,47.82,692125.69,b0
765269850,2,76893,0,0,26.22,93798.22,46.60,435837.41,b0
765286747,3,76939,0,0,26.45,93816.42,45.92,348180.91,b0
765279836,4,76986,0,0,26.39,93771.10,45.83,669718.75,b0
765271387,5,77032,0,0,26.47,93801.59,46.01,552617.38,b0
765283665,6,77078,0,0,26.32,93771.65,46.43,497087.38,b0
765268824,7,77124,0,0,26.32,93815.45,46.23,596562.75,b0
765287253,8,77170,0,0,26.14,93784.11,46.36,865047.50,b0
765270362,1,77216,0,0,25.94,93783.52,47.79,694944.00,b0
765269850,2,77262,0,0,26.22,93797.51,46.60,435004.25,b0
765286747,3,77309,0,0,26.45,93816.66,45.90,347118.66,b0
765279836,4,77355,0,0,26.38,93769.45,45.82,668407.31,b0
765271387,5,77401,0,0,26.47,93803.31,45.99,547300.94,b0
765283665,6,77447,0,0,26.32,93771.40,46.44,500000.00,b0
765268824,7,77493,0,0,26.31,93815.22,46.25,595521.94,b0
765287253,8,77539,0,0,26.15,93784.84,46.35,859601.25,b0
765270362,1,77586,0,0,25.93,93781.70,47.81,696361.81,b0
765269850,2,77632,0,0,26.22,93798.88,46.60,436953.28,b0
765286747,3,77678,0,0,26.44,93816.20,45.92,348536.41,b0
765279836,4,77724,0,0,26.37,93770.96,45.81,671035.38,b0
765271387,5,77770,0,0,26.46,93803.98,46.00,552170.38,b0
765283665,6,77816,0,0,26.32,93771.92,46.44,498175.63,b0
765268824,7,77862,0,0,26.32,93813.52,46.23,597084.56,b0
765287253,8,77908,0,0,26.15,93782.73,46.37,864499.81,b0
765270362,1,77955,0,0,25.92,93781.43,47.82,696361.81,b0
765269850,2,78001,0,0,26.21,93798.12,46.59,436394.63,b0
765286747,3,78047,0,0,26.43,93816.48,45.92,350684.94,b0
765279836,4,78093,0,0,26.36,93770.55,45.79,673684.19,b0
765271387,5,78139,0,0,26.46,93803.09,46.00,549946.31,b0
765283665,6,78185,0,0,26.32,93770.84,46.44,499634.06,b0
765268824,7,78231,0,0,26.33,93814.42,46.24,598130.81,b0
765287253,8,78277,0,0,26.15,93784.88,46.36,863406.44,b0
765270362,1,78324,0,0,25.91,93782.79,47.80,695652.19,b0
765269850,2,78370,0,0,26.21,93798.12,46.59,438637.81,b0
765286747,3,78416,0,0,26.41,93815.48,45.90,351045.59,b0
765279836,4,78462,0,0,26.36,93769.24,45.79,675684.56,b0
765271387,5,78508,0,0,26.47,93804.03,45.99,553962.69,b0
765283665,6,78554,0,0,26.31,93770.55,46.42,500733.50,b0
765268824,7,78601,0,0,26.31,93812.53,46.24,597607.25,b0
765287253,8,78647,0,0,26.14,93783.55,46.35,868348.50,b0
765270362,1,78693,0,0,25.90,93780.77,47.80,697785.38,b0
765269850,2,78739,0,0,26.21,93797.04,46.58,439768.09,b0
765286747,3,78785,0,0,26.42,93818.05,45.92,351045.59,b0
765279836,4,78831,0,0,26.36,93769.46,45.79,676354.00,b0
765271387,5,78877,0,0,26.45,93801.38,45.99,556219.44,b0
765283665,6,78924,0,0,26.31,93771.24,46.43,501101.06,b0
765268824,7,78970,0,0,26.30,93812.48,46.23,599180.81,b0
765287253,8,79016,0,0,26.13,93786.72,46.35,870563.25,b0
765270362,1,79062,0,0,25.89,93780.13,47.81,699214.75,b0
765269850,2,79108,0,0,26.20,93796.95,46.57,440051.56,b0
765286747,3,79154,0,0,26.41,93815.13,45.92,350325.00,b0
765279836,4,79201,0,0,26.36,93770.15,45.80,677024.81,b0
765271387,5,79247,0,0,26.44,93803.66,45.97,558494.69,b0
765283665,6,79293,0,0,26.29,93771.18,46.42,499268.66,b0
765268824,7,79339,0,0,26.30,93814.26,46.22,602352.94,b0
765287253,8,79385,0,0,26.12,93784.70,46.36,870563.25,b0
765270362,1,79431,0,0,25.89,93782.40,47.82,702814.00,b0
765269850,2,79478,0,0,26.21,93798.09,46.58,440904.19,b0
765286747,3,79524,0,0,26.41,93815.68,45.93,351407.00,b0
765279836,4,79570,0,0,26.35,93769.22,45.79,677696.88,b0
765271387,5,79616,0,0,26.44,93803.06,46.00,552170.38,b0
765283665,6,79662,0,0,26.29,93771.65,46.41,501837.78,b0
765268824,7,79708,0,0,26.29,93813.49,46.22,603417.81,b0
765287253,8,79754,0,0,26.12,93785.95,46.36,877839.69,b0
765270362,1,79801,0,0,25.89,93783.30,47.82,702091.19,b0
765269850,2,79847,0,0,26.19,93797.28,46.59,441189.16,b0
765286747,3,79893,0,0,26.41,93815.84,45.91,356173.91,b0
765279836,4,79939,0,0,26.35,93768.69,45.79,679721.19,b0
765271387,5,79985,0,0,26.44,93801.98,45.98,558951.94,b0
765283665,6,80031,0,0,26.28,93770.34,46.42,504433.50,b0
765268824,7,80077,0,0,26.29,93811.31,46.24,605022.19,b0
765287253,8,80123,0,0,26.12,93784.52,46.36,869454.44,b0
765270362,1,80170,0,0,25.88,93781.62,47.84,704991.38,b0
765269850,2,80216,0,0,26.19,93796.02,46.58,444348.00,b0
765286747,3,80262,0,0,26.41,93816.55,45.92,353957.84,b0
765279836,4,80308,0,0,26.35,93766.69,45.79,680398.69,b0
765271387,5,80354,0,0,26.44,93802.58,45.99,560788.63,b0
765283665,6,80400,0,0,26.29,93772.55,46.41,505928.84,b0
765268824,7,80446,0,0,26.30,93815.52,46.24,608799.06,b0
765287253,8,80493,0,0,26.12,93784.19,46.35,876712.31,b0
765270362,1,80539,0,0,25.87,93780.88,47.84,710124.81,b0
765269850,2,80585,0,0,26.19,93797.64,46.59,443194.13,b0
765286747,3,80631,0,0,26.41,93816.39,45.94,354693.47,b0
765279836,4,80677,0,0,26.36,93768.00,45.77,683806.38,b0
765271387,5,80723,0,0,26.45,93802.98,45.98,565433.44,b0
765283665,6,80769,0,0,26.29,93770.97,46.43,504806.50,b0
765268824,7,80816,0,0,26.29,93812.59,46.23,607715.13,b0
765287253,8,80862,0,0,26.12,93785.95,46.37,882378.31,b0
765270362,1,80908,0,0,25.87,93782.82,47.85,704991.38,b0
765269850,2,80954,0,0,26.19,93798.50,46.59,444637.44,b0
765286747,3,81000,0,0,26.40,93815.81,45.93,353225.25,b0
765279836,4,81046,0,0,26.36,93769.59,45.78,685867.38,b0
765271387,5,81093,0,0,26.45,93801.77,45.97,559410.00,b0
765283665,6,81139,0,0,26.29,93770.23,46.42,507810.56,b0
765268824,7,81185,0,0,26.29,93812.78,46.23,608256.63,b0
765287253,8,81231,0,0,26.12,93785.22,46.35,885813.13,b0
765270362,1,81277,0,0,25.86,93782.72,47.85,706450.50,b0
765269850,2,81323,0,0,26.18,93797.41,46.57,445798.88,b0
765286747,3,81370,0,0,26.40,93815.63,45.94,355432.16,b0
765279836,4,81416,0,0,26.35,93768.51,45.79,686557.19,b0
765271387,5,81462,0,0,26.45,93803.52,45.97,564031.94,b0
765283665,6,81508,0,0,26.29,93770.43,46.44,508946.31,b0
765268824,7,81554,0,0,26.29,93812.58,46.25,609342.44,b0
765287253,8,81600,0,0,26.11,93784.83,46.36,887540.63,b0
765270362,1,81647,0,0,25.86,93780.55,47.85,711605.31,b0
765269850,2,81693,0,0,26.19,93797.77,46.58,445507.94,b0
765286747,3,81739,0,0,26.40,93816.16,45.93,355802.66,b0
765279836,4,81785,0,0,26.36,93768.36,45.79,687248.31,b0
765271387,5,81831,0,0,26.45,93803.70,46.00,559410.00,b0
765283665,6,81877,0,0,26.29,93770.82,46.41,510087.19,b0
765268824,7,81923,0,0,26.29,93811.86,46.24,610432.19,b0
765287253,8,81969,0,0,26.12,93783.82,46.38,888117.94,b0
765270362,1,82016,0,0,25.85,93781.23,47.86,712347.81,b0
765269850,2,82062,0,0,26.18,93798.05,46.57,446381.88,b0
765286747,3,82108,0,0,26.39,93814.31,45.93,358041.97,b0
765279836,4,82154,0,0,26.35,93768.51,45.76,688634.81,b0
765271387,5,82200,0,0,26.45,93800.71,45.99,562637.38,b0
765283665,6,82246,0,0,26.29,93771.18,46.41,507056.19,b0
765268824,7,82292,0,0,26.30,93814.26,46.23,608256.63,b0
765287253,8,82338,0,0,26.12,93784.00,46.39,889274.88,b0
765270362,1,82385,0,0,25.84,93780.63,47.86,711605.31,b0
765269850,2,82431,0,0,26.18,93797.35,46.58,448434.41,b0
765286747,3,82477,0,0,26.39,93815.73,45.94,356918.78,b0
765279836,4,82523,0,0,26.35,93767.97,45.78,692125.69,b0
765271387,5,82569,0,0,26.46,93802.90,46.00,571109.88,b0
765283665,6,82615,0,0,26.30,93771.23,46.43,512000.00,b0
765268824,7,82662,0,0,26.30,93814.08,46.24,612074.13,b0
765287253,8,82708,0,0,26.13,93786.01,46.37,896280.06,b0
765270362,1,82754,0,0,25.84,93780.80,47.87,714584.81,b0
765269850,2,82800,0,0,26.17,93796.60,46.60,449319.88,b0
765286747,3,82846,0,0,26.40,93817.23,45.96,357666.78,b0
765279836,4,82892,0,0,26.35,93769.40,45.78,692125.69,b0
765271387,5,82938,0,0,26.45,93800.91,45.99,571109.88,b0
765283665,6,82985,0,0,26.30,93770.72,46.44,512769.16,b0
765268824,7,83031,0,0,26.31,93814.30,46.26,613173.63,b0
765287253,8,83077,0,0,26.13,93785.80,46.37,888117.94,b0
765270362,1,83123,0,0,25.85,93780.50,47.88,716835.81,b0
765269850,2,83169,0,0,26.18,93797.70,46.57,449024.34,b0
765286747,3,83215,0,0,26.40,93815.81,45.95,359172.22,b0
765279836,4,83262,0,0,26.35,93768.68,45.78,696361.81,b0
765271387,5,83308,0,0,26.46,93802.19,45.97,572067.06,b0
765283665,6,83354,0,0,26.31,93771.88,46.43,512384.28,b0
765268824,7,83400,0,0,26.30,93812.13,46.26,614277.13,b0
765287253,8,83446,0,0,26.13,93783.52,46.38,895692.13,b0
765270362,1,83492,0,0,25.85,93780.47,47.88,715333.56,b0
765269850,2,83538,0,0,26.18,93796.81,46.60,450803.44,b0
765286747,3,83585,0,0,26.40,93815.06,45.95,358794.69,b0
765279836,4,83631,0,0,26.36,93768.70,45.77,697072.81,b0
765271387,5,83677,0,0,26.46,93804.14,45.98,570155.88,b0
765283665,6,83723,0,0,26.30,93770.44,46.43,514702.19,b0
765268824,7,83769,0,0,26.30,93812.13,46.25,614830.38,b0
765287253,8,83815,0,0,26.14,93784.63,46.38,901011.88,b0
765270362,1,83862,0,0,25.84,93781.50,47.90,719859.38,b0
765269850,2,83908,0,0,26.17,93798.57,46.60,453498.66,b0
765286747,3,83954,0,0,26.39,93816.66,45.95,359550.56,b0
765279836,4,84000,0,0,26.35,93768.66,45.77,696361.81,b0
765271387,5,84046,0,0,26.46,93803.45,45.98,571109.88,b0
765283665,6,84092,0,0,26.30,93771.64,46.44,517825.53,b0
765268824,7,84138,0,0,26.30,93813.20,46.25,618170.81,b0
765287253,8,84184,0,0,26.13,93785.65,46.38,898048.69,b0
765270362,1,84231,0,0,25.83,93780.55,47.91,721380.75,b0
765269850,2,84277,0,0,26.17,93798.73,46.59,454706.94,b0
765286747,3,84323,0,0,26.38,93818.17,45.95,362221.44,b0
765279836,4,84369,0,0,26.34,93768.93,45.78,698499.31,b0
765271387,5,84415,0,0,26.46,93802.59,45.98,574474.06,b0
765283665,6,84461,0,0,26.29,93770.14,46.43,515090.53,b0
765268824,7,84507,0,0,26.30,93814.11,46.26,620418.06,b0
765287253,8,84553,0,0,26.14,93785.67,46.38,899824.25,b0
765270362,1,84600,0,0,25.84,93781.33,47.92,721380.75,b0
765269850,2,84646,0,0,26.16,93796.55,46.60,455010.00,b0
765286747,3,84692,0,0,26.37,93815.45,45.95,361837.47,b0
765279836,4,84738,0,0,26.33,93768.52,45.75,699931.63,b0
765271387,5,84784,0,0,26.45,93802.66,45.98,574474.06,b0
765283665,6,84830,0,0,26.29,93771.70,46.43,518612.31,b0
765268824,7,84877,0,0,26.31,93812.15,46.26,621547.81,b0
765287253,8,84923,0,0,26.13,93783.35,46.38,906997.31,b0
765270362,1,84969,0,0,25.85,93783.52,47.92,722143.88,b0
765269850,2,85015,0,0,26.16,93796.38,46.60,455617.34,b0
765286747,3,85061,0,0,26.37,93816.01,45.93,362991.84,b0
765279836,4,85107,0,0,26.34,93769.28,45.77,700650.00,b0
765271387,5,85153,0,0,26.46,93803.09,45.98,576901.44,b0
765283665,6,85200,0,0,26.29,93772.62,46.44,517041.16,b0
765268824,7,85246,0,0,26.32,93814.37,46.26,620418.06,b0
765287253,8,85292,0,0,26.14,93785.84,46.38,903396.56,b0
765270362,1,85338,0,0,25.85,93782.24,47.92,719859.38,b0
765269850,2,85384,0,0,26.17,93798.55,46.60,455617.34,b0
765286747,3,85430,0,0,26.38,93815.88,45.94,362606.22,b0
765279836,4,85477,0,0,26.34,93767.38,45.77,703538.31,b0
765271387,5,85523,0,0,26.46,93802.23,45.98,575442.56,b0
765283665,6,85569,0,0,26.29,93769.70,46.44,520589.72,b0
765268824,7,85615,0,0,26.32,93812.75,46.26,623250.13,b0
765287253,8,85661,0,0,26.14,93785.55,46.37,905793.88,b0
765270362,1,85707,0,0,25.84,93781.10,47.94,727531.06,b0
765269850,2,85754,0,0,26.17,93797.12,46.62,457142.84,b0
765286747,3,85800,0,0,26.39,93816.25,45.96,364542.53,b0
765279836,4,85846,0,0,26.34,93769.85,45.77,704264.13,b0
765271387,5,85892,0,0,26.47,93803.16,45.98,574474.06,b0
765283665,6,85938,0,0,26.29,93770.32,46.44,519401.47,b0
765268824,7,85984,0,0,26.32,93813.30,46.24,620982.44,b0
765287253,8,86030,0,0,26.15,93783.46,46.39,908808.50,b0
765270362,1,86077,0,0,25.83,93781.26,47.94,729085.06,b0
765269850,2,86123,0,0,26.16,93797.98,46.60,459914.66,b0
765286747,3,86169,0,0,26.38,93814.95,45.98,362991.84,b0
765279836,4,86215,0,0,26.34,93768.59,45.75,708650.50,b0
765271387,5,86261,0,0,26.47,93801.91,45.97,577878.13,b0
765283665,6,86307,0,0,26.30,93770.58,46.42,522182.56,b0
765268824,7,86353,0,0,26.32,93811.88,46.23,627258.81,b0
765287253,8,86399,0,0,26.16,93785.80,46.39,905193.38,b0
765270362,1,86446,0,0,25.83,93781.05,47.95,726756.56,b0
765269850,2,86492,0,0,26.16,93797.05,46.61,457142.84,b0
765286747,3,86538,0,0,26.36,93814.88,45.96,364542.53,b0
765279836,4,86584,0,0,26.34,93769.31,45.79,708650.50,b0
765271387,5,86630,0,0,26.48,93802.72,45.98,577878.13,b0
765283665,6,86676,0,0,26.31,93772.09,46.43,520987.03,b0
765268824,7,86722,0,0,26.33,93812.84,46.23,628413.63,b0
765287253,8,86769,0,0,26.17,93783.70,46.39,910020.00,b0
765270362,1,86815,0,0,25.83,93782.50,47.94,732213.06,b0
765269850,2,86861,0,0,26.16,93796.17,46.60,458063.06,b0
765286747,3,86907,0,0,26.37,93816.85,45.97,364932.28,b0
765279836,4,86953,0,0,26.34,93767.91,45.76,710864.31,b0
765271387,5,86999,0,0,26.49,93801.55,45.98,581818.19,b0
765283665,6,87045,0,0,26.32,93771.68,46.45,520987.03,b0
765268824,7,87092,0,0,26.33,93812.48,46.24,627258.81,b0
765287253,8,87138,0,0,26.15,93783.28,46.38,916741.25,b0
765270362,1,87184,0,0,25.83,93781.23,47.96,732999.31,b0
765269850,2,87230,0,0,26.16,93795.46,46.60,459605.03,b0
765286747,3,87276,0,0,26.37,93813.84,45.98,365714.28,b0
765279836,4,87322,0,0,26.35,93769.00,45.78,707182.31,b0
765271387,5,87369,0,0,26.49,93802.15,45.96,575928.00,b0
765283665,6,87415,0,0,26.32,93771.20,46.44,525802.31,b0
765268824,7,87461,0,0,26.34,93813.07,46.22,626108.25,b0
765287253,8,87507,0,0,26.17,93784.77,46.39,916741.25,b0
765270362,1,87553,0,0,25.83,93779.30,47.96,735368.06,b0
765269850,2,87599,0,0,26.16,93795.44,46.61,461157.41,b0
765286747,3,87646,0,0,26.37,93814.53,45.98,375229.03,b0
765279836,4,87692,0,0,26.34,93768.62,45.74,713091.94,b0
765271387,5,87738,0,0,26.49,93800.34,45.95,584308.13,b0
765283665,6,87784,0,0,26.32,93771.32,46.43,523785.16,b0
765268824,7,87830,0,0,26.34,93811.45,46.25,631903.75,b0
765287253,8,87876,0,0,26.17,93783.72,46.38,921692.19,b0
765270362,1,87923,0,0,25.83,93781.43,47.96,735368.06,b0
765269850,2,87969,0,0,26.15,93797.34,46.61,462093.88,b0
765286747,3,88015,0,0,26.37,93816.52,45.97,377302.88,b0
765279836,4,88061,0,0,26.35,93768.83,45.78,713837.56,b0
765271387,5,88107,0,0,26.49,93801.76,45.98,583808.44,b0
765283665,6,88153,0,0,26.32,93771.47,46.43,528243.50,b0
765268824,7,88199,0,0,26.36,93811.89,46.24,630736.06,b0
765287253,8,88245,0,0,26.18,93784.32,46.38,919210.06,b0
765270362,1,88292,0,0,25.82,93778.50,47.97,737752.19,b0
765269850,2,88338,0,0,26.15,93797.68,46.61,462406.88,b0
765286747,3,88384,0,0,26.37,93815.81,45.98,375848.78,b0
765279836,4,88430,0,0,26.34,93767.55,45.75,713837.56,b0
765271387,5,88476,0,0,26.50,93802.17,45.95,588336.69,b0
765283665,6,88522,0,0,26.33,93771.77,46.44,524187.34,b0
765268824,7,88568,0,0,26.37,93812.85,46.24,632489.19,b0
765287253,8,88614,0,0,26.19,93784.01,46.39,919829.31,b0
765270362,1,88661,0,0,25.83,93781.73,47.97,736161.06,b0
765269850,2,88707,0,0,26.14,93798.20,46.61,464609.81,b0
765286747,3,88753,0,0,26.37,93814.92,45.97,377302.88,b0
765279836,4,88799,0,0,26.33,93769.26,45.76,712347.81,b0
765271387,5,88845,0,0,26.50,93802.23,45.95,587324.38,b0
765283665,6,88891,0,0,26.32,93770.34,46.43,528652.56,b0
765268824,7,88938,0,0,26.36,93813.20,46.23,636024.88,b0
765287253,8,88984,0,0,26.19,93782.78,46.40,924187.75,b0
765270362,1,89030,0,0,25.83,93780.38,47.99,732999.31,b0
765269850,2,89076,0,0,26.14,93797.31,46.64,463348.41,b0
765286747,3,89122,0,0,26.38,93814.41,45.98,377720.41,b0
765279836,4,89168,0,0,26.34,93766.98,45.75,713837.56,b0
765271387,5,89214,0,0,26.50,93802.38,45.96,587830.06,b0
765283665,6,89261,0,0,26.33,93770.03,46.44,530295.19,b0
765268824,7,89307,0,0,26.37,93813.41,46.24,636024.88,b0
765287253,8,89353,0,0,26.19,93785.63,46.39,921692.19,b0
765270362,1,89399,0,0,25.83,93779.84,47.99,741760.25,b0
765269850,2,89445,0,0,26.14,93793.91,46.62,463348.41,b0
765286747,3,89491,0,0,26.38,93816.74,45.98,380033.41,b0
765279836,4,89538,0,0,26.34,93768.57,45.77,719859.38,b0
765271387,5,89584,0,0,26.50,93801.88,45.95,593451.19,b0
765283665,6,89630,0,0,26.33,93769.02,46.42,530295.19,b0
765268824,7,89676,0,0,26.37,93811.95,46.24,634841.94,b0
765287253,8,89722,0,0,26.20,93780.86,46.39,926696.81,b0
765270362,1,89768,0,0,25.84,93781.68,47.99,739350.19,b0
765269850,2,89815,0,0,26.15,93797.90,46.62,465560.34,b0
765286747,3,89861,0,0,26.38,93815.67,45.98,379399.78,b0
765279836,4,89907,0,0,26.34,93768.76,45.78,718344.44,b0
765271387,5,89953,0,0,26.51,93803.94,45.94,589352.50,b0
765283665,6,89999,0,0,26.34,93771.62,46.43,530707.44,b0
765268824,7,90045,0,0,26.37,93811.82,46.22,634841.94,b0
765287253,8,90091,0,0,26.21,93782.33,46.37,931120.69,b0
765270362,1,90138,0,0,25.85,93779.76,48.01,740955.13,b0
765269850,2,90184,0,0,26.14,93794.80,46.62,469401.78,b0
765286747,3,90230,0,0,26.38,93814.63,45.98,380457.00,b0
765279836,4,90276,0,0,26.34,93768.62,45.77,716835.81,b0
765271387,5,90322,0,0,26.51,93801.38,45.95,584808.69,b0
765283665,6,90368,0,0,26.35,93771.52,46.43,530295.19,b0
765268824,7,90414,0,0,26.39,93812.09,46.22,636617.94,b0
765287253,8,90460,0,0,26.21,93782.34,46.37,931120.69,b0
765270362,1,90507,0,0,25.85,93780.47,48.00,743375.69,b0
765269850,2,90553,0,0,26.14,93796.41,46.62,466833.81,b0
765286747,3,90599,0,0,26.38,93815.34,46.00,381520.13,b0
765279836,4,90645,0,0,26.34,93767.88,45.76,723674.94,b0
765271387,5,90691,0,0,26.51,93803.03,45.94,589861.75,b0
765283665,6,90737,0,0,26.35,93770.15,46.41,534446.75,b0
765268824,7,90783,0,0,26.39,93813.93,46.22,639001.56,b0
765287253,8,90830,0,0,26.22,93782.39,46.36,931756.13,b0
765270362,1,90876,0,0,25.85,93780.65,48.01,742567.06,b0
765269850,2,90922,0,0,26.14,93796.59,46.63,467793.50,b0
765286747,3,90968,0,0,26.40,93815.95,45.99,380669.16,b0
765279836,4,91014,0,0,26.35,93768.68,45.74,722143.88,b0
765271387,5,91060,0,0,26.52,93801.88,45.95,590882.88,b0
765283665,6,91106,0,0,26.36,93769.71,46.41,532778.38,b0
765268824,7,91153,0,0,26.41,93812.77,46.21,637807.56,b0
765287253,8,91199,0,0,26.22,93781.35,46.35,935587.00,b0
765270362,1,91245,0,0,25.86,93780.77,48.00,744186.06,b0
765269850,2,91291,0,0,26.15,93796.26,46.62,469724.78,b0
765286747,3,91337,0,0,26.39,93814.87,46.00,380669.16,b0
765279836,4,91383,0,0,26.35,93769.40,45.76,718344.44,b0
765271387,5,91430,0,0,26.53,93802.09,45.93,585812.38,b0
765283665,6,91476,0,0,26.36,93770.45,46.42,532362.88,b0
765268824,7,91522,0,0,26.40,93812.91,46.19,639600.25,b0
765287253,8,91568,0,0,26.22,93783.13,46.35,929219.63,b0
765270362,1,91614,0,0,25.86,93781.09,48.01,742567.06,b0
765269850,2,91660,0,0,26.15,93798.04,46.64,471021.16,b0
765286747,3,91707,0,0,26.39,93816.07,45.99,381947.03,b0
765279836,4,91753,0,0,26.34,93767.34,45.75,723674.94,b0
765271387,5,91799,0,0,26.52,93803.47,45.91,594484.75,b0
765283665,6,91845,0,0,26.35,93769.70,46.41,533194.50,b0
765268824,7,91891,0,0,26.39,93813.20,46.19,639001.56,b0
765287253,8,91937,0,0,26.22,93784.89,46.35,934946.38,b0
765270362,1,91984,0,0,25.83,93779.13,47.99,748264.50,b0
765269850,2,92030,0,0,26.13,93796.85,46.61,471021.16,b0
765286747,3,92076,0,0,26.36,93814.34,45.99,384745.44,b0
765279836,4,92122,0,0,26.32,93769.16,45.75,725212.44,b0
765271387,5,92168,0,0,26.51,93802.11,45.91,596562.75,b0
765283665,6,92214,0,0,26.34,93770.89,46.41,533611.25,b0
765268824,7,92260,0,0,26.37,93810.73,46.18,643822.69,b0
765287253,8,92306,0,0,26.20,93781.06,46.34,937514.31,b0
765270362,1,92353,0,0,25.82,93779.89,48.00,747445.25,b0
765269850,2,92399,0,0,26.11,93795.69,46.62,472979.22,b0
765286747,3,92445,0,0,26.35,93814.43,45.97,382374.91,b0
765279836,4,92491,0,0,26.32,93770.02,45.75,725983.69,b0
765271387,5,92537,0,0,26.49,93801.46,45.91,598655.38,b0
765283665,6,92583,0,0,26.33,93771.80,46.38,535704.94,b0
765268824,7,92629,0,0,26.36,93811.92,46.18,643822.69,b0
765287253,8,92675,0,0,26.19,93781.88,46.34,930486.13,b0
765270362,1,92722,0,0,25.82,93780.05,48.00,745812.06,b0
765269850,2,92768,0,0,26.11,93796.57,46.64,471346.38,b0
765286747,3,92814,0,0,26.35,93814.98,45.98,383233.53,b0
765279836,4,92860,0,0,26.31,93769.60,45.76,728307.25,b0
765271387,5,92906,0,0,26.48,93801.72,45.89,595521.94,b0
765283665,6,92952,0,0,26.33,93770.70,46.39,537815.13,b0
765268824,7,92998,0,0,26.35,93812.06,46.16,642610.63,b0
765287253,8,93045,0,0,26.19,93784.38,46.33,934306.56,b0
765270362,1,93091,0,0,25.82,93780.11,48.02,744998.19,b0
765269850,2,93137,0,0,26.11,93796.05,46.64,473964.38,b0
765286747,3,93183,0,0,26.36,93815.03,45.98,386269.34,b0
765279836,4,93229,0,0,26.31,93768.21,45.75,727531.06,b0
765271387,5,93275,0,0,26.48,93803.31,45.87,598655.38,b0
765283665,6,93322,0,0,26.32,93768.22,46.40,540369.38,b0
765268824,7,93368,0,0,26.36,93811.58,46.17,642006.25,b0
765287253,8,93414,0,0,26.20,93783.33,46.32,947271.06,b0
765270362,1,93460,0,0,25.84,93780.45,48.02,748264.50,b0
765269850,2,93506,0,0,26.13,93796.88,46.65,472651.75,b0
765286747,3,93552,0,0,26.38,93814.46,46.00,385179.63,b0
765279836,4,93599,0,0,26.33,93769.22,45.76,727531.06,b0
765271387,5,93645,0,0,26.50,93801.12,45.91,598130.81,b0
765283665,6,93691,0,0,26.34,93769.84,46.40,538239.19,b0
765268824,7,93737,0,0,26.38,93811.69,46.16,645649.44,b0
765287253,8,93783,0,0,26.21,93783.39,46.33,945303.50,b0
765270362,1,93829,0,0,25.86,93780.94,48.01,749085.56,b0
765269850,2,93875,0,0,26.14,93796.78,46.64,473307.16,b0
765286747,3,93922,0,0,26.40,93814.91,45.99,383233.53,b0
765279836,4,93968,0,0,26.34,93768.76,45.76,725212.44,b0
765271387,5,94014,0,0,26.51,93801.74,45.88,596041.94,b0
765283665,6,94060,0,0,26.35,93771.21,46.38,536969.06,b0
765268824,7,94106,0,0,26.38,93811.15,46.16,643216.06,b0
765287253,8,94152,0,0,26.22,93783.10,46.33,947271.06,b0
765270362,1,94199,0,0,25.86,93780.26,48.03,743375.69,b0
765269850,2,94245,0,0,26.15,93795.60,46.66,471672.03,b0
765286747,3,94291,0,0,26.40,93814.73,46.00,384745.44,b0
765279836,4,94337,0,0,26.35,93768.66,45.77,729864.56,b0
765271387,5,94383,0,0,26.51,93803.54,45.90,598130.81,b0
765283665,6,94429,0,0,26.36,93772.02,46.39,539942.00,b0
765268824,7,94475,0,0,26.38,93812.97,46.16,646260.63,b0
765287253,8,94521,0,0,26.21,93782.34,46.31,943996.31,b0
765270362,1,94568,0,0,25.86,93779.84,48.01,751283.94,b0
765269850,2,94614,0,0,26.16,93797.21,46.65,473307.16,b0
765286747,3,94660,0,0,26.40,93814.57,46.01,383664.28,b0
765279836,4,94706,0,0,26.36,93769.77,45.77,728307.25,b0
765271387,5,94752,0,0,26.51,93803.20,45.88,600234.44,b0
765283665,6,94798,0,0,26.36,93770.04,46.39,540797.44,b0
765268824,7,94844,0,0,26.38,93812.05,46.15,650571.81,b0
765287253,8,94890,0,0,26.21,93784.64,46.33,944649.44,b0
765270362,1,94937,0,0,25.85,93780.70,48.05,744998.19,b0
765269850,2,94983,0,0,26.16,93796.53,46.66,473307.16,b0
765286747,3,95029,0,0,26.40,93815.27,45.99,385832.72,b0
765279836,4,95075,0,0,26.35,93768.30,45.78,729085.06,b0
765271387,5,95121,0,0,26.50,93799.21,45.88,599707.19,b0
765283665,6,95167,0,0,26.35,93770.15,46.38,539942.00,b0
765268824,7,95214,0,0,26.37,93811.65,46.13,649952.38,b0
765287253,8,95260,0,0,26.20,93781.23,46.30,947271.06,b0
765270362,1,95306,0,0,25.84,93780.11,48.02,748264.50,b0
765269850,2,95352,0,0,26.15,93796.98,46.65,473307.16,b0
765286747,3,95398,0,0,26.39,93815.55,45.99,385832.72,b0
765279836,4,95444,0,0,26.33,93769.07,45.76,735368.06,b0
765271387,5,95490,0,0,26.50,93801.50,45.90,605022.19,b0
765283665,6,95537,0,0,26.35,93769.88,46.37,541655.63,b0
765268824,7,95583,0,0,26.36,93812.30,46.15,647486.56,b0
765287253,8,95629,0,0,26.20,93780.67,46.29,954556.06,b0
765270362,1,95675,0,0,25.82,93777.63,48.01,753772.56,b0
765269850,2,95721,0,0,26.14,93798.89,46.67,476279.06,b0
765286747,3,95767,0,0,26.37,93813.88,45.99,385397.06,b0
765279836,4,95814,0,0,26.33,93771.20,45.77,732213.06,b0
765271387,5,95860,0,0,26.50,93802.21,45.87,602884.88,b0
765283665,6,95906,0,0,26.35,93771.83,46.38,543813.06,b0
765268824,7,95952,0,0,26.36,93812.48,46.15,651814.13,b0
765287253,8,95998,0,0,26.19,93782.40,46.29,947271.06,b0
765270362,1,96044,0,0,25.83,93780.36,48.02,755859.00,b0
765269850,2,96091,0,0,26.13,93795.63,46.66,476611.59,b0
765286747,3,96137,0,0,26.37,93814.53,45.99,387365.25,b0
765279836,4,96183,0,0,26.33,93769.40,45.75,735368.06,b0
765271387,5,96229,0,0,26.50,93802.21,45.89,603951.63,b0
765283665,6,96275,0,0,26.34,93770.35,46.36,545551.44,b0
765268824,7,96321,0,0,26.36,93811.41,46.14,652437.06,b0
765287253,8,96367,0,0,26.18,93783.26,46.30,956562.38,b0
765270362,1,96414,0,0,25.82,93781.16,48.01,755023.06,b0
765269850,2,96460,0,0,26.13,93796.52,46.65,476611.59,b0
765286747,3,96506,0,0,26.37,93814.77,46.00,387805.34,b0
765279836,4,96552,0,0,26.32,93767.59,45.77,734576.75,b0
765271387,5,96598,0,0,26.50,93800.59,45.88,603951.63,b0
765283665,6,96644,0,0,26.34,93771.03,46.36,543813.06,b0
765268824,7,96690,0,0,26.36,93812.44,46.14,651192.38,b0
765287253,8,96736,0,0,26.18,93783.77,46.30,954556.06,b0
765270362,1,96783,0,0,25.82,93780.46,48.01,756277.69,b0
765269850,2,96829,0,0,26.13,93794.76,46.65,477946.31,b0
765286747,3,96875,0,0,26.37,93816.19,46.00,387365.25,b0
765279836,4,96921,0,0,26.33,93768.34,45.75,740151.81,b0
765271387,5,96967,0,0,26.50,93801.65,45.86,607174.63,b0
765283665,6,97013,0,0,26.33,93770.44,46.36,545987.75,b0
765268824,7,97059,0,0,26.36,93810.99,46.12,650571.81,b0
765287253,8,97106,0,0,26.18,93783.61,46.29,955223.88,b0
765270362,1,97152,0,0,25.83,93780.84,48.03,756696.81,b0
765269850,2,97198,0,0,26.13,93794.76,46.65,479962.50,b0
765286747,3,97244,0,0,26.38,93816.02,46.00,387805.34,b0
765279836,4,97290,0,0,26.33,93767.98,45.76,740955.13,b0
765271387,5,97336,0,0,26.50,93801.72,45.86,608256.63,b0
765283665,6,97382,0,0,26.34,93770.55,46.37,545987.75,b0
765268824,7,97429,0,0,26.36,93811.38,46.13,652437.06,b0
765287253,8,97475,0,0,26.18,93783.97,46.30,960600.38,b0
765270362,1,97521,0,0,25.82,93780.28,48.03,760490.19,b0
765269850,2,97567,0,0,26.14,93796.90,46.65,479625.28,b0
765286747,3,97613,0,0,26.37,93815.12,46.00,390690.56,b0
765279836,4,97659,0,0,26.33,93768.19,45.76,740151.81,b0
765271387,5,97706,0,0,26.50,93800.66,45.86,612623.38,b0
765283665,6,97752,0,0,26.34,93770.89,46.36,546424.75,b0
765268824,7,97798,0,0,26.37,93813.08,46.13,654940.81,b0
765287253,8,97844,0,0,26.19,93782.41,46.29,963311.38,b0
765270362,1,97890,0,0,25.83,93781.59,48.03,764321.69,b0
765269850,2,97936,0,0,26.14,93796.56,46.67,480300.19,b0
765286747,3,97983,0,0,26.37,93815.83,45.99,390243.91,b0
765279836,4,98029,0,0,26.34,93769.65,45.78,741760.25,b0
765271387,5,98075,0,0,26.51,93801.94,45.86,608799.06,b0
765283665,6,98121,0,0,26.35,93771.30,46.35,548620.44,b0
765268824,7,98167,0,0,26.37,93813.44,46.14,658097.69,b0
765287253,8,98213,0,0,26.19,93783.10,46.29,961954.00,b0
765270362,1,98260,0,0,25.82,93780.11,48.03,763466.94,b0
765269850,2,98306,0,0,26.13,93795.82,46.66,483360.88,b0
765286747,3,98352,0,0,26.36,93813.80,46.00,391587.00,b0
765279836,4,98398,0,0,26.33,93768.16,45.76,742567.06,b0
765271387,5,98444,0,0,26.51,93801.03,45.86,610978.50,b0
765283665,6,98490,0,0,26.34,93772.48,46.36,547300.94,b0
765268824,7,98536,0,0,26.37,93811.77,46.14,658732.69,b0
765287253,8,98582,0,0,26.18,93783.07,46.29,965354.69,b0
765270362,1,98629,0,0,25.82,93779.52,48.03,760066.81,b0
765269850,2,98675,0,0,26.13,93796.18,46.67,483703.34,b0
765286747,3,98721,0,0,26.36,93815.05,45.99,392713.31,b0
765279836,4,98767,0,0,26.33,93769.22,45.76,746627.75,b0
765271387,5,98813,0,0,26.50,93801.54,45.88,605558.81,b0
765283665,6,98859,0,0,26.34,93770.50,46.37,549503.63,b0
765268824,7,98905,0,0,26.36,93812.12,46.12,661285.13,b0
765287253,8,98951,0,0,26.18,93780.42,46.28,969467.44,b0
765270362,1,98998,0,0,25.81,93781.95,48.04,762614.06,b0
765269850,2,99044,0,0,26.12,93796.63,46.68,484733.72,b0
765286747,3,99090,0,0,26.35,93814.78,45.97,391811.75,b0
765279836,4,99136,0,0,26.32,93768.95,45.76,745812.06,b0
765271387,5,99182,0,0,26.50,93801.90,45.86,613173.63,b0
765283665,6,99228,0,0,26.33,93770.80,46.36,552617.38,b0
765268824,7,99275,0,0,26.36,93811.91,46.13,661285.13,b0
765287253,8,99321,0,0,26.18,93782.89,46.29,963311.38,b0
765270362,1,99367,0,0,25.79,93780.95,48.03,765607.50,b0
765269850,2,99413,0,0,26.12,93796.44,46.66,485768.50,b0
765286747,3,99459,0,0,26.34,93814.91,45.99,393846.16,b0
765279836,4,99505,0,0,26.31,93768.02,45.76,745812.06,b0
765271387,5,99551,0,0,26.50,93802.60,45.86,614277.13,b0
765283665,6,99598,0,0,26.34,93771.88,46.36,552617.38,b0
765268824,7,99644,0,0,26.35,93810.79,46.11,662568.75,b0
765287253,8,99690,0,0,26.18,93783.43,46.29,972921.63,b0
765270362,1,99736,0,0,25.80,93782.07,48.04,769490.88,b0
765269850,2,99782,0,0,26.12,93796.26,46.66,485423.09,b0
765286747,3,99828,0,0,26.34,93815.23,45.99,392262.03,b0
765279836,4,99875,0,0,26.31,93768.92,45.77,743375.69,b0
765271387,5,99921,0,0,26.50,93801.50,45.87,612623.38,b0
765283665,6,99967,0,0,26.33,93771.84,46.35,550833.81,b0
765268824,7,100013,0,0,26.35,93811.71,46.13,664503.56,b0
765287253,8,100059,0,0,26.18,93782.35,46.27,973615.38,b0
765270362,1,100105,0,0,25.80,93780.96,48.03,775610.69,b0
765269850,2,100152,0,0,26.12,93797.88,46.67,486114.41,b0
765286747,3,100198,0,0,26.34,93814.73,45.99,394073.50,b0
765279836,4,100244,0,0,26.31,93768.89,45.74,750458.06,b0
765271387,5,100290,0,0,26.50,93800.98,45.88,619854.75,b0
765283665,6,100336,0,0,26.33,93770.80,46.35,556673.00,b0
765268824,7,100382,0,0,26.36,93811.74,46.12,666449.75,b0
765287253,8,100428,0,0,26.18,93784.87,46.29,974310.19,b0
765270362,1,100475,0,0,25.80,93780.80,48.03,772976.06,b0
765269850,2,100521,0,0,26.12,93796.97,46.66,486114.41,b0
765286747,3,100567,0,0,26.34,93814.54,45.99,394529.00,b0
765279836,4,100613,0,0,26.31,93768.57,45.75,748264.50,b0
765271387,5,100659,0,0,26.50,93801.70,45.84,617611.56,b0
765283665,6,100705,0,0,26.34,93770.73,46.34,556219.44,b0
765268824,7,100751,0,0,26.36,93811.58,46.13,665799.75,b0
765287253,8,100797,0,0,26.19,93783.86,46.30,968092.63,b0
765270362,1,100844,0,0,25.79,93780.59,48.04,774291.13,b0
765269850,2,100890,0,0,26.11,93796.55,46.67,486460.81,b0
765286747,3,100936,0,0,26.34,93815.63,46.00,394529.00,b0
765279836,4,100982,0,0,26.31,93767.14,45.75,745812.06,b0
765271387,5,101028,0,0,26.51,93801.97,45.85,619292.44,b0
765283665,6,101074,0,0,26.35,93770.81,46.34,557127.31,b0
765268824,7,101120,0,0,26.38,93815.12,46.12,667101.00,b0
765287253,8,101167,0,0,26.20,93783.51,46.29,979904.31,b0
765270362,1,101213,0,0,25.80,93780.80,48.06,773852.25,b0
765269850,2,101259,0,0,26.12,93795.38,46.68,487502.97,b0
765286747,3,101305,0,0,26.35,93814.06,46.01,396361.53,b0
765279836,4,101351,0,0,26.32,93769.16,45.75,753772.56,b0
765271387,5,101397,0,0,26.52,93801.48,45.85,620982.44,b0
765283665,6,101444,0,0,26.35,93770.65,46.37,556219.44,b0
765268824,7,101490,0,0,26.38,93813.33,46.11,667101.00,b0
765287253,8,101536,0,0,26.20,93781.59,46.29,985563.06,b0
765270362,1,101582,0,0,25.80,93779.55,48.05,778263.38,b0
765269850,2,101628,0,0,26.12,93796.06,46.65,489600.75,b0
765286747,3,101674,0,0,26.34,93814.90,46.00,396361.53,b0
765279836,4,101721,0,0,26.32,93767.36,45.76,753356.63,b0
765271387,5,101767,0,0,26.52,93800.79,45.87,623250.13,b0
765283665,6,101813,0,0,26.35,93770.45,46.35,559410.00,b0
765268824,7,101859,0,0,26.39,93812.12,46.12,670376.44,b0
765287253,8,101905,0,0,26.21,93783.41,46.29,981312.88,b0
765270362,1,101951,0,0,25.79,93778.98,48.06,777377.13,b0
765269850,2,101997,0,0,26.11,93797.28,46.66,488899.50,b0
765286747,3,102044,0,0,26.34,93812.38,46.00,395214.19,b0
765279836,4,102090,0,0,26.32,93767.73,45.76,753772.56,b0
765271387,5,102136,0,0,26.53,93801.91,45.84,618731.13,b0
765283665,6,102182,0,0,26.35,93770.33,46.35,555314.56,b0
765268824,7,102228,0,0,26.40,93811.23,46.12,669718.75,b0
765287253,8,102274,0,0,26.21,93782.52,46.29,974310.19,b0
765270362,1,102321,0,0,25.79,93779.52,48.07,777820.00,b0
765269850,2,102367,0,0,26.11,93796.20,46.66,492071.13,b0
765286747,3,102413,0,0,26.34,93814.74,46.00,396131.53,b0
765279836,4,102459,0,0,26.31,93768.91,45.77,755023.06,b0
765271387,5,102505,0,0,26.52,93800.99,45.87,624390.25,b0
765283665,6,102551,0,0,26.36,93771.28,46.34,559410.00,b0
765268824,7,102597,0,0,26.40,93813.45,46.13,671035.38,b0
765287253,8,102643,0,0,26.22,93783.13,46.30,986275.00,b0
765270362,1,102690,0,0,25.80,93779.72,48.07,774291.13,b0
765269850,2,102736,0,0,26.11,93796.39,46.67,493137.50,b0
765286747,3,102782,0,0,26.34,93814.92,46.02,396591.78,b0
765279836,4,102828,0,0,26.32,93769.84,45.76,754188.94,b0
765271387,5,102874,0,0,26.52,93801.72,45.85,615939.88,b0
765283665,6,102920,0,0,26.37,93771.02,46.36,559868.75,b0
765268824,7,102966,0,0,26.40,93812.52,46.11,671695.63,b0
765287253,8,103012,0,0,26.23,93782.45,46.28,984852.13,b0
765270362,1,103059,0,0,25.80,93779.72,48.07,778263.38,b0
765269850,2,103105,0,0,26.11,93796.52,46.67,494925.09,b0
765286747,3,103151,0,0,26.34,93816.17,46.02,399375.97,b0
765279836,4,103197,0,0,26.31,93768.19,45.76,759221.50,b0
765271387,5,103243,0,0,26.54,93803.11,45.86,624961.88,b0
765283665,6,103289,0,0,26.36,93769.83,46.35,561249.69,b0
765268824,7,103336,0,0,26.41,93813.13,46.11,672357.19,b0
765287253,8,103382,0,0,26.23,93782.65,46.29,989850.19,b0
765270362,1,103428,0,0,25.79,93779.28,48.07,778707.25,b0
765269850,2,103474,0,0,26.11,93796.70,46.70,493137.50,b0
765286747,3,103520,0,0,26.33,93814.15,46.01,398443.59,b0
765279836,4,103566,0,0,26.31,93769.58,45.77,757957.06,b0
765271387,5,103613,0,0,26.54,93802.42,45.86,626108.25,b0
765283665,6,103659,0,0,26.36,93770.45,46.33,561249.69,b0
765268824,7,103705,0,0,26.42,93811.90,46.14,676354.00,b0
765287253,8,103751,0,0,26.23,93781.59,46.30,989133.06,b0
765270362,1,103797,0,0,25.80,93781.15,48.07,780934.25,b0
765269850,2,103843,0,0,26.12,93797.30,46.68,492781.53,b0
765286747,3,103889,0,0,26.33,93813.25,46.02,401489.91,b0
765279836,4,103936,0,0,26.31,93769.80,45.77,759221.50,b0
765271387,5,103982,0,0,26.54,93801.66,45.84,626683.00,b0
765283665,6,104028,0,0,26.37,93772.30,46.33,564031.94,b0
765268824,7,104074,0,0,26.41,93814.06,46.09,675016.50,b0
765287253,8,104120,0,0,26.23,93781.95,46.29,992007.75,b0
765270362,1,104166,0,0,25.80,93779.02,48.09,780041.88,b0
765269850,2,104213,0,0,26.11,93796.37,46.67,497812.34,b0
765286747,3,104259,0,0,26.34,93815.45,46.03,399142.47,b0
765279836,4,104305,0,0,26.31,93770.88,45.78,761763.06,b0
765271387,5,104351,0,0,26.54,93803.67,45.86,626108.25,b0
765283665,6,104397,0,0,26.36,93771.13,46.35,563566.31,b0
765268824,7,104443,0,0,26.42,93812.45,46.11,675016.50,b0
765287253,8,104489,0,0,26.23,93781.21,46.27,994899.19,b0
765270362,1,104536,0,0,25.79,93779.64,48.10,780934.25,b0
765269850,2,104582,0,0,26.11,93797.10,46.69,496725.69,b0
765286747,3,104628,0,0,26.33,93815.39,46.03,399843.81,b0
765279836,4,104674,0,0,26.31,93766.78,45.78,762188.31,b0
765271387,5,104720,0,0,26.54,93803.83,45.84,621547.81,b0
765283665,6,104766,0,0,26.36,93770.78,46.34,567313.00,b0
765268824,7,104812,0,0,26.41,93813.31,46.09,678370.31,b0
765287253,8,104858,0,0,26.23,93781.95,46.29,990568.31,b0
765270362,1,104905,0,0,25.79,93780.18,48.08,787238.13,b0
765269850,2,104951,0,0,26.11,93796.70,46.67,498539.44,b0
765286747,3,104997,0,0,26.33,93815.38,46.03,401962.72,b0
765279836,4,105043,0,0,26.31,93769.27,45.77,762188.31,b0
765271387,5,105089,0,0,26.53,93801.81,45.82,629572.69,b0
765283665,6,105135,0,0,26.35,93770.68,46.32,566841.94,b0
765268824,7,105181,0,0,26.41,93813.87,46.07,680398.69,b0
765287253,8,105228,0,0,26.23,93781.94,46.28,996351.25,b0
765270362,1,105274,0,0,25.78,93778.90,48.07,787692.31,b0
765269850,2,105320,0,0,26.10,93797.39,46.70,497812.34,b0
765286747,3,105366,0,0,26.33,93815.39,46.03,402199.53,b0
765279836,4,105412,0,0,26.31,93769.27,45.77,766897.56,b0
765271387,5,105458,0,0,26.54,93802.96,45.83,628992.63,b0
765283665,6,105505,0,0,26.36,93772.90,46.34,567313.00,b0
765268824,7,105551,0,0,26.41,93812.77,46.09,679045.06,b0
765287253,8,105597,0,0,26.23,93782.30,46.27,995624.69,b0
765270362,1,105643,0,0,25.79,93781.12,48.08,783174.00,b0
765269850,2,105689,0,0,26.10,93795.27,46.69,497812.34,b0
765286747,3,105735,0,0,26.33,93815.22,46.03,402674.00,b0
765279836,4,105782,0,0,26.31,93769.24,45.77,760914.00,b0
765271387,5,105828,0,0,26.53,93802.34,45.82,628413.63,b0
765283665,6,105874,0,0,26.37,93771.58,46.33,566841.94,b0
765268824,7,105920,0,0,26.42,93814.65,46.09,681077.50,b0
765287253,8,105966,0,0,26.23,93781.56,46.25,998537.31,b0
765270362,1,106012,0,0,25.80,93780.43,48.10,788147.00,b0
765269850,2,106058,0,0,26.11,93797.08,46.70,499634.06,b0
765286747,3,106105,0,0,26.34,93814.20,46.03,403149.59,b0
765279836,4,106151,0,0,26.32,93770.20,45.76,765607.50,b0
765271387,5,106197,0,0,26.54,93801.54,45.83,628413.63,b0
765283665,6,106243,0,0,26.36,93771.34,46.34,565902.19,b0
765268824,7,106289,0,0,26.42,93813.02,46.09,682439.19,b0
765287253,8,106335,0,0,26.24,93782.50,46.24,997807.56,b0
765270362,1,106382,0,0,25.80,93781.35,48.10,788147.00,b0
765269850,2,106428,0,0,26.11,93796.38,46.70,498539.44,b0
765286747,3,106474,0,0,26.35,93817.09,46.02,405303.78,b0
765279836,4,106520,0,0,26.32,93767.71,45.77,770359.25,b0
765271387,5,106566,0,0,26.55,93803.69,45.81,634252.06,b0
765283665,6,106612,0,0,26.37,93772.30,46.33,569680.13,b0
765268824,7,106658,0,0,26.43,93812.69,46.09,681757.69,b0
765287253,8,106704,0,0,26.24,93783.78,46.26,999268.13,b0
765270362,1,106751,0,0,25.80,93779.72,48.09,791344.69,b0
765269850,2,106797,0,0,26.12,93798.56,46.71,498903.78,b0
765286747,3,106843,0,0,26.34,93814.57,46.04,401962.72,b0
765279836,4,106889,0,0,26.32,93768.95,45.78,765607.50,b0
765271387,5,106935,0,0,26.55,93803.59,45.81,639600.25,b0
765283665,6,106981,0,0,26.37,93770.13,46.34,571588.06,b0
765268824,7,107027,0,0,26.43,93813.97,46.08,685867.38,b0
765287253,8,107073,0,0,26.24,93781.83,46.24,1005153.38,b0
765270362,1,107120,0,0,25.80,93781.56,48.10,798751.94,b0
765269850,2,107166,0,0,26.12,93798.37,46.69,500733.50,b0
765286747,3,107212,0,0,26.35,93814.77,46.02,402199.53,b0
765279836,4,107258,0,0,26.32,93770.43,45.78,771229.50,b0
765271387,5,107304,0,0,26.56,93802.59,45.83,636024.88,b0
765283665,6,107350,0,0,26.38,93772.80,46.33,570155.88,b0
765268824,7,107397,0,0,26.43,93813.09,46.07,683806.38,b0
765287253,8,107443,0,0,26.25,93782.04,46.25,1003675.56,b0
765270362,1,107489,0,0,25.80,93780.47,48.11,795031.06,b0
765269850,2,107535,0,0,26.12,93795.91,46.69,504433.50,b0
765286747,3,107581,0,0,26.35,93815.50,46.04,405785.63,b0
765279836,4,107627,0,0,26.32,93768.45,45.79,774291.13,b0
765271387,5,107674,0,0,26.56,93802.59,45.82,637212.19,b0
765283665,6,107720,0,0,26.38,93770.65,46.31,571588.06,b0
765268824,7,107766,0,0,26.44,93811.33,46.06,686557.19,b0
765287253,8,107812,0,0,26.25,93780.45,46.24,1005153.38,b0
765270362,1,107858,0,0,25.80,93780.49,48.10,791803.63,b0
765269850,2,107904,0,0,26.12,93796.79,46.68,502946.97,b0
765286747,3,107950,0,0,26.35,93815.16,46.03,405303.78,b0
765279836,4,107997,0,0,26.33,93768.66,45.76,772538.69,b0
765271387,5,108043,0,0,26.57,93804.07,45.80,642006.25,b0
765283665,6,108089,0,0,26.39,93771.42,46.32,572067.06,b0
765268824,7,108135,0,0,26.45,93813.53,46.07,684492.00,b0
765287253,8,108181,0,0,26.26,93783.32,46.25,1012608.19,b0
765270362,1,108227,0,0,25.81,93779.84,48.09,794568.38,b0
765269850,2,108274,0,0,26.12,93796.28,46.70,502576.69,b0
765286747,3,108320,0,0,26.35,93813.91,46.04,406268.59,b0
765279836,4,108366,0,0,26.33,93768.87,45.78,771665.44,b0
765271387,5,108412,0,0,26.57,93802.87,45.80,639600.25,b0
765283665,6,108458,0,0,26.38,93770.51,46.32,572546.81,b0
765268824,7,108504,0,0,26.45,93813.37,46.05,687940.88,b0
765287253,8,108550,0,0,26.26,93782.62,46.24,1014112.38,b0
765270362,1,108597,0,0,25.82,93780.94,48.11,793183.56,b0
765269850,2,108643,0,0,26.13,93796.48,46.69,505928.84,b0
765286747,3,108689,0,0,26.36,93815.72,46.04,407238.03,b0
765279836,4,108735,0,0,26.33,93767.63,45.78,772538.69,b0
765271387,5,108781,0,0,26.57,93803.74,45.80,639001.56,b0
765283665,6,108827,0,0,26.39,93769.83,46.32,576414.31,b0
765268824,7,108873,0,0,26.45,93813.19,46.04,687940.88,b0
765287253,8,108919,0,0,26.26,93779.60,46.23,1011857.69,b0
765270362,1,108966,0,0,25.82,93778.68,48.08,792263.06,b0
765269850,2,109012,0,0,26.13,93795.81,46.71,506304.09,b0
765286747,3,109058,0,0,26.37,93816.52,46.03,405063.28,b0
765279836,4,109104,0,0,26.33,93768.72,45.76,776934.75,b0
765271387,5,109150,0,0,26.58,93802.91,45.81,640801.00,b0
765283665,6,109196,0,0,26.40,93772.48,46.32,574957.88,b0
765268824,7,109242,0,0,26.45,93813.76,46.05,693532.00,b0
765287253,8,109289,0,0,26.26,93781.20,46.24,1015621.13,b0
765270362,1,109335,0,0,25.83,93781.55,48.10,799219.50,b0
765269850,2,109381,0,0,26.13,93797.59,46.71,505180.06,b0
765286747,3,109427,0,0,26.37,93815.77,46.06,407238.03,b0
765279836,4,109473,0,0,26.34,93768.61,45.77,775610.69,b0
765271387,5,109519,0,0,26.58,93802.92,45.79,641403.06,b0
765283665,6,109566,0,0,26.40,93772.78,46.30,575928.00,b0
765268824,7,109612,0,0,26.46,93813.45,46.03,693532.00,b0
765287253,8,109658,0,0,26.27,93780.91,46.22,1015621.13,b0
765270362,1,109704,0,0,25.83,93780.88,48.10,799219.50,b0
765269850,2,109750,0,0,26.13,93796.70,46.72,506304.09,b0
765286747,3,109796,0,0,26.37,93815.80,46.05,408945.69,b0
765279836,4,109843,0,0,26.34,93768.97,45.79,780487.81,b0
765271387,5,109889,0,0,26.59,93804.06,45.78,641403.06,b0
765283665,6,109935,0,0,26.40,93770.54,46.31,576901.44,b0
765268824,7,109981,0,0,26.48,93813.91,46.03,694237.31,b0
765287253,8,110027,0,0,26.27,93781.27,46.22,1020174.38,b0
765270362,1,110073,0,0,25.84,93781.27,48.11,798284.94,b0
765269850,2,110119,0,0,26.14,93796.78,46.70,506679.88,b0
765286747,3,110166,0,0,26.37,93813.30,46.06,408456.31,b0
765279836,4,110212,0,0,26.35,93767.61,45.79,779151.63,b0
765271387,5,110258,0,0,26.59,93803.58,45.79,643216.06,b0
765283665,6,110304,0,0,26.41,93771.34,46.30,576901.44,b0
765268824,7,110350,0,0,26.48,93813.56,46.04,690725.13,b0
765287253,8,110396,0,0,26.28,93782.91,46.21,1013359.75,b0
765270362,1,110443,0,0,25.85,93780.68,48.09,802036.44,b0
765269850,2,110489,0,0,26.16,93797.92,46.71,508567.16,b0
765286747,3,110535,0,0,26.39,93814.87,46.04,408945.69,b0
765279836,4,110581,0,0,26.36,93769.44,45.78,776934.75,b0
765271387,5,110627,0,0,26.60,93802.94,45.80,641403.06,b0
765283665,6,110673,0,0,26.42,93770.95,46.30,577878.13,b0
765268824,7,110719,0,0,26.48,93813.20,46.04,692828.13,b0
765287253,8,110765,0,0,26.29,93782.44,46.21,1019412.63,b0
765270362,1,110812,0,0,25.87,93783.15,48.09,802979.81,b0
765269850,2,110858,0,0,26.17,93797.47,46.70,505928.84,b0
765286747,3,110904,0,0,26.40,93815.63,46.05,407968.13,b0
765279836,4,110950,0,0,26.37,93769.17,45.78,787692.31,b0
765271387,5,110996,0,0,26.61,93802.16,45.78,643822.69,b0
765283665,6,111042,0,0,26.43,93771.23,46.30,576901.44,b0
765268824,7,111088,0,0,26.50,93812.38,46.01,694237.31,b0
765287253,8,111134,0,0,26.30,93784.77,46.22,1015621.13,b0
765270362,1,111181,0,0,25.88,93780.93,48.10,796422.31,b0
765269850,2,111227,0,0,26.18,93797.53,46.70,506304.09,b0
765286747,3,111273,0,0,26.42,93813.94,46.05,408212.09,b0
765279836,4,111319,0,0,26.38,93767.98,45.76,777820.00,b0
765271387,5,111365,0,0,26.62,93803.98,45.77,644430.44,b0
765283665,6,111411,0,0,26.43,93770.55,46.30,573027.44,b0
765268824,7,111458,0,0,26.51,93813.74,46.03,692125.69,b0
765287253,8,111504,0,0,26.31,93782.34,46.20,1013359.75,b0
765270362,1,111550,0,0,25.89,93780.82,48.10,806299.19,b0
765269850,2,111596,0,0,26.18,93796.32,46.71,506304.09,b0
765286747,3,111642,0,0,26.43,93817.23,46.03,408700.84,b0
765279836,4,111688,0,0,26.38,93767.84,45.78,780934.25,b0
765271387,5,111735,0,0,26.63,93803.71,45.76,646873.00,b0
765283665,6,111781,0,0,26.44,93770.48,46.30,576414.31,b0
765268824,7,111827,0,0,26.52,93811.78,45.99,693532.00,b0
765287253,8,111873,0,0,26.31,93783.07,46.19,1020174.38,b0
765270362,1,111919,0,0,25.89,93780.15,48.10,800156.25,b0
765269850,2,111965,0,0,26.19,93798.13,46.70,510087.19,b0
765286747,3,112011,0,0,26.42,93814.52,46.04,407968.13,b0
765279836,4,112058,0,0,26.38,93768.55,45.76,777820.00,b0
765271387,5,112104,0,0,26.63,93803.76,45.76,640801.00,b0
765283665,6,112150,0,0,26.44,93771.55,46.29,578367.69,b0
765268824,7,112196,0,0,26.52,93814.00,46.01,692125.69,b0
765287253,8,112242,0,0,26.33,93783.70,46.19,1018652.06,b0
765270362,1,112288,0,0,25.90,93781.45,48.09,809166.31,b0
765269850,2,112335,0,0,26.18,93796.67,46.71,510087.19,b0
765286747,3,112381,0,0,26.42,93816.66,46.02,409927.94,b0
765279836,4,112427,0,0,26.38,93769.44,45.76,776934.75,b0
765271387,5,112473,0,0,26.63,93803.76,45.74,645039.38,b0
765283665,6,112519,0,0,26.45,93770.94,46.27,576414.31,b0
765268824,7,112565,0,0,26.54,93813.34,45.99,694237.31,b0
765287253,8,112611,0,0,26.34,93782.15,46.17,1018652.06,b0
765270362,1,112658,0,0,25.89,93779.77,48.08,802979.81,b0
765269850,2,112704,0,0,26.18,93797.39,46.67,510087.19,b0
765286747,3,112750,0,0,26.42,93814.49,46.03,408456.31,b0
765279836,4,112796,0,0,26.38,93766.75,45.75,780487.81,b0
765271387,5,112842,0,0,26.64,93803.64,45.73,643216.06,b0
765283665,6,112888,0,0,26.46,93770.85,46.26,581818.19,b0
765268824,7,112934,0,0,26.55,93814.68,45.98,692828.13,b0
765287253,8,112980,0,0,26.35,93781.34,46.18,1021701.19,b0
765270362,1,113027,0,0,25.91,93782.21,48.08,811571.25,b0
765269850,2,113073,0,0,26.18,93797.19,46.68,509706.31,b0
765286747,3,113119,0,0,26.43,93815.64,46.03,409681.94,b0
765279836,4,113165,0,0,26.38,93768.20,45.74,781828.56,b0
765271387,5,113211,0,0,26.66,93804.48,45.75,648101.25,b0
765283665,6,113257,0,0,26.47,93770.34,46.27,581818.19,b0
765268824,7,113303,0,0,26.57,93814.97,45.97,692828.13,b0
765287253,8,113350,0,0,26.37,93783.56,46.18,1022466.31,b0
765270362,1,113396,0,0,25.93,93780.77,48.10,802979.81,b0
765269850,2,113442,0,0,26.19,93797.26,46.66,513154.59,b0
765286747,3,113488,0,0,26.45,93815.05,46.01,410914.94,b0
765279836,4,113534,0,0,26.41,93770.88,45.75,781381.13,b0
765271387,5,113580,0,0,26.67,93803.21,45.75,648101.25,b0
765283665,6,113627,0,0,26.49,93771.05,46.28,580334.38,b0
765268824,7,113673,0,0,26.57,93811.91,45.96,694944.00,b0
765287253,8,113719,0,0,26.37,93780.77,46.16,1021701.19,b0
765270362,1,113765,0,0,25.94,93780.39,48.07,806299.19,b0
765269850,2,113811,0,0,26.20,93797.71,46.69,510087.19,b0
765286747,3,113857,0,0,26.47,93817.13,46.02,410667.75,b0
765279836,4,113904,0,0,26.41,93766.80,45.74,785426.63,b0
765271387,5,113950,0,0,26.69,93803.13,45.73,646260.63,b0
765283665,6,113996,0,0,26.50,93771.57,46.27,585310.06,b0
765268824,7,114042,0,0,26.59,93815.11,45.97,694944.00,b0
765287253,8,114088,0,0,26.39,93782.27,46.16,1021701.19,b0
765270362,1,114134,0,0,25.96,93781.23,48.07,804399.06,b0
765269850,2,114180,0,0,26.22,93795.88,46.68,513540.63,b0
765286747,3,114227,0,0,26.48,93816.27,46.00,408945.69,b0
765279836,4,114273,0,0,26.42,93767.62,45.74,782725.00,b0
765271387,5,114319,0,0,26.69,93803.73,45.71,646260.63,b0
765283665,6,114365,0,0,26.51,93771.68,46.25,584308.13,b0
765268824,7,114411,0,0,26.60,93813.01,45.95,694944.00,b0
765287253,8,114457,0,0,26.40,93784.11,46.16,1020937.19,b0
765270362,1,114504,0,0,25.96,93782.13,48.06,807730.25,b0
765269850,2,114550,0,0,26.23,93796.46,46.66,512384.28,b0
765286747,3,114596,0,0,26.49,93816.48,46.01,410420.84,b0
765279836,4,114642,0,0,26.43,93769.07,45.74,782276.56,b0
765271387,5,114688,0,0,26.70,93802.23,45.70,646260.63,b0
765283665,6,114734,0,0,26.51,93770.29,46.24,580334.38,b0
765268824,7,114780,0,0,26.61,93813.59,45.93,693532.00,b0
765287253,8,114826,0,0,26.41,93782.36,46.13,1017134.31,b0
765270362,1,114873,0,0,25.98,93779.27,48.05,804399.06,b0
765269850,2,114919,0,0,26.23,93795.98,46.66,513154.59,b0
765286747,3,114965,0,0,26.50,93816.88,45.98,410667.75,b0
765279836,4,115011,0,0,26.44,93768.59,45.72,784073.50,b0
765271387,5,115057,0,0,26.70,93803.65,45.69,644430.44,b0
765283665,6,115103,0,0,26.52,93770.77,46.24,578367.69,b0
765268824,7,115149,0,0,26.62,93812.02,45.93,690725.13,b0
765287253,8,115195,0,0,26.41,93781.87,46.13,1021701.19,b0
765270362,1,115242,0,0,25.99,93782.20,48.04,807730.25,b0
765269850,2,115288,0,0,26.25,93797.16,46.66,510850.59,b0
765286747,3,115334,0,0,26.50,93815.50,45.97,410667.75,b0
765279836,4,115380,0,0,26.44,93767.39,45.72,782725.00,b0
765271387,5,115426,0,0,26.72,93804.34,45.69,647486.56,b0
765283665,6,115472,0,0,26.53,93772.80,46.22,579841.44,b0
765268824,7,115519,0,0,26.62,93814.40,45.90,689330.19,b0
765287253,8,115565,0,0,26.42,93782.62,46.11,1016377.19,b0
765270362,1,115611,0,0,26.00,93780.86,48.02,805823.31,b0
765269850,2,115657,0,0,26.26,93797.90,46.65,512000.00,b0
765286747,3,115703,0,0,26.51,93816.62,45.99,409681.94,b0
765279836,4,115749,0,0,26.45,93769.07,45.72,777377.13,b0
765271387,5,115796,0,0,26.73,93803.91,45.68,649334.19,b0
765283665,6,115842,0,0,26.54,93771.48,46.19,580828.13,b0
765268824,7,115888,0,0,26.63,93813.58,45.91,687248.31,b0
765287253,8,115934,0,0,26.43,93783.37,46.11,1024768.56,b0
765270362,1,115980,0,0,26.02,93781.02,48.03,809646.19,b0
765269850,2,116026,0,0,26.27,93796.91,46.66,512769.16,b0
765286747,3,116072,0,0,26.53,93815.46,45.98,410174.25,b0
765279836,4,116119,0,0,26.45,93769.62,45.71,782725.00,b0
765271387,5,116165,0,0,26.73,93802.31,45.66,643822.69,b0
765283665,6,116211,0,0,26.54,93771.66,46.20,583808.44,b0
765268824,7,116257,0,0,26.63,93812.31,45.91,688634.81,b0
765287253,8,116303,0,0,26.43,93783.40,46.09,1018652.06,b0
765270362,1,116349,0,0,26.04,93781.31,48.02,810607.56,b0
765269850,2,116396,0,0,26.28,93796.27,46.64,512384.28,b0
765286747,3,116442,0,0,26.54,93817.88,45.96,408700.84,b0
765279836,4,116488,0,0,26.46,93769.50,45.71,781828.56,b0
765271387,5,116534,0,0,26.74,93802.73,45.67,647486.56,b0
765283665,6,116580,0,0,26.55,93773.78,46.20,581818.19,b0
765268824,7,116626,0,0,26.64,93812.72,45.88,688634.81,b0
765287253,8,116672,0,0,26.45,93784.88,46.09,1019412.63,b0
765270362,1,116719,0,0,26.04,93782.07,48.02,803452.31,b0
765269850,2,116765,0,0,26.28,93795.94,46.64,511233.16,b0
765286747,3,116811,0,0,26.55,93816.82,45.97,409436.22,b0
765279836,4,116857,0,0,26.47,93768.84,45.71,784975.06,b0
765271387,5,116903,0,0,26.75,93803.32,45.65,647486.56,b0
765283665,6,116949,0,0,26.56,93770.64,46.19,580828.13,b0
765268824,7,116995,0,0,26.65,93814.41,45.87,690725.13,b0
765287253,8,117041,0,0,26.45,93782.08,46.08,1020174.38,b0
765270362,1,117088,0,0,26.06,93780.93,47.99,804873.25,b0
765269850,2,117134,0,0,26.29,93795.31,46.62,511616.28,b0
765286747,3,117180,0,0,26.56,93816.70,45.96,410174.25,b0
765279836,4,117226,0,0,26.47,93769.58,45.70,783174.00,b0
765271387,5,117272,0,0,26.76,93805.37,45.64,648717.13,b0
765283665,6,117318,0,0,26.56,93770.52,46.17,582314.50,b0
765268824,7,117364,0,0,26.66,93811.55,45.87,690725.13,b0
765287253,8,117411,0,0,26.46,93782.45,46.07,1023232.56,b0
765270362,1,117457,0,0,26.07,93780.65,47.97,810607.56,b0
765269850,2,117503,0,0,26.30,93796.95,46.60,512769.16,b0
765286747,3,117549,0,0,26.55,93816.85,45.94,410174.25,b0
765279836,4,117595,0,0,26.48,93769.84,45.69,780487.81,b0
765271387,5,117641,0,0,26.76,93802.59,45.64,648717.13,b0
765283665,6,117687,0,0,26.58,93771.95,46.16,581818.19,b0
765268824,7,117734,0,0,26.66,93812.84,45.84,685867.38,b0
765287253,8,117780,0,0,26.47,93782.89,46.05,1018652.06,b0
765270362,1,117826,0,0,26.08,93781.99,47.97,808208.38,b0
765269850,2,117872,0,0,26.31,93796.31,46.61,514702.19,b0
765286747,3,117918,0,0,26.56,93816.01,45.94,411906.69,b0
765279836,4,117964,0,0,26.48,93767.52,45.69,785878.75,b0
765271387,5,118011,0,0,26.78,93804.32,45.61,647486.56,b0
765283665,6,118057,0,0,26.57,93769.91,46.17,584808.69,b0
765268824,7,118103,0,0,26.67,93815.23,45.83,688634.81,b0
765287253,8,118149,0,0,26.47,93781.62,46.04,1022466.31,b0
765270362,1,118195,0,0,26.09,93782.27,47.96,808687.06,b0
765269850,2,118241,0,0,26.32,93796.21,46.60,515090.53,b0
765286747,3,118288,0,0,26.56,93815.69,45.90,410914.94,b0
765279836,4,118334,0,0,26.49,93769.73,45.67,786331.38,b0
765271387,5,118380,0,0,26.78,93804.67,45.60,649952.38,b0
765283665,6,118426,0,0,26.58,93771.06,46.17,582811.63,b0
765268824,7,118472,0,0,26.68,93813.11,45.81,687940.88,b0
765287253,8,118518,0,0,26.48,93782.03,46.03,1022466.31,b0
765270362,1,118565,0,0,26.10,93780.90,47.93,806299.19,b0
765269850,2,118611,0,0,26.33,93795.91,46.60,515090.53,b0
765286747,3,118657,0,0,26.58,93816.30,45.92,411658.28,b0
765279836,4,118703,0,0,26.50,93768.39,45.67,786784.50,b0
765271387,5,118749,0,0,26.78,93803.43,45.60,651192.38,b0
765283665,6,118795,0,0,26.58,93769.15,46.14,583309.63,b0
765268824,7,118841,0,0,26.69,93813.90,45.80,692828.13,b0
765287253,8,118887,0,0,26.49,93784.42,46.02,1027081.25,b0
765270362,1,118934,0,0,26.11,93780.98,47.91,809166.31,b0
765269850,2,118980,0,0,26.34,93796.16,46.59,516649.84,b0
765286747,3,119026,0,0,26.59,93816.40,45.90,412653.63,b0
765279836,4,119072,0,0,26.52,93768.48,45.65,786331.38,b0
765271387,5,119118,0,0,26.78,93802.40,45.57,648717.13,b0
765283665,6,119164,0,0,26.60,93771.13,46.11,584808.69,b0
765268824,7,119210,0,0,26.69,93813.73,45.80,688634.81,b0
765287253,8,119256,0,0,26.50,93784.09,46.00,1022466.31,b0
765270362,1,119303,0,0,26.13,93782.02,47.91,806775.63,b0
765269850,2,119349,0,0,26.36,93794.49,46.58,515479.50,b0
765286747,3,119395,0,0,26.61,93815.62,45.89,411162.41,b0
765279836,4,119441,0,0,26.53,93768.02,45.67,784073.50,b0
765271387,5,119487,0,0,26.79,93801.04,45.56,647486.56,b0
765283665,6,119533,0,0,26.60,93772.06,46.12,587324.38,b0
765268824,7,119580,0,0,26.70,93813.25,45.79,690026.94,b0
765287253,8,119626,0,0,26.50,93782.88,46.00,1030959.00,b0
765270362,1,119672,0,0,26.14,93781.80,47.89,812537.19,b0
765269850,2,119718,0,0,26.37,93795.08,46.57,513154.59,b0
765286747,3,119764,0,0,26.62,93814.95,45.85,410914.94,b0
765279836,4,119810,0,0,26.54,93768.45,45.65,786331.38,b0
765271387,5,119856,0,0,26.80,93801.87,45.55,652437.06,b0
765283665,6,119903,0,0,26.62,93771.16,46.11,584808.69,b0
765268824,7,119949,0,0,26.71,93813.47,45.76,691424.69,b0
765287253,8,119995,0,0,26.52,93783.66,45.98,1024768.56,b0
765270362,1,120041,0,0,26.15,93781.32,47.89,812053.94,b0
765269850,2,120087,0,0,26.38,93794.45,46.55,515090.53,b0
765286747,3,120133,0,0,26.63,93814.65,45.86,410914.94,b0
765279836,4,120180,0,0,26.54,93770.10,45.65,786331.38,b0
765271387,5,120226,0,0,26.81,93802.08,45.54,649952.38,b0
765283665,6,120272,0,0,26.62,93770.35,46.10,584308.13,b0
765268824,7,120318,0,0,26.72,93814.28,45.76,690026.94,b0
765287253,8,120364,0,0,26.53,93782.81,45.98,1033299.69,b0
765270362,1,120410,0,0,26.17,93782.19,47.87,813505.44,b0
765269850,2,120457,0,0,26.39,93796.63,46.54,515090.53,b0
765286747,3,120503,0,0,26.65,93815.83,45.86,411906.69,b0
765279836,4,120549,0,0,26.55,93768.58,45.63,784975.06,b0
765271387,5,120595,0,0,26.82,93801.61,45.53,651814.13,b0
765283665,6,120641,0,0,26.63,93771.38,46.07,585310.06,b0
765268824,7,120687,0,0,26.73,93814.88,45.74,690725.13,b0
765287253,8,120733,0,0,26.54,93782.87,45.97,1030181.06,b0
765270362,1,120780,0,0,26.18,93781.93,47.86,810607.56,b0
765269850,2,120826,0,0,26.40,93794.43,46.53,516259.13,b0
765286747,3,120872,0,0,26.66,93814.61,45.86,410667.75,b0
765279836,4,120918,0,0,26.56,93769.69,45.61,784975.06,b0
765271387,5,120964,0,0,26.83,93803.69,45.52,649334.19,b0
765283665,6,121010,0,0,26.64,93770.01,46.06,585310.06,b0
765268824,7,121056,0,0,26.74,93815.79,45.72,686557.19,b0
765287253,8,121102,0,0,26.55,93785.06,45.93,1030181.06,b0
765270362,1,121149,0,0,26.20,93780.80,47.82,811571.25,b0
765269850,2,121195,0,0,26.41,93794.83,46.53,513540.63,b0
765286747,3,121241,0,0,26.67,93815.75,45.83,409681.94,b0
765279836,4,121287,0,0,26.57,93769.23,45.63,786784.50,b0
765271387,5,121333,0,0,26.84,93804.30,45.52,653061.25,b0
765283665,6,121379,0,0,26.65,93769.92,46.06,586819.50,b0
765268824,7,121425,0,0,26.75,93815.85,45.71,687248.31,b0
765287253,8,121472,0,0,26.54,93782.03,45.92,1030959.00,b0
765270362,1,121518,0,0,26.20,93782.45,47.82,805823.31,b0
765269850,2,121564,0,0,26.42,93796.29,46.51,513540.63,b0
765286747,3,121610,0,0,26.68,93815.81,45.82,412653.63,b0
765279836,4,121656,0,0,26.59,93769.90,45.62,787692.31,b0
765271387,5,121702,0,0,26.83,93802.11,45.49,653061.25,b0
765283665,6,121748,0,0,26.66,93770.39,46.05,587830.06,b0
765268824,7,121795,0,0,26.74,93813.68,45.70,687940.88,b0
765287253,8,121841,0,0,26.56,93783.51,45.89,1027854.44,b0
765270362,1,121887,0,0,26.20,93781.52,47.80,812053.94,b0
765269850,2,121933,0,0,26.43,93795.85,46.51,514702.19,b0
765286747,3,121979,0,0,26.68,93814.37,45.80,411906.69,b0
765279836,4,122025,0,0,26.58,93768.77,45.59,786784.50,b0
765271387,5,122072,0,0,26.85,93802.77,45.48,651814.13,b0
765283665,6,122118,0,0,26.67,93771.58,46.04,587324.38,b0
765268824,7,122164,0,0,26.75,93815.16,45.68,687940.88,b0
765287253,8,122210,0,0,26.56,93785.33,45.89,1027081.25,b0
765270362,1,122256,0,0,26.20,93779.74,47.78,814476.06,b0
765269850,2,122302,0,0,26.43,93795.14,46.48,517041.16,b0
765286747,3,122349,0,0,26.69,93813.35,45.80,412903.22,b0
765279836,4,122395,0,0,26.60,93770.34,45.58,787692.31,b0
765271387,5,122441,0,0,26.85,93805.12,45.49,648101.25,b0
765283665,6,122487,0,0,26.67,93771.96,46.02,588844.19,b0
765268824,7,122533,0,0,26.75,93815.71,45.68,687940.88,b0
765287253,8,122579,0,0,26.57,93783.93,45.89,1030181.06,b0
765270362,1,122626,0,0,26.20,93779.06,47.77,808687.06,b0
765269850,2,122672,0,0,26.45,93796.66,46.46,515090.53,b0
765286747,3,122718,0,0,26.69,93814.83,45.79,413403.31,b0
765279836,4,122764,0,0,26.60,93769.30,45.56,786331.38,b0
765271387,5,122810,0,0,26.85,93803.52,45.48,653686.56,b0
765283665,6,122856,0,0,26.68,93771.70,46.02,586315.50,b0
765268824,7,122902,0,0,26.76,93815.92,45.66,691424.69,b0
765287253,8,122948,0,0,26.56,93782.13,45.87,1026309.19,b0
765270362,1,122995,0,0,26.21,93781.24,47.74,814476.06,b0
765269850,2,123041,0,0,26.44,93795.03,46.44,515869.03,b0
765286747,3,123087,0,0,26.68,93813.34,45.76,412155.38,b0
765279836,4,123133,0,0,26.60,93769.66,45.56,794106.25,b0
765271387,5,123179,0,0,26.86,93801.78,45.44,654940.81,b0
765283665,6,123225,0,0,26.68,93772.60,46.01,587324.38,b0
765268824,7,123271,0,0,26.75,93814.80,45.65,692125.69,b0
765287253,8,123317,0,0,26.56,93782.99,45.85,1032518.25,b0
765270362,1,123364,0,0,26.20,93780.48,47.71,818381.63,b0
765269850,2,123410,0,0,26.44,93794.88,46.45,517041.16,b0
765286747,3,123456,0,0,26.68,93814.22,45.74,414407.13,b0
765279836,4,123502,0,0,26.60,93769.79,45.55,789514.25,b0
765271387,5,123548,0,0,26.86,93803.93,45.45,655569.81,b0
765283665,6,123594,0,0,26.67,93769.85,45.98,587324.38,b0
765268824,7,123641,0,0,26.75,93812.82,45.63,692125.69,b0
765287253,8,123687,0,0,26.57,93784.46,45.84,1034866.13,b0
765270362,1,123733,0,0,26.19,93779.36,47.71,814962.19,b0
765269850,2,123779,0,0,26.44,93795.94,46.42,520589.72,b0
765286747,3,123825,0,0,26.69,93813.35,45.70,414658.84,b0
765279836,4,123871,0,0,26.60,93768.77,45.53,786784.50,b0
765271387,5,123917,0,0,26.85,93801.77,45.42,656831.31,b0
765283665,6,123964,0,0,26.68,93770.84,45.97,587830.06,b0
765268824,7,124010,0,0,26.75,93815.16,45.61,693532.00,b0
765287253,8,124056,0,0,26.56,93781.20,45.82,1038802.94,b0
765270362,1,124102,0,0,26.20,93781.89,47.69,820348.50,b0
765269850,2,124148,0,0,26.45,93796.34,46.38,521384.94,b0
765286747,3,124194,0,0,26.68,93814.05,45.69,413904.59,b0
765279836,4,124241,0,0,26.60,93769.50,45.52,789971.06,b0
765271387,5,124287,0,0,26.87,93803.30,45.40,654313.13,b0
765283665,6,124333,0,0,26.69,93772.93,45.96,590371.88,b0
765268824,7,124379,0,0,26.76,93814.65,45.61,693532.00,b0
765287253,8,124425,0,0,26.56,93783.55,45.78,1041974.06,b0
765270362,1,124471,0,0,26.20,93781.55,47.66,821829.88,b0
765269850,2,124518,0,0,26.44,93794.70,46.38,520193.03,b0
765286747,3,124564,0,0,26.70,93815.39,45.69,415415.81,b0
765279836,4,124610,0,0,26.61,93767.95,45.50,789971.06,b0
765271387,5,124656,0,0,26.87,93803.16,45.39,656199.94,b0
765283665,6,124702,0,0,26.70,93772.30,45.95,589861.75,b0
765268824,7,124748,0,0,26.76,93814.87,45.58,694237.31,b0
765287253,8,124794,0,0,26.57,93783.07,45.77,1041974.06,b0
765270362,1,124841,0,0,26.21,93781.07,47.65,823813.38,b0
765269850,2,124887,0,0,26.46,93796.78,46.37,520193.03,b0
765286747,3,124933,0,0,26.70,93813.99,45.66,415415.81,b0
765279836,4,124979,0,0,26.62,93769.96,45.49,795958.00,b0
765271387,5,125025,0,0,26.88,93801.81,45.39,658732.69,b0
765283665,6,125071,0,0,26.71,93772.10,45.92,592421.19,b0
765268824,7,125117,0,0,26.77,93814.38,45.58,695652.19,b0
765287253,8,125163,0,0,26.58,93783.66,45.77,1039593.94,b0
765270362,1,125210,0,0,26.21,93779.52,47.62,822820.44,b0
765269850,2,125256,0,0,26.47,93795.38,46.34,520987.03,b0
765286747,3,125302,0,0,26.72,93813.38,45.68,417448.03,b0
765279836,4,125348,0,0,26.63,93770.41,45.46,791344.69,b0
765271387,5,125394,0,0,26.89,93802.60,45.39,660645.19,b0
765283665,6,125440,0,0,26.71,93771.60,45.91,589352.50,b0
765268824,7,125486,0,0,26.78,93814.27,45.57,694944.00,b0
765287253,8,125533,0,0,26.59,93782.80,45.77,1044365.13,b0
765270362,1,125579,0,0,26.24,93783.08,47.57,826306.25,b0
765269850,2,125625,0,0,26.48,93797.59,46.35,524590.19,b0
765286747,3,125671,0,0,26.72,93814.27,45.65,416938.13,b0
765279836,4,125717,0,0,26.64,93770.86,45.48,795958.00,b0
765271387,5,125763,0,0,26.90,93802.91,45.35,659368.94,b0
765283665,6,125809,0,0,26.73,93771.05,45.90,590371.88,b0
765268824,7,125856,0,0,26.80,93814.71,45.56,694944.00,b0
765287253,8,125902,0,0,26.61,93783.98,45.75,1048374.69,b0
765270362,1,125948,0,0,26.24,93782.08,47.57,827307.63,b0
765269850,2,125994,0,0,26.48,93796.20,46.31,522582.28,b0
765286747,3,126040,0,0,26.74,93815.09,45.63,415163.19,b0
765279836,4,126086,0,0,26.65,93768.40,45.46,795494.25,b0
765271387,5,126133,0,0,26.90,93803.80,45.34,658097.69,b0
765283665,6,126179,0,0,26.74,93771.72,45.91,588844.19,b0
765268824,7,126225,0,0,26.80,93815.61,45.55,699214.75,b0
765287253,8,126271,0,0,26.61,93783.44,45.74,1043566.88,b0
765270362,1,126317,0,0,26.26,93783.06,47.58,825307.25,b0
765269850,2,126363,0,0,26.50,93795.97,46.32,523785.16,b0
765286747,3,126410,0,0,26.75,93811.23,45.62,415922.00,b0
765279836,4,126456,0,0,26.67,93770.49,45.44,794568.38,b0
765271387,5,126502,0,0,26.92,93804.13,45.34,658732.69,b0
765283665,6,126548,0,0,26.74,93770.68,45.89,594484.75,b0
765268824,7,126594,0,0,26.81,93814.95,45.54,696361.81,b0
765287253,8,126640,0,0,26.62,93783.13,45.75,1042769.88,b0
765270362,1,126687,0,0,26.27,93781.25,47.57,822324.81,b0
765269850,2,126733,0,0,26.51,93795.66,46.29,523785.16,b0
765286747,3,126779,0,0,26.77,93814.90,45.62,415415.81,b0
765279836,4,126825,0,0,26.67,93768.59,45.43,797818.44,b0
765271387,5,126871,0,0,26.93,93803.66,45.33,658732.69,b0
765283665,6,126917,0,0,26.76,93772.66,45.87,593967.50,b0
765268824,7,126963,0,0,26.82,93814.29,45.53,694237.31,b0
765287253,8,127009,0,0,26.63,93782.12,45.72,1044365.13,b0
765270362,1,127056,0,0,26.29,93783.00,47.56,827809.19,b0
765269850,2,127102,0,0,26.53,93795.42,46.29,523383.59,b0
765286747,3,127148,0,0,26.77,93813.69,45.62,413904.59,b0
765279836,4,127194,0,0,26.68,93768.11,45.41,791344.69,b0
765271387,5,127240,0,0,26.94,93803.57,45.31,660006.44,b0
765283665,6,127286,0,0,26.76,93771.10,45.86,591394.75,b0
765268824,7,127332,0,0,26.82,93815.04,45.52,694944.00,b0
765287253,8,127378,0,0,26.65,93784.54,45.69,1045965.25,b0
765270362,1,127425,0,0,26.31,93782.02,47.54,822324.81,b0
765269850,2,127471,0,0,26.54,93795.84,46.28,520987.03,b0
765286747,3,127517,0,0,26.79,93812.71,45.59,415163.19,b0
765279836,4,127563,0,0,26.69,93769.27,45.42,795958.00,b0
765271387,5,127609,0,0,26.95,93802.92,45.29,659368.94,b0
765283665,6,127655,0,0,26.77,93770.13,45.85,591394.75,b0
765268824,7,127702,0,0,26.83,93814.71,45.50,691424.69,b0
765287253,8,127748,0,0,26.65,93783.83,45.68,1034082.31,b0
765270362,1,127794,0,0,26.32,93783.40,47.53,821829.88,b0
765269850,2,127840,0,0,26.54,93793.54,46.27,522182.56,b0
765286747,3,127886,0,0,26.80,93813.30,45.58,415415.81,b0
765279836,4,127932,0,0,26.71,93771.53,45.40,792723.06,b0
765271387,5,127979,0,0,26.96,93804.44,45.30,655569.81,b0
765283665,6,128025,0,0,26.79,93771.74,45.84,589861.75,b0
765268824,7,128071,0,0,26.84,93814.05,45.49,687248.31,b0
765287253,8,128117,0,0,26.66,93783.38,45.67,1038013.19,b0
765270362,1,128163,0,0,26.33,93784.57,47.53,821335.50,b0
765269850,2,128209,0,0,26.55,93794.88,46.23,521384.94,b0
765286747,3,128255,0,0,26.81,93814.09,45.57,413653.81,b0
765279836,4,128302,0,0,26.72,93771.06,45.38,786784.50,b0
765271387,5,128348,0,0,26.97,93805.23,45.28,656831.31,b0
765283665,6,128394,0,0,26.79,93772.38,45.83,589861.75,b0
765268824,7,128440,0,0,26.86,93816.85,45.48,687940.88,b0
765287253,8,128486,0,0,26.67,93784.32,45.68,1038013.19,b0
765270362,1,128532,0,0,26.35,93782.17,47.50,819855.88,b0
765269850,2,128579,0,0,26.56,93795.09,46.22,519796.97,b0
765286747,3,128625,0,0,26.82,93813.78,45.56,413153.13,b0
765279836,4,128671,0,0,26.72,93771.30,45.37,787238.13,b0
765271387,5,128717,0,0,26.97,93802.04,45.27,654313.13,b0
765283665,6,128763,0,0,26.80,93771.04,45.81,588844.19,b0
765268824,7,128809,0,0,26.85,93815.40,45.46,687940.88,b0
765287253,8,128855,0,0,26.68,93784.01,45.65,1037224.63,b0
765270362,1,128902,0,0,26.36,93783.20,47.48,816424.19,b0
765269850,2,128948,0,0,26.57,93795.49,46.22,519401.47,b0
765286747,3,128994,0,0,26.83,93814.02,45.54,412404.34,b0
765279836,4,129040,0,0,26.73,93770.98,45.37,790428.38,b0
765271387,5,129086,0,0,26.99,93803.80,45.25,651192.38,b0
765283665,6,129132,0,0,26.81,93771.49,45.80,587324.38,b0
765268824,7,129178,0,0,26.86,93816.01,45.45,683806.38,b0
765287253,8,129224,0,0,26.69,93784.41,45.64,1030959.00,b0
765270362,1,129271,0,0,26.38,93782.77,47.47,815936.25,b0
765269850,2,129317,0,0,26.58,93795.96,46.21,515479.50,b0
765286747,3,129363,0,0,26.84,93814.23,45.52,411906.69,b0
765279836,4,129409,0,0,26.74,93770.18,45.35,788147.00,b0
765271387,5,129455,0,0,26.99,93803.63,45.25,650571.81,b0
765283665,6,129501,0,0,26.81,93770.42,45.78,588336.69,b0
765268824,7,129547,0,0,26.87,93815.13,45.44,679045.06,b0
765287253,8,129594,0,0,26.70,93781.80,45.63,1030959.00,b0
765270362,1,129640,0,0,26.39,93783.60,47.43,814476.06,b0
765269850,2,129686,0,0,26.59,93796.34,46.19,517433.06,b0
765286747,3,129732,0,0,26.85,93813.05,45.50,410667.75,b0
765279836,4,129778,0,0,26.75,93770.20,45.34,781828.56,b0
765271387,5,129824,0,0,26.99,93802.96,45.22,645649.44,b0
765283665,6,129871,0,0,26.83,93772.84,45.78,584808.69,b0
765268824,7,129917,0,0,26.88,93815.89,45.43,679721.19,b0
765287253,8,129963,0,0,26.71,93782.57,45.61,1021701.19,b0
765270362,1,130009,0,0,26.40,93781.21,47.44,813021.06,b0
765269850,2,130055,0,0,26.60,93796.97,46.18,516649.84,b0
765286747,3,130101,0,0,26.86,93814.52,45.50,410174.25,b0
765279836,4,130147,0,0,26.76,93771.73,45.30,785426.63,b0
765271387,5,130194,0,0,27.01,93803.26,45.23,645649.44,b0
765283665,6,130240,0,0,26.84,93773.23,45.77,582811.63,b0
765268824,7,130286,0,0,26.88,93815.01,45.41,676354.00,b0
765287253,8,130332,0,0,26.71,93784.35,45.61,1018652.06,b0
765270362,1,130378,0,0,26.41,93782.71,47.41,810126.56,b0
765269850,2,130424,0,0,26.61,93797.74,46.17,517825.53,b0
765286747,3,130471,0,0,26.87,93815.11,45.48,409927.94,b0
765279836,4,130517,0,0,26.76,93771.77,45.31,780487.81,b0
765271387,5,130563,0,0,27.01,93804.02,45.21,643216.06,b0
765283665,6,130609,0,0,26.85,93772.46,45.75,581818.19,b0
765268824,7,130655,0,0,26.89,93816.16,45.41,677024.81,b0
765287253,8,130701,0,0,26.72,93784.24,45.58,1022466.31,b0
765270362,1,130748,0,0,26.43,93783.71,47.40,812053.94,b0
765269850,2,130794,0,0,26.62,93798.86,46.15,512384.28,b0
765286747,3,130840,0,0,26.88,93813.91,45.47,409927.94,b0
765279836,4,130886,0,0,26.78,93772.21,45.30,781828.56,b0
765271387,5,130932,0,0,27.02,93804.84,45.21,645039.38,b0
765283665,6,130978,0,0,26.85,93773.44,45.73,582811.63,b0
765268824,7,131024,0,0,26.90,93816.19,45.38,672357.19,b0
765287253,8,131070,0,0,26.72,93781.94,45.58,1019412.63,b0
765270362,1,131117,0,0,26.43,93781.08,47.37,811089.13,b0
765269850,2,131163,0,0,26.63,93797.34,46.12,516259.13,b0
765286747,3,131209,0,0,26.88,93816.63,45.45,409681.94,b0
765279836,4,131255,0,0,26.78,93770.63,45.28,783623.50,b0
765271387,5,131301,0,0,27.02,93803.41,45.17,642006.25,b0
765283665,6,131347,0,0,26.85,93772.02,45.71,581818.19,b0
765268824,7,131393,0,0,26.90,93816.02,45.38,673020.06,b0
765287253,8,131439,0,0,26.73,93781.23,45.58,1020174.38,b0
765270362,1,131486,0,0,26.44,93782.71,47.36,809166.31,b0
765269850,2,131532,0,0,26.63,93798.77,46.13,517825.53,b0
765286747,3,131578,0,0,26.88,93814.30,45.42,409190.81,b0
765279836,4,131624,0,0,26.79,93772.46,45.27,777820.00,b0
765271387,5,131670,0,0,27.02,93802.85,45.18,642610.63,b0
765283665,6,131716,0,0,26.85,93771.67,45.71,581818.19,b0
765268824,7,131763,0,0,26.90,93816.59,45.34,672357.19,b0
765287253,8,131809,0,0,26.73,93781.23,45.55,1017892.63,b0
765270362,1,131855,0,0,26.45,93781.89,47.34,812053.94,b0
765269850,2,131901,0,0,26.63,93796.98,46.10,514314.41,b0
765286747,3,131947,0,0,26.89,93812.74,45.41,408945.69,b0
765279836,4,131993,0,0,26.79,93770.35,45.26,779596.50,b0
765271387,5,132040,0,0,27.02,93803.72,45.15,646260.63,b0
765283665,6,132086,0,0,26.86,93770.80,45.67,580828.13,b0
765268824,7,132132,0,0,26.91,93815.16,45.34,677024.81,b0
765287253,8,132178,0,0,26.73,93782.48,45.53,1020174.38,b0
765270362,1,132224,0,0,26.45,93781.76,47.32,808687.06,b0
765269850,2,132270,0,0,26.65,93798.51,46.07,513540.63,b0
765286747,3,132316,0,0,26.90,93814.56,45.38,409927.94,b0
765279836,4,132363,0,0,26.79,93771.27,45.24,781828.56,b0
765271387,5,132409,0,0,27.03,93804.16,45.14,644430.44,b0
765283665,6,132455,0,0,26.86,93772.48,45.67,579841.44,b0
765268824,7,132501,0,0,26.91,93815.73,45.36,667753.50,b0
765287253,8,132547,0,0,26.73,93783.22,45.52,1014112.38,b0
765270362,1,132593,0,0,26.47,93781.70,47.29,811571.25,b0
765269850,2,132640,0,0,26.65,93796.93,46.05,515869.03,b0
765286747,3,132686,0,0,26.91,93815.35,45.37,409190.81,b0
765279836,4,132732,0,0,26.79,93768.43,45.22,783174.00,b0
765271387,5,132778,0,0,27.03,93802.92,45.11,642006.25,b0
765283665,6,132824,0,0,26.86,93771.76,45.65,580828.13,b0
765268824,7,132870,0,0,26.91,93817.55,45.32,672357.19,b0
765287253,8,132916,0,0,26.74,93781.64,45.50,1020174.38,b0
765270362,1,132963,0,0,26.47,93781.05,47.27,810126.56,b0
765269850,2,133009,0,0,26.66,93797.54,46.06,516259.13,b0
765286747,3,133055,0,0,26.92,93816.30,45.37,407968.13,b0
765279836,4,133101,0,0,26.81,93770.31,45.22,776051.56,b0
765271387,5,133147,0,0,27.04,93805.52,45.09,641403.06,b0
765283665,6,133193,0,0,26.87,93772.07,45.64,581322.75,b0
765268824,7,133239,0,0,26.92,93815.05,45.32,671035.38,b0
765287253,8,133285,0,0,26.74,93781.48,45.47,1015621.13,b0
765270362,1,133332,0,0,26.50,93783.17,47.27,811571.25,b0
765269850,2,133378,0,0,26.68,93797.80,46.02,513927.22,b0
765286747,3,133424,0,0,26.93,93816.00,45.36,407968.13,b0
765279836,4,133470,0,0,26.81,93769.28,45.19,781381.13,b0
765271387,5,133516,0,0,27.04,93804.30,45.09,643216.06,b0
765283665,6,133562,0,0,26.87,93772.42,45.63,581818.19,b0
765268824,7,133608,0,0,26.92,93814.73,45.31,673684.19,b0
765287253,8,133655,0,0,26.74,93783.45,45.46,1015621.13,b0
765270362,1,133701,0,0,26.50,93780.38,47.25,812053.94,b0
765269850,2,133747,0,0,26.69,93798.08,46.00,514314.41,b0
765286747,3,133793,0,0,26.94,93813.40,45.33,409190.81,b0
765279836,4,133839,0,0,26.83,93771.01,45.17,783174.00,b0
765271387,5,133885,0,0,27.05,93805.23,45.08,643822.69,b0
765283665,6,133932,0,0,26.89,93773.66,45.63,581322.75,b0
765268824,7,133978,0,0,26.93,93814.61,45.29,676354.00,b0
765287253,8,134024,0,0,26.75,93781.90,45.45,1014112.38,b0
765270362,1,134070,0,0,26.52,93782.11,47.21,808687.06,b0
765269850,2,134116,0,0,26.70,93797.22,46.00,516649.84,b0
765286747,3,134162,0,0,26.96,93814.90,45.31,408945.69,b0
765279836,4,134208,0,0,26.84,93768.58,45.17,776051.56,b0
765271387,5,134255,0,0,27.06,93803.33,45.07,644430.44,b0
765283665,6,134301,0,0,26.89,93771.24,45.61,581322.75,b0
765268824,7,134347,0,0,26.94,93814.62,45.27,669718.75,b0
765287253,8,134393,0,0,26.75,93780.31,45.44,1017134.31,b0
765270362,1,134439,0,0,26.52,93780.75,47.19,813021.06,b0
765269850,2,134485,0,0,26.71,93798.55,45.98,514702.19,b0
765286747,3,134532,0,0,26.97,93815.66,45.30,408456.31,b0
765279836,4,134578,0,0,26.85,93770.10,45.15,779596.50,b0
765271387,5,134624,0,0,27.07,93802.21,45.06,644430.44,b0
765283665,6,134670,0,0,26.91,93771.96,45.59,584308.13,b0
765268824,7,134716,0,0,26.94,93815.55,45.27,671695.63,b0
765287253,8,134762,0,0,26.77,93783.06,45.45,1020937.19,b0
765270362,1,134809,0,0,26.54,93779.09,47.17,815448.94,b0
765269850,2,134855,0,0,26.71,93796.98,45.97,512000.00,b0
765286747,3,134901,0,0,26.98,93816.10,45.29,408945.69,b0
765279836,4,134947,0,0,26.86,93768.90,45.15,779151.63,b0
765271387,5,134993,0,0,27.08,93805.48,45.05,644430.44,b0
765283665,6,135039,0,0,26.91,93770.95,45.59,582314.50,b0
765268824,7,135085,0,0,26.95,93816.14,45.26,668407.31,b0
765287253,8,135131,0,0,26.78,93781.34,45.43,1017892.63,b0
765270362,1,135178,0,0,26.55,93779.88,47.15,808687.06,b0
765269850,2,135224,0,0,26.73,93798.84,45.95,512384.28,b0
765286747,3,135270,0,0,26.98,93814.17,45.29,408945.69,b0
765279836,4,135316,0,0,26.86,93769.29,45.12,780934.25,b0
765271387,5,135362,0,0,27.08,93804.47,45.03,646260.63,b0
765283665,6,135408,0,0,26.92,93770.87,45.55,583309.63,b0
765268824,7,135454,0,0,26.95,93813.45,45.26,669062.38,b0
765287253,8,135500,0,0,26.78,93778.87,45.41,1018652.06,b0
765270362,1,135547,0,0,26.56,93780.84,47.14,819363.88,b0
765269850,2,135593,0,0,26.73,93798.36,45.94,512384.28,b0
765286747,3,135639,0,0,27.00,93815.50,45.26,408700.84,b0
765279836,4,135685,0,0,26.87,93770.23,45.12,777377.13,b0
765271387,5,135731,0,0,27.09,93804.34,45.01,643216.06,b0
765283665,6,135777,0,0,26.93,93771.01,45.56,581818.19,b0
765268824,7,135824,0,0,26.97,93815.34,45.21,665151.00,b0
765287253,8,135870,0,0,26.80,93782.34,45.39,1015621.13,b0
765270362,1,135916,0,0,26.57,93781.33,47.13,814476.06,b0
765269850,2,135962,0,0,26.73,93798.90,45.93,514314.41,b0
765286747,3,136008,0,0,27.01,93816.09,45.25,408945.69,b0
765279836,4,136054,0,0,26.88,93769.55,45.11,776934.75,b0
765271387,5,136100,0,0,27.08,93803.04,45.00,642610.63,b0
765283665,6,136147,0,0,26.93,93771.19,45.54,580828.13,b0
765268824,7,136193,0,0,26.98,93816.30,45.22,665799.75,b0
765287253,8,136239,0,0,26.81,93780.97,45.40,1009613.00,b0
765270362,1,136285,0,0,26.58,93782.07,47.11,812537.19,b0
765269850,2,136331,0,0,26.73,93797.48,45.89,515090.53,b0
765286747,3,136377,0,0,27.01,93815.20,45.22,409436.22,b0
765279836,4,136424,0,0,26.87,93769.01,45.09,780487.81,b0
765271387,5,136470,0,0,27.09,93802.91,44.99,641403.06,b0
765283665,6,136516,0,0,26.94,93772.72,45.51,583309.63,b0
765268824,7,136562,0,0,26.98,93815.39,45.19,664503.56,b0
765287253,8,136608,0,0,26.81,93782.39,45.37,1011108.38,b0
765270362,1,136654,0,0,26.57,93781.33,47.08,813021.06,b0
765269850,2,136701,0,0,26.74,93798.55,45.86,514702.19,b0
765286747,3,136747,0,0,27.02,93815.59,45.24,409190.81,b0
765279836,4,136793,0,0,26.89,93771.11,45.06,782725.00,b0
765271387,5,136839,0,0,27.10,93804.57,44.97,642610.63,b0
765283665,6,136885,0,0,26.94,93771.80,45.52,582811.63,b0
765268824,7,136931,0,0,26.98,93815.23,45.19,667753.50,b0
765287253,8,136977,0,0,26.82,93781.56,45.36,1013359.75,b0
765270362,1,137024,0,0,26.58,93780.63,47.07,813505.44,b0
765269850,2,137070,0,0,26.74,93797.68,45.86,512769.16,b0
765286747,3,137116,0,0,27.02,93814.91,45.21,409681.94,b0
765279836,4,137162,0,0,26.90,93770.05,45.07,781381.13,b0
765271387,5,137208,0,0,27.09,93802.38,44.98,639600.25,b0
765283665,6,137254,0,0,26.95,93771.90,45.49,584308.13,b0
765268824,7,137300,0,0,26.98,93815.07,45.18,664503.56,b0
765287253,8,137346,0,0,26.83,93782.16,45.36,1006635.56,b0
765270362,1,137393,0,0,26.58,93779.59,47.04,808687.06,b0
765269850,2,137439,0,0,26.74,93798.20,45.84,516259.13,b0
765286747,3,137485,0,0,27.03,93816.74,45.17,410420.84,b0
765279836,4,137531,0,0,26.90,93769.75,45.05,780934.25,b0
765271387,5,137577,0,0,27.10,93803.70,44.96,640801.00,b0
765283665,6,137623,0,0,26.95,93771.43,45.48,582314.50,b0
765268824,7,137669,0,0,26.99,93815.09,45.17,662568.75,b0
765287253,8,137716,0,0,26.84,93781.98,45.35,1007378.25,b0
765270362,1,137762,0,0,26.58,93780.48,47.04,816912.63,b0
765269850,2,137808,0,0,26.74,93797.84,45.84,516649.84,b0
765286747,3,137854,0,0,27.04,93815.02,45.16,410667.75,b0
765279836,4,137900,0,0,26.91,93771.22,45.03,780934.25,b0
765271387,5,137946,0,0,27.11,93804.66,44.96,643216.06,b0
765283665,6,137992,0,0,26.96,93770.95,45.48,582314.50,b0
765268824,7,138039,0,0,26.99,93816.75,45.16,663212.44,b0
765287253,8,138085,0,0,26.84,93779.88,45.36,1011108.38,b0
765270362,1,138131,0,0,26.59,93780.95,47.02,819363.88,b0
765269850,2,138177,0,0,26.74,93798.41,45.83,515090.53,b0
765286747,3,138223,0,0,27.05,93815.95,45.15,410667.75,b0
765279836,4,138269,0,0,26.91,93769.09,45.04,783623.50,b0
765271387,5,138316,0,0,27.11,93803.29,44.95,644430.44,b0
765283665,6,138362,0,0,26.97,93772.37,45.48,580828.13,b0
765268824,7,138408,0,0,27.00,93817.15,45.15,669062.38,b0
765287253,8,138454,0,0,26.85,93781.88,45.34,1009613.00,b0
765270362,1,138500,0,0,26.59,93780.77,47.02,817401.69,b0
765269850,2,138546,0,0,26.75,93800.09,45.84,516649.84,b0
765286747,3,138593,0,0,27.06,93814.39,45.15,411162.41,b0
765279836,4,138639,0,0,26.92,93770.59,45.03,785426.63,b0
765271387,5,138685,0,0,27.13,93805.89,44.95,642006.25,b0
765283665,6,138731,0,0,26.98,93771.91,45.47,583808.44,b0
765268824,7,138777,0,0,27.01,93816.48,45.14,662568.75,b0
765287253,8,138823,0,0,26.87,93783.21,45.32,1008122.06,b0
765270362,1,138870,0,0,26.60,93780.14,46.99,818381.63,b0
765269850,2,138916,0,0,26.76,93798.16,45.82,517825.53,b0
765286747,3,138962,0,0,27.07,93815.89,45.14,414658.84,b0
765279836,4,139008,0,0,26.93,93768.70,45.00,785878.75,b0
765271387,5,139054,0,0,27.13,93803.59,44.93,642006.25,b0
765283665,6,139100,0,0,27.00,93773.51,45.45,583309.63,b0
765268824,7,139146,0,0,27.02,93816.55,45.14,661285.13,b0
765287253,8,139192,0,0,26.87,93781.96,45.29,1005893.94,b0
765270362,1,139239,0,0,26.60,93781.20,46.96,818381.63,b0
765269850,2,139285,0,0,26.76,93798.71,45.82,518612.31,b0
765286747,3,139331,0,0,27.08,93814.52,45.11,416175.56,b0
765279836,4,139377,0,0,26.94,93769.13,45.00,785426.63,b0
765271387,5,139423,0,0,27.15,93803.59,44.94,644430.44,b0
765283665,6,139469,0,0,27.00,93773.19,45.44,581322.75,b0
765268824,7,139515,0,0,27.02,93816.93,45.14,660645.19,b0
765287253,8,139561,0,0,26.88,93780.77,45.31,1000000.00,b0
765270362,1,139608,0,0,26.62,93781.65,46.97,816424.19,b0
765269850,2,139654,0,0,26.77,93797.19,45.78,517825.53,b0
765286747,3,139700,0,0,27.08,93814.20,45.10,411658.28,b0
765279836,4,139746,0,0,26.95,93769.75,45.00,787238.13,b0
765271387,5,139792,0,0,27.15,93804.29,44.92,643216.06,b0
765283665,6,139838,0,0,27.01,93772.29,45.43,581322.75,b0
765268824,7,139885,0,0,27.03,93818.43,45.11,658732.69,b0
765287253,8,139931,0,0,26.89,93782.41,45.30,1000000.00,b0
765270362,1,139977,0,0,26.62,93780.10,46.95,820348.50,b0
765269850,2,140023,0,0,26.78,93797.94,45.79,518612.31,b0
765286747,3,140069,0,0,27.09,93815.13,45.08,411906.69,b0
765279836,4,140115,0,0,26.96,93771.09,44.99,784975.06,b0
765271387,5,140161,0,0,27.15,93804.33,44.91,643822.69,b0
765283665,6,140208,0,0,27.02,93773.65,45.44,580334.38,b0
765268824,7,140254,0,0,27.04,93818.13,45.12,657463.88,b0
765287253,8,140300,0,0,26.89,93780.15,45.30,995624.69,b0
765270362,1,140346,0,0,26.64,93782.38,46.96,818381.63,b0
765269850,2,140392,0,0,26.79,93797.46,45.77,519401.47,b0
765286747,3,140438,0,0,27.11,93814.71,45.08,411906.69,b0
765279836,4,140485,0,0,26.97,93769.70,44.96,786331.38,b0
765271387,5,140531,0,0,27.16,93803.19,44.91,640200.06,b0
765283665,6,140577,0,0,27.03,93772.12,45.43,581322.75,b0
765268824,7,140623,0,0,27.04,93816.85,45.11,654313.13,b0
765287253,8,140669,0,0,26.91,93781.64,45.28,994174.75,b0
765270362,1,140715,0,0,26.66,93782.70,46.93,819363.88,b0
765269850,2,140762,0,0,26.80,93797.91,45.79,520987.03,b0
765286747,3,140808,0,0,27.11,93815.96,45.06,410420.84,b0
765279836,4,140854,0,0,26.97,93771.70,44.96,782725.00,b0
765271387,5,140900,0,0,27.17,93805.06,44.91,636024.88,b0
765283665,6,140946,0,0,27.04,93771.35,45.41,578367.69,b0
765268824,7,140992,0,0,27.05,93816.53,45.10,652437.06,b0
765287253,8,141038,0,0,26.91,93782.19,45.27,991287.50,b0
765270362,1,141085,0,0,26.66,93782.02,46.92,818381.63,b0
765269850,2,141131,0,0,26.81,93797.45,45.77,517433.06,b0
765286747,3,141177,0,0,27.13,93816.20,45.07,410914.94,b0
765279836,4,141223,0,0,26.99,93770.36,44.97,780934.25,b0
765271387,5,141269,0,0,27.18,93804.77,44.87,636617.94,b0
765283665,6,141315,0,0,27.04,93773.00,45.40,577878.13,b0
765268824,7,141361,0,0,27.06,93816.23,45.09,648717.13,b0
765287253,8,141407,0,0,26.92,93782.59,45.25,982018.69,b0
765270362,1,141454,0,0,26.68,93783.19,46.90,820348.50,b0
765269850,2,141500,0,0,26.82,93799.64,45.74,517041.16,b0
765286747,3,141546,0,0,27.13,93813.74,45.06,409681.94,b0
765279836,4,141592,0,0,26.99,93769.64,44.95,781828.56,b0
765271387,5,141638,0,0,27.19,93805.38,44.87,631903.75,b0
765283665,6,141684,0,0,27.06,93773.88,45.39,576414.31,b0
765268824,7,141730,0,0,27.06,93816.42,45.08,647486.56,b0
765287253,8,141777,0,0,26.92,93780.47,45.25,980608.06,b0
765270362,1,141823,0,0,26.68,93780.94,46.88,822324.81,b0
765269850,2,141869,0,0,26.84,93799.01,45.75,519401.47,b0
765286747,3,141915,0,0,27.15,93817.75,45.03,415163.19,b0
765279836,4,141961,0,0,27.00,93770.96,44.91,783623.50,b0
765271387,5,142007,0,0,27.19,93805.40,44.89,630736.06,b0
765283665,6,142054,0,0,27.07,93773.27,45.37,570632.50,b0
765268824,7,142100,0,0,27.07,93814.84,45.09,645039.38,b0
765287253,8,142146,0,0,26.93,93782.48,45.24,979904.31,b0
765270362,1,142192,0,0,26.70,93782.47,46.87,811089.13,b0
765269850,2,142238,0,0,26.84,93796.74,45.74,518612.31,b0
765286747,3,142284,0,0,27.15,93816.18,45.00,411162.41,b0
765279836,4,142331,0,0,27.01,93770.50,44.93,779596.50,b0
765271387,5,142377,0,0,27.21,93805.87,44.87,632489.19,b0
765283665,6,142423,0,0,27.07,93773.70,45.34,571588.06,b0
765268824,7,142469,0,0,27.07,93817.03,45.08,641403.06,b0
765287253,8,142515,0,0,26.94,93781.44,45.22,972921.63,b0
765270362,1,142561,0,0,26.71,93782.40,46.86,816424.19,b0
765269850,2,142607,0,0,26.85,93797.32,45.74,513540.63,b0
765286747,3,142654,0,0,27.17,93817.16,45.00,408945.69,b0
765279836,4,142700,0,0,27.02,93770.97,44.90,775170.31,b0
765271387,5,142746,0,0,27.22,93806.85,44.86,630153.88,b0
765283665,6,142792,0,0,27.07,93773.52,45.33,572067.06,b0
765268824,7,142838,0,0,27.08,93816.18,45.08,642006.25,b0
765287253,8,142884,0,0,26.94,93781.28,45.20,970156.31,b0
765270362,1,142931,0,0,26.72,93780.88,46.83,815448.94,b0
765269850,2,142977,0,0,26.85,93797.70,45.69,513154.59,b0
765286747,3,143023,0,0,27.17,93814.50,44.99,407724.47,b0
765279836,4,143069,0,0,27.02,93770.26,44.89,772976.06,b0
765271387,5,143115,0,0,27.22,93806.50,44.84,628992.63,b0
765283665,6,143161,0,0,27.08,93771.62,45.33,567784.88,b0
765268824,7,143207,0,0,27.08,93814.40,45.06,643216.06,b0
765287253,8,143253,0,0,26.95,93782.39,45.18,972228.81,b0
765270362,1,143300,0,0,26.73,93782.53,46.83,813505.44,b0
765269850,2,143346,0,0,26.87,93799.79,45.70,512000.00,b0
765286747,3,143392,0,0,27.17,93816.30,44.97,412155.38,b0
765279836,4,143438,0,0,27.02,93770.46,44.86,772101.81,b0
765271387,5,143484,0,0,27.22,93805.97,44.83,624961.88,b0
765283665,6,143530,0,0,27.08,93772.02,45.32,571588.06,b0
765268824,7,143576,0,0,27.09,93816.40,45.04,640801.00,b0
765287253,8,143622,0,0,26.94,93782.36,45.17,977799.00,b0
765270362,1,143669,0,0,26.74,93781.71,46.80,813505.44,b0
765269850,2,143715,0,0,26.88,93798.76,45.67,514702.19,b0
765286747,3,143761,0,0,27.18,93815.09,44.97,408945.69,b0
765279836,4,143807,0,0,27.03,93771.59,44.85,770794.13,b0
765271387,5,143853,0,0,27.22,93804.92,44.81,624390.25,b0
765283665,6,143899,0,0,27.08,93774.01,45.30,569205.13,b0
765268824,7,143946,0,0,27.09,93815.48,45.02,640801.00,b0
765287253,8,143992,0,0,26.94,93781.12,45.17,971537.00,b0
765270362,1,144038,0,0,26.73,93782.21,46.79,811571.25,b0
765269850,2,144084,0,0,26.88,93798.09,45.67,515869.03,b0
765286747,3,144130,0,0,27.19,93816.56,44.92,410914.94,b0
765279836,4,144176,0,0,27.05,93770.45,44.83,777820.00,b0
765271387,5,144223,0,0,27.22,93806.34,44.80,628992.63,b0
765283665,6,144269,0,0,27.08,93773.12,45.31,572067.06,b0
765268824,7,144315,0,0,27.09,93817.49,45.03,642006.25,b0
765287253,8,144361,0,0,26.94,93781.81,45.16,973615.38,b0
765270362,1,144407,0,0,26.75,93781.95,46.77,819363.88,b0
765269850,2,144453,0,0,26.89,93797.41,45.67,516649.84,b0
765286747,3,144499,0,0,27.21,93817.02,44.93,407724.47,b0
765279836,4,144546,0,0,27.06,93771.94,44.83,772101.81,b0
765271387,5,144592,0,0,27.22,93805.84,44.77,628992.63,b0
765283665,6,144638,0,0,27.09,93773.69,45.27,569680.13,b0
765268824,7,144684,0,0,27.09,93816.05,44.99,642610.63,b0
765287253,8,144730,0,0,26.94,93782.52,45.12,977099.25,b0
765270362,1,144776,0,0,26.75,93782.34,46.76,816424.19,b0
765269850,2,144823,0,0,26.90,93798.39,45.64,515090.53,b0
765286747,3,144869,0,0,27.21,93814.88,44.89,411658.28,b0
765279836,4,144915,0,0,27.06,93769.98,44.83,773852.25,b0
765271387,5,144961,0,0,27.23,93805.51,44.79,632489.19,b0
765283665,6,145007,0,0,27.09,93772.28,45.27,574474.06,b0
765268824,7,145053,0,0,27.10,93816.28,45.00,648101.25,b0
765287253,8,145099,0,0,26.95,93784.51,45.11,990568.31,b0
765270362,1,145146,0,0,26.75,93782.69,46.71,818872.44,b0
765269850,2,145192,0,0,26.90,93797.66,45.63,512384.28,b0
765286747,3,145238,0,0,27.21,93816.32,44.90,411410.22,b0
765279836,4,145284,0,0,27.06,93770.71,44.79,773852.25,b0
765271387,5,145330,0,0,27.23,93805.70,44.75,630736.06,b0
765283665,6,145376,0,0,27.10,93773.08,45.26,573027.44,b0
765268824,7,145422,0,0,27.10,93815.92,44.98,645039.38,b0
765287253,8,145468,0,0,26.94,93782.01,45.11,979201.50,b0
765270362,1,145515,0,0,26.75,93782.00,46.72,825307.25,b0
765269850,2,145561,0,0,26.91,93798.23,45.61,516649.84,b0
765286747,3,145607,0,0,27.20,93816.30,44.87,413904.59,b0
765279836,4,145653,0,0,27.06,93771.08,44.78,778707.25,b0
765271387,5,145699,0,0,27.24,93805.77,44.76,633075.75,b0
765283665,6,145745,0,0,27.10,93772.02,45.23,573508.81,b0
765268824,7,145791,0,0,27.10,93815.76,44.96,644430.44,b0
765287253,8,145838,0,0,26.95,93782.02,45.10,992729.06,b0
765270362,1,145884,0,0,26.75,93780.38,46.68,821335.50,b0
765269850,2,145930,0,0,26.91,93799.13,45.60,515869.03,b0
765286747,3,145976,0,0,27.20,93815.56,44.84,410914.94,b0
765279836,4,146022,0,0,27.06,93770.53,44.77,780934.25,b0
765271387,5,146068,0,0,27.24,93806.72,44.75,632489.19,b0
765283665,6,146114,0,0,27.10,93771.70,45.23,574957.88,b0
765268824,7,146161,0,0,27.11,93819.42,44.96,649952.38,b0
765287253,8,146207,0,0,26.95,93782.05,45.08,985563.06,b0
765270362,1,146253,0,0,26.76,93782.61,46.67,819363.88,b0
765269850,2,146299,0,0,26.91,93799.53,45.58,517433.06,b0
765286747,3,146345,0,0,27.20,93816.80,44.83,413653.81,b0
765279836,4,146391,0,0,27.06,93770.52,44.77,776492.88,b0
765271387,5,146438,0,0,27.25,93806.38,44.72,633663.38,b0
765283665,6,146484,0,0,27.11,93773.59,45.21,577389.31,b0
765268824,7,146530,0,0,27.12,93815.12,44.95,648717.13,b0
765287253,8,146576,0,0,26.96,93782.97,45.05,985563.06,b0
765270362,1,146622,0,0,26.76,93781.01,46.65,824310.75,b0
765269850,2,146668,0,0,26.91,93798.30,45.55,521783.44,b0
765286747,3,146715,0,0,27.20,93815.91,44.81,415415.81,b0
765279836,4,146761,0,0,27.06,93769.80,44.75,781381.13,b0
765271387,5,146807,0,0,27.25,93805.89,44.68,636617.94,b0
765283665,6,146853,0,0,27.10,93772.10,45.21,573991.06,b0
765268824,7,146899,0,0,27.11,93815.08,44.92,648101.25,b0
765287253,8,146945,0,0,26.96,93782.79,45.04,986987.94,b0
765270362,1,146992,0,0,26.75,93781.11,46.62,831337.50,b0
765269850,2,147038,0,0,26.92,93799.58,45.54,520193.03,b0
765286747,3,147084,0,0,27.20,93816.65,44.79,409927.94,b0
765279836,4,147130,0,0,27.06,93771.81,44.74,785878.75,b0
765271387,5,147176,0,0,27.25,93806.09,44.69,636024.88,b0
765283665,6,147222,0,0,27.11,93773.77,45.18,580334.38,b0
765268824,7,147268,0,0,27.11,93816.34,44.93,649952.38,b0
765287253,8,147314,0,0,26.96,93782.06,45.03,995624.69,b0
765270362,1,147361,0,0,26.77,93783.72,46.59,824808.69,b0
765269850,2,147407,0,0,26.92,93798.69,45.52,522182.56,b0
765286747,3,147453,0,0,27.20,93816.47,44.77,413653.81,b0
765279836,4,147499,0,0,27.07,93770.41,44.72,784524.06,b0
765271387,5,147545,0,0,27.25,93807.34,44.69,638404.00,b0
765283665,6,147591,0,0,27.11,93772.66,45.16,580334.38,b0
765268824,7,147637,0,0,27.11,93815.41,44.89,651814.13,b0
765287253,8,147683,0,0,26.95,93783.30,45.02,1001467.00,b0
765270362,1,147730,0,0,26.77,93783.02,46.58,831337.50,b0
765269850,2,147776,0,0,26.93,93799.10,45.51,521384.94,b0
765286747,3,147822,0,0,27.20,93815.22,44.76,412404.34,b0
765279836,4,147868,0,0,27.07,93771.13,44.69,783623.50,b0
765271387,5,147914,0,0,27.25,93806.61,44.66,639001.56,b0
765283665,6,147960,0,0,27.11,93773.95,45.14,580334.38,b0
765268824,7,148006,0,0,27.10,93815.41,44.88,654940.81,b0
765287253,8,148053,0,0,26.96,93782.42,45.01,999268.13,b0
765270362,1,148099,0,0,26.77,93782.32,46.58,829317.69,b0
765269850,2,148145,0,0,26.94,93800.23,45.49,522582.28,b0
765286747,3,148191,0,0,27.21,93815.46,44.73,413153.13,b0
765279836,4,148237,0,0,27.08,93772.09,44.68,785878.75,b0
765271387,5,148283,0,0,27.25,93806.08,44.66,641403.06,b0
765283665,6,148330,0,0,27.11,93772.13,45.13,584308.13,b0
765268824,7,148376,0,0,27.11,93816.91,44.86,653686.56,b0
765287253,8,148422,0,0,26.95,93781.15,44.99,1005153.38,b0
765270362,1,148468,0,0,26.77,93781.95,46.54,828311.44,b0
765269850,2,148514,0,0,26.95,93800.66,45.47,522982.63,b0
765286747,3,148560,0,0,27.22,93814.59,44.71,415415.81,b0
765279836,4,148607,0,0,27.09,93770.59,44.66,786784.50,b0
765271387,5,148653,0,0,27.26,93806.88,44.63,642610.63,b0
765283665,6,148699,0,0,27.11,93772.73,45.12,581322.75,b0
765268824,7,148745,0,0,27.11,93815.45,44.84,653686.56,b0
765287253,8,148791,0,0,26.96,93782.28,44.98,999268.13,b0
765270362,1,148837,0,0,26.77,93781.79,46.55,830831.63,b0
765269850,2,148883,0,0,26.95,93798.17,45.43,524590.19,b0
765286747,3,148930,0,0,27.23,93815.74,44.72,415922.00,b0
765279836,4,148976,0,0,27.10,93770.99,44.64,788147.00,b0
765271387,5,149022,0,0,27.26,93805.98,44.63,646260.63,b0
765283665,6,149068,0,0,27.12,93773.91,45.10,584808.69,b0
765268824,7,149114,0,0,27.12,93815.87,44.85,660006.44,b0
765287253,8,149160,0,0,26.97,93782.30,44.96,1001467.00,b0
765270362,1,149207,0,0,26.78,93781.34,46.51,835918.38,b0
765269850,2,149253,0,0,26.96,93799.83,45.44,522982.63,b0
765286747,3,149299,0,0,27.24,93817.23,44.69,418985.28,b0
765279836,4,149345,0,0,27.11,93771.45,44.63,792263.06,b0
765271387,5,149391,0,0,27.27,93804.98,44.60,646260.63,b0
765283665,6,149437,0,0,27.12,93774.12,45.09,584808.69,b0
765268824,7,149483,0,0,27.12,93815.70,44.83,656199.94,b0
765287253,8,149529,0,0,26.97,93782.86,44.96,1004413.94,b0
765270362,1,149576,0,0,26.78,93780.83,46.50,832858.88,b0
765269850,2,149622,0,0,26.97,93800.24,45.42,527835.06,b0
765286747,3,149668,0,0,27.26,93817.30,44.68,414155.72,b0
765279836,4,149714,0,0,27.11,93770.53,44.61,789514.25,b0
765271387,5,149760,0,0,27.28,93807.53,44.59,649952.38,b0
765283665,6,149806,0,0,27.13,93772.27,45.07,586315.50,b0
765268824,7,149852,0,0,27.13,93816.66,44.83,662568.75,b0
765287253,8,149898,0,0,26.97,93782.69,44.94,1008122.06,b0
765270362,1,149945,0,0,26.79,93781.93,46.48,831337.50,b0
765269850,2,149991,0,0,26.97,93799.91,45.41,527427.25,b0
765286747,3,150037,0,0,27.26,93815.53,44.66,415415.81,b0
765279836,4,150083,0,0,27.12,93771.70,44.60,797352.56,b0
765271387,5,150129,0,0,27.28,93808.30,44.58,646873.00,b0
765283665,6,150175,0,0,27.14,93772.54,45.06,587324.38,b0
765268824,7,150222,0,0,27.14,93815.23,44.80,663857.38,b0
765287253,8,150268,0,0,26.98,93783.61,44.94,1012608.19,b0
765270362,1,150314,0,0,26.79,93780.48,46.46,839516.31,b0
765269850,2,150360,0,0,26.98,93798.88,45.39,528243.50,b0
765286747,3,150406,0,0,27.26,93816.45,44.65,418471.59,b0
765279836,4,150452,0,0,27.13,93770.33,44.57,795494.25,b0
765271387,5,150498,0,0,27.29,93806.38,44.58,649334.19,b0
765283665,6,150545,0,0,27.16,93773.60,45.05,585310.06,b0
765268824,7,150591,0,0,27.13,93814.67,44.80,663857.38,b0
765287253,8,150637,0,0,26.98,93782.56,44.90,1007378.25,b0
765270362,1,150683,0,0,26.80,93783.43,46.43,836430.44,b0
765269850,2,150729,0,0,26.98,93799.03,45.38,530707.44,b0
765286747,3,150775,0,0,27.26,93816.43,44.62,420275.00,b0
765279836,4,150822,0,0,27.13,93770.14,44.57,795031.06,b0
765271387,5,150868,0,0,27.29,93805.68,44.56,649952.38,b0
765283665,6,150914,0,0,27.15,93772.45,45.03,587324.38,b0
765268824,7,150960,0,0,27.14,93815.05,44.78,663857.38,b0
765287253,8,151006,0,0,26.98,93783.62,44.90,1010360.13,b0
765270362,1,151052,0,0,26.79,93784.07,46.44,842105.25,b0
765269850,2,151099,0,0,26.97,93798.50,45.37,530707.44,b0
765286747,3,151145,0,0,27.26,93816.24,44.62,419500.22,b0
765279836,4,151191,0,0,27.13,93770.51,44.55,798751.94,b0
765271387,5,151237,0,0,27.30,93806.30,44.54,653061.25,b0
765283665,6,151283,0,0,27.15,93772.48,45.02,589861.75,b0
765268824,7,151329,0,0,27.14,93816.33,44.77,665151.00,b0
765287253,8,151375,0,0,26.98,93782.02,44.89,1014866.19,b0
765270362,1,151422,0,0,26.79,93781.20,46.44,842105.25,b0
765269850,2,151468,0,0,26.97,93798.99,45.36,529062.25,b0
765286747,3,151514,0,0,27.27,93815.93,44.59,421833.16,b0
765279836,4,151560,0,0,27.14,93770.93,44.56,797818.44,b0
765271387,5,151606,0,0,27.29,93804.30,44.54,654313.13,b0
765283665,6,151652,0,0,27.16,93773.11,44.99,588844.19,b0
765268824,7,151698,0,0,27.14,93816.35,44.77,666449.75,b0
765287253,8,151744,0,0,26.99,93782.26,44.91,1010360.13,b0
765270362,1,151791,0,0,26.78,93782.96,46.40,840550.00,b0
765269850,2,151837,0,0,26.98,93798.17,45.35,529883.56,b0
765286747,3,151883,0,0,27.27,93814.50,44.57,420793.09,b0
765279836,4,151929,0,0,27.14,93772.34,44.52,801565.56,b0
765271387,5,151975,0,0,27.30,93806.70,44.51,652437.06,b0
765283665,6,152021,0,0,27.16,93773.34,44.99,591394.75,b0
765268824,7,152067,0,0,27.14,93815.09,44.76,665799.75,b0
765287253,8,152114,0,0,26.99,93781.72,44.87,1020937.19,b0
765270362,1,152160,0,0,26.78,93781.85,46.39,838485.19,b0
765269850,2,152206,0,0,26.98,93799.23,45.33,528652.56,b0
765286747,3,152252,0,0,27.27,93818.62,44.57,417703.44,b0
765279836,4,152298,0,0,27.14,93773.08,44.51,800625.50,b0
765271387,5,152344,0,0,27.31,93806.89,44.53,653686.56,b0
765283665,6,152391,0,0,27.16,93773.30,44.99,590882.88,b0
765268824,7,152437,0,0,27.15,93815.65,44.75,665151.00,b0
765287253,8,152483,0,0,26.99,93782.28,44.89,1021701.19,b0
765270362,1,152529,0,0,26.78,93781.18,46.41,840550.00,b0
765269850,2,152575,0,0,26.98,93797.46,45.32,528652.56,b0
765286747,3,152621,0,0,27.27,93815.93,44.56,419500.22,b0
765279836,4,152668,0,0,27.14,93771.48,44.51,802979.81,b0
765271387,5,152714,0,0,27.31,93806.56,44.52,654940.81,b0
765283665,6,152760,0,0,27.16,93774.05,44.98,590371.88,b0
765268824,7,152806,0,0,27.15,93814.59,44.74,666449.75,b0
765287253,8,152852,0,0,27.00,93782.11,44.86,1015621.13,b0
765270362,1,152898,0,0,26.80,93782.94,46.41,841586.19,b0
765269850,2,152944,0,0,26.99,93800.20,45.32,531948.06,b0
765286747,3,152991,0,0,27.27,93817.21,44.58,423665.69,b0
765279836,4,153037,0,0,27.15,93772.23,44.50,798751.94,b0
765271387,5,153083,0,0,27.31,93806.24,44.52,653061.25,b0
765283665,6,153129,0,0,27.16,93772.10,44.98,592421.19,b0
765268824,7,153175,0,0,27.16,93816.45,44.74,669718.75,b0
765287253,8,153221,0,0,27.01,93781.28,44.85,1024768.56,b0
765270362,1,153268,0,0,26.80,93781.16,46.42,842625.00,b0
765269850,2,153314,0,0,27.00,93800.06,45.33,530707.44,b0
765286747,3,153360,0,0,27.27,93815.26,44.59,419758.16,b0
765279836,4,153406,0,0,27.15,93770.99,44.51,800156.25,b0
765271387,5,153452,0,0,27.32,93807.23,44.52,655569.81,b0
765283665,6,153498,0,0,27.17,93773.21,44.98,595521.94,b0
765268824,7,153544,0,0,27.17,93817.59,44.75,666449.75,b0
765287253,8,153590,0,0,27.01,93780.75,44.87,1026309.19,b0
765270362,1,153637,0,0,26.80,93781.13,46.42,844710.25,b0
765269850,2,153683,0,0,27.00,93800.10,45.33,532362.88,b0
765286747,3,153729,0,0,27.28,93816.52,44.57,424192.22,b0
765279836,4,153775,0,0,27.15,93769.61,44.49,801095.25,b0
765271387,5,153821,0,0,27.33,93808.38,44.51,656199.94,b0
765283665,6,153867,0,0,27.18,93774.09,44.97,593451.19,b0
765268824,7,153913,0,0,27.17,93816.88,44.74,669062.38,b0
765287253,8,153959,0,0,27.01,93781.45,44.87,1026309.19,b0
765270362,1,154006,0,0,26.80,93780.78,46.43,845756.75,b0
765269850,2,154052,0,0,27.01,93799.78,45.31,533194.50,b0
765286747,3,154098,0,0,27.28,93816.38,44.59,423928.78,b0
765279836,4,154144,0,0,27.16,93772.87,44.52,802036.44,b0
765271387,5,154190,0,0,27.32,93805.45,44.51,658097.69,b0
765283665,6,154236,0,0,27.18,93772.80,44.98,593967.50,b0
765268824,7,154283,0,0,27.17,93817.79,44.73,673020.06,b0
765287253,8,154329,0,0,27.01,93781.10,44.86,1027854.44,b0
765270362,1,154375,0,0,26.81,93783.52,46.42,843666.31,b0
765269850,2,154421,0,0,27.01,93800.68,45.32,533194.50,b0
765286747,3,154467,0,0,27.28,93815.48,44.59,425249.16,b0
765279836,4,154513,0,0,27.16,93771.09,44.50,806299.19,b0
765271387,5,154560,0,0,27.33,93806.21,44.49,660006.44,b0
765283665,6,154606,0,0,27.19,93773.97,44.98,593967.50,b0
765268824,7,154652,0,0,27.17,93816.68,44.74,674349.69,b0
765287253,8,154698,0,0,27.01,93782.70,44.86,1022466.31,b0
765270362,1,154744,0,0,26.79,93781.25,46.39,850498.31,b0
765269850,2,154790,0,0,27.01,93799.05,45.31,534865.50,b0
765286747,3,154836,0,0,27.28,93815.45,44.57,424984.44,b0
765279836,4,154883,0,0,27.16,93770.38,44.49,805823.31,b0
765271387,5,154929,0,0,27.32,93806.65,44.49,660645.19,b0
765283665,6,154975,0,0,27.18,93773.88,44.96,598130.81,b0
765268824,7,155021,0,0,27.15,93815.70,44.73,675016.50,b0
765287253,8,155067,0,0,26.99,93781.55,44.84,1029404.38,b0
765270362,1,155113,0,0,26.79,93781.58,46.41,848384.44,b0
765269850,2,155160,0,0,27.00,93798.65,45.28,537815.13,b0
765286747,3,155206,0,0,27.27,93816.31,44.56,421052.63,b0
765279836,4,155252,0,0,27.17,93771.69,44.47,807730.25,b0
765271387,5,155298,0,0,27.32,93806.88,44.47,661926.31,b0
765283665,6,155344,0,0,27.19,93773.42,44.94,596562.75,b0
765268824,7,155390,0,0,27.16,93814.80,44.73,677696.88,b0
765287253,8,155436,0,0,26.99,93782.77,44.84,1026309.19,b0
765270362,1,155483,0,0,26.79,93781.91,46.38,852090.69,b0
765269850,2,155529,0,0,27.01,93799.77,45.28,538663.88,b0
765286747,3,155575,0,0,27.28,93818.16,44.54,428720.97,b0
765279836,4,155621,0,0,27.17,93772.05,44.46,809166.31,b0
765271387,5,155667,0,0,27.32,93806.16,44.46,661285.13,b0
765283665,6,155713,0,0,27.19,93774.17,44.94,597084.56,b0
765268824,7,155759,0,0,27.14,93816.35,44.70,678370.31,b0
765287253,8,155805,0,0,26.98,93781.70,44.83,1032518.25,b0
765270362,1,155852,0,0,26.79,93781.41,46.38,855293.38,b0
765269850,2,155898,0,0,27.01,93797.66,45.26,536969.06,b0
765286747,3,155944,0,0,27.29,93816.03,44.52,426311.41,b0
765279836,4,155990,0,0,27.18,93772.46,44.44,812537.19,b0
765271387,5,156036,0,0,27.32,93805.24,44.46,663212.44,b0
765283665,6,156082,0,0,27.18,93773.66,44.95,597607.25,b0
765268824,7,156128,0,0,27.14,93815.99,44.70,683122.06,b0
765287253,8,156175,0,0,26.98,93782.20,44.82,1038013.19,b0
765270362,1,156221,0,0,26.79,93780.89,46.36,851028.44,b0
765269850,2,156267,0,0,27.01,93800.34,45.28,537815.13,b0
765286747,3,156313,0,0,27.29,93816.77,44.51,428451.88,b0
765279836,4,156359,0,0,27.18,93772.13,44.44,810607.56,b0
765271387,5,156405,0,0,27.32,93807.73,44.46,668407.31,b0
765283665,6,156452,0,0,27.18,93773.52,44.92,601821.94,b0
765268824,7,156498,0,0,27.14,93817.43,44.68,681077.50,b0
765287253,8,156544,0,0,26.99,93782.07,44.83,1029404.38,b0
765270362,1,156590,0,0,26.79,93781.58,46.33,855293.38,b0
765269850,2,156636,0,0,27.01,93797.51,45.26,538239.19,b0
765286747,3,156682,0,0,27.29,93816.60,44.50,427378.97,b0
765279836,4,156729,0,0,27.19,93774.16,44.43,809646.19,b0
765271387,5,156775,0,0,27.33,93807.27,44.44,667753.50,b0
765283665,6,156821,0,0,27.18,93773.04,44.91,601291.81,b0
765268824,7,156867,0,0,27.15,93814.97,44.68,681757.69,b0
765287253,8,156913,0,0,26.99,93781.56,44.80,1043566.88,b0
765270362,1,156959,0,0,26.80,93780.25,46.34,849968.88,b0
765269850,2,157005,0,0,27.02,93799.69,45.26,538663.88,b0
765286747,3,157052,0,0,27.30,93815.73,44.52,429260.13,b0
765279836,4,157098,0,0,27.19,93772.03,44.43,810126.56,b0
765271387,5,157144,0,0,27.34,93806.66,44.44,668407.31,b0
765283665,6,157190,0,0,27.19,93772.98,44.90,602884.88,b0
765268824,7,157236,0,0,27.17,93817.38,44.68,681757.69,b0
765287253,8,157282,0,0,27.00,93781.59,44.80,1040386.06,b0
765270362,1,157329,0,0,26.81,93781.60,46.35,857980.75,b0
765269850,2,157375,0,0,27.04,93798.89,45.23,539089.25,b0
765286747,3,157421,0,0,27.31,93816.14,44.50,427111.56,b0
765279836,4,157467,0,0,27.21,93773.93,44.40,813505.44,b0
765271387,5,157513,0,0,27.33,93803.77,44.40,666449.75,b0
765283665,6,157559,0,0,27.20,93775.20,44.89,604486.44,b0
765268824,7,157605,0,0,27.15,93814.07,44.66,682439.19,b0
765287253,8,157651,0,0,26.99,93781.20,44.81,1041974.06,b0
765270362,1,157698,0,0,26.81,93782.84,46.35,859601.25,b0
765269850,2,157744,0,0,27.03,93799.40,45.23,537391.75,b0
765286747,3,157790,0,0,27.30,93818.09,44.52,430613.97,b0
765279836,4,157836,0,0,27.21,93773.93,44.42,809646.19,b0
765271387,5,157882,0,0,27.34,93808.08,44.42,668407.31,b0
765283665,6,157928,0,0,27.19,93773.68,44.89,601291.81,b0
765268824,7,157974,0,0,27.16,93815.89,44.66,685179.00,b0
765287253,8,158020,0,0,27.00,93782.11,44.79,1043566.88,b0
765270362,1,158067,0,0,26.81,93781.77,46.34,857980.75,b0
765269850,2,158113,0,0,27.04,93799.07,45.23,540797.44,b0
765286747,3,158159,0,0,27.31,93817.77,44.50,430885.75,b0
765279836,4,158205,0,0,27.20,93772.81,44.40,815936.25,b0
765271387,5,158251,0,0,27.34,93807.20,44.41,672357.19,b0
765283665,6,158297,0,0,27.20,93774.14,44.87,602884.88,b0
765268824,7,158344,0,0,27.17,93817.22,44.65,684492.00,b0
765287253,8,158390,0,0,27.00,93781.23,44.78,1045164.56,b0
765270362,1,158436,0,0,26.82,93780.54,46.34,853155.56,b0
765269850,2,158482,0,0,27.04,93798.23,45.23,537815.13,b0
765286747,3,158528,0,0,27.31,93815.27,44.50,431430.38,b0
765279836,4,158574,0,0,27.21,93773.06,44.38,812537.19,b0
765271387,5,158621,0,0,27.35,93805.65,44.40,669718.75,b0
765283665,6,158667,0,0,27.20,93775.23,44.86,605558.81,b0
765268824,7,158713,0,0,27.17,93816.14,44.64,687248.31,b0
765287253,8,158759,0,0,27.01,93783.61,44.77,1043566.88,b0
765270362,1,158805,0,0,26.82,93780.37,46.34,856366.31,b0
765269850,2,158851,0,0,27.04,93797.68,45.22,542085.75,b0
765286747,3,158897,0,0,27.32,93815.66,44.50,428990.38,b0
765279836,4,158944,0,0,27.21,93772.02,44.38,815936.25,b0
765271387,5,158990,0,0,27.35,93804.27,44.39,671035.38,b0
765283665,6,159036,0,0,27.20,93773.29,44.87,604486.44,b0
765268824,7,159082,0,0,27.19,93817.13,44.66,685867.38,b0
765287253,8,159128,0,0,27.01,93781.84,44.77,1043566.88,b0
765270362,1,159174,0,0,26.83,93782.96,46.35,851028.44,b0
765269850,2,159221,0,0,27.05,93799.68,45.22,541226.19,b0
765286747,3,159267,0,0,27.32,93816.75,44.49,426045.34,b0
765279836,4,159313,0,0,27.22,93773.11,44.38,815448.94,b0
765271387,5,159359,0,0,27.35,93803.39,44.41,672357.19,b0
765283665,6,159405,0,0,27.21,93773.87,44.85,605558.81,b0
765268824,7,159451,0,0,27.20,93816.65,44.65,689330.19,b0
765287253,8,159497,0,0,27.02,93781.86,44.78,1046767.19,b0
765270362,1,159544,0,0,26.83,93782.24,46.37,859060.38,b0
765269850,2,159590,0,0,27.05,93799.68,45.24,536547.00,b0
765286747,3,159636,0,0,27.32,93816.75,44.50,427646.69,b0
765279836,4,159682,0,0,27.23,93773.36,44.39,815936.25,b0
765271387,5,159728,0,0,27.36,93805.41,44.40,675684.56,b0
765283665,6,159774,0,0,27.21,93772.30,44.85,609886.81,b0
765268824,7,159820,0,0,27.20,93816.66,44.63,690725.13,b0
765287253,8,159866,0,0,27.03,93783.35,44.78,1052415.25,b0
765270362,1,159913,0,0,26.83,93780.63,46.37,858520.25,b0
765269850,2,159959,0,0,27.05,93799.66,45.23,540369.38,b0
765286747,3,160005,0,0,27.32,93815.52,44.51,430342.50,b0
765279836,4,160051,0,0,27.23,93773.02,44.41,816424.19,b0
765271387,5,160097,0,0,27.38,93807.51,44.40,671695.63,b0
765283665,6,160143,0,0,27.22,93773.64,44.86,607715.13,b0
765268824,7,160189,0,0,27.21,93818.16,44.67,690026.94,b0
765287253,8,160236,0,0,27.04,93782.14,44.79,1056487.00,b0
765270362,1,160282,0,0,26.83,93781.34,46.37,859060.38,b0
765269850,2,160328,0,0,27.05,93799.50,45.23,541655.63,b0
765286747,3,160374,0,0,27.32,93817.30,44.51,425779.63,b0
765279836,4,160420,0,0,27.24,93773.60,44.40,813990.44,b0
765271387,5,160466,0,0,27.39,93808.34,44.40,677024.81,b0
765283665,6,160513,0,0,27.23,93772.88,44.86,607715.13,b0
765268824,7,160559,0,0,27.22,93816.95,44.67,689330.19,b0
765287253,8,160605,0,0,27.05,93781.47,44.81,1049987.12,b0
765270362,1,160651,0,0,26.83,93782.43,46.39,854223.13,b0
765269850,2,160697,0,0,27.06,93799.72,45.25,537391.75,b0
765286747,3,160743,0,0,27.33,93814.66,44.53,430342.50,b0
765279836,4,160790,0,0,27.24,93774.16,44.40,817401.69,b0
765271387,5,160836,0,0,27.39,93807.27,44.41,677696.88,b0
765283665,6,160882,0,0,27.23,93773.09,44.88,604486.44,b0
765268824,7,160928,0,0,27.22,93817.16,44.69,694237.31,b0
765287253,8,160974,0,0,27.05,93781.84,44.81,1052415.25,b0
765270362,1,161020,0,0,26.83,93780.85,46.41,852090.69,b0
765269850,2,161066,0,0,27.05,93799.35,45.23,540797.44,b0
765286747,3,161113,0,0,27.33,93816.26,44.55,429800.63,b0
765279836,4,161159,0,0,27.24,93772.91,44.41,814476.06,b0
765271387,5,161205,0,0,27.39,93806.42,44.40,678370.31,b0
765283665,6,161251,0,0,27.23,93775.57,44.87,609342.44,b0
765268824,7,161297,0,0,27.22,93816.97,44.66,692125.69,b0
765287253,8,161343,0,0,27.05,93782.93,44.79,1055670.12,b0
765270362,1,161390,0,0,26.84,93780.88,46.43,857980.75,b0
765269850,2,161436,0,0,27.06,93799.56,45.27,538239.19,b0
765286747,3,161482,0,0,27.34,93813.98,44.56,427646.69,b0
765279836,4,161528,0,0,27.25,93772.79,44.42,817401.69,b0
765271387,5,161574,0,0,27.39,93805.68,44.42,676354.00,b0
765283665,6,161620,0,0,27.23,93775.37,44.85,613724.88,b0
765268824,7,161666,0,0,27.22,93816.25,44.68,694237.31,b0
765287253,8,161712,0,0,27.04,93780.94,44.81,1054040.12,b0
765270362,1,161759,0,0,26.84,93782.36,46.43,861771.50,b0
765269850,2,161805,0,0,27.06,93800.65,45.27,537815.13,b0
765286747,3,161851,0,0,27.34,93816.35,44.57,433072.53,b0
765279836,4,161897,0,0,27.25,93773.34,44.44,815448.94,b0
765271387,5,161943,0,0,27.39,93806.56,44.41,677696.88,b0
765283665,6,161989,0,0,27.24,93776.01,44.88,611525.81,b0
765268824,7,162035,0,0,27.23,93817.92,44.67,697072.81,b0
765287253,8,162081,0,0,27.05,93782.73,44.80,1058124.50,b0
765270362,1,162128,0,0,26.83,93779.75,46.44,862860.75,b0
765269850,2,162174,0,0,27.06,93798.84,45.27,539942.00,b0
765286747,3,162220,0,0,27.34,93817.61,44.56,431976.38,b0
765279836,4,162266,0,0,27.25,93773.16,44.43,819855.88,b0
765271387,5,162312,0,0,27.40,93805.22,44.43,681757.69,b0
765283665,6,162358,0,0,27.24,93774.56,44.88,614277.13,b0
765268824,7,162405,0,0,27.23,93816.85,44.66,694237.31,b0
765287253,8,162451,0,0,27.05,93781.34,44.81,1062240.62,b0
765270362,1,162497,0,0,26.84,93781.77,46.44,861227.94,b0
765269850,2,162543,0,0,27.06,93798.52,45.28,541226.19,b0
765286747,3,162589,0,0,27.34,93815.63,44.56,431703.22,b0
765279836,4,162635,0,0,27.25,93771.93,44.42,822324.81,b0
765271387,5,162681,0,0,27.40,93806.11,44.40,680398.69,b0
765283665,6,162728,0,0,27.24,93775.33,44.86,611525.81,b0
765268824,7,162774,0,0,27.24,93815.63,44.67,697072.81,b0
765287253,8,162820,0,0,27.06,93782.61,44.79,1055670.12,b0
765270362,1,162866,0,0,26.85,93781.90,46.44,861771.50,b0
765269850,2,162912,0,0,27.07,93799.12,45.28,541655.63,b0
765286747,3,162958,0,0,27.35,93817.80,44.56,433347.44,b0
765279836,4,163005,0,0,27.25,93772.48,44.42,823316.56,b0
765271387,5,163051,0,0,27.41,93807.80,44.38,681077.50,b0
765283665,6,163097,0,0,27.25,93775.39,44.85,615384.63,b0
765268824,7,163143,0,0,27.24,93817.83,44.65,697072.81,b0
765287253,8,163189,0,0,27.06,93781.88,44.78,1063896.12,b0
765270362,1,163235,0,0,26.85,93781.72,46.43,867796.63,b0
765269850,2,163282,0,0,27.08,93799.48,45.26,545551.44,b0
765286747,3,163328,0,0,27.36,93817.32,44.54,435559.34,b0
765279836,4,163374,0,0,27.26,93773.57,44.42,824808.69,b0
765271387,5,163420,0,0,27.41,93805.13,44.39,683122.06,b0
765283665,6,163466,0,0,27.25,93774.70,44.85,614277.13,b0
765268824,7,163512,0,0,27.24,93816.38,44.63,697072.81,b0
765287253,8,163558,0,0,27.07,93781.26,44.80,1068057.37,b0
765270362,1,163605,0,0,26.85,93780.65,46.42,868348.50,b0
765269850,2,163651,0,0,27.08,93798.25,45.25,545115.81,b0
765286747,3,163697,0,0,27.36,93817.49,44.53,434174.25,b0
765279836,4,163743,0,0,27.26,93773.27,44.41,821335.50,b0
765271387,5,163789,0,0,27.42,93806.79,44.39,681077.50,b0
765283665,6,163835,0,0,27.26,93775.53,44.85,617053.31,b0
765268824,7,163881,0,0,27.25,93816.41,44.63,703538.31,b0
765287253,8,163927,0,0,27.08,93782.18,44.79,1069731.00,b0
765270362,1,163974,0,0,26.85,93781.54,46.43,870563.25,b0
765269850,2,164020,0,0,27.08,93798.95,45.24,546862.50,b0
765286747,3,164066,0,0,27.36,93815.21,44.54,433622.69,b0
765279836,4,164112,0,0,27.27,93774.75,44.40,826806.63,b0
765271387,5,164158,0,0,27.43,93807.96,44.39,683806.38,b0
765283665,6,164204,0,0,27.26,93775.05,44.84,614830.38,b0
765268824,7,164250,0,0,27.26,93817.94,44.63,700650.00,b0
765287253,8,164297,0,0,27.09,93781.70,44.78,1066389.00,b0
765270362,1,164343,0,0,26.85,93782.07,46.43,865047.50,b0
765269850,2,164389,0,0,27.07,93798.37,45.24,544680.88,b0
765286747,3,164435,0,0,27.37,93814.36,44.52,435559.34,b0
765279836,4,164481,0,0,27.27,93772.43,44.40,820841.69,b0
765271387,5,164527,0,0,27.43,93805.29,44.38,683806.38,b0
765283665,6,164573,0,0,27.28,93774.16,44.83,617053.31,b0
765268824,7,164620,0,0,27.26,93815.94,44.63,704991.38,b0
765287253,8,164666,0,0,27.10,93782.82,44.77,1063896.12,b0
765270362,1,164712,0,0,26.86,93781.38,46.43,870008.50,b0
765269850,2,164758,0,0,27.07,93798.90,45.26,545987.75,b0
765286747,3,164804,0,0,27.37,93815.45,44.53,436394.63,b0
765279836,4,164850,0,0,27.27,93771.73,44.40,824310.75,b0
765271387,5,164897,0,0,27.43,93806.76,44.37,685867.38,b0
765283665,6,164943,0,0,27.28,93775.77,44.82,613724.88,b0
765268824,7,164989,0,0,27.27,93815.81,44.62,702814.00,b0
765287253,8,165035,0,0,27.10,93782.44,44.77,1068057.37,b0
765270362,1,165081,0,0,26.85,93781.72,46.41,863952.75,b0
765269850,2,165127,0,0,27.07,93799.60,45.24,547740.06,b0
765286747,3,165173,0,0,27.38,93815.47,44.54,435837.41,b0
765279836,4,165220,0,0,27.28,93772.86,44.40,827307.63,b0
765271387,5,165266,0,0,27.44,93806.23,44.38,681757.69,b0
765283665,6,165312,0,0,27.30,93774.71,44.83,617053.31,b0
765268824,7,165358,0,0,27.27,93817.10,44.62,706450.50,b0
765287253,8,165404,0,0,27.11,93782.85,44.77,1064725.75,b0
765270362,1,165450,0,0,26.86,93781.23,46.44,870563.25,b0
765269850,2,165497,0,0,27.07,93799.07,45.23,546862.50,b0
765286747,3,165543,0,0,27.38,93815.49,44.53,434727.22,b0
765279836,4,165589,0,0,27.29,93773.62,44.37,827809.19,b0
765271387,5,165635,0,0,27.44,93805.95,44.37,686557.19,b0
765283665,6,165681,0,0,27.29,93774.34,44.83,616496.06,b0
765268824,7,165727,0,0,27.28,93815.87,44.61,700650.00,b0
765287253,8,165773,0,0,27.11,93781.11,44.77,1070569.75,b0
765270362,1,165820,0,0,26.86,93781.92,46.41,860142.81,b0
765269850,2,165866,0,0,27.06,93800.13,45.24,547740.06,b0
765286747,3,165912,0,0,27.39,93816.58,44.52,436953.28,b0
765279836,4,165958,0,0,27.29,93773.42,44.38,829821.69,b0
765271387,5,166004,0,0,27.45,93806.19,44.37,685867.38,b0
765283665,6,166050,0,0,27.31,93776.06,44.82,615939.88,b0
765268824,7,166096,0,0,27.29,93815.73,44.61,700650.00,b0
765287253,8,166142,0,0,27.12,93781.31,44.76,1068893.50,b0
765270362,1,166189,0,0,26.84,93780.40,46.39,868348.50,b0
765269850,2,166235,0,0,27.06,93800.45,45.24,546424.75,b0
765286747,3,166281,0,0,27.39,93815.16,44.51,433898.31,b0
765279836,4,166327,0,0,27.28,93772.87,44.37,831844.00,b0
765271387,5,166373,0,0,27.45,93807.09,44.37,686557.19,b0
765283665,6,166419,0,0,27.31,93774.83,44.82,617053.31,b0
765268824,7,166465,0,0,27.30,93818.49,44.61,701369.88,b0
765287253,8,166512,0,0,27.13,93781.72,44.75,1071409.87,b0
765270362,1,166558,0,0,26.85,93781.68,46.40,869454.44,b0
765269850,2,166604,0,0,27.05,93799.16,45.23,545551.44,b0
765286747,3,166650,0,0,27.39,93817.66,44.51,435004.25,b0
765279836,4,166696,0,0,27.28,93771.42,44.36,834385.81,b0
765271387,5,166742,0,0,27.45,93805.65,44.36,688634.81,b0
765283665,6,166789,0,0,27.30,93773.37,44.81,620418.06,b0
765268824,7,166835,0,0,27.29,93816.66,44.60,705720.19,b0
765287253,8,166881,0,0,27.14,93784.27,44.75,1073094.00,b0
765270362,1,166927,0,0,26.85,93781.35,46.38,868901.13,b0
765269850,2,166973,0,0,27.05,93798.09,45.20,548620.44,b0
765286747,3,167019,0,0,27.39,93816.09,44.47,438074.88,b0
765279836,4,167066,0,0,27.29,93774.50,44.34,831337.50,b0
765271387,5,167112,0,0,27.45,93808.34,44.33,689330.19,b0
765283665,6,167158,0,0,27.31,93775.35,44.79,619854.75,b0
765268824,7,167204,0,0,27.30,93817.41,44.59,707182.31,b0
765287253,8,167250,0,0,27.15,93784.50,44.77,1071409.87,b0
765270362,1,167296,0,0,26.86,93781.03,46.37,878969.94,b0
765269850,2,167342,0,0,27.05,93798.42,45.20,551278.63,b0
765286747,3,167389,0,0,27.40,93816.29,44.47,437793.94,b0
765279836,4,167435,0,0,27.29,93772.72,44.33,833367.25,b0
765271387,5,167481,0,0,27.45,93805.67,44.35,690725.13,b0
765283665,6,167527,0,0,27.32,93774.80,44.78,619854.75,b0
765268824,7,167573,0,0,27.31,93816.56,44.59,705720.19,b0
765287253,8,167619,0,0,27.15,93782.36,44.75,1079884.00,b0
765270362,1,167666,0,0,26.86,93782.27,46.35,866694.88,b0
765269850,2,167712,0,0,27.05,93798.11,45.19,549946.31,b0
765286747,3,167758,0,0,27.40,93815.75,44.45,439484.97,b0
765279836,4,167804,0,0,27.30,93774.21,44.31,832858.88,b0
765271387,5,167850,0,0,27.46,93805.91,44.33,694237.31,b0
765283665,6,167896,0,0,27.33,93775.94,44.77,622114.19,b0
765268824,7,167942,0,0,27.31,93816.57,44.58,711605.31,b0
765287253,8,167988,0,0,27.16,93782.92,44.72,1078178.50,b0
765270362,1,168035,0,0,26.86,93781.56,46.32,873906.56,b0
765269850,2,168081,0,0,27.05,93799.35,45.19,550833.81,b0
765286747,3,168127,0,0,27.39,93815.53,44.42,440619.63,b0
765279836,4,168173,0,0,27.29,93772.02,44.30,834896.06,b0
765271387,5,168219,0,0,27.46,93806.99,44.31,689330.19,b0
765283665,6,168265,0,0,27.32,93775.68,44.78,622681.69,b0
765268824,7,168311,0,0,27.31,93816.02,44.57,705720.19,b0
765287253,8,168357,0,0,27.15,93782.91,44.72,1082452.37,b0
765270362,1,168404,0,0,26.84,93782.18,46.32,873906.56,b0
765269850,2,168450,0,0,27.05,93798.09,45.17,553065.06,b0
765286747,3,168496,0,0,27.39,93818.05,44.42,440619.63,b0
765279836,4,168542,0,0,27.29,93772.53,44.27,838485.19,b0
765271387,5,168588,0,0,27.46,93807.32,44.29,694944.00,b0
765283665,6,168634,0,0,27.31,93775.09,44.76,624390.25,b0
765268824,7,168681,0,0,27.31,93816.21,44.56,708650.50,b0
765287253,8,168727,0,0,27.16,93781.88,44.72,1084171.50,b0
765270362,1,168773,0,0,26.84,93781.24,46.32,876149.75,b0
765269850,2,168819,0,0,27.05,93798.45,45.12,555766.63,b0
765286747,3,168865,0,0,27.39,93816.45,44.38,439768.09,b0
765279836,4,168911,0,0,27.28,93772.70,44.25,840550.00,b0
765271387,5,168957,0,0,27.46,93807.52,44.30,692828.13,b0
765283665,6,169004,0,0,27.32,93774.09,44.75,622114.19,b0
765268824,7,169050,0,0,27.31,93816.60,44.53,710864.31,b0
765287253,8,169096,0,0,27.17,93784.41,44.68,1081594.87,b0
765270362,1,169142,0,0,26.84,93780.70,46.28,877275.63,b0
765269850,2,169188,0,0,27.04,93798.40,45.11,555766.63,b0
765286747,3,169234,0,0,27.39,93816.27,44.36,442046.19,b0
765279836,4,169281,0,0,27.29,93772.02,44.23,841586.19,b0
765271387,5,169327,0,0,27.47,93807.22,44.26,694944.00,b0
765283665,6,169373,0,0,27.32,93775.47,44.72,623819.69,b0
765268824,7,169419,0,0,27.32,93816.81,44.52,714584.81,b0
765287253,8,169465,0,0,27.17,93781.39,44.68,1086760.37,b0
765270362,1,169511,0,0,26.85,93782.90,46.27,884092.38,b0
765269850,2,169558,0,0,27.06,93799.55,45.09,558494.69,b0
765286747,3,169604,0,0,27.38,93814.24,44.34,444348.00,b0
765279836,4,169650,0,0,27.29,93773.29,44.21,844187.94,b0
765271387,5,169696,0,0,27.46,93804.88,44.24,699214.75,b0
765283665,6,169742,0,0,27.33,93777.41,44.71,626108.25,b0
765268824,7,169788,0,0,27.31,93815.30,44.50,713837.56,b0
765287253,8,169834,0,0,27.16,93782.61,44.66,1090231.62,b0
765270362,1,169881,0,0,26.84,93781.23,46.26,888696.00,b0
765269850,2,169927,0,0,27.05,93799.15,45.11,558038.13,b0
765286747,3,169973,0,0,27.38,93816.20,44.32,445507.94,b0
765279836,4,170019,0,0,27.29,93772.72,44.20,845756.75,b0
765271387,5,170065,0,0,27.45,93806.20,44.22,697072.81,b0
765283665,6,170111,0,0,27.32,93775.32,44.67,627258.81,b0
765268824,7,170157,0,0,27.30,93815.11,44.49,715333.56,b0
765287253,8,170203,0,0,27.16,93784.88,44.63,1090231.62,b0
765270362,1,170250,0,0,26.83,93781.34,46.23,891015.88,b0
765269850,2,170296,0,0,27.05,93799.88,45.06,558494.69,b0
765286747,3,170342,0,0,27.38,93815.81,44.28,443770.31,b0
765279836,4,170388,0,0,27.28,93771.80,44.18,846805.88,b0
765271387,5,170434,0,0,27.46,93806.97,44.21,699214.75,b0
765283665,6,170480,0,0,27.32,93776.39,44.67,630153.88,b0
765268824,7,170526,0,0,27.30,93815.79,44.45,714584.81,b0
765287253,8,170573,0,0,27.15,93783.77,44.61,1089361.75,b0
765270362,1,170619,0,0,26.81,93779.60,46.21,888696.00,b0
765269850,2,170665,0,0,27.04,93800.88,45.06,560788.63,b0
765286747,3,170711,0,0,27.37,93816.52,44.27,443194.13,b0
765279836,4,170757,0,0,27.28,93772.28,44.16,849440.06,b0
765271387,5,170803,0,0,27.45,93806.37,44.20,697785.38,b0
765283665,6,170850,0,0,27.31,93776.06,44.65,628413.63,b0
765268824,7,170896,0,0,27.28,93817.47,44.44,717589.38,b0
765287253,8,170942,0,0,27.12,93782.94,44.60,1091975.50,b0
765270362,1,170988,0,0,26.80,93780.56,46.21,888696.00,b0
765269850,2,171034,0,0,27.04,93801.55,45.05,560328.31,b0
765286747,3,171080,0,0,27.35,93815.88,44.24,446090.19,b0
765279836,4,171127,0,0,27.27,93774.41,44.13,851559.25,b0
765271387,5,171173,0,0,27.44,93807.69,44.17,701369.88,b0
765283665,6,171219,0,0,27.30,93773.83,44.61,627835.69,b0
765268824,7,171265,0,0,27.26,93818.11,44.42,719101.13,b0
765287253,8,171311,0,0,27.10,93781.59,44.58,1096359.75,b0
765270362,1,171357,0,0,26.77,93781.44,46.15,889274.88,b0
765269850,2,171403,0,0,27.02,93798.26,45.02,562637.38,b0
765286747,3,171450,0,0,27.34,93815.44,44.22,442906.56,b0
765279836,4,171496,0,0,27.26,93773.99,44.10,852622.81,b0
765271387,5,171542,0,0,27.43,93806.51,44.16,703538.31,b0
765283665,6,171588,0,0,27.28,93774.16,44.60,633075.75,b0
765268824,7,171634,0,0,27.25,93816.59,44.40,724442.88,b0
765287253,8,171680,0,0,27.08,93782.91,44.55,1098123.37,b0
765270362,1,171727,0,0,26.76,93781.36,46.14,891015.88,b0
765269850,2,171773,0,0,27.02,93800.02,45.00,563101.44,b0
765286747,3,171819,0,0,27.33,93815.92,44.20,447846.06,b0
765279836,4,171865,0,0,27.26,93773.57,44.10,854223.13,b0
765271387,5,171911,0,0,27.42,93806.98,44.14,704991.38,b0
765283665,6,171957,0,0,27.27,93774.10,44.57,633075.75,b0
765268824,7,172003,0,0,27.25,93816.59,44.40,725212.44,b0
765287253,8,172049,0,0,27.09,93782.95,44.53,1101667.62,b0
765270362,1,172096,0,0,26.76,93783.14,46.14,892180.38,b0
765269850,2,172142,0,0,27.01,93796.41,44.99,564031.94,b0
765286747,3,172188,0,0,27.34,93816.71,44.18,448140.03,b0
765279836,4,172234,0,0,27.26,93774.10,44.07,853689.06,b0
765271387,5,172280,0,0,27.43,93807.05,44.10,705720.19,b0
765283665,6,172326,0,0,27.28,93772.55,44.56,632489.19,b0
765268824,7,172372,0,0,27.25,93814.98,44.38,722908.56,b0
765287253,8,172418,0,0,27.09,93782.94,44.52,1106130.12,b0
765270362,1,172465,0,0,26.75,93780.95,46.11,893932.75,b0
765269850,2,172511,0,0,27.01,93797.69,44.99,564965.50,b0
765286747,3,172557,0,0,27.33,93815.76,44.19,448434.41,b0
765279836,4,172603,0,0,27.26,93774.66,44.04,859060.38,b0
765271387,5,172649,0,0,27.43,93806.38,44.08,709386.94,b0
765283665,6,172695,0,0,27.28,93773.85,44.57,636617.94,b0
765268824,7,172742,0,0,27.25,93816.97,44.36,726756.56,b0
765287253,8,172788,0,0,27.09,93781.88,44.49,1107027.00,b0
765270362,1,172834,0,0,26.75,93781.42,46.10,895692.13,b0
765269850,2,172880,0,0,27.01,93799.79,44.95,565433.44,b0
765286747,3,172926,0,0,27.33,93816.08,44.15,450208.84,b0
765279836,4,172972,0,0,27.26,93774.84,44.03,860142.81,b0
765271387,5,173018,0,0,27.43,93805.09,44.08,709386.94,b0
765283665,6,173065,0,0,27.28,93774.20,44.54,636617.94,b0
765268824,7,173111,0,0,27.25,93816.39,44.34,729864.56,b0
765287253,8,173157,0,0,27.08,93782.18,44.48,1105234.75,b0
765270362,1,173203,0,0,26.74,93781.71,46.10,900417.69,b0
765269850,2,173249,0,0,27.01,93798.54,44.94,570632.50,b0
765286747,3,173295,0,0,27.33,93816.26,44.16,451101.31,b0
765279836,4,173342,0,0,27.25,93772.13,44.03,860142.81,b0
765271387,5,173388,0,0,27.42,93806.85,44.07,710864.31,b0
765283665,6,173434,0,0,27.29,93775.47,44.51,638404.00,b0
765268824,7,173480,0,0,27.24,93816.38,44.33,732213.06,b0
765287253,8,173526,0,0,27.08,93783.42,44.46,1107027.00,b0
765270362,1,173572,0,0,26.73,93780.55,46.09,901606.88,b0
765269850,2,173619,0,0,27.01,93799.94,44.93,567784.88,b0
765286747,3,173665,0,0,27.32,93816.56,44.15,451399.59,b0
765279836,4,173711,0,0,27.25,93771.73,44.01,859060.38,b0
765271387,5,173757,0,0,27.42,93805.56,44.04,707915.69,b0
765283665,6,173803,0,0,27.28,93775.89,44.49,636024.88,b0
765268824,7,173849,0,0,27.24,93816.88,44.34,727531.06,b0
765287253,8,173895,0,0,27.06,93782.81,44.46,1107925.37,b0
765270362,1,173942,0,0,26.72,93781.58,46.05,897458.38,b0
765269850,2,173988,0,0,27.01,93799.41,44.92,567313.00,b0
765286747,3,174034,0,0,27.31,93814.38,44.12,448140.03,b0
765279836,4,174080,0,0,27.25,93773.14,43.99,861771.50,b0
765271387,5,174126,0,0,27.42,93807.15,44.03,710864.31,b0
765283665,6,174172,0,0,27.27,93774.25,44.49,639600.25,b0
765268824,7,174218,0,0,27.23,93814.68,44.31,730645.75,b0
765287253,8,174264,0,0,27.06,93782.63,44.45,1113346.00,b0
765270362,1,174311,0,0,26.71,93778.26,46.07,908204.00,b0
765269850,2,174357,0,0,27.00,93797.40,44.91,570155.88,b0
765286747,3,174403,0,0,27.31,93814.35,44.11,447846.06,b0
765279836,4,174449,0,0,27.25,93773.34,43.99,865047.50,b0
765271387,5,174495,0,0,27.42,93806.30,44.02,714584.81,b0
765283665,6,174541,0,0,27.27,93773.87,44.47,641403.06,b0
765268824,7,174587,0,0,27.23,93816.48,44.29,732213.06,b0
765287253,8,174634,0,0,27.06,93781.17,44.45,1116076.25,b0
765270362,1,174680,0,0,26.71,93780.98,46.05,904593.63,b0
765269850,2,174726,0,0,26.99,93797.91,44.91,571588.06,b0
765286747,3,174772,0,0,27.31,93816.34,44.10,455617.34,b0
765279836,4,174818,0,0,27.24,93771.51,43.96,867796.63,b0
765271387,5,174864,0,0,27.42,93806.81,44.02,712347.81,b0
765283665,6,174911,0,0,27.27,93774.38,44.47,643216.06,b0
765268824,7,174957,0,0,27.23,93816.30,44.30,735368.06,b0
765287253,8,175003,0,0,27.05,93780.80,44.44,1119737.50,b0
765270362,1,175049,0,0,26.69,93779.58,46.06,907600.25,b0
765269850,2,175095,0,0,27.00,93798.65,44.87,572067.06,b0
765286747,3,175141,0,0,27.31,93816.88,44.10,453800.13,b0
765279836,4,175188,0,0,27.25,93772.84,43.97,863952.75,b0
765271387,5,175234,0,0,27.42,93808.63,44.01,716083.94,b0
765283665,6,175280,0,0,27.27,93774.39,44.47,645649.44,b0
765268824,7,175326,0,0,27.23,93815.04,44.29,734576.75,b0
765287253,8,175372,0,0,27.05,93782.18,44.42,1118820.00,b0
765270362,1,175418,0,0,26.70,93780.14,46.05,907600.25,b0
765269850,2,175464,0,0,27.00,93798.46,44.90,574957.88,b0
765286747,3,175511,0,0,27.31,93816.67,44.08,452596.69,b0
765279836,4,175557,0,0,27.25,93773.70,43.95,870008.50,b0
765271387,5,175603,0,0,27.42,93807.15,43.99,716835.81,b0
765283665,6,175649,0,0,27.27,93775.13,44.44,642006.25,b0
765268824,7,175695,0,0,27.23,93816.66,44.28,735368.06,b0
765287253,8,175741,0,0,27.04,93782.00,44.42,1121577.25,b0
765270362,1,175788,0,0,26.69,93780.80,46.06,906395.25,b0
765269850,2,175834,0,0,26.99,93798.58,44.88,572067.06,b0
765286747,3,175880,0,0,27.30,93816.45,44.10,455010.00,b0
765279836,4,175926,0,0,27.24,93772.18,43.94,869454.44,b0
765271387,5,175972,0,0,27.42,93807.70,44.00,719859.38,b0
765283665,6,176018,0,0,27.26,93773.74,44.43,645649.44,b0
765268824,7,176064,0,0,27.22,93815.91,44.26,740151.81,b0
765287253,8,176110,0,0,27.03,93780.51,44.41,1116989.37,b0
765270362,1,176157,0,0,26.67,93779.26,46.05,911234.69,b0
765269850,2,176203,0,0,26.99,93798.76,44.86,579349.38,b0
765286747,3,176249,0,0,27.29,93816.77,44.08,452596.69,b0
765279836,4,176295,0,0,27.23,93773.59,43.94,872231.69,b0
765271387,5,176341,0,0,27.41,93806.38,43.97,721380.75,b0
765283665,6,176387,0,0,27.25,93773.09,44.43,646873.00,b0
765268824,7,176433,0,0,27.21,93815.66,44.27,743375.69,b0
765287253,8,176479,0,0,27.03,93781.56,44.39,1128063.87,b0
765270362,1,176526,0,0,26.67,93780.29,46.07,911843.25,b0
765269850,2,176572,0,0,26.99,93799.31,44.86,575442.56,b0
765286747,3,176618,0,0,27.28,93815.66,44.07,458370.63,b0
765279836,4,176664,0,0,27.23,93771.59,43.93,870563.25,b0
765271387,5,176710,0,0,27.41,93807.27,43.97,718344.44,b0
765283665,6,176756,0,0,27.25,93775.08,44.41,646260.63,b0
765268824,7,176803,0,0,27.21,93815.48,44.25,744186.06,b0
765287253,8,176849,0,0,27.03,93783.32,44.40,1122499.37,b0
765270362,1,176895,0,0,26.67,93780.09,46.07,911843.25,b0
765269850,2,176941,0,0,26.99,93799.10,44.85,575442.56,b0
765286747,3,176987,0,0,27.28,93814.41,44.06,455313.47,b0
765279836,4,177033,0,0,27.23,93772.16,43.92,875026.69,b0
765271387,5,177080,0,0,27.41,93807.27,43.97,728307.25,b0
765283665,6,177126,0,0,27.26,93773.52,44.41,646260.63,b0
765268824,7,177172,0,0,27.22,93815.50,44.26,741760.25,b0
765287253,8,177218,0,0,27.02,93779.55,44.39,1131804.37,b0
765270362,1,177264,0,0,26.66,93780.78,46.05,914285.69,b0
765269850,2,177310,0,0,26.98,93797.99,44.85,578367.69,b0
765286747,3,177356,0,0,27.27,93815.95,44.06,459914.66,b0
765279836,4,177403,0,0,27.23,93773.53,43.90,876712.31,b0
765271387,5,177449,0,0,27.41,93806.02,43.96,722143.88,b0
765283665,6,177495,0,0,27.26,93775.00,44.40,648717.13,b0
765268824,7,177541,0,0,27.22,93816.07,44.24,743375.69,b0
765287253,8,177587,0,0,27.01,93778.82,44.39,1120656.62,b0
765270362,1,177633,0,0,26.66,93780.94,46.06,917974.00,b0
765269850,2,177680,0,0,26.98,93798.73,44.84,578858.13,b0
765286747,3,177726,0,0,27.27,93814.54,44.04,459295.81,b0
765279836,4,177772,0,0,27.23,93771.59,43.89,876149.75,b0
765271387,5,177818,0,0,27.42,93808.03,43.96,723674.94,b0
765283665,6,177864,0,0,27.25,93773.65,44.40,649334.19,b0
765268824,7,177910,0,0,27.21,93816.20,44.24,744998.19,b0
765287253,8,177956,0,0,27.02,93780.43,44.38,1133683.87,b0
765270362,1,178003,0,0,26.65,93780.34,46.04,917974.00,b0
765269850,2,178049,0,0,26.98,93798.70,44.84,579349.38,b0
765286747,3,178095,0,0,27.28,93816.71,44.06,458063.06,b0
765279836,4,178141,0,0,27.23,93771.98,43.89,878969.94,b0
765271387,5,178187,0,0,27.42,93808.05,43.95,726756.56,b0
765283665,6,178233,0,0,27.26,93773.00,44.40,647486.56,b0
765268824,7,178279,0,0,27.22,93815.38,44.23,744186.06,b0
765287253,8,178325,0,0,27.02,93781.53,44.39,1136515.00,b0
765270362,1,178372,0,0,26.66,93779.48,46.07,916741.25,b0
765269850,2,178418,0,0,26.99,93799.64,44.82,579841.44,b0
765286747,3,178464,0,0,27.28,93815.48,44.04,459914.66,b0
765279836,4,178510,0,0,27.24,93773.24,43.88,877275.63,b0
765271387,5,178556,0,0,27.42,93805.74,43.95,724442.88,b0
765283665,6,178602,0,0,27.26,93774.98,44.37,650571.81,b0
765268824,7,178648,0,0,27.23,93817.02,44.24,751697.56,b0
765287253,8,178695,0,0,27.02,93781.88,44.39,1129931.00,b0
765270362,1,178741,0,0,26.66,93778.05,46.06,919210.06,b0
765269850,2,178787,0,0,26.99,93797.34,44.84,580828.13,b0
765286747,3,178833,0,0,27.28,93814.59,44.06,460846.09,b0
765279836,4,178879,0,0,27.24,93772.38,43.88,883520.25,b0
765271387,5,178925,0,0,27.43,93805.82,43.94,724442.88,b0
765283665,6,178972,0,0,27.27,93773.15,44.38,649952.38,b0
765268824,7,179018,0,0,27.23,93815.80,44.23,753772.56,b0
765287253,8,179064,0,0,27.03,93782.26,44.39,1139360.25,b0
765270362,1,179110,0,0,26.67,93780.45,46.07,918591.63,b0
765269850,2,179156,0,0,26.99,93796.63,44.82,582314.50,b0
765286747,3,179202,0,0,27.29,93814.99,44.06,456836.94,b0
765279836,4,179249,0,0,27.25,93772.99,43.86,880670.81,b0
765271387,5,179295,0,0,27.43,93805.14,43.94,730645.75,b0
765283665,6,179341,0,0,27.28,93775.04,44.38,656199.94,b0
765268824,7,179387,0,0,27.25,93815.85,44.23,753356.63,b0
765287253,8,179433,0,0,27.04,93781.96,44.39,1141265.00,b0
765270362,1,179479,0,0,26.66,93780.05,46.08,924187.75,b0
765269850,2,179525,0,0,26.99,93799.31,44.83,580828.13,b0
765286747,3,179572,0,0,27.28,93815.48,44.05,458370.63,b0
765279836,4,179618,0,0,27.25,93773.14,43.87,881239.25,b0
765271387,5,179664,0,0,27.44,93806.41,43.93,725983.69,b0
765283665,6,179710,0,0,27.27,93773.92,44.38,653061.25,b0
765268824,7,179756,0,0,27.26,93817.75,44.24,752111.63,b0
765287253,8,179802,0,0,27.04,93781.08,44.39,1138410.25,b0
765270362,1,179849,0,0,26.66,93780.60,46.07,922314.81,b0
765269850,2,179895,0,0,27.00,93799.17,44.83,584308.13,b0
765286747,3,179941,0,0,27.28,93815.66,44.05,458063.06,b0
765279836,4,179987,0,0,27.24,93771.49,43.86,880103.13,b0
765271387,5,180033,0,0,27.43,93806.22,43.92,729864.56,b0
765283665,6,180079,0,0,27.28,93774.83,44.36,653686.56,b0
765268824,7,180125,0,0,27.25,93816.45,44.22,755440.81,b0
765287253,8,180171,0,0,27.03,93780.17,44.39,1143176.12,b0
765270362,1,180218,0,0,26.66,93780.42,46.08,931120.69,b0
765269850,2,180264,0,0,26.99,93797.87,44.82,582811.63,b0
765286747,3,180310,0,0,27.28,93815.45,44.04,458678.63,b0
765279836,4,180356,0,0,27.24,93773.28,43.85,886388.25,b0
765271387,5,180402,0,0,27.44,93808.22,43.91,732213.06,b0
765283665,6,180448,0,0,27.26,93774.16,44.35,653686.56,b0
765268824,7,180494,0,0,27.25,93815.72,44.21,755440.81,b0
765287253,8,180540,0,0,27.04,93781.98,44.39,1146054.87,b0
765270362,1,180587,0,0,26.67,93779.93,46.09,926696.81,b0
765269850,2,180633,0,0,26.99,93798.42,44.83,584808.69,b0
765286747,3,180679,0,0,27.28,93815.99,44.04,461781.28,b0
765279836,4,180725,0,0,27.24,93773.66,43.87,888117.94,b0
765271387,5,180771,0,0,27.44,93805.77,43.90,733787.19,b0
765283665,6,180817,0,0,27.27,93775.09,44.35,655569.81,b0
765268824,7,180864,0,0,27.26,93815.95,44.24,757116.44,b0
765287253,8,180910,0,0,27.05,93781.48,44.39,1149915.75,b0
765270362,1,180956,0,0,26.67,93779.40,46.09,933667.63,b0
765269850,2,181002,0,0,27.00,93798.81,44.82,587324.38,b0
765286747,3,181048,0,0,27.29,93816.41,44.05,457449.19,b0
765279836,4,181094,0,0,27.24,93771.51,43.85,888696.00,b0
765271387,5,181141,0,0,27.45,93806.50,43.89,731428.56,b0
765283665,6,181187,0,0,27.26,93773.80,44.36,656199.94,b0
765268824,7,181233,0,0,27.27,93815.07,44.21,759643.94,b0
765287253,8,181279,0,0,27.05,93780.80,44.39,1142219.75,b0
765270362,1,181325,0,0,26.67,93781.55,46.10,927326.25,b0
765269850,2,181371,0,0,27.00,93798.28,44.80,588844.19,b0
765286747,3,181417,0,0,27.28,93815.83,44.04,459295.81,b0
765279836,4,181464,0,0,27.25,93771.03,43.85,888117.94,b0
765271387,5,181510,0,0,27.45,93807.28,43.90,732999.31,b0
765283665,6,181556,0,0,27.28,93774.30,44.35,656831.31,b0
765268824,7,181602,0,0,27.27,93815.84,44.19,761763.06,b0
765287253,8,181648,0,0,27.06,93781.37,44.40,1144134.12,b0
765270362,1,181694,0,0,26.67,93779.95,46.09,927956.50,b0
765269850,2,181741,0,0,27.00,93798.13,44.81,584808.69,b0
765286747,3,181787,0,0,27.27,93814.90,44.04,462093.88,b0
765279836,4,181833,0,0,27.24,93771.70,43.84,889854.44,b0
765271387,5,181879,0,0,27.45,93805.13,43.89,734576.75,b0
765283665,6,181925,0,0,27.28,93774.55,44.35,656199.94,b0
765268824,7,181971,0,0,27.29,93816.45,44.20,760490.19,b0
765287253,8,182017,0,0,27.06,93781.57,44.38,1152828.62,b0
765270362,1,182064,0,0,26.67,93781.20,46.10,929852.44,b0
765269850,2,182110,0,0,27.00,93798.81,44.82,590371.88,b0
765286747,3,182156,0,0,27.27,93815.79,44.04,467793.50,b0
765279836,4,182202,0,0,27.24,93772.39,43.85,895692.13,b0
765271387,5,182248,0,0,27.47,93806.70,43.90,736161.06,b0
765283665,6,182294,0,0,27.29,93773.77,44.35,661926.31,b0
765268824,7,182340,0,0,27.29,93814.84,44.20,761763.06,b0
765287253,8,182386,0,0,27.07,93780.19,44.38,1148948.12,b0
765270362,1,182433,0,0,26.66,93780.08,46.09,933667.63,b0
765269850,2,182479,0,0,27.00,93799.00,44.80,591394.75,b0
765286747,3,182525,0,0,27.27,93815.41,44.02,468114.28,b0
765279836,4,182571,0,0,27.24,93773.45,43.85,894518.44,b0
765271387,5,182617,0,0,27.48,93805.88,43.89,735368.06,b0
765283665,6,182663,0,0,27.31,93774.83,44.35,658097.69,b0
765268824,7,182709,0,0,27.30,93813.66,44.21,763894.06,b0
765287253,8,182756,0,0,27.09,93782.23,44.39,1152828.62,b0
765270362,1,182802,0,0,26.67,93779.93,46.09,934306.56,b0
765269850,2,182848,0,0,26.99,93798.96,44.81,589861.75,b0
765286747,3,182894,0,0,27.27,93816.33,44.05,468114.28,b0
765279836,4,182940,0,0,27.25,93775.63,43.84,896280.06,b0
765271387,5,182986,0,0,27.49,93805.95,43.87,740955.13,b0
765283665,6,183033,0,0,27.32,93776.61,44.36,663212.44,b0
765268824,7,183079,0,0,27.32,93814.65,44.21,762614.06,b0
765287253,8,183125,0,0,27.10,93782.12,44.39,1152828.62,b0
765270362,1,183171,0,0,26.68,93780.91,46.11,934946.38,b0
765269850,2,183217,0,0,27.00,93797.60,44.81,590882.88,b0
765286747,3,183263,0,0,27.29,93815.14,44.04,462720.28,b0
765279836,4,183310,0,0,27.25,93772.66,43.84,895104.88,b0
765271387,5,183356,0,0,27.51,93808.44,43.90,738550.31,b0
765283665,6,183402,0,0,27.32,93773.42,44.34,658097.69,b0
765268824,7,183448,0,0,27.34,93816.91,44.19,763040.25,b0
765287253,8,183494,0,0,27.11,93781.98,44.36,1155756.25,b0
765270362,1,183540,0,0,26.69,93782.08,46.13,936228.56,b0
765269850,2,183586,0,0,27.01,93798.70,44.79,590371.88,b0
765286747,3,183633,0,0,27.29,93816.41,44.06,467153.28,b0
765279836,4,183679,0,0,27.25,93772.46,43.82,892180.38,b0
765271387,5,183725,0,0,27.51,93805.60,43.88,740151.81,b0
765283665,6,183771,0,0,27.33,93774.26,44.34,658732.69,b0
765268824,7,183817,0,0,27.35,93817.14,44.19,761338.31,b0
765287253,8,183863,0,0,27.11,93779.86,44.39,1153802.87,b0
765270362,1,183910,0,0,26.71,93780.80,46.10,936871.00,b0
765269850,2,183956,0,0,27.01,93798.54,44.80,590371.88,b0
765286747,3,184002,0,0,27.30,93814.31,44.05,463978.25,b0
765279836,4,184048,0,0,27.25,93771.60,43.83,895692.13,b0
765271387,5,184094,0,0,27.51,93806.31,43.88,739350.19,b0
765283665,6,184140,0,0,27.33,93774.58,44.33,658732.69,b0
765268824,7,184186,0,0,27.35,93818.81,44.18,760914.00,b0
765287253,8,184232,0,0,27.12,93782.38,44.37,1153802.87,b0
765270362,1,184279,0,0,26.71,93779.91,46.11,938158.50,b0
765269850,2,184325,0,0,27.02,93797.39,44.79,591394.75,b0
765286747,3,184371,0,0,27.31,93814.38,44.05,463978.25,b0
765279836,4,184417,0,0,27.27,93772.60,43.83,894518.44,b0
765271387,5,184463,0,0,27.50,93805.56,43.85,741760.25,b0
765283665,6,184509,0,0,27.34,93775.52,44.33,656831.31,b0
765268824,7,184555,0,0,27.35,93816.28,44.17,757957.06,b0
765287253,8,184601,0,0,27.12,93779.90,44.38,1147017.62,b0
765270362,1,184648,0,0,26.73,93781.66,46.11,931120.69,b0
765269850,2,184694,0,0,27.03,93797.63,44.80,588844.19,b0
765286747,3,184740,0,0,27.32,93817.49,44.06,465878.06,b0
765279836,4,184786,0,0,27.27,93770.97,43.83,892180.38,b0
765271387,5,184832,0,0,27.52,93805.52,43.85,735368.06,b0
765283665,6,184878,0,0,27.34,93774.66,44.32,660645.19,b0
765268824,7,184925,0,0,27.37,93816.34,44.16,761338.31,b0
765287253,8,184971,0,0,27.13,93781.73,44.37,1153802.87,b0
765270362,1,185017,0,0,26.73,93780.78,46.10,934306.56,b0
765269850,2,185063,0,0,27.04,93797.34,44.79,589861.75,b0
765286747,3,185109,0,0,27.32,93815.49,44.05,465560.34,b0
765279836,4,185155,0,0,27.28,93772.51,43.82,895104.88,b0
765271387,5,185202,0,0,27.53,93805.05,43.84,734576.75,b0
765283665,6,185248,0,0,27.36,93775.92,44.32,658732.69,b0
765268824,7,185294,0,0,27.37,93817.11,44.17,758799.56,b0
765287253,8,185340,0,0,27.15,93781.50,44.38,1154778.62,b0
765270362,1,185386,0,0,26.75,93780.18,46.10,934946.38,b0
765269850,2,185432,0,0,27.05,93798.81,44.80,592935.75,b0
765286747,3,185478,0,0,27.33,93815.00,44.04,466514.81,b0
765279836,4,185525,0,0,27.28,93771.27,43.83,895104.88,b0
765271387,5,185571,0,0,27.54,93806.02,43.83,739350.19,b0
765283665,6,185617,0,0,27.36,93775.13,44.32,661285.13,b0
765268824,7,185663,0,0,27.38,93814.78,44.17,757116.44,b0
765287253,8,185709,0,0,27.17,93781.38,44.38,1147017.62,b0
765270362,1,185755,0,0,26.76,93781.49,46.13,937514.31,b0
765269850,2,185802,0,0,27.06,93797.98,44.79,591907.50,b0
765286747,3,185848,0,0,27.33,93814.87,44.04,466196.22,b0
765279836,4,185894,0,0,27.30,93772.43,43.81,894518.44,b0
765271387,5,185940,0,0,27.55,93806.88,43.84,739350.19,b0
765283665,6,185986,0,0,27.37,93772.91,44.32,657463.88,b0
765268824,7,186032,0,0,27.40,93816.88,44.15,757116.44,b0
765287253,8,186078,0,0,27.18,93780.90,44.38,1152828.62,b0
765270362,1,186125,0,0,26.77,93780.36,46.11,940096.38,b0
765269850,2,186171,0,0,27.07,93800.54,44.77,592421.19,b0
765286747,3,186217,0,0,27.35,93815.65,44.03,465560.34,b0
765279836,4,186263,0,0,27.30,93772.84,43.81,895104.88,b0
765271387,5,186309,0,0,27.56,93807.15,43.82,736161.06,b0
765283665,6,186355,0,0,27.39,93776.13,44.33,662568.75,b0
765268824,7,186401,0,0,27.40,93815.98,44.15,757536.50,b0
765287253,8,186447,0,0,27.19,93781.87,44.37,1149915.75,b0
765270362,1,186494,0,0,26.78,93779.55,46.09,939449.56,b0
765269850,2,186540,0,0,27.08,93797.01,44.77,589352.50,b0
765286747,3,186586,0,0,27.36,93816.27,44.04,461469.13,b0
765279836,4,186632,0,0,27.31,93772.01,43.80,892763.75,b0
765271387,5,186678,0,0,27.57,93806.52,43.82,732213.06,b0
765283665,6,186724,0,0,27.39,93774.95,44.30,660645.19,b0
765268824,7,186770,0,0,27.41,93817.66,44.13,755440.81,b0
765287253,8,186817,0,0,27.20,93780.65,44.34,1150885.12,b0
765270362,1,186863,0,0,26.80,93781.98,46.10,934306.56,b0
765269850,2,186909,0,0,27.08,93798.26,44.78,590882.88,b0
765286747,3,186955,0,0,27.37,93816.31,44.02,466514.81,b0
765279836,4,187001,0,0,27.32,93772.58,43.80,888696.00,b0
765271387,5,187047,0,0,27.59,93807.91,43.82,732213.06,b0
765283665,6,187094,0,0,27.41,93774.21,44.30,653686.56,b0
765268824,7,187140,0,0,27.41,93817.16,44.13,754188.94,b0
765287253,8,187186,0,0,27.21,93781.93,44.33,1148948.12,b0
765270362,1,187232,0,0,26.81,93780.67,46.09,932392.44,b0
765269850,2,187278,0,0,27.09,93799.44,44.79,591907.50,b0
765286747,3,187324,0,0,27.38,93814.76,44.03,465560.34,b0
765279836,4,187371,0,0,27.32,93771.70,43.80,892763.75,b0
765271387,5,187417,0,0,27.59,93806.31,43.81,728307.25,b0
765283665,6,187463,0,0,27.42,93774.70,44.30,654940.81,b0
765268824,7,187509,0,0,27.42,93817.73,44.12,755440.81,b0
765287253,8,187555,0,0,27.21,93781.97,44.33,1151856.00,b0
765270362,1,187601,0,0,26.82,93779.31,46.08,929852.44,b0
765269850,2,187647,0,0,27.10,93798.04,44.78,589861.75,b0
765286747,3,187694,0,0,27.39,93817.31,44.03,460846.09,b0
765279836,4,187740,0,0,27.33,93772.82,43.82,884665.25,b0
765271387,5,187786,0,0,27.59,93806.31,43.80,727531.06,b0
765283665,6,187832,0,0,27.42,93772.96,44.28,655569.81,b0
765268824,7,187878,0,0,27.42,93815.75,44.11,755440.81,b0
765287253,8,187924,0,0,27.22,93781.67,44.31,1146054.87,b0
765270362,1,187971,0,0,26.83,93780.27,46.09,927956.50,b0
765269850,2,188017,0,0,27.12,93801.87,44.77,588844.19,b0
765286747,3,188063,0,0,27.40,93816.98,44.03,463663.13,b0
765279836,4,188109,0,0,27.34,93771.51,43.80,885813.13,b0
765271387,5,188155,0,0,27.60,93805.66,43.80,727531.06,b0
765283665,6,188201,0,0,27.43,93773.60,44.28,654313.13,b0
765268824,7,188247,0,0,27.43,93817.63,44.10,749085.56,b0
765287253,8,188293,0,0,27.23,93782.23,44.29,1147017.62,b0
765270362,1,188340,0,0,26.84,93781.79,46.08,934306.56,b0
765269850,2,188386,0,0,27.12,93798.87,44.78,587830.06,b0
765286747,3,188432,0,0,27.40,93816.82,44.03,461781.28,b0
765279836,4,188478,0,0,27.35,93774.05,43.78,882378.31,b0
765271387,5,188524,0,0,27.60,93805.51,43.79,728307.25,b0
765283665,6,188570,0,0,27.44,93774.74,44.28,649952.38,b0
765268824,7,188616,0,0,27.43,93817.09,44.08,742567.06,b0
765287253,8,188662,0,0,27.24,93781.76,44.31,1140311.75,b0
765270362,1,188709,0,0,26.86,93781.63,46.09,938158.50,b0
765269850,2,188755,0,0,27.14,93800.04,44.76,587324.38,b0
765286747,3,188801,0,0,27.40,93817.22,44.02,464926.22,b0
765279836,4,188847,0,0,27.35,93771.73,43.79,884092.38,b0
765271387,5,188893,0,0,27.61,93806.49,43.78,725212.44,b0
765283665,6,188939,0,0,27.44,93774.44,44.27,653061.25,b0
765268824,7,188986,0,0,27.44,93816.05,44.08,744186.06,b0
765287253,8,189032,0,0,27.25,93782.49,44.30,1143176.12,b0
765270362,1,189078,0,0,26.87,93780.41,46.07,933667.63,b0
765269850,2,189124,0,0,27.15,93800.10,44.75,585812.38,b0
765286747,3,189170,0,0,27.41,93816.33,44.00,461781.28,b0
765279836,4,189216,0,0,27.36,93773.77,43.79,878404.44,b0
765271387,5,189263,0,0,27.61,93804.50,43.76,725983.69,b0
765283665,6,189309,0,0,27.45,93775.09,44.26,650571.81,b0
765268824,7,189355,0,0,27.44,93816.80,44.08,740151.81,b0
765287253,8,189401,0,0,27.25,93780.57,44.28,1139360.25,b0
765270362,1,189447,0,0,26.88,93781.41,46.05,924813.75,b0
765269850,2,189493,0,0,27.15,93800.33,44.74,586819.50,b0
765286747,3,189539,0,0,27.41,93814.23,44.00,462093.88,b0
765279836,4,189586,0,0,27.36,93773.81,43.77,878404.44,b0
765271387,5,189632,0,0,27.62,93806.53,43.75,721380.75,b0
765283665,6,189678,0,0,27.47,93778.45,44.25,649334.19,b0
765268824,7,189724,0,0,27.45,93815.73,44.06,742567.06,b0
765287253,8,189770,0,0,27.26,93781.66,44.27,1133683.87,b0
765270362,1,189816,0,0,26.89,93781.67,46.05,929219.63,b0
765269850,2,189863,0,0,27.17,93800.05,44.74,584808.69,b0
765286747,3,189909,0,0,27.42,93815.18,43.98,463663.13,b0
765279836,4,189955,0,0,27.37,93773.71,43.76,880103.13,b0
765271387,5,190001,0,0,27.62,93805.86,43.74,722143.88,b0
765283665,6,190047,0,0,27.46,93774.52,44.23,646873.00,b0
765268824,7,190093,0,0,27.46,93819.04,44.04,742567.06,b0
765287253,8,190139,0,0,27.27,93781.53,44.27,1138410.25,b0
765270362,1,190186,0,0,26.92,93783.13,46.04,926696.81,b0
765269850,2,190232,0,0,27.17,93799.17,44.72,585310.06,b0
765286747,3,190278,0,0,27.43,93815.59,43.99,463348.41,b0
765279836,4,190324,0,0,27.37,93773.85,43.75,879536.19,b0
765271387,5,190370,0,0,27.63,93807.18,43.73,719101.13,b0
765283665,6,190416,0,0,27.47,93774.79,44.24,648101.25,b0
765268824,7,190462,0,0,27.46,93816.90,44.04,737752.19,b0
765287253,8,190508,0,0,27.28,93782.84,44.26,1131804.37,b0
765270362,1,190555,0,0,26.94,93780.58,46.03,934946.38,b0
765269850,2,190601,0,0,27.18,93800.14,44.70,583808.44,b0
765286747,3,190647,0,0,27.45,93816.02,43.99,464293.81,b0
765279836,4,190693,0,0,27.38,93772.14,43.75,883520.25,b0
765271387,5,190739,0,0,27.64,93805.97,43.72,716083.94,b0
765283665,6,190785,0,0,27.48,93775.71,44.22,647486.56,b0
765268824,7,190831,0,0,27.46,93817.63,44.04,736955.75,b0
765287253,8,190878,0,0,27.29,93782.89,44.25,1130866.87,b0
765270362,1,190924,0,0,26.95,93780.35,46.02,927956.50,b0
765269850,2,190970,0,0,27.18,93800.16,44.68,583309.63,b0
765286747,3,191016,0,0,27.46,93815.91,43.99,462406.88,b0
765279836,4,191062,0,0,27.39,93774.16,43.74,880103.13,b0
765271387,5,191108,0,0,27.65,93806.41,43.73,722143.88,b0
765283665,6,191155,0,0,27.48,93775.78,44.21,645039.38,b0
765268824,7,191201,0,0,27.47,93818.59,44.03,732999.31,b0
765287253,8,191247,0,0,27.30,93783.10,44.24,1126202.87,b0
765270362,1,191293,0,0,26.97,93780.69,46.00,922938.25,b0
765269850,2,191339,0,0,27.19,93800.39,44.70,586819.50,b0
765286747,3,191385,0,0,27.47,93816.70,43.96,460846.09,b0
765279836,4,191431,0,0,27.40,93774.45,43.72,878404.44,b0
765271387,5,191478,0,0,27.65,93806.81,43.70,715333.56,b0
765283665,6,191524,0,0,27.49,93774.42,44.21,646873.00,b0
765268824,7,191570,0,0,27.47,93816.60,44.02,732999.31,b0
765287253,8,191616,0,0,27.31,93782.62,44.23,1119737.50,b0
765270362,1,191662,0,0,26.98,93778.95,45.98,922314.81,b0
765269850,2,191708,0,0,27.20,93799.90,44.69,584808.69,b0
765286747,3,191755,0,0,27.48,93816.38,43.97,460224.72,b0
765279836,4,191801,0,0,27.40,93772.85,43.73,877275.63,b0
765271387,5,191847,0,0,27.66,93806.67,43.72,714584.81,b0
765283665,6,191893,0,0,27.49,93775.92,44.20,642006.25,b0
765268824,7,191939,0,0,27.48,93817.89,44.00,729864.56,b0
765287253,8,191985,0,0,27.31,93784.98,44.22,1119737.50,b0
765270362,1,192032,0,0,27.00,93779.84,45.98,925440.56,b0
765269850,2,192078,0,0,27.21,93802.26,44.67,585812.38,b0
765286747,3,192124,0,0,27.49,93816.44,43.96,462406.88,b0
765279836,4,192170,0,0,27.41,93774.31,43.73,875026.69,b0
765271387,5,192216,0,0,27.66,93806.85,43.69,714584.81,b0
765283665,6,192262,0,0,27.50,93776.20,44.20,642006.25,b0
765268824,7,192308,0,0,27.48,93817.36,44.01,726756.56,b0
765287253,8,192354,0,0,27.31,93784.27,44.21,1115164.75,b0
765270362,1,192401,0,0,27.02,93778.70,45.96,923562.56,b0
765269850,2,192447,0,0,27.22,93801.09,44.66,583309.63,b0
765286747,3,192493,0,0,27.50,93816.13,43.95,461157.41,b0
765279836,4,192539,0,0,27.41,93771.62,43.71,876149.75,b0
765271387,5,192585,0,0,27.67,93808.18,43.68,710864.31,b0
765283665,6,192631,0,0,27.51,93775.72,44.18,642006.25,b0
765268824,7,192677,0,0,27.48,93817.56,44.00,726756.56,b0
765287253,8,192723,0,0,27.32,93783.39,44.21,1115164.75,b0
765270362,1,192770,0,0,27.03,93779.85,45.95,924813.75,b0
765269850,2,192816,0,0,27.23,93800.07,44.66,582811.63,b0
765286747,3,192862,0,0,27.52,93817.48,43.95,461781.28,b0
765279836,4,192908,0,0,27.42,93771.54,43.71,873906.56,b0
765271387,5,192954,0,0,27.66,93806.35,43.66,711605.31,b0
765283665,6,193000,0,0,27.50,93775.63,44.17,640801.00,b0
765268824,7,193047,0,0,27.49,93818.50,43.99,725983.69,b0
765287253,8,193093,0,0,27.30,93783.48,44.18,1115164.75,b0
765270362,1,193139,0,0,27.04,93781.22,45.95,924813.75,b0
765269850,2,193185,0,0,27.23,93799.05,44.65,584308.13,b0
765286747,3,193231,0,0,27.53,93817.70,43.93,460535.19,b0
765279836,4,193277,0,0,27.42,93772.26,43.69,875026.69,b0
765271387,5,193324,0,0,27.65,93807.35,43.65,713091.94,b0
765283665,6,193370,0,0,27.50,93775.60,44.17,637212.19,b0
765268824,7,193416,0,0,27.48,93816.98,43.98,726756.56,b0
765287253,8,193462,0,0,27.30,93784.39,44.17,1122499.37,b0
765270362,1,193508,0,0,27.06,93780.80,45.91,924813.75,b0
765269850,2,193554,0,0,27.24,93799.66,44.64,582314.50,b0
765286747,3,193600,0,0,27.53,93816.13,43.93,458063.06,b0
765279836,4,193647,0,0,27.43,93773.39,43.71,872789.25,b0
765271387,5,193693,0,0,27.65,93806.08,43.64,715333.56,b0
765283665,6,193739,0,0,27.50,93776.16,44.15,640200.06,b0
765268824,7,193785,0,0,27.49,93817.78,43.97,727531.06,b0
765287253,8,193831,0,0,27.30,93782.59,44.15,1119737.50,b0
765270362,1,193877,0,0,27.07,93780.88,45.90,922938.25,b0
765269850,2,193924,0,0,27.25,93799.70,44.62,580828.13,b0
765286747,3,193970,0,0,27.54,93817.61,43.90,458678.63,b0
765279836,4,194016,0,0,27.44,93773.44,43.69,876149.75,b0
765271387,5,194062,0,0,27.66,93807.06,43.64,713837.56,b0
765283665,6,194108,0,0,27.50,93774.71,44.13,641403.06,b0
765268824,7,194154,0,0,27.49,93816.34,43.96,726756.56,b0
765287253,8,194200,0,0,27.31,93783.89,44.16,1127132.62,b0
765270362,1,194247,0,0,27.07,93780.74,45.87,926068.25,b0
765269850,2,194293,0,0,27.26,93800.84,44.63,581818.19,b0
765286747,3,194339,0,0,27.54,93815.99,43.91,459914.66,b0
765279836,4,194385,0,0,27.44,93771.32,43.67,873347.56,b0
765271387,5,194431,0,0,27.66,93806.49,43.61,713091.94,b0
765283665,6,194477,0,0,27.50,93774.60,44.12,644430.44,b0
765268824,7,194523,0,0,27.49,93816.89,43.94,725212.44,b0
765287253,8,194569,0,0,27.31,93783.17,44.12,1121577.25,b0
765270362,1,194616,0,0,27.08,93780.29,45.86,924813.75,b0
765269850,2,194662,0,0,27.27,93800.16,44.61,584808.69,b0
765286747,3,194708,0,0,27.55,93817.27,43.89,461469.13,b0
765279836,4,194754,0,0,27.45,93772.07,43.67,873906.56,b0
765271387,5,194800,0,0,27.66,93806.32,43.63,711605.31,b0
765283665,6,194846,0,0,27.50,93774.93,44.13,641403.06,b0
765268824,7,194892,0,0,27.49,93818.16,43.93,729085.06,b0
765287253,8,194939,0,0,27.31,93783.01,44.11,1131804.37,b0
765270362,1,194985,0,0,27.09,93777.84,45.84,922938.25,b0
765269850,2,195031,0,0,27.28,93799.85,44.60,581322.75,b0
765286747,3,195077,0,0,27.56,93817.91,43.86,462720.28,b0
765279836,4,195123,0,0,27.45,93772.07,43.67,870008.50,b0
765271387,5,195169,0,0,27.65,93805.39,43.59,715333.56,b0
765283665,6,195215,0,0,27.51,93775.39,44.11,645649.44,b0
765268824,7,195262,0,0,27.49,93816.17,43.92,729864.56,b0
765287253,8,195308,0,0,27.31,93783.01,44.10,1129931.00,b0
765270362,1,195354,0,0,27.11,93782.08,45.82,923562.56,b0
765269850,2,195400,0,0,27.29,93800.66,44.59,585310.06,b0
765286747,3,195446,0,0,27.57,93819.20,43.88,459914.66,b0
765279836,4,195492,0,0,27.45,93773.19,43.65,874466.25,b0
765271387,5,195539,0,0,27.66,93806.90,43.60,718344.44,b0
765283665,6,195585,0,0,27.51,93774.84,44.10,643822.69,b0
765268824,7,195631,0,0,27.50,93817.13,43.89,730645.75,b0
765287253,8,195677,0,0,27.31,93782.13,44.08,1125274.75,b0
765270362,1,195723,0,0,27.11,93779.94,45.82,920449.44,b0
765269850,2,195769,0,0,27.31,93800.58,44.58,585812.38,b0
765286747,3,195816,0,0,27.57,93818.14,43.85,459605.03,b0
765279836,4,195862,0,0,27.46,93771.80,43.64,874466.25,b0
765271387,5,195908,0,0,27.66,93807.63,43.58,719101.13,b0
765283665,6,195954,0,0,27.51,93777.20,44.08,648101.25,b0
765268824,7,196000,0,0,27.50,93819.09,43.89,729864.56,b0
765287253,8,196046,0,0,27.31,93782.84,44.07,1123422.87,b0
765270362,1,196093,0,0,27.12,93779.98,45.80,919829.31,b0
765269850,2,196139,0,0,27.31,93801.31,44.55,583309.63,b0
765286747,3,196185,0,0,27.58,93816.93,43.85,458063.06,b0
765279836,4,196231,0,0,27.47,93771.51,43.64,872789.25,b0
765271387,5,196277,0,0,27.66,93806.73,43.57,718344.44,b0
765283665,6,196323,0,0,27.51,93775.22,44.04,648101.25,b0
765268824,7,196369,0,0,27.50,93818.21,43.89,731428.56,b0
765287253,8,196415,0,0,27.32,93783.41,44.07,1128063.87,b0
765270362,1,196462,0,0,27.12,93779.48,45.77,919210.06,b0
765269850,2,196508,0,0,27.32,93799.04,44.54,583309.63,b0
765286747,3,196554,0,0,27.59,93819.30,43.84,458678.63,b0
765279836,4,196600,0,0,27.48,93771.39,43.63,876149.75,b0
765271387,5,196646,0,0,27.67,93807.29,43.58,719859.38,b0
765283665,6,196692,0,0,27.52,93773.88,44.07,648717.13,b0
765268824,7,196738,0,0,27.51,93818.80,43.88,731428.56,b0
765287253,8,196784,0,0,27.33,93784.16,44.06,1138410.25,b0
765270362,1,196831,0,0,27.13,93779.73,45.75,924187.75,b0
765269850,2,196877,0,0,27.32,93800.31,44.53,580334.38,b0
765286747,3,196923,0,0,27.59,93817.52,43.80,459295.81,b0
765279836,4,196969,0,0,27.49,93771.99,43.64,871674.81,b0
765271387,5,197015,0,0,27.67,93806.78,43.56,722143.88,b0
765283665,6,197061,0,0,27.52,93776.06,44.07,647486.56,b0
765268824,7,197108,0,0,27.52,93819.39,43.85,731428.56,b0
765287253,8,197154,0,0,27.33,93783.28,44.05,1132743.37,b0
765270362,1,197200,0,0,27.13,93780.48,45.75,920449.44,b0
765269850,2,197246,0,0,27.32,93799.26,44.51,580334.38,b0
765286747,3,197292,0,0,27.60,93819.35,43.79,458987.00,b0
765279836,4,197338,0,0,27.49,93772.57,43.60,873347.56,b0
765271387,5,197384,0,0,27.68,93806.48,43.54,719859.38,b0
765283665,6,197431,0,0,27.54,93776.24,44.03,649952.38,b0
765268824,7,197477,0,0,27.52,93817.96,43.86,736161.06,b0
765287253,8,197523,0,0,27.33,93784.19,44.03,1129931.00,b0
765270362,1,197569,0,0,27.13,93780.31,45.70,917357.25,b0
765269850,2,197615,0,0,27.33,93800.02,44.48,581322.75,b0
765286747,3,197661,0,0,27.61,93820.47,43.79,460224.72,b0
765279836,4,197708,0,0,27.50,93772.96,43.60,875587.88,b0
765271387,5,197754,0,0,27.69,93807.12,43.53,722908.56,b0
765283665,6,197800,0,0,27.53,93777.07,44.02,646873.00,b0
765268824,7,197846,0,0,27.53,93818.70,43.82,732999.31,b0
765287253,8,197892,0,0,27.34,93782.24,44.01,1131804.37,b0
765270362,1,197938,0,0,27.13,93781.38,45.71,921070.38,b0
765269850,2,197985,0,0,27.33,93800.39,44.46,582314.50,b0
765286747,3,198031,0,0,27.61,93816.53,43.76,460224.72,b0
765279836,4,198077,0,0,27.50,93772.26,43.59,875587.88,b0
765271387,5,198123,0,0,27.69,93807.12,43.52,723674.94,b0
765283665,6,198169,0,0,27.54,93777.33,44.02,651814.13,b0
765268824,7,198215,0,0,27.52,93815.98,43.82,732999.31,b0
765287253,8,198261,0,0,27.34,93783.50,44.01,1131804.37,b0
765270362,1,198308,0,0,27.14,93777.66,45.66,923562.56,b0
765269850,2,198354,0,0,27.35,93800.47,44.46,586819.50,b0
765286747,3,198400,0,0,27.61,93818.54,43.76,458063.06,b0
765279836,4,198446,0,0,27.51,93772.50,43.57,872789.25,b0
765271387,5,198492,0,0,27.70,93806.88,43.50,725983.69,b0
765283665,6,198538,0,0,27.54,93776.14,44.02,648101.25,b0
765268824,7,198584,0,0,27.53,93816.75,43.82,738550.31,b0
765287253,8,198630,0,0,27.34,93783.18,44.00,1133683.87,b0
765270362,1,198677,0,0,27.15,93779.92,45.65,923562.56,b0
765269850,2,198723,0,0,27.36,93802.84,44.44,583309.63,b0
765286747,3,198769,0,0,27.62,93817.85,43.75,459914.66,b0
765279836,4,198815,0,0,27.51,93773.23,43.56,876149.75,b0
765271387,5,198861,0,0,27.70,93806.70,43.51,724442.88,b0
765283665,6,198907,0,0,27.54,93773.98,43.99,651814.13,b0
765268824,7,198953,0,0,27.53,93817.47,43.81,732999.31,b0
765287253,8,199000,0,0,27.35,93781.59,43.99,1141265.00,b0
765270362,1,199046,0,0,27.16,93778.71,45.63,927326.25,b0
765269850,2,199092,0,0,27.36,93799.50,44.43,583309.63,b0
765286747,3,199138,0,0,27.62,93818.05,43.73,460224.72,b0
765279836,4,199184,0,0,27.51,93772.54,43.57,874466.25,b0
765271387,5,199230,0,0,27.70,93805.80,43.50,722908.56,b0
765283665,6,199277,0,0,27.54,93773.63,44.00,651192.38,b0
765268824,7,199323,0,0,27.54,93819.14,43.81,735368.06,b0
765287253,8,199369,0,0,27.35,93783.75,43.99,1136515.00,b0
765270362,1,199415,0,0,27.17,93780.20,45.61,925440.56,b0
765269850,2,199461,0,0,27.37,93800.97,44.42,582314.50,b0
765286747,3,199507,0,0,27.63,93817.95,43.71,459914.66,b0
765279836,4,199554,0,0,27.52,93771.51,43.53,875026.69,b0
765271387,5,199600,0,0,27.71,93807.48,43.51,722143.88,b0
765283665,6,199646,0,0,27.55,93775.38,43.99,650571.81,b0
765268824,7,199692,0,0,27.54,93818.41,43.78,735368.06,b0
765287253,8,199738,0,0,27.36,93783.09,43.97,1133683.87,b0
765270362,1,199784,0,0,27.18,93779.73,45.60,923562.56,b0
765269850,2,199830,0,0,27.38,93800.30,44.40,585812.38,b0
765286747,3,199877,0,0,27.64,93817.43,43.69,460224.72,b0
765279836,4,199923,0,0,27.53,93770.91,43.53,872789.25,b0
765271387,5,199969,0,0,27.71,93806.80,43.50,725212.44,b0
765283665,6,200015,0,0,27.55,93776.23,43.96,649952.38,b0
765268824,7,200061,0,0,27.55,93817.55,43.78,734576.75,b0
765287253,8,200107,0,0,27.37,93783.10,43.96,1128996.75,b0
765270362,1,200154,0,0,27.19,93782.36,45.58,924813.75,b0
765269850,2,200200,0,0,27.39,93802.84,44.40,586315.50,b0
765286747,3,200246,0,0,27.65,93818.55,43.69,458678.63,b0
765279836,4,200292,0,0,27.54,93772.73,43.53,876712.31,b0
765271387,5,200338,0,0,27.72,93806.11,43.49,724442.88,b0
765283665,6,200384,0,0,27.56,93775.66,43.96,650571.81,b0
765268824,7,200430,0,0,27.55,93817.40,43.78,732213.06,b0
765287253,8,200476,0,0,27.38,93783.34,43.95,1134626.00,b0
765270362,1,200523,0,0,27.20,93781.01,45.55,924813.75,b0
765269850,2,200569,0,0,27.39,93800.76,44.37,584308.13,b0
765286747,3,200615,0,0,27.66,93817.88,43.66,459295.81,b0
765279836,4,200661,0,0,27.54,93773.12,43.51,875026.69,b0
765271387,5,200707,0,0,27.72,93806.71,43.49,722143.88,b0
765283665,6,200753,0,0,27.57,93775.59,43.97,648101.25,b0
765268824,7,200799,0,0,27.55,93816.32,43.77,729085.06,b0
765287253,8,200845,0,0,27.39,93785.00,43.95,1126202.87,b0
765270362,1,200892,0,0,27.21,93780.50,45.54,929852.44,b0
765269850,2,200938,0,0,27.40,93799.92,44.36,584308.13,b0
765286747,3,200984,0,0,27.67,93817.75,43.64,460224.72,b0
765279836,4,201030,0,0,27.55,93771.53,43.50,876712.31,b0
765271387,5,201076,0,0,27.74,93807.19,43.47,719101.13,b0
765283665,6,201122,0,0,27.58,93774.40,43.95,650571.81,b0
765268824,7,201169,0,0,27.56,93816.90,43.77,730645.75,b0
765287253,8,201215,0,0,27.39,93782.86,43.93,1123422.87,b0
765270362,1,201261,0,0,27.21,93778.96,45.53,933667.63,b0
765269850,2,201307,0,0,27.41,93801.41,44.36,584308.13,b0
765286747,3,201353,0,0,27.68,93816.72,43.64,460224.72,b0
765279836,4,201399,0,0,27.56,93771.80,43.51,875026.69,b0
765271387,5,201446,0,0,27.75,93808.34,43.44,725212.44,b0
765283665,6,201492,0,0,27.59,93775.49,43.96,650571.81,b0
765268824,7,201538,0,0,27.57,93816.40,43.76,722908.56,b0
765287253,8,201584,0,0,27.40,93783.79,43.94,1122499.37,b0
765270362,1,201630,0,0,27.23,93780.35,45.52,921070.38,b0
765269850,2,201676,0,0,27.41,93800.17,44.33,587830.06,b0
765286747,3,201722,0,0,27.68,93817.66,43.62,458987.00,b0
765279836,4,201769,0,0,27.57,93771.88,43.48,876149.75,b0
765271387,5,201815,0,0,27.76,93807.53,43.45,722143.88,b0
765283665,6,201861,0,0,27.60,93775.54,43.94,647486.56,b0
765268824,7,201907,0,0,27.58,93817.16,43.74,721380.75,b0
765287253,8,201953,0,0,27.41,93783.15,43.94,1120656.62,b0
765270362,1,201999,0,0,27.23,93779.81,45.52,928587.63,b0
765269850,2,202046,0,0,27.43,93800.98,44.33,583309.63,b0
765286747,3,202092,0,0,27.70,93817.73,43.62,457755.94,b0
765279836,4,202138,0,0,27.58,93772.10,43.48,876712.31,b0
765271387,5,202184,0,0,27.76,93807.73,43.46,719859.38,b0
765283665,6,202230,0,0,27.60,93775.20,43.92,645649.44,b0
765268824,7,202276,0,0,27.58,93816.98,43.76,726756.56,b0
765287253,8,202322,0,0,27.41,93783.68,43.90,1123422.87,b0
765270362,1,202369,0,0,27.23,93780.34,45.48,927326.25,b0
765269850,2,202415,0,0,27.43,93801.15,44.31,586819.50,b0
765286747,3,202461,0,0,27.70,93817.37,43.62,462406.88,b0
765279836,4,202507,0,0,27.58,93771.22,43.46,877839.69,b0
765271387,5,202553,0,0,27.76,93808.10,43.43,719101.13,b0
765283665,6,202599,0,0,27.61,93776.75,43.93,649334.19,b0
765268824,7,202645,0,0,27.58,93816.12,43.73,726756.56,b0
765287253,8,202691,0,0,27.41,93781.03,43.91,1118820.00,b0
765270362,1,202738,0,0,27.24,93780.95,45.47,924813.75,b0
765269850,2,202784,0,0,27.43,93799.57,44.29,587830.06,b0
765286747,3,202830,0,0,27.70,93817.56,43.58,461781.28,b0
765279836,4,202876,0,0,27.59,93772.02,43.45,878969.94,b0
765271387,5,202922,0,0,27.76,93806.08,43.43,725212.44,b0
765283665,6,202968,0,0,27.60,93773.61,43.91,648717.13,b0
765268824,7,203014,0,0,27.58,93817.74,43.73,722143.88,b0
765287253,8,203061,0,0,27.41,93782.44,43.90,1118820.00,b0
765270362,1,203107,0,0,27.24,93779.12,45.45,931756.13,b0
765269850,2,203153,0,0,27.44,93800.70,44.29,590882.88,b0
765286747,3,203199,0,0,27.70,93817.05,43.57,461781.28,b0
765279836,4,203245,0,0,27.60,93772.59,43.45,875587.88,b0
765271387,5,203291,0,0,27.77,93809.19,43.44,719859.38,b0
765283665,6,203338,0,0,27.61,93776.03,43.90,647486.56,b0
765268824,7,203384,0,0,27.58,93817.38,43.72,722143.88,b0
765287253,8,203430,0,0,27.41,93782.79,43.89,1119737.50,b0
765270362,1,203476,0,0,27.23,93781.06,45.44,933029.63,b0
765269850,2,203522,0,0,27.43,93800.30,44.28,591394.75,b0
765286747,3,203568,0,0,27.71,93818.51,43.57,461469.13,b0
765279836,4,203614,0,0,27.60,93772.27,43.45,879536.19,b0
765271387,5,203661,0,0,27.76,93807.20,43.41,720619.31,b0
765283665,6,203707,0,0,27.61,93774.65,43.87,649952.38,b0
765268824,7,203753,0,0,27.58,93817.20,43.71,725212.44,b0
765287253,8,203799,0,0,27.41,93783.32,43.88,1125274.75,b0
765270362,1,203845,0,0,27.24,93779.70,45.38,940744.13,b0
765269850,2,203891,0,0,27.45,93802.51,44.25,591394.75,b0
765286747,3,203938,0,0,27.72,93817.69,43.55,463663.13,b0
765279836,4,203984,0,0,27.61,93771.98,43.41,882378.31,b0
765271387,5,204030,0,0,27.76,93807.38,43.38,725983.69,b0
765283665,6,204076,0,0,27.62,93777.54,43.88,651192.38,b0
765268824,7,204122,0,0,27.59,93818.48,43.71,725983.69,b0
765287253,8,204168,0,0,27.42,93781.93,43.87,1128063.87,b0
765270362,1,204215,0,0,27.24,93781.49,45.38,942692.75,b0
765269850,2,204261,0,0,27.44,93799.30,44.23,594484.75,b0
765286747,3,204307,0,0,27.72,93819.66,43.52,464293.81,b0
765279836,4,204353,0,0,27.61,93772.15,43.40,882378.31,b0
765271387,5,204399,0,0,27.76,93806.98,43.37,729085.06,b0
765283665,6,204445,0,0,27.61,93775.88,43.87,651192.38,b0
765268824,7,204491,0,0,27.59,93817.04,43.70,732999.31,b0
765287253,8,204537,0,0,27.42,93783.54,43.86,1133683.87,b0
765270362,1,204584,0,0,27.24,93782.56,45.36,938803.56,b0
765269850,2,204630,0,0,27.45,93800.57,44.23,596041.94,b0
765286747,3,204676,0,0,27.72,93820.52,43.52,463348.41,b0
765279836,4,204722,0,0,27.61,93772.34,43.39,885238.81,b0
765271387,5,204768,0,0,27.76,93807.18,43.36,726756.56,b0
765283665,6,204814,0,0,27.62,93776.47,43.85,654313.13,b0
765268824,7,204860,0,0,27.59,93818.87,43.66,732999.31,b0
765287253,8,204906,0,0,27.41,93783.32,43.85,1136515.00,b0
765270362,1,204953,0,0,27.24,93780.95,45.33,939449.56,b0
765269850,2,204999,0,0,27.45,93801.45,44.19,592935.75,b0
765286747,3,205045,0,0,27.72,93818.55,43.49,464609.81,b0
765279836,4,205091,0,0,27.61,93773.04,43.37,886964.06,b0
765271387,5,205137,0,0,27.76,93807.03,43.36,732999.31,b0
765283665,6,205183,0,0,27.62,93775.77,43.84,656199.94,b0
765268824,7,205230,0,0,27.58,93815.22,43.67,732213.06,b0
765287253,8,205276,0,0,27.42,93784.06,43.83,1132743.37,b0
765270362,1,205322,0,0,27.23,93780.70,45.32,941392.81,b0
765269850,2,205368,0,0,27.46,93800.81,44.18,596562.75,b0
765286747,3,205414,0,0,27.71,93817.79,43.47,466833.81,b0
765279836,4,205460,0,0,27.62,93771.67,43.37,886388.25,b0
765271387,5,205507,0,0,27.77,93806.37,43.35,731428.56,b0
765283665,6,205553,0,0,27.62,93774.77,43.84,656199.94,b0
765268824,7,205599,0,0,27.59,93817.05,43.64,734576.75,b0
765287253,8,205645,0,0,27.43,93785.35,43.84,1134626.00,b0
765270362,1,205691,0,0,27.23,93778.57,45.32,943344.06,b0
765269850,2,205737,0,0,27.46,93800.67,44.15,593967.50,b0
765286747,3,205783,0,0,27.73,93818.80,43.46,468757.16,b0
765279836,4,205830,0,0,27.62,93771.19,43.35,888696.00,b0
765271387,5,205876,0,0,27.78,93806.98,43.34,729864.56,b0
765283665,6,205922,0,0,27.63,93775.03,43.82,658732.69,b0
765268824,7,205968,0,0,27.61,93816.61,43.65,735368.06,b0
765287253,8,206014,0,0,27.43,93783.95,43.82,1136515.00,b0
765270362,1,206060,0,0,27.24,93780.60,45.29,941392.81,b0
765269850,2,206107,0,0,27.47,93801.23,44.15,596562.75,b0
765286747,3,206153,0,0,27.73,93818.82,43.45,466196.22,b0
765279836,4,206199,0,0,27.64,93772.88,43.31,888696.00,b0
765271387,5,206245,0,0,27.78,93806.98,43.33,729864.56,b0
765283665,6,206291,0,0,27.64,93777.56,43.81,658732.69,b0
765268824,7,206337,0,0,27.60,93818.05,43.62,734576.75,b0
765287253,8,206383,0,0,27.44,93784.55,43.80,1137461.87,b0
765270362,1,206430,0,0,27.25,93781.21,45.26,947928.75,b0
765269850,2,206476,0,0,27.48,93800.95,44.15,598130.81,b0
765286747,3,206522,0,0,27.75,93818.74,43.41,468435.50,b0
765279836,4,206568,0,0,27.64,93772.20,43.32,891015.88,b0
765271387,5,206614,0,0,27.79,93807.58,43.33,735368.06,b0
765283665,6,206660,0,0,27.65,93776.27,43.80,655569.81,b0
765268824,7,206706,0,0,27.61,93819.00,43.62,731428.56,b0
765287253,8,206752,0,0,27.45,93784.76,43.79,1134626.00,b0
765270362,1,206799,0,0,27.26,93780.34,45.28,941392.81,b0
765269850,2,206845,0,0,27.50,93800.91,44.13,597607.25,b0
765286747,3,206891,0,0,27.75,93816.77,43.41,468757.16,b0
765279836,4,206937,0,0,27.65,93771.75,43.29,891597.75,b0
765271387,5,206983,0,0,27.79,93807.81,43.30,731428.56,b0
765283665,6,207029,0,0,27.65,93776.66,43.80,660645.19,b0
765268824,7,207075,0,0,27.62,93818.13,43.62,733787.19,b0
765287253,8,207122,0,0,27.45,93783.51,43.78,1141265.00,b0
765270362,1,207168,0,0,27.27,93780.27,45.24,949907.25,b0
765269850,2,207214,0,0,27.51,93801.47,44.10,598655.38,b0
765286747,3,207260,0,0,27.76,93819.33,43.39,469079.25,b0
765279836,4,207306,0,0,27.67,93772.05,43.30,892180.38,b0
765271387,5,207352,0,0,27.79,93807.99,43.32,739350.19,b0
765283665,6,207399,0,0,27.65,93777.18,43.79,660006.44,b0
765268824,7,207445,0,0,27.61,93814.84,43.60,735368.06,b0
765287253,8,207491,0,0,27.45,93783.87,43.78,1142219.75,b0
765270362,1,207537,0,0,27.27,93780.48,45.22,945303.50,b0
765269850,2,207583,0,0,27.51,93799.16,44.11,599180.81,b0
765286747,3,207629,0,0,27.76,93819.33,43.38,472979.22,b0
765279836,4,207676,0,0,27.67,93772.40,43.27,891597.75,b0
765271387,5,207722,0,0,27.80,93809.15,43.30,737752.19,b0
765283665,6,207768,0,0,27.66,93777.62,43.75,663212.44,b0
765268824,7,207814,0,0,27.62,93818.14,43.59,736161.06,b0
765287253,8,207860,0,0,27.45,93783.52,43.77,1143176.12,b0
765270362,1,207906,0,0,27.28,93781.74,45.22,946614.31,b0
765269850,2,207952,0,0,27.51,93801.48,44.08,598655.38,b0
765286747,3,207999,0,0,27.76,93817.90,43.37,469724.78,b0
765279836,4,208045,0,0,27.67,93771.84,43.26,892180.38,b0
765271387,5,208091,0,0,27.80,93807.02,43.28,739350.19,b0
765283665,6,208137,0,0,27.65,93775.60,43.73,660645.19,b0
765268824,7,208183,0,0,27.63,93817.84,43.58,737752.19,b0
765287253,8,208229,0,0,27.46,93783.91,43.77,1151856.00,b0
765270362,1,208276,0,0,27.28,93780.20,45.20,953889.13,b0
765269850,2,208322,0,0,27.51,93802.04,44.07,600234.44,b0
765286747,3,208368,0,0,27.77,93817.93,43.36,467793.50,b0
765279836,4,208414,0,0,27.66,93772.00,43.25,892180.38,b0
765271387,5,208460,0,0,27.81,93808.33,43.27,736955.75,b0
765283665,6,208506,0,0,27.66,93777.11,43.75,661285.13,b0
765268824,7,208552,0,0,27.63,93820.73,43.56,734576.75,b0
765287253,8,208598,0,0,27.47,93783.77,43.75,1152828.62,b0
765270362,1,208645,0,0,27.29,93780.25,45.20,947928.75,b0
765269850,2,208691,0,0,27.52,93799.79,44.05,599180.81,b0
765286747,3,208737,0,0,27.77,93818.30,43.36,469724.78,b0
765279836,4,208783,0,0,27.67,93771.38,43.24,891015.88,b0
765271387,5,208829,0,0,27.81,93807.97,43.28,739350.19,b0
765283665,6,208875,0,0,27.65,93774.39,43.73,663857.38,b0
765268824,7,208921,0,0,27.63,93817.48,43.56,738550.31,b0
765287253,8,208967,0,0,27.47,93783.07,43.74,1145093.62,b0
765270362,1,209014,0,0,27.30,93782.30,45.17,947271.06,b0
765269850,2,209060,0,0,27.52,93799.79,44.01,599707.19,b0
765286747,3,209106,0,0,27.78,93819.23,43.33,470048.19,b0
765279836,4,209152,0,0,27.68,93772.67,43.22,889854.44,b0
765271387,5,209198,0,0,27.82,93808.40,43.24,735368.06,b0
765283665,6,209244,0,0,27.67,93776.73,43.72,661926.31,b0
765268824,7,209291,0,0,27.64,93818.81,43.56,739350.19,b0
765287253,8,209337,0,0,27.47,93783.42,43.74,1147017.62,b0
765270362,1,209383,0,0,27.31,93780.22,45.16,942692.75,b0
765269850,2,209429,0,0,27.54,93799.71,44.01,598655.38,b0
765286747,3,209475,0,0,27.79,93818.57,43.32,467793.50,b0
765279836,4,209521,0,0,27.69,93771.47,43.20,890434.81,b0
765271387,5,209567,0,0,27.83,93809.05,43.26,736955.75,b0
765283665,6,209614,0,0,27.67,93775.84,43.70,665151.00,b0
765268824,7,209660,0,0,27.65,93819.55,43.56,734576.75,b0
765287253,8,209706,0,0,27.48,93783.11,43.73,1143176.12,b0
765270362,1,209752,0,0,27.33,93781.22,45.15,947928.75,b0
765269850,2,209798,0,0,27.54,93799.39,43.99,601821.94,b0
765286747,3,209844,0,0,27.80,93819.55,43.32,467793.50,b0
765279836,4,209891,0,0,27.70,93772.61,43.18,889854.44,b0
765271387,5,209937,0,0,27.83,93807.24,43.25,737752.19,b0
765283665,6,209983,0,0,27.68,93776.63,43.69,662568.75,b0
765268824,7,210029,0,0,27.65,93818.15,43.55,734576.75,b0
765287253,8,210075,0,0,27.48,93785.07,43.70,1150885.12,b0
765270362,1,210121,0,0,27.33,93781.99,45.14,946614.31,b0
765269850,2,210168,0,0,27.55,93797.48,43.97,600234.44,b0
765286747,3,210214,0,0,27.81,93819.02,43.30,470372.06,b0
765279836,4,210260,0,0,27.70,93771.41,43.18,891015.88,b0
765271387,5,210306,0,0,27.84,93808.01,43.23,735368.06,b0
765283665,6,210352,0,0,27.68,93777.52,43.71,662568.75,b0
765268824,7,210398,0,0,27.65,93817.02,43.53,735368.06,b0
765287253,8,210444,0,0,27.47,93782.71,43.68,1148948.12,b0
765270362,1,210491,0,0,27.35,93780.32,45.14,947271.06,b0
765269850,2,210537,0,0,27.57,93800.80,43.98,599180.81,b0
765286747,3,210583,0,0,27.81,93817.61,43.29,468114.28,b0
765279836,4,210629,0,0,27.71,93775.02,43.17,891597.75,b0
765271387,5,210675,0,0,27.84,93808.52,43.21,736161.06,b0
765283665,6,210721,0,0,27.68,93775.56,43.68,664503.56,b0
765268824,7,210767,0,0,27.66,93817.81,43.53,741760.25,b0
765287253,8,210813,0,0,27.47,93783.46,43.70,1149915.75,b0
765270362,1,210860,0,0,27.35,93781.04,45.13,950568.56,b0
765269850,2,210906,0,0,27.57,93799.91,43.96,599707.19,b0
765286747,3,210952,0,0,27.82,93819.80,43.28,469079.25,b0
765279836,4,210998,0,0,27.71,93771.81,43.14,888117.94,b0
765271387,5,211044,0,0,27.84,93808.59,43.21,744186.06,b0
765283665,6,211090,0,0,27.69,93777.12,43.68,666449.75,b0
765268824,7,211136,0,0,27.66,93818.34,43.51,739350.19,b0
765287253,8,211183,0,0,27.48,93782.40,43.68,1147017.62,b0
765270362,1,211229,0,0,27.36,93781.11,45.11,949907.25,b0
765269850,2,211275,0,0,27.57,93799.55,43.95,597607.25,b0
765286747,3,211321,0,0,27.82,93818.23,43.27,468114.28,b0
765279836,4,211367,0,0,27.72,93774.01,43.14,890434.81,b0
765271387,5,211413,0,0,27.85,93810.23,43.22,744186.06,b0
765283665,6,211460,0,0,27.68,93775.25,43.67,667753.50,b0
765268824,7,211506,0,0,27.67,93817.30,43.51,736161.06,b0
765287253,8,211552,0,0,27.48,93785.47,43.69,1157716.25,b0
765270362,1,211598,0,0,27.36,93778.82,45.10,945958.44,b0
765269850,2,211644,0,0,27.58,93799.46,43.95,599707.19,b0
765286747,3,211690,0,0,27.83,93819.52,43.27,468757.16,b0
765279836,4,211737,0,0,27.73,93772.30,43.13,892180.38,b0
765271387,5,211783,0,0,27.85,93807.72,43.20,744186.06,b0
765283665,6,211829,0,0,27.69,93776.75,43.66,670376.44,b0
765268824,7,211875,0,0,27.67,93818.98,43.50,741760.25,b0
765287253,8,211921,0,0,27.49,93784.77,43.65,1159682.87,b0
765270362,1,211967,0,0,27.37,93780.51,45.07,947271.06,b0
765269850,2,212013,0,0,27.59,93799.12,43.95,598655.38,b0
765286747,3,212060,0,0,27.84,93817.60,43.25,468757.16,b0
765279836,4,212106,0,0,27.73,93773.19,43.14,891015.88,b0
765271387,5,212152,0,0,27.85,93808.31,43.20,742567.06,b0
765283665,6,212198,0,0,27.69,93776.41,43.64,667101.00,b0
765268824,7,212244,0,0,27.67,93819.66,43.48,736955.75,b0
765287253,8,212290,0,0,27.49,93782.65,43.66,1156735.37,b0
765270362,1,212337,0,0,27.39,93781.50,45.08,949246.81,b0
765269850,2,212383,0,0,27.60,93801.51,43.94,598655.38,b0
765286747,3,212429,0,0,27.84,93819.02,43.25,469401.78,b0
765279836,4,212475,0,0,27.74,93773.77,43.13,893347.88,b0
765271387,5,212521,0,0,27.86,93808.55,43.21,744998.19,b0
765283665,6,212567,0,0,27.70,93777.45,43.66,665151.00,b0
765268824,7,212613,0,0,27.68,93819.72,43.51,738550.31,b0
765287253,8,212659,0,0,27.49,93783.73,43.67,1152828.62,b0
765270362,1,212706,0,0,27.38,93781.60,45.06,949907.25,b0
765269850,2,212752,0,0,27.60,93800.66,43.91,599707.19,b0
765286747,3,212798,0,0,27.84,93818.68,43.24,468435.50,b0
765279836,4,212844,0,0,27.74,93773.77,43.10,890434.81,b0
765271387,5,212890,0,0,27.86,93808.20,43.18,745812.06,b0
765283665,6,212936,0,0,27.70,93777.59,43.63,669718.75,b0
765268824,7,212982,0,0,27.67,93818.07,43.48,740151.81,b0
765287253,8,213028,0,0,27.49,93783.92,43.64,1152828.62,b0
765270362,1,213075,0,0,27.38,93779.87,45.05,953223.19,b0
765269850,2,213121,0,0,27.60,93799.02,43.91,600234.44,b0
765286747,3,213167,0,0,27.84,93818.15,43.24,468757.16,b0
765279836,4,213213,0,0,27.73,93772.51,43.10,893932.75,b0
765271387,5,213259,0,0,27.87,93809.33,43.18,740955.13,b0
765283665,6,213305,0,0,27.70,93775.27,43.64,669062.38,b0
765268824,7,213352,0,0,27.68,93817.55,43.49,738550.31,b0
765287253,8,213398,0,0,27.50,93784.32,43.64,1159682.87,b0
765270362,1,213444,0,0,27.39,93782.06,45.02,953223.19,b0
765269850,2,213490,0,0,27.61,93798.73,43.90,598130.81,b0
765286747,3,213536,0,0,27.85,93818.16,43.21,470048.19,b0
765279836,4,213582,0,0,27.75,93773.48,43.09,893932.75,b0
765271387,5,213629,0,0,27.87,93808.59,43.17,743375.69,b0
765283665,6,213675,0,0,27.71,93776.14,43.62,668407.31,b0
765268824,7,213721,0,0,27.68,93819.35,43.47,744186.06,b0
765287253,8,213767,0,0,27.51,93784.16,43.64,1159682.87,b0
765270362,1,213813,0,0,27.40,93780.73,45.03,949246.81,b0
765269850,2,213859,0,0,27.61,93798.91,43.88,602352.94,b0
765286747,3,213905,0,0,27.85,93818.74,43.21,471021.16,b0
765279836,4,213952,0,0,27.75,93772.45,43.06,895104.88,b0
765271387,5,213998,0,0,27.87,93809.52,43.16,745812.06,b0
765283665,6,214044,0,0,27.71,93776.11,43.62,669062.38,b0
765268824,7,214090,0,0,27.68,93818.31,43.46,741760.25,b0
765287253,8,214136,0,0,27.51,93784.73,43.63,1157716.25,b0
765270362,1,214182,0,0,27.40,93781.06,45.01,951894.00,b0
765269850,2,214229,0,0,27.62,93800.20,43.86,602352.94,b0
765286747,3,214275,0,0,27.86,93817.87,43.19,470696.41,b0
765279836,4,214321,0,0,27.75,93771.22,43.06,895104.88,b0
765271387,5,214367,0,0,27.88,93809.27,43.14,747445.25,b0
765283665,6,214413,0,0,27.72,93776.26,43.62,667753.50,b0
765268824,7,214459,0,0,27.69,93818.18,43.47,738550.31,b0
765287253,8,214505,0,0,27.52,93784.05,43.63,1149915.75,b0
765270362,1,214552,0,0,27.39,93781.16,45.00,953889.13,b0
765269850,2,214598,0,0,27.61,93800.71,43.85,601821.94,b0
765286747,3,214644,0,0,27.86,93817.52,43.18,471998.16,b0
765279836,4,214690,0,0,27.76,93773.92,43.07,898048.69,b0
765271387,5,214736,0,0,27.89,93807.70,43.14,744186.06,b0
765283665,6,214782,0,0,27.73,93777.54,43.61,670376.44,b0
765268824,7,214828,0,0,27.69,93817.64,43.44,737752.19,b0
765287253,8,214874,0,0,27.53,93784.61,43.62,1158698.75,b0
765270362,1,214921,0,0,27.40,93780.70,44.98,955892.63,b0
765269850,2,214967,0,0,27.61,93799.81,43.85,602352.94,b0
765286747,3,215013,0,0,27.86,93818.76,43.18,474293.66,b0
765279836,4,215059,0,0,27.76,93771.99,43.05,899824.25,b0
765271387,5,215105,0,0,27.89,93809.30,43.14,748264.50,b0
765283665,6,215151,0,0,27.72,93776.23,43.61,669718.75,b0
765268824,7,215197,0,0,27.69,93818.37,43.45,741760.25,b0
765287253,8,215244,0,0,27.53,93785.34,43.60,1156735.37,b0
765270362,1,215290,0,0,27.40,93781.44,44.99,951230.81,b0
765269850,2,215336,0,0,27.61,93797.67,43.82,605022.19,b0
765286747,3,215382,0,0,27.87,93818.11,43.14,472324.72,b0
765279836,4,215428,0,0,27.76,93773.78,43.03,900417.69,b0
765271387,5,215474,0,0,27.88,93808.70,43.12,747445.25,b0
765283665,6,215521,0,0,27.72,93776.61,43.60,673020.06,b0
765268824,7,215567,0,0,27.70,93817.48,43.45,740955.13,b0
765287253,8,215613,0,0,27.53,93784.09,43.61,1157716.25,b0
765270362,1,215659,0,0,27.41,93781.70,44.97,955892.63,b0
765269850,2,215705,0,0,27.63,93800.80,43.83,606635.06,b0
765286747,3,215751,0,0,27.88,93817.98,43.16,474293.66,b0
765279836,4,215798,0,0,27.77,93773.50,43.03,902799.19,b0
765271387,5,215844,0,0,27.89,93808.59,43.11,745812.06,b0
765283665,6,215890,0,0,27.72,93776.26,43.59,673684.19,b0
765268824,7,215936,0,0,27.70,93818.77,43.43,742567.06,b0
765287253,8,215982,0,0,27.54,93783.95,43.60,1161656.25,b0
765270362,1,216028,0,0,27.42,93783.18,44.94,958577.13,b0
765269850,2,216074,0,0,27.63,93799.41,43.81,605558.81,b0
765286747,3,216121,0,0,27.89,93819.63,43.15,474953.63,b0
765279836,4,216167,0,0,27.78,93772.49,43.02,903994.69,b0
765271387,5,216213,0,0,27.90,93808.87,43.11,741760.25,b0
765283665,6,216259,0,0,27.74,93776.62,43.58,674349.69,b0
765268824,7,216305,0,0,27.71,93818.80,43.43,738550.31,b0
765287253,8,216351,0,0,27.54,93783.42,43.58,1159682.87,b0
765270362,1,216398,0,0,27.42,93781.60,44.94,955223.88,b0
765269850,2,216444,0,0,27.63,93799.56,43.79,607174.63,b0
765286747,3,216490,0,0,27.90,93820.44,43.14,474293.66,b0
765279836,4,216536,0,0,27.79,93773.96,43.00,902202.63,b0
765271387,5,216582,0,0,27.90,93810.12,43.11,741760.25,b0
765283665,6,216628,0,0,27.74,93775.96,43.57,675684.56,b0
765268824,7,216674,0,0,27.72,93816.68,43.42,739350.19,b0
765287253,8,216720,0,0,27.55,93785.24,43.57,1158698.75,b0
765270362,1,216767,0,0,27.43,93781.48,44.93,961276.69,b0
765269850,2,216813,0,0,27.63,93799.19,43.78,603951.63,b0
765286747,3,216859,0,0,27.92,93820.33,43.11,474953.63,b0
765279836,4,216905,0,0,27.80,93773.71,43.01,899824.25,b0
765271387,5,216951,0,0,27.91,93808.07,43.11,748264.50,b0
765283665,6,216997,0,0,27.75,93777.47,43.57,677024.81,b0
765268824,7,217043,0,0,27.72,93817.06,43.42,743375.69,b0
765287253,8,217089,0,0,27.56,93782.80,43.59,1154778.62,b0
765270362,1,217136,0,0,27.42,93781.42,44.93,959250.56,b0
765269850,2,217182,0,0,27.62,93798.42,43.78,607715.13,b0
765286747,3,217228,0,0,27.92,93818.74,43.12,477946.31,b0
765279836,4,217274,0,0,27.80,93774.60,42.98,904593.63,b0
765271387,5,217320,0,0,27.91,93809.27,43.10,745812.06,b0
765283665,6,217366,0,0,27.76,93777.08,43.56,678370.31,b0
765268824,7,217413,0,0,27.72,93814.70,43.41,737752.19,b0
765287253,8,217459,0,0,27.57,93783.92,43.58,1151856.00,b0
765270362,1,217505,0,0,27.43,93781.09,44.89,957233.00,b0
765269850,2,217551,0,0,27.61,93799.46,43.74,607174.63,b0
765286747,3,217597,0,0,27.93,93819.31,43.10,474953.63,b0
765279836,4,217643,0,0,27.81,93774.65,43.00,903396.56,b0
765271387,5,217689,0,0,27.91,93808.99,43.09,752526.19,b0
765283665,6,217736,0,0,27.77,93774.83,43.53,678370.31,b0
765268824,7,217782,0,0,27.73,93818.00,43.39,737752.19,b0
765287253,8,217828,0,0,27.57,93781.28,43.55,1155756.25,b0
765270362,1,217874,0,0,27.43,93781.63,44.91,958577.13,b0
765269850,2,217920,0,0,27.62,93798.42,43.75,608256.63,b0
765286747,3,217966,0,0,27.94,93819.73,43.10,477278.03,b0
765279836,4,218013,0,0,27.81,93774.65,42.96,911234.69,b0
765271387,5,218059,0,0,27.92,93808.50,43.07,745812.06,b0
765283665,6,218105,0,0,27.78,93775.80,43.54,675016.50,b0
765268824,7,218151,0,0,27.74,93817.70,43.40,735368.06,b0
765287253,8,218197,0,0,27.59,93784.21,43.58,1152828.62,b0
765270362,1,218243,0,0,27.42,93781.07,44.89,959250.56,b0
765269850,2,218290,0,0,27.61,93797.85,43.72,609886.81,b0
765286747,3,218336,0,0,27.94,93819.20,43.07,477278.03,b0
765279836,4,218382,0,0,27.82,93773.61,42.94,914898.38,b0
765271387,5,218428,0,0,27.93,93809.27,43.06,751283.94,b0
765283665,6,218474,0,0,27.79,93777.77,43.53,675684.56,b0
765268824,7,218520,0,0,27.74,93815.70,43.38,736955.75,b0
765287253,8,218566,0,0,27.59,93783.52,43.55,1152828.62,b0
765270362,1,218613,0,0,27.43,93781.50,44.87,964672.63,b0
765269850,2,218659,0,0,27.61,93797.12,43.71,607715.13,b0
765286747,3,218705,0,0,27.95,93819.95,43.06,475615.41,b0
765279836,4,218751,0,0,27.83,93775.28,42.95,908808.50,b0
765271387,5,218797,0,0,27.94,93808.30,43.05,749085.56,b0
765283665,6,218843,0,0,27.79,93778.48,43.52,673684.19,b0
765268824,7,218889,0,0,27.75,93819.01,43.37,736955.75,b0
765287253,8,218935,0,0,27.60,93783.37,43.54,1143176.12,b0
765270362,1,218982,0,0,27.43,93779.48,44.85,963991.50,b0
765269850,2,219028,0,0,27.61,93798.56,43.72,613724.88,b0
765286747,3,219074,0,0,27.96,93818.92,43.05,479962.50,b0
765279836,4,219120,0,0,27.82,93772.56,42.93,907600.25,b0
765271387,5,219166,0,0,27.94,93808.30,43.05,742567.06,b0
765283665,6,219212,0,0,27.80,93777.62,43.52,675684.56,b0
765268824,7,219258,0,0,27.75,93816.13,43.38,733787.19,b0
765287253,8,219305,0,0,27.61,93783.59,43.53,1146054.87,b0
765270362,1,219351,0,0,27.44,93782.60,44.84,967406.69,b0
765269850,2,219397,0,0,27.60,93797.64,43.69,612074.13,b0
765286747,3,219443,0,0,27.96,93820.37,43.04,479288.56,b0
765279836,4,219489,0,0,27.83,93774.25,42.91,920449.44,b0
765271387,5,219535,0,0,27.94,93808.87,43.03,747445.25,b0
765283665,6,219581,0,0,27.81,93777.93,43.51,675016.50,b0
765268824,7,219628,0,0,27.75,93817.05,43.37,730645.75,b0
765287253,8,219674,0,0,27.61,93783.62,43.52,1139360.25,b0
765270362,1,219720,0,0,27.44,93780.30,44.83,966721.75,b0
765269850,2,219766,0,0,27.62,93801.47,43.69,611525.81,b0
765286747,3,219812,0,0,27.96,93820.58,43.03,479288.56,b0
765279836,4,219858,0,0,27.83,93773.18,42.90,915511.88,b0
765271387,5,219905,0,0,27.95,93808.90,43.05,750870.75,b0
765283665,6,219951,0,0,27.81,93777.65,43.50,676354.00,b0
765268824,7,219997,0,0,27.76,93815.63,43.36,730645.75,b0
765287253,8,220043,0,0,27.62,93782.21,43.52,1142219.75,b0
765270362,1,220089,0,0,27.45,93782.37,44.81,966721.75,b0
765269850,2,220135,0,0,27.62,93800.06,43.67,613724.88,b0
765286747,3,220182,0,0,27.96,93819.49,43.03,480300.19,b0
765279836,4,220228,0,0,27.84,93774.65,42.88,917357.25,b0
765271387,5,220274,0,0,27.95,93808.76,43.01,745812.06,b0
765283665,6,220320,0,0,27.81,93776.20,43.50,679721.19,b0
765268824,7,220366,0,0,27.76,93817.10,43.37,729085.06,b0
765287253,8,220412,0,0,27.62,93783.66,43.51,1138410.25,b0
765270362,1,220459,0,0,27.46,93782.23,44.80,969467.44,b0
765269850,2,220505,0,0,27.63,93798.35,43.68,614277.13,b0
765286747,3,220551,0,0,27.97,93818.66,43.01,480977.00,b0
765279836,4,220597,0,0,27.85,93774.90,42.86,910626.94,b0
765271387,5,220643,0,0,27.96,93809.70,43.02,749085.56,b0
765283665,6,220689,0,0,27.82,93777.73,43.49,678370.31,b0
765268824,7,220735,0,0,27.77,93815.71,43.35,730645.75,b0
765287253,8,220781,0,0,27.63,93782.46,43.52,1137461.87,b0
765270362,1,220828,0,0,27.48,93782.00,44.81,970846.19,b0
765269850,2,220874,0,0,27.64,93798.57,43.68,614277.13,b0
765286747,3,220920,0,0,27.98,93820.69,42.97,481995.75,b0
765279836,4,220966,0,0,27.85,93773.13,42.86,911843.25,b0
765271387,5,221012,0,0,27.96,93807.07,42.99,745812.06,b0
765283665,6,221058,0,0,27.83,93776.79,43.47,675016.50,b0
765268824,7,221104,0,0,27.77,93815.73,43.36,727531.06,b0
765287253,8,221150,0,0,27.63,93784.27,43.48,1129931.00,b0
765270362,1,221197,0,0,27.49,93782.30,44.78,970846.19,b0
765269850,2,221243,0,0,27.65,93798.09,43.67,615384.63,b0
765286747,3,221289,0,0,27.99,93818.56,42.98,480638.34,b0
765279836,4,221335,0,0,27.86,93773.73,42.85,912452.69,b0
765271387,5,221381,0,0,27.97,93808.91,43.00,746627.75,b0
765283665,6,221427,0,0,27.84,93777.59,43.46,672357.19,b0
765268824,7,221474,0,0,27.78,93813.95,43.34,721380.75,b0
765287253,8,221520,0,0,27.65,93786.30,43.49,1132743.37,b0
765270362,1,221566,0,0,27.50,93781.49,44.77,969467.44,b0
765269850,2,221612,0,0,27.65,93798.09,43.66,614277.13,b0
765286747,3,221658,0,0,28.00,93820.42,42.97,479288.56,b0
765279836,4,221704,0,0,27.87,93772.54,42.85,911843.25,b0
765271387,5,221750,0,0,27.98,93809.02,43.01,744998.19,b0
765283665,6,221797,0,0,27.85,93778.04,43.45,674349.69,b0
765268824,7,221843,0,0,27.78,93813.95,43.33,720619.31,b0
765287253,8,221889,0,0,27.65,93784.18,43.47,1125274.75,b0
765270362,1,221935,0,0,27.52,93781.59,44.77,970156.31,b0
765269850,2,221981,0,0,27.67,93798.20,43.66,615939.88,b0
765286747,3,222027,0,0,28.01,93820.27,42.94,479962.50,b0
765279836,4,222074,0,0,27.87,93774.16,42.83,913673.88,b0
765271387,5,222120,0,0,27.99,93807.10,43.00,740955.13,b0
765283665,6,222166,0,0,27.85,93776.32,43.44,671695.63,b0
765268824,7,222212,0,0,27.79,93817.65,43.34,718344.44,b0
765287253,8,222258,0,0,27.66,93784.73,43.46,1120656.62,b0
765270362,1,222304,0,0,27.53,93782.73,44.77,966721.75,b0
765269850,2,222351,0,0,27.67,93799.13,43.66,612623.38,b0
765286747,3,222397,0,0,28.01,93819.77,42.93,480300.19,b0
765279836,4,222443,0,0,27.88,93773.85,42.82,911234.69,b0
765271387,5,222489,0,0,27.99,93807.86,42.97,739350.19,b0
765283665,6,222535,0,0,27.86,93777.82,43.43,671035.38,b0
765268824,7,222581,0,0,27.79,93815.09,43.31,717589.38,b0
765287253,8,222627,0,0,27.66,93784.59,43.45,1117903.87,b0
765270362,1,222674,0,0,27.54,93782.45,44.75,970156.31,b0
765269850,2,222720,0,0,27.69,93799.55,43.65,613724.88,b0
765286747,3,222766,0,0,28.01,93820.30,42.94,478952.28,b0
765279836,4,222812,0,0,27.88,93774.56,42.82,914285.69,b0
765271387,5,222858,0,0,27.99,93807.68,42.98,740151.81,b0
765283665,6,222904,0,0,27.86,93776.98,43.42,666449.75,b0
765268824,7,222950,0,0,27.81,93817.36,43.30,715333.56,b0
765287253,8,222996,0,0,27.67,93784.08,43.44,1107027.00,b0
765270362,1,223043,0,0,27.55,93782.73,44.75,967406.69,b0
765269850,2,223089,0,0,27.69,93798.17,43.63,612623.38,b0
765286747,3,223135,0,0,28.01,93819.05,42.91,479288.56,b0
765279836,4,223181,0,0,27.88,93774.08,42.82,909413.88,b0
765271387,5,223227,0,0,28.01,93808.53,42.98,739350.19,b0
765283665,6,223273,0,0,27.87,93777.98,43.42,668407.31,b0
765268824,7,223319,0,0,27.81,93815.21,43.31,711605.31,b0
765287253,8,223366,0,0,27.67,93784.45,43.44,1110629.12,b0
765270362,1,223412,0,0,27.56,93782.29,44.75,969467.44,b0
765269850,2,223458,0,0,27.71,93799.86,43.64,614277.13,b0
765286747,3,223504,0,0,28.02,93819.30,42.90,481316.09,b0
765279836,4,223550,0,0,27.89,93774.12,42.79,913673.88,b0
765271387,5,223596,0,0,28.01,93808.38,42.95,735368.06,b0
765283665,6,223643,0,0,27.88,93778.05,43.42,661926.31,b0
765268824,7,223689,0,0,27.81,93815.91,43.29,707915.69,b0
765287253,8,223735,0,0,27.69,93785.94,43.44,1108825.12,b0
765270362,1,223781,0,0,27.57,93781.47,44.74,966721.75,b0
765269850,2,223827,0,0,27.71,93798.27,43.62,610432.19,b0
765286747,3,223873,0,0,28.03,93819.69,42.89,478616.50,b0
765279836,4,223920,0,0,27.90,93773.48,42.79,911234.69,b0
765271387,5,223966,0,0,28.02,93807.88,42.96,735368.06,b0
765283665,6,224012,0,0,27.88,93777.91,43.41,662568.75,b0
765268824,7,224058,0,0,27.83,93815.82,43.29,707182.31,b0
765287253,8,224104,0,0,27.69,93785.76,43.42,1104340.75,b0
765270362,1,224150,0,0,27.58,93783.33,44.72,967406.69,b0
765269850,2,224196,0,0,27.72,93797.43,43.62,609886.81,b0
765286747,3,224243,0,0,28.04,93819.40,42.89,480300.19,b0
765279836,4,224289,0,0,27.91,93774.08,42.78,910626.94,b0
765271387,5,224335,0,0,28.02,93805.43,42.95,731428.56,b0
765283665,6,224381,0,0,27.89,93778.73,43.40,660645.19,b0
765268824,7,224427,0,0,27.82,93815.98,43.30,704991.38,b0
765287253,8,224473,0,0,27.69,93786.50,43.39,1102557.25,b0
765270362,1,224520,0,0,27.59,93782.70,44.71,963991.50,b0
765269850,2,224566,0,0,27.73,93799.28,43.61,608799.06,b0
765286747,3,224612,0,0,28.06,93818.57,42.87,477278.03,b0
765279836,4,224658,0,0,27.91,93772.67,42.77,903396.56,b0
765271387,5,224704,0,0,28.03,93805.69,42.95,730645.75,b0
765283665,6,224750,0,0,27.90,93776.90,43.39,662568.75,b0
765268824,7,224796,0,0,27.83,93817.31,43.28,703538.31,b0
765287253,8,224842,0,0,27.69,93785.27,43.39,1099892.62,b0
765270362,1,224889,0,0,27.60,93783.66,44.69,961276.69,b0
765269850,2,224935,0,0,27.74,93798.80,43.60,607715.13,b0
765286747,3,224981,0,0,28.07,93818.80,42.88,477611.94,b0
765279836,4,225027,0,0,27.92,93775.25,42.77,903994.69,b0
765271387,5,225073,0,0,28.03,93807.47,42.94,729085.06,b0
765283665,6,225119,0,0,27.90,93777.58,43.36,656831.31,b0
765268824,7,225165,0,0,27.83,93815.71,43.27,699214.75,b0
765287253,8,225211,0,0,27.70,93785.48,43.38,1098123.37,b0
765270362,1,225258,0,0,27.61,93782.78,44.66,961276.69,b0
765269850,2,225304,0,0,27.74,93799.00,43.59,608256.63,b0
765286747,3,225350,0,0,28.07,93820.05,42.85,476611.59,b0
765279836,4,225396,0,0,27.93,93773.47,42.76,902799.19,b0
765271387,5,225442,0,0,28.04,93805.93,42.93,726756.56,b0
765283665,6,225488,0,0,27.91,93779.25,43.36,657463.88,b0
765268824,7,225535,0,0,27.84,93815.71,43.26,699214.75,b0
765287253,8,225581,0,0,27.71,93785.32,43.37,1092849.50,b0
765270362,1,225627,0,0,27.62,93783.25,44.66,968092.63,b0
765269850,2,225673,0,0,27.75,93799.93,43.60,606096.50,b0
765286747,3,225719,0,0,28.07,93819.20,42.85,475947.00,b0
765279836,4,225765,0,0,27.93,93773.90,42.74,903396.56,b0
765271387,5,225811,0,0,28.04,93806.84,42.92,721380.75,b0
765283665,6,225858,0,0,27.91,93777.69,43.36,655569.81,b0
765268824,7,225904,0,0,27.84,93814.65,43.26,695652.19,b0
765287253,8,225950,0,0,27.71,93785.52,43.37,1088493.25,b0
765270362,1,225996,0,0,27.62,93782.70,44.65,964672.63,b0
765269850,2,226042,0,0,27.76,93800.15,43.59,604486.44,b0
765286747,3,226088,0,0,28.07,93819.73,42.84,479962.50,b0
765279836,4,226135,0,0,27.94,93773.73,42.73,908204.00,b0
765271387,5,226181,0,0,28.05,93805.09,42.92,725212.44,b0
765283665,6,226227,0,0,27.92,93776.85,43.35,652437.06,b0
765268824,7,226273,0,0,27.84,93814.27,43.28,699214.75,b0
765287253,8,226319,0,0,27.71,93786.60,43.35,1091102.87,b0
765270362,1,226365,0,0,27.61,93784.45,44.64,964672.63,b0
765269850,2,226412,0,0,27.75,93799.76,43.57,608799.06,b0
765286747,3,226458,0,0,28.07,93820.45,42.82,478616.50,b0
765279836,4,226504,0,0,27.93,93774.79,42.71,904593.63,b0
765271387,5,226550,0,0,28.04,93805.62,42.90,722143.88,b0
765283665,6,226596,0,0,27.92,93778.09,43.33,658732.69,b0
765268824,7,226642,0,0,27.85,93815.59,43.25,696361.81,b0
765287253,8,226688,0,0,27.72,93785.20,43.33,1090231.62,b0
765270362,1,226735,0,0,27.62,93782.67,44.62,961276.69,b0
765269850,2,226781,0,0,27.76,93800.69,43.56,609342.44,b0
765286747,3,226827,0,0,28.07,93819.91,42.81,480300.19,b0
765279836,4,226873,0,0,27.93,93773.52,42.72,904593.63,b0
765271387,5,226919,0,0,28.05,93806.95,42.90,724442.88,b0
765283665,6,226965,0,0,27.92,93776.17,43.31,654940.81,b0
765268824,7,227011,0,0,27.85,93815.59,43.24,695652.19,b0
765287253,8,227057,0,0,27.72,93783.96,43.34,1088493.25,b0
765270362,1,227104,0,0,27.62,93783.41,44.59,967406.69,b0
765269850,2,227150,0,0,27.76,93799.83,43.55,611525.81,b0
765286747,3,227196,0,0,28.08,93820.82,42.80,480638.34,b0
765279836,4,227242,0,0,27.94,93774.84,42.70,906997.31,b0
765271387,5,227288,0,0,28.06,93807.32,42.88,723674.94,b0
765283665,6,227334,0,0,27.93,93776.61,43.30,653686.56,b0
765268824,7,227380,0,0,27.85,93815.60,43.22,698499.31,b0
765287253,8,227427,0,0,27.73,93784.89,43.32,1091975.50,b0
765270362,1,227473,0,0,27.62,93783.59,44.60,968779.56,b0
765269850,2,227519,0,0,27.77,93800.39,43.53,613173.63,b0
765286747,3,227565,0,0,28.09,93818.91,42.79,480977.00,b0
765279836,4,227611,0,0,27.95,93773.81,42.68,903396.56,b0
765271387,5,227657,0,0,28.05,93804.64,42.87,723674.94,b0
765283665,6,227704,0,0,27.93,93778.63,43.30,655569.81,b0
765268824,7,227750,0,0,27.86,93816.21,43.21,699214.75,b0
765287253,8,227796,0,0,27.73,93786.14,43.29,1092849.50,b0
765270362,1,227842,0,0,27.62,93783.63,44.57,963311.38,b0
765269850,2,227888,0,0,27.77,93799.87,43.52,614277.13,b0
765286747,3,227934,0,0,28.10,93819.66,42.75,481316.09,b0
765279836,4,227981,0,0,27.96,93774.24,42.67,910626.94,b0
765271387,5,228027,0,0,28.06,93805.95,42.85,723674.94,b0
765283665,6,228073,0,0,27.93,93777.19,43.29,659368.94,b0
765268824,7,228119,0,0,27.86,93816.57,43.21,696361.81,b0
765287253,8,228165,0,0,27.73,93786.16,43.28,1094601.87,b0
765270362,1,228211,0,0,27.62,93782.54,44.56,970156.31,b0
765269850,2,228257,0,0,27.78,93801.01,43.51,614830.38,b0
765286747,3,228304,0,0,28.10,93819.70,42.74,481995.75,b0
765279836,4,228350,0,0,27.97,93773.77,42.65,905193.38,b0
765271387,5,228396,0,0,28.06,93805.05,42.85,724442.88,b0
765283665,6,228442,0,0,27.94,93777.98,43.26,656831.31,b0
765268824,7,228488,0,0,27.87,93815.34,43.20,695652.19,b0
765287253,8,228534,0,0,27.73,93785.45,43.28,1096359.75,b0
765270362,1,228581,0,0,27.64,93782.82,44.52,972228.81,b0
765269850,2,228627,0,0,27.79,93799.62,43.49,613173.63,b0
765286747,3,228673,0,0,28.11,93817.75,42.73,482336.31,b0
765279836,4,228719,0,0,27.98,93774.37,42.63,914285.69,b0
765271387,5,228765,0,0,28.07,93805.30,42.83,725212.44,b0
765283665,6,228811,0,0,27.95,93777.55,43.25,660006.44,b0
765268824,7,228857,0,0,27.87,93816.27,43.17,697785.38,b0
765287253,8,228903,0,0,27.73,93783.13,43.25,1093725.00,b0
765270362,1,228950,0,0,27.65,93782.02,44.51,977099.25,b0
765269850,2,228996,0,0,27.80,93800.93,43.48,614830.38,b0
765286747,3,229042,0,0,28.12,93819.45,42.72,480638.34,b0
765279836,4,229088,0,0,27.99,93775.68,42.64,913673.88,b0
765271387,5,229134,0,0,28.07,93805.32,42.83,725983.69,b0
765283665,6,229180,0,0,27.96,93779.26,43.25,660645.19,b0
765268824,7,229226,0,0,27.87,93814.45,43.17,694237.31,b0
765287253,8,229273,0,0,27.74,93784.59,43.25,1096359.75,b0
765270362,1,229319,0,0,27.65,93783.49,44.49,984852.13,b0
765269850,2,229365,0,0,27.80,93800.60,43.47,616496.06,b0
765286747,3,229411,0,0,28.13,93821.08,42.69,484389.78,b0
765279836,4,229457,0,0,28.00,93774.34,42.62,915511.88,b0
765271387,5,229503,0,0,28.08,93803.77,42.81,723674.94,b0
765283665,6,229549,0,0,27.95,93778.47,43.22,661926.31,b0
765268824,7,229596,0,0,27.87,93816.81,43.14,696361.81,b0
765287253,8,229642,0,0,27.73,93783.85,43.23,1096359.75,b0
765270362,1,229688,0,0,27.66,93783.91,44.49,975702.69,b0
765269850,2,229734,0,0,27.81,93798.68,43.47,617611.56,b0
765286747,3,229780,0,0,28.13,93821.61,42.68,484046.31,b0
765279836,4,229826,0,0,28.00,93773.96,42.60,911234.69,b0
765271387,5,229872,0,0,28.08,93805.59,42.78,726756.56,b0
765283665,6,229919,0,0,27.96,93778.23,43.22,660006.44,b0
765268824,7,229965,0,0,27.87,93814.84,43.14,699214.75,b0
765287253,8,230011,0,0,27.74,93785.49,43.24,1098123.37,b0
765270362,1,230057,0,0,27.67,93782.35,44.46,986275.00,b0
765269850,2,230103,0,0,27.82,93801.27,43.44,616496.06,b0
765286747,3,230149,0,0,28.14,93821.66,42.67,484389.78,b0
765279836,4,230196,0,0,28.01,93776.17,42.58,911843.25,b0
765271387,5,230242,0,0,28.08,93804.30,42.80,729864.56,b0
765283665,6,230288,0,0,27.96,93775.74,43.20,661926.31,b0
765268824,7,230334,0,0,27.87,93813.94,43.13,698499.31,b0
765287253,8,230380,0,0,27.75,93785.52,43.22,1100779.37,b0
765270362,1,230426,0,0,27.68,93783.30,44.47,983433.38,b0
765269850,2,230473,0,0,27.82,93799.98,43.43,617053.31,b0
765286747,3,230519,0,0,28.14,93819.73,42.66,485768.50,b0
765279836,4,230565,0,0,28.01,93775.48,42.57,917974.00,b0
765271387,5,230611,0,0,28.08,93804.68,42.79,729085.06,b0
765283665,6,230657,0,0,27.96,93778.64,43.19,661285.13,b0
765268824,7,230703,0,0,27.88,93813.79,43.12,700650.00,b0
765287253,8,230749,0,0,27.75,93786.05,43.19,1101667.62,b0
765270362,1,230796,0,0,27.67,93782.92,44.43,976400.50,b0
765269850,2,230842,0,0,27.83,93799.18,43.41,618731.13,b0
765286747,3,230888,0,0,28.15,93820.65,42.66,487502.97,b0
765279836,4,230934,0,0,28.02,93773.21,42.58,914898.38,b0
765271387,5,230980,0,0,28.08,93804.89,42.77,729864.56,b0
765283665,6,231026,0,0,27.96,93776.33,43.17,663857.38,b0
765268824,7,231072,0,0,27.88,93816.33,43.11,702091.19,b0
765287253,8,231118,0,0,27.75,93786.05,43.19,1102557.25,b0
765270362,1,231165,0,0,27.68,93783.70,44.41,982018.69,b0
765269850,2,231211,0,0,27.83,93799.71,43.39,619292.44,b0
765286747,3,231257,0,0,28.16,93820.16,42.63,488899.50,b0
765279836,4,231303,0,0,28.01,93774.95,42.55,914285.69,b0
765271387,5,231349,0,0,28.09,93804.91,42.76,732213.06,b0
765283665,6,231395,0,0,27.97,93778.17,43.17,666449.75,b0
765268824,7,231441,0,0,27.88,93812.88,43.11,701369.88,b0
765287253,8,231488,0,0,27.75,93784.84,43.18,1102557.25,b0
765270362,1,231534,0,0,27.68,93782.29,44.42,982018.69,b0
765269850,2,231580,0,0,27.83,93800.23,43.38,619292.44,b0
765286747,3,231626,0,0,28.16,93822.30,42.61,485423.09,b0
765279836,4,231672,0,0,28.02,93774.29,42.54,924813.75,b0
765271387,5,231718,0,0,28.09,93804.54,42.75,732213.06,b0
765283665,6,231765,0,0,27.97,93776.35,43.14,667753.50,b0
765268824,7,231811,0,0,27.88,93814.49,43.09,703538.31,b0
765287253,8,231857,0,0,27.75,93785.72,43.16,1106130.12,b0
765270362,1,231903,0,0,27.68,93781.55,44.40,992729.06,b0
765269850,2,231949,0,0,27.83,93801.29,43.37,620982.44,b0
765286747,3,231995,0,0,28.16,93821.05,42.59,486807.69,b0
765279836,4,232042,0,0,28.03,93777.05,42.54,924187.75,b0
765271387,5,232088,0,0,28.08,93805.21,42.73,732999.31,b0
765283665,6,232134,0,0,27.96,93777.74,43.14,669718.75,b0
765268824,7,232180,0,0,27.88,93814.13,43.08,703538.31,b0
765287253,8,232226,0,0,27.75,93785.19,43.14,1106130.12,b0
765270362,1,232272,0,0,27.69,93784.11,44.37,984142.25,b0
765269850,2,232318,0,0,27.82,93799.12,43.35,623819.69,b0
765286747,3,232365,0,0,28.16,93821.80,42.58,490304.03,b0
765279836,4,232411,0,0,28.02,93773.26,42.51,923562.56,b0
765271387,5,232457,0,0,28.08,93805.56,42.71,734576.75,b0
765283665,6,232503,0,0,27.97,93777.46,43.12,669062.38,b0
765268824,7,232549,0,0,27.88,93815.23,43.07,703538.31,b0
765287253,8,232595,0,0,27.76,93785.05,43.14,1108825.12,b0
765270362,1,232642,0,0,27.69,93783.73,44.35,986275.00,b0
765269850,2,232688,0,0,27.82,93799.63,43.33,623250.13,b0
765286747,3,232734,0,0,28.17,93821.49,42.57,489249.88,b0
765279836,4,232780,0,0,28.03,93775.94,42.51,927956.50,b0
765271387,5,232826,0,0,28.07,93803.91,42.70,736955.75,b0
765283665,6,232872,0,0,27.97,93777.86,43.10,669062.38,b0
765268824,7,232918,0,0,27.89,93816.54,43.07,704264.13,b0
765287253,8,232964,0,0,27.77,93785.27,43.14,1111533.25,b0
765270362,1,233011,0,0,27.68,93782.99,44.35,993451.38,b0
765269850,2,233057,0,0,27.82,93799.30,43.33,623250.13,b0
765286747,3,233103,0,0,28.18,93820.98,42.55,493137.50,b0
765279836,4,233149,0,0,28.04,93774.25,42.48,930486.13,b0
765271387,5,233195,0,0,28.08,93803.59,42.70,738550.31,b0
765283665,6,233241,0,0,27.97,93778.34,43.10,669718.75,b0
765268824,7,233287,0,0,27.90,93814.77,43.06,707182.31,b0
765287253,8,233333,0,0,27.77,93784.58,43.12,1113346.00,b0
765270362,1,233380,0,0,27.68,93782.45,44.33,992007.75,b0
765269850,2,233426,0,0,27.82,93799.45,43.32,622681.69,b0
765286747,3,233472,0,0,28.18,93820.25,42.52,490656.44,b0
765279836,4,233518,0,0,28.03,93774.91,42.47,929219.63,b0
765271387,5,233564,0,0,28.09,93805.25,42.69,739350.19,b0
765283665,6,233610,0,0,27.98,93778.11,43.07,673684.19,b0
765268824,7,233657,0,0,27.90,93815.85,43.05,708650.50,b0
765287253,8,233703,0,0,27.77,93786.52,43.11,1116076.25,b0
765270362,1,233749,0,0,27.69,93784.09,44.32,990568.31,b0
765269850,2,233795,0,0,27.83,93801.11,43.30,626683.00,b0
765286747,3,233841,0,0,28.18,93819.01,42.54,491716.69,b0
765279836,4,233887,0,0,28.03,93773.31,42.47,929852.44,b0
765271387,5,233934,0,0,28.09,93807.39,42.67,742567.06,b0
765283665,6,233980,0,0,27.97,93776.98,43.07,675684.56,b0
765268824,7,234026,0,0,27.89,93814.38,43.04,709386.94,b0
765287253,8,234072,0,0,27.78,93786.77,43.10,1116076.25,b0
765270362,1,234118,0,0,27.68,93781.93,44.30,992007.75,b0
765269850,2,234164,0,0,27.82,93799.83,43.29,627258.81,b0
765286747,3,234210,0,0,28.19,93820.52,42.50,491716.69,b0
765279836,4,234257,0,0,28.04,93774.45,42.44,933029.63,b0
765271387,5,234303,0,0,28.08,93805.06,42.66,740955.13,b0
765283665,6,234349,0,0,27.98,93778.69,43.06,677696.88,b0
765268824,7,234395,0,0,27.90,93815.52,43.01,710124.81,b0
765287253,8,234441,0,0,27.79,93785.89,43.08,1117903.87,b0
765270362,1,234487,0,0,27.69,93782.90,44.30,992007.75,b0
765269850,2,234534,0,0,27.82,93798.56,43.28,626108.25,b0
765286747,3,234580,0,0,28.19,93819.98,42.50,493137.50,b0
765279836,4,234626,0,0,28.05,93774.69,42.43,934306.56,b0
765271387,5,234672,0,0,28.09,93806.34,42.66,744998.19,b0
765283665,6,234718,0,0,27.98,93778.69,43.06,678370.31,b0
765268824,7,234764,0,0,27.91,93814.83,42.98,710864.31,b0
765287253,8,234810,0,0,27.79,93784.82,43.08,1116076.25,b0
765270362,1,234857,0,0,27.70,93784.38,44.27,994174.75,b0
765269850,2,234903,0,0,27.83,93797.74,43.25,628992.63,b0
765286747,3,234949,0,0,28.20,93820.20,42.50,497449.59,b0
765279836,4,234995,0,0,28.05,93773.44,42.40,940096.38,b0
765271387,5,235041,0,0,28.09,93804.96,42.64,745812.06,b0
765283665,6,235087,0,0,27.98,93777.10,43.05,675016.50,b0
765268824,7,235133,0,0,27.90,93816.61,43.01,712347.81,b0
765287253,8,235179,0,0,27.79,93785.73,43.07,1124348.12,b0
765270362,1,235226,0,0,27.70,93781.53,44.28,993451.38,b0
765269850,2,235272,0,0,27.84,93800.49,43.24,628992.63,b0
765286747,3,235318,0,0,28.21,93821.31,42.47,494208.50,b0
765279836,4,235364,0,0,28.05,93774.18,42.41,936228.56,b0
765271387,5,235410,0,0,28.10,93805.36,42.64,749085.56,b0
765283665,6,235456,0,0,27.99,93775.02,43.01,678370.31,b0
765268824,7,235502,0,0,27.91,93814.48,42.99,710864.31,b0
765287253,8,235549,0,0,27.80,93785.61,43.05,1124348.12,b0
765270362,1,235595,0,0,27.71,93782.99,44.28,997807.56,b0
765269850,2,235641,0,0,27.84,93799.58,43.25,632489.19,b0
765286747,3,235687,0,0,28.21,93820.78,42.46,492781.53,b0
765279836,4,235733,0,0,28.05,93773.27,42.40,942042.31,b0
765271387,5,235779,0,0,28.10,93804.85,42.64,748264.50,b0
765283665,6,235825,0,0,27.99,93775.97,43.02,682439.19,b0
765268824,7,235872,0,0,27.91,93814.69,42.96,713837.56,b0
765287253,8,235918,0,0,27.80,93786.32,43.04,1125274.75,b0
765270362,1,235964,0,0,27.71,93781.75,44.24,1002938.31,b0
765269850,2,236010,0,0,27.84,93799.78,43.24,633075.75,b0
765286747,3,236056,0,0,28.22,93821.38,42.44,495284.16,b0
765279836,4,236102,0,0,28.07,93776.40,42.39,940744.13,b0
765271387,5,236149,0,0,28.11,93804.22,42.62,752526.19,b0
765283665,6,236195,0,0,28.00,93775.16,43.02,685179.00,b0
765268824,7,236241,0,0,27.92,93813.99,42.96,713091.94,b0
765287253,8,236287,0,0,27.81,93785.47,43.03,1126202.87,b0
765270362,1,236333,0,0,27.72,93783.23,44.24,1002202.13,b0
765269850,2,236379,0,0,27.85,93800.72,43.22,631903.75,b0
765286747,3,236426,0,0,28.23,93821.44,42.42,497812.34,b0
765279836,4,236472,0,0,28.07,93774.13,42.38,942692.75,b0
765271387,5,236518,0,0,28.11,93804.91,42.62,752941.19,b0
765283665,6,236564,0,0,28.00,93775.01,43.00,681757.69,b0
765268824,7,236610,0,0,27.93,93815.29,42.96,712347.81,b0
765287253,8,236656,0,0,27.82,93787.85,43.04,1124348.12,b0
765270362,1,236703,0,0,27.72,93782.91,44.22,1008122.06,b0
765269850,2,236749,0,0,27.86,93798.80,43.21,631319.38,b0
765286747,3,236795,0,0,28.24,93819.51,42.42,496003.88,b0
765279836,4,236841,0,0,28.08,93775.44,42.35,945303.50,b0
765271387,5,236887,0,0,28.12,93803.92,42.61,754188.94,b0
765283665,6,236933,0,0,28.01,93777.08,42.99,685179.00,b0
765268824,7,236979,0,0,27.93,93813.87,42.94,711605.31,b0
765287253,8,237025,0,0,27.83,93786.25,43.01,1122499.37,b0
765270362,1,237072,0,0,27.73,93782.84,44.22,1002202.13,b0
765269850,2,237118,0,0,27.86,93800.61,43.19,633663.38,b0
765286747,3,237164,0,0,28.25,93819.89,42.41,497087.38,b0
765279836,4,237210,0,0,28.09,93773.75,42.35,945303.50,b0
765271387,5,237256,0,0,28.13,93805.47,42.60,747445.25,b0
765283665,6,237302,0,0,28.03,93776.00,42.99,683122.06,b0
765268824,7,237348,0,0,27.93,93816.05,42.96,710864.31,b0
765287253,8,237394,0,0,27.84,93787.39,43.01,1118820.00,b0
765270362,1,237441,0,0,27.74,93781.95,44.20,1005153.38,b0
765269850,2,237487,0,0,27.87,93800.46,43.20,634252.06,b0
765286747,3,237533,0,0,28.26,93819.24,42.40,498903.78,b0
765279836,4,237579,0,0,28.10,93774.70,42.33,944649.44,b0
765271387,5,237625,0,0,28.14,93805.01,42.60,749085.56,b0
765283665,6,237671,0,0,28.03,93774.30,42.98,684492.00,b0
765268824,7,237718,0,0,27.94,93815.74,42.93,707915.69,b0
765287253,8,237764,0,0,27.84,93786.34,43.01,1117903.87,b0
765270362,1,237810,0,0,27.74,93782.02,44.20,999268.13,b0
765269850,2,237856,0,0,27.87,93799.96,43.19,636024.88,b0
765286747,3,237902,0,0,28.27,93821.80,42.39,499634.06,b0
765279836,4,237948,0,0,28.10,93774.16,42.33,947928.75,b0
765271387,5,237994,0,0,28.15,93804.35,42.58,743375.69,b0
765283665,6,238041,0,0,28.05,93775.52,42.97,679721.19,b0
765268824,7,238087,0,0,27.95,93815.26,42.92,706450.50,b0
765287253,8,238133,0,0,27.84,93784.74,43.00,1115164.75,b0
765270362,1,238179,0,0,27.76,93784.47,44.18,1000732.94,b0
765269850,2,238225,0,0,27.89,93801.66,43.17,629572.69,b0
765286747,3,238271,0,0,28.27,93819.65,42.37,496364.53,b0
765279836,4,238318,0,0,28.11,93772.40,42.30,941392.81,b0
765271387,5,238364,0,0,28.16,93807.47,42.59,744998.19,b0
765283665,6,238410,0,0,28.05,93773.18,42.96,679721.19,b0
765268824,7,238456,0,0,27.96,93817.09,42.92,703538.31,b0
765287253,8,238502,0,0,27.86,93786.04,42.99,1110629.12,b0
765270362,1,238548,0,0,27.77,93781.46,44.18,1008122.06,b0
765269850,2,238595,0,0,27.89,93800.42,43.17,636024.88,b0
765286747,3,238641,0,0,28.27,93820.92,42.35,497449.59,b0
765279836,4,238687,0,0,28.12,93773.38,42.30,937514.31,b0
765271387,5,238733,0,0,28.16,93805.88,42.59,744186.06,b0
765283665,6,238779,0,0,28.06,93774.19,42.96,675016.50,b0
765268824,7,238825,0,0,27.96,93815.82,42.89,701369.88,b0
765287253,8,238871,0,0,27.86,93787.66,42.98,1106130.12,b0
765270362,1,238918,0,0,27.77,93781.52,44.16,1000732.94,b0
765269850,2,238964,0,0,27.90,93797.80,43.17,630153.88,b0
765286747,3,239010,0,0,28.28,93820.96,42.35,495643.75,b0
765279836,4,239056,0,0,28.12,93773.38,42.29,937514.31,b0
765271387,5,239102,0,0,28.17,93805.40,42.56,738550.31,b0
765283665,6,239148,0,0,28.07,93774.16,42.95,673020.06,b0
765268824,7,239194,0,0,27.96,93814.02,42.91,699931.63,b0
765287253,8,239240,0,0,27.85,93785.33,42.98,1101667.62,b0
765270362,1,239287,0,0,27.78,93782.13,44.17,996351.25,b0
765269850,2,239333,0,0,27.91,93799.45,43.16,631319.38,b0
765286747,3,239379,0,0,28.29,93820.27,42.34,493850.97,b0
765279836,4,239425,0,0,28.13,93770.77,42.30,939449.56,b0
765271387,5,239471,0,0,28.17,93804.52,42.55,732999.31,b0
765283665,6,239517,0,0,28.07,93774.91,42.93,671695.63,b0
765268824,7,239563,0,0,27.97,93816.63,42.90,697072.81,b0
765287253,8,239610,0,0,27.87,93785.21,42.98,1099007.25,b0
765270362,1,239656,0,0,27.80,93783.11,44.14,1000732.94,b0
765269850,2,239702,0,0,27.91,93799.85,43.15,626108.25,b0
765286747,3,239748,0,0,28.30,93822.15,42.32,496003.88,b0
765279836,4,239794,0,0,28.13,93771.32,42.25,933029.63,b0
765271387,5,239840,0,0,28.18,93804.98,42.55,731428.56,b0
765283665,6,239887,0,0,28.08,93775.88,42.93,673020.06,b0
765268824,7,239933,0,0,27.98,93815.74,42.90,694237.31,b0
765287253,8,239979,0,0,27.87,93786.29,42.94,1093725.00,b0
765270362,1,240025,0,0,27.80,93784.41,44.14,994899.19,b0
765269850,2,240071,0,0,27.92,93801.52,43.15,622114.19,b0
765286747,3,240117,0,0,28.30,93821.26,42.33,493493.97,b0
765279836,4,240164,0,0,28.13,93770.05,42.27,929852.44,b0
765271387,5,240210,0,0,28.19,93805.01,42.56,730645.75,b0
765283665,6,240256,0,0,28.08,93772.16,42.93,671695.63,b0
765268824,7,240302,0,0,27.98,93817.77,42.89,693532.00,b0
765287253,8,240348,0,0,27.87,93786.48,42.94,1091102.87,b0
765270362,1,240394,0,0,27.82,93783.28,44.12,995624.69,b0
765269850,2,240440,0,0,27.93,93799.26,43.14,627835.69,b0
765286747,3,240487,0,0,28.31,93820.91,42.31,492781.53,b0
765279836,4,240533,0,0,28.14,93771.41,42.26,926068.25,b0
765271387,5,240579,0,0,28.19,93803.41,42.55,729864.56,b0
765283665,6,240625,0,0,28.09,93773.66,42.92,669062.38,b0
765268824,7,240671,0,0,27.98,93816.66,42.88,691424.69,b0
765287253,8,240717,0,0,27.88,93785.79,42.93,1085896.12,b0
765270362,1,240764,0,0,27.83,93785.52,44.12,991287.50,b0
765269850,2,240810,0,0,27.94,93799.13,43.13,623250.13,b0
765286747,3,240856,0,0,28.32,93821.35,42.28,492071.13,b0
765279836,4,240902,0,0,28.15,93770.93,42.25,924187.75,b0
765271387,5,240948,0,0,28.19,93804.88,42.51,726756.56,b0
765283665,6,240994,0,0,28.10,93774.66,42.91,667101.00,b0
765268824,7,241040,0,0,27.98,93814.88,42.86,689330.19,b0
765287253,8,241086,0,0,27.88,93785.64,42.91,1086760.37,b0
765270362,1,241133,0,0,27.83,93782.67,44.10,988417.00,b0
765269850,2,241179,0,0,27.95,93800.61,43.10,622114.19,b0
765286747,3,241225,0,0,28.32,93820.09,42.28,489600.75,b0
765279836,4,241271,0,0,28.15,93769.89,42.25,922938.25,b0
765271387,5,241317,0,0,28.20,93804.93,42.54,727531.06,b0
765283665,6,241363,0,0,28.11,93774.61,42.90,671695.63,b0
765268824,7,241409,0,0,27.99,93815.79,42.87,692828.13,b0
765287253,8,241455,0,0,27.88,93786.52,42.92,1090231.62,b0
765270362,1,241502,0,0,27.84,93783.11,44.09,987701.94,b0
765269850,2,241548,0,0,27.96,93799.79,43.11,623250.13,b0
765286747,3,241594,0,0,28.32,93820.48,42.28,494208.50,b0
765279836,4,241640,0,0,28.16,93772.09,42.23,922938.25,b0
765271387,5,241686,0,0,28.21,93805.55,42.51,726756.56,b0
765283665,6,241732,0,0,28.11,93775.82,42.88,668407.31,b0
765268824,7,241779,0,0,27.99,93813.99,42.86,690026.94,b0
765287253,8,241825,0,0,27.87,93784.33,42.90,1092849.50,b0
765270362,1,241871,0,0,27.86,93783.19,44.08,992007.75,b0
765269850,2,241917,0,0,27.98,93801.64,43.07,620418.06,b0
765286747,3,241963,0,0,28.33,93819.23,42.27,493493.97,b0
765279836,4,242009,0,0,28.16,93771.36,42.21,916126.13,b0
765271387,5,242056,0,0,28.21,93805.35,42.50,727531.06,b0
765283665,6,242102,0,0,28.10,93773.04,42.87,665799.75,b0
765268824,7,242148,0,0,27.99,93815.79,42.84,689330.19,b0
765287253,8,242194,0,0,27.87,93786.09,42.88,1091975.50,b0
765270362,1,242240,0,0,27.86,93782.90,44.07,993451.38,b0
765269850,2,242286,0,0,27.98,93800.25,43.08,622681.69,b0
765286747,3,242332,0,0,28.33,93820.67,42.25,490304.03,b0
765279836,4,242379,0,0,28.17,93771.24,42.20,924187.75,b0
765271387,5,242425,0,0,28.21,93804.68,42.49,730645.75,b0
765283665,6,242471,0,0,28.10,93773.64,42.85,668407.31,b0
765268824,7,242517,0,0,27.99,93815.43,42.83,692828.13,b0
765287253,8,242563,0,0,27.87,93786.65,42.88,1095480.12,b0
765270362,1,242609,0,0,27.87,93782.96,44.05,985563.06,b0
765269850,2,242656,0,0,27.99,93800.50,43.07,624390.25,b0
765286747,3,242702,0,0,28.35,93819.69,42.23,491362.75,b0
765279836,4,242748,0,0,28.17,93770.36,42.20,922314.81,b0
765271387,5,242794,0,0,28.21,93805.37,42.49,732213.06,b0
765283665,6,242840,0,0,28.10,93775.73,42.85,667101.00,b0
765268824,7,242886,0,0,28.00,93815.32,42.84,692125.69,b0
765287253,8,242932,0,0,27.87,93785.91,42.87,1098123.37,b0
765270362,1,242979,0,0,27.89,93783.98,44.05,988417.00,b0
765269850,2,243025,0,0,28.00,93799.46,43.07,624961.88,b0
765286747,3,243071,0,0,28.35,93819.70,42.21,492781.53,b0
765279836,4,243117,0,0,28.18,93771.84,42.18,923562.56,b0
765271387,5,243163,0,0,28.21,93803.41,42.47,732999.31,b0
765283665,6,243209,0,0,28.10,93774.01,42.83,673020.06,b0
765268824,7,243255,0,0,28.00,93817.49,42.81,691424.69,b0
765287253,8,243301,0,0,27.87,93786.48,42.86,1102557.25,b0
765270362,1,243348,0,0,27.89,93785.41,44.02,996351.25,b0
765269850,2,243394,0,0,28.02,93801.71,43.04,623819.69,b0
765286747,3,243440,0,0,28.36,93818.48,42.22,493850.97,b0
765279836,4,243486,0,0,28.18,93769.38,42.18,929219.63,b0
765271387,5,243532,0,0,28.21,93805.59,42.45,732213.06,b0
765283665,6,243578,0,0,28.11,93774.76,42.83,672357.19,b0
765268824,7,243624,0,0,28.00,93816.77,42.80,699214.75,b0
765287253,8,243671,0,0,27.87,93785.91,42.84,1103448.25,b0
765270362,1,243717,0,0,27.89,93781.84,44.02,994899.19,b0
765269850,2,243763,0,0,28.03,93801.59,43.03,626108.25,b0
765286747,3,243809,0,0,28.36,93820.10,42.19,492426.06,b0
765279836,4,243855,0,0,28.20,93772.32,42.16,926068.25,b0
765271387,5,243901,0,0,28.21,93804.70,42.47,737752.19,b0
765283665,6,243948,0,0,28.11,93773.23,42.81,671695.63,b0
765268824,7,243994,0,0,28.00,93815.51,42.79,696361.81,b0
765287253,8,244040,0,0,27.87,93785.02,42.84,1106130.12,b0
765270362,1,244086,0,0,27.91,93784.99,44.00,995624.69,b0
765269850,2,244132,0,0,28.04,93801.84,43.02,627258.81,b0
765286747,3,244178,0,0,28.37,93822.13,42.21,493137.50,b0
765279836,4,244225,0,0,28.20,93771.44,42.15,932392.44,b0
765271387,5,244271,0,0,28.22,93804.90,42.46,735368.06,b0
765283665,6,244317,0,0,28.12,93775.97,42.80,673684.19,b0
765268824,7,244363,0,0,28.00,93815.14,42.79,698499.31,b0
765287253,8,244409,0,0,27.87,93786.82,42.81,1106130.12,b0
765270362,1,244455,0,0,27.90,93783.88,44.01,997807.56,b0
765269850,2,244501,0,0,28.04,93801.16,43.01,623250.13,b0
765286747,3,244548,0,0,28.36,93821.74,42.18,492781.53,b0
765279836,4,244594,0,0,28.20,93770.90,42.13,923562.56,b0
765271387,5,244640,0,0,28.22,93804.56,42.43,735368.06,b0
765283665,6,244686,0,0,28.11,93773.95,42.80,673020.06,b0
765268824,7,244732,0,0,28.00,93816.24,42.79,699214.75,b0
765287253,8,244778,0,0,27.87,93786.48,42.80,1110629.12,b0
765270362,1,244825,0,0,27.90,93782.05,43.97,998537.31,b0
765269850,2,244871,0,0,28.04,93799.86,43.01,626683.00,b0
765286747,3,244917,0,0,28.35,93819.52,42.17,492426.06,b0
765279836,4,244963,0,0,28.20,93772.32,42.12,933029.63,b0
765271387,5,245009,0,0,28.22,93806.16,42.42,738550.31,b0
765283665,6,245055,0,0,28.11,93775.88,42.78,677024.81,b0
765268824,7,245101,0,0,28.00,93815.68,42.77,699214.75,b0
765287253,8,245147,0,0,27.87,93786.13,42.80,1113346.00,b0
765270362,1,245194,0,0,27.90,93784.20,43.95,994899.19,b0
765269850,2,245240,0,0,28.03,93800.56,42.97,629572.69,b0
765286747,3,245286,0,0,28.35,93821.30,42.13,494925.09,b0
765279836,4,245332,0,0,28.19,93770.14,42.10,932392.44,b0
765271387,5,245378,0,0,28.21,93803.99,42.40,736955.75,b0
765283665,6,245424,0,0,28.10,93776.13,42.76,681077.50,b0
765268824,7,245470,0,0,28.00,93817.68,42.74,700650.00,b0
765287253,8,245516,0,0,27.87,93785.04,42.79,1116989.37,b0
765270362,1,245563,0,0,27.90,93782.41,43.92,1002202.13,b0
765269850,2,245609,0,0,28.04,93802.17,42.96,628413.63,b0
765286747,3,245655,0,0,28.36,93821.53,42.14,495643.75,b0
765279836,4,245701,0,0,28.19,93770.16,42.11,937514.31,b0
765271387,5,245747,0,0,28.21,93805.19,42.39,742567.06,b0
765283665,6,245793,0,0,28.11,93774.76,42.77,679721.19,b0
765268824,7,245840,0,0,28.00,93817.52,42.75,701369.88,b0
765287253,8,245886,0,0,27.88,93786.68,42.76,1116989.37,b0
765270362,1,245932,0,0,27.90,93784.73,43.93,994899.19,b0
765269850,2,245978,0,0,28.03,93800.74,42.94,630736.06,b0
765286747,3,246024,0,0,28.36,93821.73,42.11,500000.00,b0
765279836,4,246070,0,0,28.21,93773.27,42.09,939449.56,b0
765271387,5,246117,0,0,28.22,93806.14,42.38,741760.25,b0
765283665,6,246163,0,0,28.10,93774.19,42.73,682439.19,b0
765268824,7,246209,0,0,28.01,93813.73,42.74,704264.13,b0
765287253,8,246255,0,0,27.87,93786.29,42.78,1119737.50,b0
765270362,1,246301,0,0,27.89,93783.83,43.89,997807.56,b0
765269850,2,246347,0,0,28.04,93800.41,42.94,631903.75,b0
765286747,3,246393,0,0,28.37,93821.59,42.11,498175.63,b0
765279836,4,246440,0,0,28.20,93772.36,42.08,937514.31,b0
765271387,5,246486,0,0,28.22,93804.39,42.38,746627.75,b0
765283665,6,246532,0,0,28.11,93774.13,42.72,683806.38,b0
765268824,7,246578,0,0,28.01,93817.52,42.73,704264.13,b0
765287253,8,246624,0,0,27.87,93785.23,42.77,1120656.62,b0
765270362,1,246670,0,0,27.89,93783.24,43.90,1007378.25,b0
765269850,2,246717,0,0,28.04,93799.71,42.93,627835.69,b0
765286747,3,246763,0,0,28.37,93822.84,42.09,501469.16,b0
765279836,4,246809,0,0,28.21,93772.58,42.08,941392.81,b0
765271387,5,246855,0,0,28.22,93806.71,42.37,747445.25,b0
765283665,6,246901,0,0,28.12,93774.19,42.73,681757.69,b0
765268824,7,246947,0,0,28.01,93813.39,42.73,706450.50,b0
765287253,8,246993,0,0,27.88,93786.18,42.76,1122499.37,b0
765270362,1,247040,0,0,27.88,93782.09,43.88,1002202.13,b0
765269850,2,247086,0,0,28.04,93800.04,42.90,633663.38,b0
765286747,3,247132,0,0,28.37,93821.41,42.09,500733.50,b0
765279836,4,247178,0,0,28.21,93770.45,42.07,939449.56,b0
765271387,5,247224,0,0,28.23,93806.77,42.37,746627.75,b0
765283665,6,247270,0,0,28.13,93775.72,42.73,683122.06,b0
765268824,7,247316,0,0,28.01,93815.93,42.72,708650.50,b0
765287253,8,247362,0,0,27.89,93785.83,42.78,1126202.87,b0
765270362,1,247409,0,0,27.88,93783.41,43.88,1003675.56,b0
765269850,2,247455,0,0,28.04,93801.14,42.90,635432.81,b0
765286747,3,247501,0,0,28.37,93822.13,42.10,499634.06,b0
765279836,4,247547,0,0,28.22,93771.74,42.07,942692.75,b0
765271387,5,247593,0,0,28.23,93805.32,42.36,742567.06,b0
765283665,6,247639,0,0,28.13,93774.66,42.73,687940.88,b0
765268824,7,247685,0,0,28.02,93817.05,42.73,708650.50,b0
765287253,8,247732,0,0,27.89,93785.67,42.73,1128063.87,b0
765270362,1,247778,0,0,27.88,93783.94,43.85,1006635.56,b0
765269850,2,247824,0,0,28.04,93800.07,42.88,636024.88,b0
765286747,3,247870,0,0,28.38,93820.59,42.07,501469.16,b0
765279836,4,247916,0,0,28.23,93771.80,42.05,948587.31,b0
765271387,5,247962,0,0,28.22,93804.78,42.37,753356.63,b0
765283665,6,248009,0,0,28.13,93776.48,42.71,687248.31,b0
765268824,7,248055,0,0,28.02,93816.34,42.72,707915.69,b0
765287253,8,248101,0,0,27.89,93786.23,42.76,1129931.00,b0
765270362,1,248147,0,0,27.89,93784.52,43.85,1006635.56,b0
765269850,2,248193,0,0,28.04,93801.70,42.87,637212.19,b0
765286747,3,248239,0,0,28.39,93819.91,42.07,502576.69,b0
765279836,4,248286,0,0,28.24,93774.01,42.03,949907.25,b0
765271387,5,248332,0,0,28.23,93806.45,42.37,753772.56,b0
765283665,6,248378,0,0,28.14,93775.33,42.72,692125.69,b0
765268824,7,248424,0,0,28.02,93815.63,42.71,706450.50,b0
765287253,8,248470,0,0,27.90,93785.89,42.76,1133683.87,b0
765270362,1,248516,0,0,27.88,93784.12,43.84,1010360.13,b0
765269850,2,248562,0,0,28.05,93802.44,42.86,635432.81,b0
765286747,3,248609,0,0,28.39,93820.11,42.07,502206.97,b0
765279836,4,248655,0,0,28.24,93771.92,42.04,947928.75,b0
765271387,5,248701,0,0,28.23,93805.20,42.34,742567.06,b0
765283665,6,248747,0,0,28.14,93775.52,42.69,690725.13,b0
765268824,7,248793,0,0,28.02,93815.98,42.69,711605.31,b0
765287253,8,248839,0,0,27.90,93785.37,42.75,1131804.37,b0
765270362,1,248886,0,0,27.88,93783.41,43.83,1012608.19,b0
765269850,2,248932,0,0,28.04,93801.34,42.84,640200.06,b0
765286747,3,248978,0,0,28.40,93819.80,42.04,504061.03,b0
765279836,4,249024,0,0,28.25,93771.25,42.02,945958.44,b0
765271387,5,249070,0,0,28.24,93804.52,42.35,750870.75,b0
765283665,6,249116,0,0,28.14,93773.03,42.69,690026.94,b0
765268824,7,249162,0,0,28.03,93816.95,42.72,712347.81,b0
765287253,8,249208,0,0,27.91,93785.21,42.73,1130866.87,b0
765270362,1,249255,0,0,27.89,93783.99,43.81,1017134.31,b0
765269850,2,249301,0,0,28.05,93800.30,42.85,638404.00,b0
765286747,3,249347,0,0,28.41,93819.81,42.04,503317.78,b0
765279836,4,249393,0,0,28.26,93772.55,42.01,950568.56,b0
765271387,5,249439,0,0,28.24,93804.23,42.35,753356.63,b0
765283665,6,249485,0,0,28.16,93775.31,42.68,694237.31,b0
765268824,7,249531,0,0,28.03,93816.77,42.71,709386.94,b0
765287253,8,249577,0,0,27.92,93787.25,42.74,1129931.00,b0
765270362,1,249624,0,0,27.89,93783.96,43.80,1017134.31,b0
765269850,2,249670,0,0,28.06,93802.66,42.83,637807.56,b0
765286747,3,249716,0,0,28.41,93821.48,42.04,503317.78,b0
765279836,4,249762,0,0,28.27,93772.62,42.01,955223.88,b0
765271387,5,249808,0,0,28.25,93805.54,42.33,752111.63,b0
765283665,6,249854,0,0,28.16,93773.93,42.69,692828.13,b0
765268824,7,249901,0,0,28.04,93816.61,42.68,710864.31,b0
765287253,8,249947,0,0,27.92,93786.54,42.74,1128063.87,b0
765270362,1,249993,0,0,27.88,93783.02,43.80,1020174.38,b0
765269850,2,250039,0,0,28.04,93800.43,42.82,640200.06,b0
765286747,3,250085,0,0,28.41,93820.35,42.01,504433.50,b0
765279836,4,250131,0,0,28.27,93771.55,42.00,953889.13,b0
765271387,5,250178,0,0,28.25,93804.83,42.35,759643.94,b0
765283665,6,250224,0,0,28.16,93773.04,42.68,692828.13,b0
765268824,7,250270,0,0,28.04,93815.91,42.69,710124.81,b0
765287253,8,250316,0,0,27.93,93787.48,42.73,1129931.00,b0
765270362,1,250362,0,0,27.87,93782.60,43.79,1024000.00,b0
765269850,2,250408,0,0,28.04,93799.89,42.81,642006.25,b0
765286747,3,250454,0,0,28.40,93820.54,42.03,507810.56,b0
765279836,4,250501,0,0,28.27,93772.09,41.99,952558.13,b0
765271387,5,250547,0,0,28.26,93806.89,42.32,755023.06,b0
765283665,6,250593,0,0,28.17,93774.10,42.67,697072.81,b0
765268824,7,250639,0,0,28.04,93817.37,42.69,710864.31,b0
765287253,8,250685,0,0,27.93,93786.41,42.72,1131804.37,b0
765270362,1,250731,0,0,27.88,93784.05,43.79,1015621.13,b0
765269850,2,250778,0,0,28.05,93799.24,42.81,642610.63,b0
765286747,3,250824,0,0,28.40,93819.62,42.00,506304.09,b0
765279836,4,250870,0,0,28.27,93773.32,41.97,959250.56,b0
765271387,5,250916,0,0,28.26,93804.52,42.31,759643.94,b0
765283665,6,250962,0,0,28.18,93775.02,42.68,696361.81,b0
765268824,7,251008,0,0,28.04,93815.74,42.67,708650.50,b0
765287253,8,251054,0,0,27.94,93788.39,42.73,1130866.87,b0
765270362,1,251101,0,0,27.88,93783.41,43.78,1021701.19,b0
765269850,2,251147,0,0,28.06,93801.59,42.80,643216.06,b0
765286747,3,251193,0,0,28.41,93820.74,42.00,507056.19,b0
765279836,4,251239,0,0,28.27,93770.83,41.97,956562.38,b0
765271387,5,251285,0,0,28.27,93807.48,42.31,756696.81,b0
765283665,6,251331,0,0,28.18,93775.22,42.65,697785.38,b0
765268824,7,251377,0,0,28.05,93817.94,42.68,716083.94,b0
765287253,8,251423,0,0,27.94,93786.08,42.73,1134626.00,b0
765270362,1,251470,0,0,27.89,93783.12,43.78,1016377.19,b0
765269850,2,251516,0,0,28.07,93801.12,42.80,645039.38,b0
765286747,3,251562,0,0,28.42,93821.14,42.00,505180.06,b0
765279836,4,251608,0,0,28.27,93771.24,41.94,964672.63,b0
765271387,5,251654,0,0,28.28,93805.20,42.32,760066.81,b0
765283665,6,251700,0,0,28.18,93773.59,42.67,696361.81,b0
765268824,7,251746,0,0,28.05,93816.52,42.67,717589.38,b0
765287253,8,251793,0,0,27.95,93787.91,42.72,1137461.87,b0
765270362,1,251839,0,0,27.89,93782.38,43.77,1017892.63,b0
765269850,2,251885,0,0,28.07,93800.94,42.80,643822.69,b0
765286747,3,251931,0,0,28.42,93822.23,41.98,506304.09,b0
765279836,4,251977,0,0,28.28,93772.18,41.96,962632.19,b0
765271387,5,252023,0,0,28.28,93807.59,42.32,760914.00,b0
765283665,6,252070,0,0,28.18,93774.56,42.64,695652.19,b0
765268824,7,252116,0,0,28.06,93816.53,42.67,710864.31,b0
765287253,8,252162,0,0,27.95,93786.52,42.72,1137461.87,b0
765270362,1,252208,0,0,27.89,93785.44,43.77,1023232.56,b0
765269850,2,252254,0,0,28.07,93800.79,42.78,642610.63,b0
765286747,3,252300,0,0,28.42,93820.63,41.98,508567.16,b0
765279836,4,252346,0,0,28.28,93771.48,41.93,957904.56,b0
765271387,5,252393,0,0,28.28,93805.56,42.30,763894.06,b0
765283665,6,252439,0,0,28.19,93774.66,42.64,699214.75,b0
765268824,7,252485,0,0,28.06,93816.53,42.67,714584.81,b0
765287253,8,252531,0,0,27.96,93786.34,42.70,1141265.00,b0
765270362,1,252577,0,0,27.90,93786.20,43.76,1017892.63,b0
765269850,2,252623,0,0,28.07,93799.35,42.78,643822.69,b0
765286747,3,252670,0,0,28.43,93822.83,41.97,506304.09,b0
765279836,4,252716,0,0,28.30,93772.13,41.94,957233.00,b0
765271387,5,252762,0,0,28.28,93806.69,42.31,761338.31,b0
765283665,6,252808,0,0,28.19,93774.84,42.63,698499.31,b0
765268824,7,252854,0,0,28.07,93817.50,42.66,712347.81,b0
765287253,8,252900,0,0,27.97,93787.12,42.69,1139360.25,b0
765270362,1,252947,0,0,27.90,93784.97,43.76,1019412.63,b0
765269850,2,252993,0,0,28.08,93800.99,42.76,643216.06,b0
765286747,3,253039,0,0,28.43,93820.67,41.97,509326.03,b0
765279836,4,253085,0,0,28.30,93772.87,41.94,963991.50,b0
765271387,5,253131,0,0,28.29,93807.31,42.30,765607.50,b0
765283665,6,253177,0,0,28.20,93774.57,42.63,701369.88,b0
765268824,7,253223,0,0,28.07,93819.70,42.63,713091.94,b0
765287253,8,253269,0,0,27.97,93787.33,42.71,1136515.00,b0
765270362,1,253316,0,0,27.91,93782.88,43.74,1028628.81,b0
765269850,2,253362,0,0,28.08,93799.06,42.78,648101.25,b0
765286747,3,253408,0,0,28.44,93820.72,41.96,511616.28,b0
765279836,4,253454,0,0,28.31,93770.59,41.92,968092.63,b0
765271387,5,253500,0,0,28.29,93804.46,42.27,762188.31,b0
765283665,6,253546,0,0,28.21,93775.95,42.64,696361.81,b0
765268824,7,253592,0,0,28.08,93818.29,42.64,712347.81,b0
765287253,8,253638,0,0,27.98,93786.98,42.71,1134626.00,b0
765270362,1,253685,0,0,27.93,93785.52,43.76,1027854.44,b0
765269850,2,253731,0,0,28.10,93802.00,42.76,646260.63,b0
765286747,3,253777,0,0,28.45,93820.95,41.95,510087.19,b0
765279836,4,253823,0,0,28.31,93772.55,41.92,963991.50,b0
765271387,5,253869,0,0,28.30,93804.20,42.28,763466.94,b0
765283665,6,253915,0,0,28.22,93776.79,42.62,698499.31,b0
765268824,7,253962,0,0,28.09,93817.96,42.63,709386.94,b0
765287253,8,254008,0,0,27.99,93787.92,42.67,1133683.87,b0
765270362,1,254054,0,0,27.94,93784.36,43.75,1024768.56,b0
765269850,2,254100,0,0,28.10,93801.14,42.75,645039.38,b0
765286747,3,254146,0,0,28.46,93823.33,41.95,508567.16,b0
765279836,4,254192,0,0,28.32,93769.74,41.89,961276.69,b0
765271387,5,254238,0,0,28.31,93806.56,42.27,762188.31,b0
765283665,6,254285,0,0,28.22,93773.55,42.60,699214.75,b0
765268824,7,254331,0,0,28.09,93817.96,42.63,712347.81,b0
765287253,8,254377,0,0,27.99,93789.74,42.68,1130866.87,b0
765270362,1,254423,0,0,27.94,93784.53,43.74,1030959.00,b0
765269850,2,254469,0,0,28.10,93800.09,42.75,649334.19,b0
765286747,3,254515,0,0,28.47,93820.85,41.92,510087.19,b0
765279836,4,254562,0,0,28.33,93773.39,41.87,962632.19,b0
765271387,5,254608,0,0,28.32,93806.26,42.26,763466.94,b0
765283665,6,254654,0,0,28.22,93773.41,42.60,697785.38,b0
765268824,7,254700,0,0,28.09,93816.52,42.63,705720.19,b0
765287253,8,254746,0,0,28.00,93786.18,42.67,1130866.87,b0
765270362,1,254792,0,0,27.96,93786.27,43.75,1030181.06,b0
765269850,2,254839,0,0,28.11,93801.20,42.74,648717.13,b0
765286747,3,254885,0,0,28.47,93821.58,41.94,509326.03,b0
765279836,4,254931,0,0,28.33,93771.45,41.87,957233.00,b0
765271387,5,254977,0,0,28.32,93806.49,42.27,763466.94,b0
765283665,6,255023,0,0,28.24,93774.27,42.58,698499.31,b0
765268824,7,255069,0,0,28.10,93816.20,42.63,707182.31,b0
765287253,8,255115,0,0,28.00,93784.77,42.67,1128063.87,b0
765270362,1,255162,0,0,27.97,93785.65,43.72,1028628.81,b0
765269850,2,255208,0,0,28.12,93800.73,42.72,648101.25,b0
765286747,3,255254,0,0,28.48,93820.73,41.92,512000.00,b0
765279836,4,255300,0,0,28.33,93772.35,41.87,971537.00,b0
765271387,5,255346,0,0,28.34,93807.32,42.26,759643.94,b0
765283665,6,255392,0,0,28.25,93774.73,42.59,696361.81,b0
765268824,7,255438,0,0,28.10,93817.48,42.62,703538.31,b0
765287253,8,255484,0,0,28.00,93787.11,42.66,1130866.87,b0
765270362,1,255531,0,0,27.97,93785.65,43.72,1027854.44,b0
765269850,2,255577,0,0,28.12,93800.20,42.72,646873.00,b0
765286747,3,255623,0,0,28.48,93820.22,41.90,510468.59,b0
765279836,4,255669,0,0,28.34,93771.70,41.86,966721.75,b0
765271387,5,255715,0,0,28.34,93804.83,42.24,757957.06,b0
765283665,6,255761,0,0,28.25,93774.23,42.57,696361.81,b0
765268824,7,255807,0,0,28.11,93816.26,42.61,703538.31,b0
765287253,8,255854,0,0,28.01,93787.51,42.66,1127132.62,b0
765270362,1,255900,0,0,27.98,93785.67,43.72,1027854.44,b0
765269850,2,255946,0,0,28.13,93802.02,42.71,646873.00,b0
765286747,3,255992,0,0,28.49,93820.24,41.90,511233.16,b0
765279836,4,256038,0,0,28.34,93772.05,41.84,963991.50,b0
765271387,5,256084,0,0,28.35,93806.90,42.24,757957.06,b0
765283665,6,256131,0,0,28.26,93773.61,42.57,695652.19,b0
765268824,7,256177,0,0,28.11,93816.99,42.61,704264.13,b0
765287253,8,256223,0,0,28.02,93787.88,42.64,1129931.00,b0
765270362,1,256269,0,0,27.99,93785.58,43.71,1029404.38,b0
765269850,2,256315,0,0,28.14,93800.46,42.68,646260.63,b0
765286747,3,256361,0,0,28.50,93820.09,41.89,512769.16,b0
765279836,4,256408,0,0,28.35,93771.93,41.84,960600.38,b0
765271387,5,256454,0,0,28.36,93806.04,42.22,756277.69,b0
765283665,6,256500,0,0,28.26,93775.10,42.56,696361.81,b0
765268824,7,256546,0,0,28.11,93816.66,42.60,704264.13,b0
765287253,8,256592,0,0,28.02,93784.70,42.64,1126202.87,b0
765270362,1,256638,0,0,28.00,93785.32,43.68,1026309.19,b0
765269850,2,256684,0,0,28.15,93799.65,42.72,647486.56,b0
765286747,3,256731,0,0,28.51,93820.73,41.89,512384.28,b0
765279836,4,256777,0,0,28.36,93772.70,41.83,963311.38,b0
765271387,5,256823,0,0,28.36,93807.29,42.24,752111.63,b0
765283665,6,256869,0,0,28.27,93774.09,42.56,695652.19,b0
765268824,7,256915,0,0,28.12,93817.58,42.59,701369.88,b0
765287253,8,256961,0,0,28.02,93786.13,42.62,1129931.00,b0
765270362,1,257008,0,0,28.01,93785.37,43.69,1024000.00,b0
765269850,2,257054,0,0,28.15,93799.49,42.69,644430.44,b0
765286747,3,257100,0,0,28.52,93819.30,41.87,510468.59,b0
765279836,4,257146,0,0,28.37,93771.70,41.81,961954.00,b0
765271387,5,257192,0,0,28.36,93805.38,42.21,750458.06,b0
765283665,6,257238,0,0,28.27,93776.27,42.55,695652.19,b0
765268824,7,257284,0,0,28.12,93817.63,42.57,700650.00,b0
765287253,8,257330,0,0,28.02,93786.65,42.61,1125274.75,b0
765270362,1,257377,0,0,28.03,93785.87,43.68,1026309.19,b0
765269850,2,257423,0,0,28.17,93801.02,42.67,645649.44,b0
765286747,3,257469,0,0,28.53,93820.26,41.87,510087.19,b0
765279836,4,257515,0,0,28.37,93772.24,41.81,951230.81,b0
765271387,5,257561,0,0,28.37,93807.09,42.20,742567.06,b0
765283665,6,257607,0,0,28.28,93774.56,42.55,693532.00,b0
765268824,7,257653,0,0,28.12,93816.54,42.58,699214.75,b0
765287253,8,257699,0,0,28.03,93788.32,42.60,1128063.87,b0
765270362,1,257746,0,0,28.03,93784.49,43.68,1024000.00,b0
765269850,2,257792,0,0,28.17,93800.84,42.66,643822.69,b0
765286747,3,257838,0,0,28.54,93820.13,41.85,510468.59,b0
765279836,4,257884,0,0,28.37,93771.38,41.81,957233.00,b0
765271387,5,257930,0,0,28.37,93805.99,42.19,746627.75,b0
765283665,6,257976,0,0,28.29,93774.72,42.51,695652.19,b0
765268824,7,258023,0,0,28.13,93817.11,42.57,701369.88,b0
765287253,8,258069,0,0,28.03,93788.15,42.59,1122499.37,b0
765270362,1,258115,0,0,28.05,93785.30,43.66,1023232.56,b0
765269850,2,258161,0,0,28.18,93800.56,42.67,643216.06,b0
765286747,3,258207,0,0,28.55,93819.82,41.84,508567.16,b0
765279836,4,258253,0,0,28.38,93773.34,41.79,955892.63,b0
765271387,5,258300,0,0,28.38,93808.38,42.20,745812.06,b0
765283665,6,258346,0,0,28.29,93773.63,42.51,688634.81,b0
765268824,7,258392,0,0,28.14,93818.23,42.57,700650.00,b0
765287253,8,258438,0,0,28.03,93786.53,42.57,1120656.62,b0
765270362,1,258484,0,0,28.06,93784.84,43.66,1026309.19,b0
765269850,2,258530,0,0,28.18,93799.16,42.65,640801.00,b0
765286747,3,258576,0,0,28.55,93820.72,41.82,509326.03,b0
765279836,4,258623,0,0,28.39,93774.13,41.79,948587.31,b0
765271387,5,258669,0,0,28.38,93806.23,42.19,742567.06,b0
765283665,6,258715,0,0,28.30,93774.25,42.51,693532.00,b0
765268824,7,258761,0,0,28.14,93816.43,42.56,694237.31,b0
765287253,8,258807,0,0,28.03,93787.08,42.59,1120656.62,b0
765270362,1,258853,0,0,28.07,93787.60,43.63,1020174.38,b0
765269850,2,258900,0,0,28.20,93802.27,42.65,640801.00,b0
765286747,3,258946,0,0,28.56,93819.87,41.83,507433.09,b0
765279836,4,258992,0,0,28.39,93772.18,41.77,948587.31,b0
765271387,5,259038,0,0,28.39,93805.80,42.17,744186.06,b0
765283665,6,259084,0,0,28.30,93775.91,42.49,687248.31,b0
765268824,7,259130,0,0,28.14,93819.17,42.55,692125.69,b0
765287253,8,259176,0,0,28.05,93787.49,42.58,1116989.37,b0
765270362,1,259223,0,0,28.08,93785.90,43.62,1017892.63,b0
765269850,2,259269,0,0,28.20,93798.20,42.62,639600.25,b0
765286747,3,259315,0,0,28.56,93819.33,41.80,504433.50,b0
765279836,4,259361,0,0,28.40,93771.70,41.77,955223.88,b0
765271387,5,259407,0,0,28.39,93805.93,42.15,738550.31,b0
765283665,6,259453,0,0,28.31,93775.80,42.50,684492.00,b0
765268824,7,259499,0,0,28.15,93816.48,42.55,692828.13,b0
765287253,8,259545,0,0,28.05,93787.31,42.54,1116989.37,b0
765270362,1,259592,0,0,28.09,93784.35,43.62,1016377.19,b0
765269850,2,259638,0,0,28.22,93800.43,42.63,639001.56,b0
765286747,3,259684,0,0,28.57,93820.27,41.80,507056.19,b0
765279836,4,259730,0,0,28.41,93772.48,41.75,953223.19,b0
765271387,5,259776,0,0,28.39,93806.71,42.15,739350.19,b0
765283665,6,259822,0,0,28.32,93776.96,42.49,683122.06,b0
765268824,7,259868,0,0,28.15,93817.93,42.53,692125.69,b0
765287253,8,259915,0,0,28.05,93786.61,42.54,1116989.37,b0
765270362,1,259961,0,0,28.09,93785.45,43.59,1020937.19,b0
765269850,2,260007,0,0,28.22,93799.39,42.60,641403.06,b0
765286747,3,260053,0,0,28.57,93820.12,41.78,504433.50,b0
765279836,4,260099,0,0,28.41,93773.38,41.73,938803.56,b0
765271387,5,260145,0,0,28.40,93805.48,42.13,734576.75,b0
765283665,6,260191,0,0,28.32,93775.39,42.46,683122.06,b0
765268824,7,260238,0,0,28.15,93818.14,42.52,689330.19,b0
765287253,8,260284,0,0,28.05,93785.91,42.55,1118820.00,b0
765270362,1,260330,0,0,28.10,93784.63,43.59,1015621.13,b0
765269850,2,260376,0,0,28.23,93799.59,42.59,637807.56,b0
765286747,3,260422,0,0,28.58,93819.28,41.76,503317.78,b0
765279836,4,260468,0,0,28.42,93772.19,41.73,942692.75,b0
765271387,5,260515,0,0,28.41,93807.35,42.13,731428.56,b0
765283665,6,260561,0,0,28.33,93778.14,42.46,679045.06,b0
765268824,7,260607,0,0,28.16,93817.63,42.53,692125.69,b0
765287253,8,260653,0,0,28.06,93788.63,42.53,1116989.37,b0
765270362,1,260699,0,0,28.11,93785.43,43.55,1009613.00,b0
765269850,2,260745,0,0,28.24,93800.93,42.58,634252.06,b0
765286747,3,260792,0,0,28.59,93820.40,41.76,502576.69,b0
765279836,4,260838,0,0,28.43,93773.50,41.71,947928.75,b0
765271387,5,260884,0,0,28.41,93805.43,42.12,728307.25,b0
765283665,6,260930,0,0,28.33,93776.22,42.45,681077.50,b0
765268824,7,260976,0,0,28.16,93818.17,42.53,687940.88,b0
765287253,8,261022,0,0,28.05,93786.99,42.52,1115164.75,b0
765270362,1,261069,0,0,28.13,93785.71,43.53,1010360.13,b0
765269850,2,261115,0,0,28.25,93800.80,42.57,637212.19,b0
765286747,3,261161,0,0,28.60,93819.70,41.74,502946.97,b0
765279836,4,261207,0,0,28.43,93773.35,41.70,945303.50,b0
765271387,5,261253,0,0,28.41,93807.22,42.10,732999.31,b0
765283665,6,261299,0,0,28.33,93775.51,42.43,675684.56,b0
765268824,7,261345,0,0,28.15,93816.87,42.50,687248.31,b0
765287253,8,261391,0,0,28.06,93786.47,42.51,1112438.87,b0
765270362,1,261438,0,0,28.14,93785.63,43.53,1014866.19,b0
765269850,2,261484,0,0,28.25,93800.09,42.54,634841.94,b0
765286747,3,261530,0,0,28.61,93819.76,41.74,500366.47,b0
765279836,4,261576,0,0,28.43,93773.38,41.68,937514.31,b0
765271387,5,261622,0,0,28.42,93807.63,42.10,728307.25,b0
765283665,6,261668,0,0,28.34,93776.27,42.44,678370.31,b0
765268824,7,261714,0,0,28.16,93816.36,42.47,685179.00,b0
765287253,8,261760,0,0,28.06,93788.63,42.49,1111533.25,b0
765270362,1,261807,0,0,28.16,93786.81,43.51,1008867.00,b0
765269850,2,261853,0,0,28.26,93800.70,42.52,634841.94,b0
765286747,3,261899,0,0,28.61,93820.86,41.73,501101.06,b0
765279836,4,261945,0,0,28.45,93774.53,41.69,933029.63,b0
765271387,5,261991,0,0,28.42,93807.30,42.09,731428.56,b0
765283665,6,262037,0,0,28.35,93776.05,42.39,674349.69,b0
765268824,7,262084,0,0,28.16,93819.27,42.49,687248.31,b0
765287253,8,262130,0,0,28.05,93787.17,42.50,1114254.62,b0
765270362,1,262176,0,0,28.16,93784.35,43.51,1006635.56,b0
765269850,2,262222,0,0,28.28,93798.45,42.52,633075.75,b0
765286747,3,262268,0,0,28.62,93821.25,41.73,500733.50,b0
765279836,4,262314,0,0,28.45,93773.13,41.67,945303.50,b0
765271387,5,262360,0,0,28.42,93806.77,42.09,728307.25,b0
765283665,6,262407,0,0,28.34,93776.88,42.39,675684.56,b0
765268824,7,262453,0,0,28.16,93818.01,42.47,685179.00,b0
765287253,8,262499,0,0,28.06,93788.96,42.47,1109726.37,b0
765270362,1,262545,0,0,28.17,93784.57,43.50,1006635.56,b0
765269850,2,262591,0,0,28.29,93800.28,42.50,634252.06,b0
765286747,3,262637,0,0,28.62,93819.84,41.70,500366.47,b0
765279836,4,262684,0,0,28.46,93774.26,41.66,941392.81,b0
765271387,5,262730,0,0,28.43,93806.98,42.06,729085.06,b0
765283665,6,262776,0,0,28.34,93774.50,42.38,680398.69,b0
765268824,7,262822,0,0,28.17,93818.59,42.47,685867.38,b0
765287253,8,262868,0,0,28.05,93787.17,42.46,1111533.25,b0
765270362,1,262914,0,0,28.17,93785.29,43.48,1005893.94,b0
765269850,2,262961,0,0,28.28,93799.38,42.49,637807.56,b0
765286747,3,263007,0,0,28.62,93819.44,41.68,500000.00,b0
765279836,4,263053,0,0,28.46,93772.12,41.64,942692.75,b0
765271387,5,263099,0,0,28.42,93806.23,42.06,729864.56,b0
765283665,6,263145,0,0,28.34,93774.68,42.37,677696.88,b0
765268824,7,263191,0,0,28.17,93816.77,42.47,687940.88,b0
765287253,8,263237,0,0,28.05,93787.69,42.46,1113346.00,b0
765270362,1,263284,0,0,28.17,93786.71,43.46,1008122.06,b0
765269850,2,263330,0,0,28.30,93799.80,42.46,637807.56,b0
765286747,3,263376,0,0,28.62,93819.29,41.67,502946.97,b0
765279836,4,263422,0,0,28.46,93774.26,41.62,940744.13,b0
765271387,5,263468,0,0,28.43,93808.05,42.06,729864.56,b0
765283665,6,263514,0,0,28.34,93776.84,42.36,681757.69,b0
765268824,7,263560,0,0,28.18,93819.88,42.43,687248.31,b0
765287253,8,263606,0,0,28.05,93786.98,42.45,1114254.62,b0
765270362,1,263653,0,0,28.17,93784.77,43.44,1010360.13,b0
765269850,2,263699,0,0,28.30,93800.89,42.47,634841.94,b0
765286747,3,263745,0,0,28.62,93819.47,41.64,501469.16,b0
765279836,4,263791,0,0,28.47,93773.97,41.63,946614.31,b0
765271387,5,263837,0,0,28.42,93806.77,42.03,731428.56,b0
765283665,6,263883,0,0,28.34,93775.97,42.36,684492.00,b0
765268824,7,263929,0,0,28.17,93817.32,42.43,688634.81,b0
765287253,8,263976,0,0,28.05,93787.34,42.44,1124348.12,b0
765270362,1,264022,0,0,28.17,93784.77,43.41,1011857.69,b0
765269850,2,264068,0,0,28.30,93800.89,42.45,637212.19,b0
765286747,3,264114,0,0,28.63,93818.97,41.64,503689.13,b0
765279836,4,264160,0,0,28.47,93774.70,41.61,942692.75,b0
765271387,5,264206,0,0,28.43,93805.54,42.02,732999.31,b0
765283665,6,264252,0,0,28.34,93774.85,42.34,681757.69,b0
765268824,7,264299,0,0,28.17,93818.24,42.41,690026.94,b0
765287253,8,264345,0,0,28.05,93786.29,42.43,1117903.87,b0
765270362,1,264391,0,0,28.18,93785.19,43.40,1011108.38,b0
765269850,2,264437,0,0,28.30,93798.74,42.46,638404.00,b0
765286747,3,264483,0,0,28.64,93820.83,41.63,503317.78,b0
765279836,4,264529,0,0,28.47,93773.98,41.59,943996.31,b0
765271387,5,264576,0,0,28.43,93806.98,42.02,736161.06,b0
765283665,6,264622,0,0,28.34,93775.20,42.32,681757.69,b0
765268824,7,264668,0,0,28.17,93816.43,42.42,687940.88,b0
765287253,8,264714,0,0,28.05,93787.51,42.43,1119737.50,b0
765270362,1,264760,0,0,28.18,93783.74,43.38,1014866.19,b0
765269850,2,264806,0,0,28.31,93801.49,42.42,639001.56,b0
765286747,3,264853,0,0,28.64,93821.00,41.61,506679.88,b0
765279836,4,264899,0,0,28.48,93775.27,41.59,948587.31,b0
765271387,5,264945,0,0,28.43,93807.55,42.00,735368.06,b0
765283665,6,264991,0,0,28.34,93775.42,42.30,683806.38,b0
765268824,7,265037,0,0,28.18,93816.63,42.41,690725.13,b0
765287253,8,265083,0,0,28.05,93788.57,42.41,1120656.62,b0
765270362,1,265130,0,0,28.18,93786.83,43.38,1018652.06,b0
765269850,2,265176,0,0,28.31,93800.23,42.42,638404.00,b0
765286747,3,265222,0,0,28.64,93819.54,41.58,506304.09,b0
765279836,4,265268,0,0,28.48,93775.65,41.57,950568.56,b0
765271387,5,265314,0,0,28.44,93807.95,41.98,736161.06,b0
765283665,6,265360,0,0,28.34,93777.59,42.31,684492.00,b0
765268824,7,265406,0,0,28.18,93816.46,42.41,690026.94,b0
765287253,8,265452,0,0,28.05,93787.14,42.40,1124348.12,b0
765270362,1,265499,0,0,28.18,93784.48,43.35,1015621.13,b0
765269850,2,265545,0,0,28.31,93798.83,42.40,642006.25,b0
765286747,3,265591,0,0,28.64,93819.18,41.58,505928.84,b0
765279836,4,265637,0,0,28.47,93774.35,41.54,953889.13,b0
765271387,5,265683,0,0,28.43,93807.37,41.98,737752.19,b0
765283665,6,265729,0,0,28.34,93776.70,42.29,686557.19,b0
765268824,7,265775,0,0,28.18,93816.83,42.39,692828.13,b0
765287253,8,265821,0,0,28.05,93788.43,42.41,1130866.87,b0
765270362,1,265868,0,0,28.18,93784.45,43.33,1016377.19,b0
765269850,2,265914,0,0,28.31,93799.19,42.38,642006.25,b0
765286747,3,265960,0,0,28.64,93819.92,41.57,506304.09,b0
765279836,4,266006,0,0,28.48,93775.49,41.56,949246.81,b0
765271387,5,266052,0,0,28.43,93807.02,41.96,737752.19,b0
765283665,6,266098,0,0,28.34,93776.52,42.29,688634.81,b0
765268824,7,266145,0,0,28.18,93818.64,42.38,694944.00,b0
765287253,8,266191,0,0,28.05,93788.24,42.39,1127132.62,b0
765270362,1,266237,0,0,28.18,93784.15,43.32,1026309.19,b0
765269850,2,266283,0,0,28.32,93799.92,42.37,642610.63,b0
765286747,3,266329,0,0,28.64,93821.36,41.57,504806.50,b0
765279836,4,266375,0,0,28.49,93774.10,41.53,954556.06,b0
765271387,5,266422,0,0,28.45,93808.73,41.98,737752.19,b0
765283665,6,266468,0,0,28.35,93777.98,42.29,685867.38,b0
765268824,7,266514,0,0,28.18,93816.83,42.38,695652.19,b0
765287253,8,266560,0,0,28.06,93788.08,42.38,1131804.37,b0
765270362,1,266606,0,0,28.18,93784.48,43.30,1024768.56,b0
765269850,2,266652,0,0,28.32,93798.70,42.34,644430.44,b0
765286747,3,266698,0,0,28.65,93819.62,41.56,505180.06,b0
765279836,4,266745,0,0,28.49,93775.38,41.52,951230.81,b0
765271387,5,266791,0,0,28.44,93805.81,41.95,740955.13,b0
765283665,6,266837,0,0,28.35,93776.41,42.27,685179.00,b0
765268824,7,266883,0,0,28.19,93818.66,42.37,693532.00,b0
765287253,8,266929,0,0,28.06,93787.18,42.38,1126202.87,b0
765270362,1,266975,0,0,28.19,93785.08,43.30,1018652.06,b0
765269850,2,267022,0,0,28.34,93800.57,42.35,643216.06,b0
765286747,3,267068,0,0,28.65,93818.36,41.56,509326.03,b0
765279836,4,267114,0,0,28.50,93774.01,41.51,951230.81,b0
765271387,5,267160,0,0,28.44,93807.79,41.95,741760.25,b0
765283665,6,267206,0,0,28.35,93775.90,42.26,686557.19,b0
765268824,7,267252,0,0,28.19,93817.42,42.36,693532.00,b0
765287253,8,267298,0,0,28.05,93786.61,42.38,1128063.87,b0
765270362,1,267345,0,0,28.20,93786.95,43.28,1021701.19,b0
765269850,2,267391,0,0,28.34,93799.19,42.32,642610.63,b0
765286747,3,267437,0,0,28.67,93820.21,41.53,507056.19,b0
765279836,4,267483,0,0,28.50,93774.03,41.50,953889.13,b0
765271387,5,267529,0,0,28.45,93807.34,41.93,743375.69,b0
765283665,6,267575,0,0,28.35,93774.98,42.25,690725.13,b0
765268824,7,267621,0,0,28.19,93819.21,42.35,697785.38,b0
765287253,8,267667,0,0,28.04,93786.02,42.39,1130866.87,b0
765270362,1,267714,0,0,28.21,93786.13,43.27,1020937.19,b0
765269850,2,267760,0,0,28.35,93801.02,42.31,641403.06,b0
765286747,3,267806,0,0,28.68,93822.09,41.52,507056.19,b0
765279836,4,267852,0,0,28.51,93772.27,41.49,951894.00,b0
765271387,5,267898,0,0,28.44,93808.15,41.91,743375.69,b0
765283665,6,267944,0,0,28.35,93775.17,42.23,692125.69,b0
765268824,7,267990,0,0,28.19,93817.40,42.33,695652.19,b0
765287253,8,268037,0,0,28.04,93786.91,42.37,1134626.00,b0
765270362,1,268083,0,0,28.22,93783.67,43.27,1022466.31,b0
765269850,2,268129,0,0,28.36,93800.37,42.30,641403.06,b0
765286747,3,268175,0,0,28.69,93820.86,41.52,507056.19,b0
765279836,4,268221,0,0,28.52,93774.66,41.48,951894.00,b0
765271387,5,268267,0,0,28.44,93806.73,41.90,746627.75,b0
765283665,6,268314,0,0,28.35,93776.41,42.22,692125.69,b0
765268824,7,268360,0,0,28.19,93819.05,42.33,697072.81,b0
765287253,8,268406,0,0,28.03,93787.07,42.36,1134626.00,b0
765270362,1,268452,0,0,28.21,93783.48,43.25,1020174.38,b0
765269850,2,268498,0,0,28.37,93800.61,42.30,642610.63,b0
765286747,3,268544,0,0,28.70,93822.72,41.51,505180.06,b0
765279836,4,268591,0,0,28.53,93774.53,41.48,955892.63,b0
765271387,5,268637,0,0,28.44,93807.45,41.89,747445.25,b0
765283665,6,268683,0,0,28.35,93775.90,42.22,690026.94,b0
765268824,7,268729,0,0,28.20,93819.27,42.32,699214.75,b0
765287253,8,268775,0,0,28.03,93786.18,42.36,1138410.25,b0
765270362,1,268821,0,0,28.22,93785.48,43.22,1020174.38,b0
765269850,2,268867,0,0,28.39,93801.22,42.28,642610.63,b0
765286747,3,268914,0,0,28.69,93822.16,41.49,504806.50,b0
765279836,4,268960,0,0,28.53,93775.46,41.46,952558.13,b0
765271387,5,269006,0,0,28.44,93805.66,41.88,748264.50,b0
765283665,6,269052,0,0,28.35,93776.11,42.21,693532.00,b0
765268824,7,269098,0,0,28.19,93816.67,42.32,697785.38,b0
765287253,8,269144,0,0,28.03,93786.89,42.34,1135569.75,b0
765270362,1,269191,0,0,28.23,93785.20,43.21,1020174.38,b0
765269850,2,269237,0,0,28.40,93804.32,42.26,641403.06,b0
765286747,3,269283,0,0,28.70,93820.57,41.48,508188.59,b0
765279836,4,269329,0,0,28.54,93775.32,41.44,953889.13,b0
765271387,5,269375,0,0,28.44,93807.64,41.89,741760.25,b0
765283665,6,269421,0,0,28.35,93776.60,42.20,688634.81,b0
765268824,7,269467,0,0,28.19,93817.59,42.32,699214.75,b0
765287253,8,269513,0,0,28.03,93786.53,42.34,1139360.25,b0
765270362,1,269560,0,0,28.23,93785.39,43.21,1020174.38,b0
765269850,2,269606,0,0,28.40,93800.20,42.26,643216.06,b0
765286747,3,269652,0,0,28.70,93818.95,41.45,505554.19,b0
765279836,4,269698,0,0,28.54,93773.53,41.46,952558.13,b0
765271387,5,269744,0,0,28.44,93805.81,41.87,749085.56,b0
765283665,6,269790,0,0,28.36,93776.31,42.19,694237.31,b0
765268824,7,269836,0,0,28.19,93817.23,42.30,698499.31,b0
765287253,8,269882,0,0,28.04,93788.52,42.35,1141265.00,b0
765270362,1,269929,0,0,28.24,93784.75,43.21,1020937.19,b0
765269850,2,269975,0,0,28.40,93800.95,42.24,641403.06,b0
765286747,3,270021,0,0,28.71,93821.51,41.47,505180.06,b0
765279836,4,270067,0,0,28.54,93776.78,41.43,955892.63,b0
765271387,5,270113,0,0,28.45,93808.73,41.87,744186.06,b0
765283665,6,270159,0,0,28.36,93775.61,42.18,692125.69,b0
765268824,7,270206,0,0,28.19,93817.79,42.31,702814.00,b0
765287253,8,270252,0,0,28.03,93786.34,42.33,1141265.00,b0
765270362,1,270298,0,0,28.25,93784.25,43.19,1017892.63,b0
765269850,2,270344,0,0,28.41,93799.55,42.22,640801.00,b0
765286747,3,270390,0,0,28.71,93820.27,41.45,505928.84,b0
765279836,4,270436,0,0,28.54,93774.29,41.43,953223.19,b0
765271387,5,270482,0,0,28.44,93807.59,41.87,743375.69,b0
765283665,6,270529,0,0,28.35,93775.75,42.18,694237.31,b0
765268824,7,270575,0,0,28.18,93817.21,42.29,703538.31,b0
765287253,8,270621,0,0,28.02,93787.55,42.33,1144134.12,b0
765270362,1,270667,0,0,28.25,93785.86,43.17,1019412.63,b0
765269850,2,270713,0,0,28.42,93801.77,42.21,639600.25,b0
765286747,3,270759,0,0,28.72,93820.29,41.45,505180.06,b0
765279836,4,270806,0,0,28.56,93775.62,41.42,953889.13,b0
765271387,5,270852,0,0,28.44,93807.77,41.86,752526.19,b0
765283665,6,270898,0,0,28.35,93776.60,42.16,692828.13,b0
765268824,7,270944,0,0,28.18,93817.02,42.29,706450.50,b0
765287253,8,270990,0,0,28.02,93788.98,42.35,1145093.62,b0
765270362,1,271036,0,0,28.26,93783.98,43.16,1018652.06,b0
765269850,2,271083,0,0,28.43,93801.83,42.21,640801.00,b0
765286747,3,271129,0,0,28.73,93821.59,41.43,502946.97,b0
765279836,4,271175,0,0,28.56,93776.52,41.40,953223.19,b0
765271387,5,271221,0,0,28.43,93806.84,41.84,757957.06,b0
765283665,6,271267,0,0,28.35,93776.63,42.18,691424.69,b0
765268824,7,271313,0,0,28.18,93818.64,42.29,704991.38,b0
765287253,8,271359,0,0,28.01,93786.58,42.33,1148948.12,b0
765270362,1,271406,0,0,28.27,93784.57,43.16,1020174.38,b0
765269850,2,271452,0,0,28.44,93801.87,42.19,641403.06,b0
765286747,3,271498,0,0,28.73,93819.82,41.42,502576.69,b0
765279836,4,271544,0,0,28.57,93776.07,41.39,953889.13,b0
765271387,5,271590,0,0,28.42,93805.88,41.85,754605.75,b0
765283665,6,271636,0,0,28.35,93775.13,42.16,692125.69,b0
765268824,7,271682,0,0,28.18,93818.66,42.28,708650.50,b0
765287253,8,271728,0,0,28.00,93785.70,42.32,1147982.12,b0
765270362,1,271775,0,0,28.27,93784.75,43.15,1019412.63,b0
765269850,2,271821,0,0,28.44,93800.30,42.18,641403.06,b0
765286747,3,271867,0,0,28.74,93822.38,41.41,504433.50,b0
765279836,4,271913,0,0,28.57,93773.73,41.38,951230.81,b0
765271387,5,271959,0,0,28.43,93808.27,41.84,760914.00,b0
765283665,6,272005,0,0,28.36,93777.91,42.15,696361.81,b0
765268824,7,272051,0,0,28.17,93816.26,42.25,710864.31,b0
765287253,8,272098,0,0,28.00,93786.94,42.31,1150885.12,b0
765270362,1,272144,0,0,28.28,93785.55,43.13,1018652.06,b0
765269850,2,272190,0,0,28.45,93800.00,42.16,640200.06,b0
765286747,3,272236,0,0,28.75,93820.08,41.40,503689.13,b0
765279836,4,272282,0,0,28.58,93776.49,41.36,951230.81,b0
765271387,5,272328,0,0,28.44,93808.15,41.84,757536.50,b0
765283665,6,272375,0,0,28.35,93776.07,42.15,694237.31,b0
765268824,7,272421,0,0,28.18,93817.56,42.26,711605.31,b0
765287253,8,272467,0,0,28.00,93787.27,42.32,1151856.00,b0
765270362,1,272513,0,0,28.28,93785.04,43.12,1021701.19,b0
765269850,2,272559,0,0,28.46,93802.00,42.16,639600.25,b0
765286747,3,272605,0,0,28.75,93820.63,41.40,507056.19,b0
765279836,4,272652,0,0,28.59,93775.83,41.37,951894.00,b0
765271387,5,272698,0,0,28.44,93806.70,41.83,756277.69,b0
765283665,6,272744,0,0,28.35,93776.07,42.15,697785.38,b0
765268824,7,272790,0,0,28.18,93817.17,42.23,710124.81,b0
765287253,8,272836,0,0,28.00,93787.80,42.31,1152828.62,b0
765270362,1,272882,0,0,28.28,93787.16,43.11,1020174.38,b0
765269850,2,272928,0,0,28.47,93802.91,42.14,641403.06,b0
765286747,3,272975,0,0,28.75,93819.38,41.38,506304.09,b0
765279836,4,273021,0,0,28.59,93774.58,41.35,954556.06,b0
765271387,5,273067,0,0,28.43,93807.55,41.84,757957.06,b0
765283665,6,273113,0,0,28.35,93775.34,42.14,696361.81,b0
765268824,7,273159,0,0,28.17,93817.87,42.26,710864.31,b0
765287253,8,273205,0,0,27.99,93788.12,42.33,1156735.37,b0
765270362,1,273252,0,0,28.27,93786.22,43.09,1017892.63,b0
765269850,2,273298,0,0,28.47,93800.44,42.12,642006.25,b0
765286747,3,273344,0,0,28.75,93821.18,41.39,503689.13,b0
765279836,4,273390,0,0,28.59,93774.09,41.34,949907.25,b0
765271387,5,273436,0,0,28.44,93808.52,41.83,754605.75,b0
765283665,6,273482,0,0,28.35,93776.07,42.15,697785.38,b0
765268824,7,273528,0,0,28.17,93818.77,42.24,713091.94,b0
765287253,8,273574,0,0,27.98,93787.19,42.33,1158698.75,b0
765270362,1,273621,0,0,28.26,93784.15,43.07,1020174.38,b0
765269850,2,273667,0,0,28.47,93802.20,42.12,642610.63,b0
765286747,3,273713,0,0,28.75,93820.27,41.36,507433.09,b0
765279836,4,273759,0,0,28.60,93774.28,41.32,960600.38,b0
765271387,5,273805,0,0,28.44,93808.17,41.81,757116.44,b0
765283665,6,273851,0,0,28.35,93776.11,42.13,699931.63,b0
765268824,7,273897,0,0,28.18,93818.46,42.24,716835.81,b0
765287253,8,273943,0,0,27.99,93786.88,42.33,1159682.87,b0
765270362,1,273990,0,0,28.24,93784.93,43.06,1028628.81,b0
765269850,2,274036,0,0,28.46,93800.94,42.10,645039.38,b0
765286747,3,274082,0,0,28.73,93819.66,41.35,506679.88,b0
765279836,4,274128,0,0,28.59,93774.25,41.32,958577.13,b0
765271387,5,274174,0,0,28.44,93808.13,41.82,762614.06,b0
765283665,6,274220,0,0,28.35,93776.97,42.12,701369.88,b0
765268824,7,274267,0,0,28.17,93817.69,42.21,716835.81,b0
765287253,8,274313,0,0,27.99,93786.17,42.31,1161656.25,b0
765270362,1,274359,0,0,28.24,93787.60,43.07,1030181.06,b0
765269850,2,274405,0,0,28.46,93801.27,42.10,645649.44,b0
765286747,3,274451,0,0,28.73,93819.30,41.34,507433.09,b0
765279836,4,274497,0,0,28.60,93775.52,41.31,959250.56,b0
765271387,5,274543,0,0,28.45,93809.12,41.81,769490.88,b0
765283665,6,274590,0,0,28.36,93775.99,42.13,702091.19,b0
765268824,7,274636,0,0,28.17,93816.97,42.23,718344.44,b0
765287253,8,274682,0,0,28.00,93788.50,42.32,1163636.37,b0
765270362,1,274728,0,0,28.25,93785.67,43.05,1032518.25,b0
765269850,2,274774,0,0,28.47,93800.96,42.08,646873.00,b0
765286747,3,274820,0,0,28.74,93820.62,41.32,506679.88,b0
765279836,4,274867,0,0,28.60,93775.23,41.30,954556.06,b0
765271387,5,274913,0,0,28.46,93809.34,41.82,764321.69,b0
765283665,6,274959,0,0,28.35,93776.11,42.11,702814.00,b0
765268824,7,275005,0,0,28.17,93818.41,42.23,719859.38,b0
765287253,8,275051,0,0,28.00,93788.69,42.33,1169617.37,b0
765270362,1,275097,0,0,28.25,93785.33,43.02,1032518.25,b0
765269850,2,275144,0,0,28.47,93802.95,42.06,648101.25,b0
765286747,3,275190,0,0,28.74,93819.36,41.33,507810.56,b0
765279836,4,275236,0,0,28.60,93775.04,41.30,958577.13,b0
765271387,5,275282,0,0,28.45,93809.15,41.80,764321.69,b0
765283665,6,275328,0,0,28.37,93777.16,42.13,700650.00,b0
765268824,7,275374,0,0,28.18,93819.54,42.20,725983.69,b0
765287253,8,275420,0,0,28.00,93787.62,42.32,1170620.12,b0
765270362,1,275467,0,0,28.25,93785.89,43.01,1033299.69,b0
765269850,2,275513,0,0,28.47,93800.46,42.06,648717.13,b0
765286747,3,275559,0,0,28.75,93820.08,41.31,510468.59,b0
765279836,4,275605,0,0,28.61,93773.29,41.28,963991.50,b0
765271387,5,275651,0,0,28.46,93808.46,41.80,769057.44,b0
765283665,6,275697,0,0,28.37,93777.66,42.11,699931.63,b0
765268824,7,275743,0,0,28.18,93819.18,42.22,722908.56,b0
765287253,8,275789,0,0,28.00,93788.90,42.33,1175660.12,b0
765270362,1,275836,0,0,28.25,93785.71,43.01,1030959.00,b0
765269850,2,275882,0,0,28.47,93801.55,42.04,648717.13,b0
765286747,3,275928,0,0,28.75,93820.08,41.30,508946.31,b0
765279836,4,275974,0,0,28.62,93775.50,41.26,959250.56,b0
765271387,5,276020,0,0,28.47,93809.23,41.79,768624.50,b0
765283665,6,276066,0,0,28.36,93775.16,42.10,702814.00,b0
765268824,7,276112,0,0,28.18,93818.64,42.22,722908.56,b0
765287253,8,276159,0,0,28.00,93787.63,42.32,1172631.00,b0
765270362,1,276205,0,0,28.25,93787.14,43.00,1037224.63,b0
765269850,2,276251,0,0,28.47,93801.55,42.01,649952.38,b0
765286747,3,276297,0,0,28.75,93820.65,41.27,512384.28,b0
765279836,4,276343,0,0,28.62,93773.19,41.26,963311.38,b0
765271387,5,276389,0,0,28.46,93807.80,41.78,770794.13,b0
765283665,6,276435,0,0,28.37,93777.38,42.09,703538.31,b0
765268824,7,276482,0,0,28.18,93817.73,42.21,725983.69,b0
765287253,8,276528,0,0,28.00,93788.70,42.32,1173639.00,b0
765270362,1,276574,0,0,28.25,93786.60,42.98,1034866.13,b0
765269850,2,276620,0,0,28.48,93802.84,42.01,649334.19,b0
765286747,3,276666,0,0,28.74,93820.62,41.26,511233.16,b0
765279836,4,276712,0,0,28.62,93773.91,41.24,962632.19,b0
765271387,5,276759,0,0,28.46,93805.83,41.80,775170.31,b0
765283665,6,276805,0,0,28.37,93777.41,42.11,707182.31,b0
765268824,7,276851,0,0,28.18,93818.66,42.20,726756.56,b0
765287253,8,276897,0,0,28.00,93787.27,42.33,1174648.75,b0
765270362,1,276943,0,0,28.24,93787.25,43.00,1038802.94,b0
765269850,2,276989,0,0,28.48,93800.85,41.99,649952.38,b0
765286747,3,277036,0,0,28.74,93820.23,41.24,508946.31,b0
765279836,4,277082,0,0,28.62,93776.41,41.24,961276.69,b0
765271387,5,277128,0,0,28.48,93808.43,41.80,774730.50,b0
765283665,6,277174,0,0,28.37,93776.81,42.07,704991.38,b0
765268824,7,277220,0,0,28.19,93816.67,42.22,731428.56,b0
765287253,8,277266,0,0,28.01,93789.10,42.34,1179723.50,b0
765270362,1,277313,0,0,28.25,93786.38,42.99,1038802.94,b0
765269850,2,277359,0,0,28.47,93799.73,41.98,649334.19,b0
765286747,3,277405,0,0,28.75,93820.08,41.26,511233.16,b0
765279836,4,277451,0,0,28.62,93775.12,41.22,971537.00,b0
765271387,5,277497,0,0,28.47,93807.46,41.77,773852.25,b0
765283665,6,277543,0,0,28.36,93774.45,42.10,706450.50,b0
765268824,7,277589,0,0,28.20,93819.10,42.22,728307.25,b0
765287253,8,277635,0,0,28.01,93786.06,42.33,1177688.37,b0
765270362,1,277682,0,0,28.26,93785.77,42.96,1035651.06,b0
765269850,2,277728,0,0,28.48,93803.02,41.97,650571.81,b0
765286747,3,277774,0,0,28.75,93820.09,41.23,509326.03,b0
765279836,4,277820,0,0,28.62,93775.19,41.22,961276.69,b0
765271387,5,277866,0,0,28.48,93808.43,41.77,772538.69,b0
765283665,6,277912,0,0,28.37,93775.74,42.08,707182.31,b0
765268824,7,277958,0,0,28.20,93817.65,42.21,728307.25,b0
765287253,8,278004,0,0,28.02,93788.27,42.34,1176673.37,b0
765270362,1,278051,0,0,28.28,93786.05,42.96,1033299.69,b0
765269850,2,278097,0,0,28.49,93801.13,41.96,651192.38,b0
765286747,3,278143,0,0,28.76,93820.70,41.23,511233.16,b0
765279836,4,278189,0,0,28.63,93776.63,41.21,968092.63,b0
765271387,5,278235,0,0,28.48,93809.36,41.78,774291.13,b0
765283665,6,278281,0,0,28.37,93776.30,42.06,711605.31,b0
765268824,7,278327,0,0,28.20,93817.84,42.20,725983.69,b0
765287253,8,278374,0,0,28.02,93787.70,42.32,1178705.00,b0
765270362,1,278420,0,0,28.29,93787.77,42.98,1027854.44,b0
765269850,2,278466,0,0,28.50,93802.24,41.96,648717.13,b0
765286747,3,278512,0,0,28.77,93820.55,41.22,510087.19,b0
765279836,4,278558,0,0,28.64,93775.45,41.20,960600.38,b0
765271387,5,278604,0,0,28.48,93806.73,41.76,773852.25,b0
765283665,6,278651,0,0,28.37,93775.63,42.09,710864.31,b0
765268824,7,278697,0,0,28.21,93817.15,42.20,726756.56,b0
765287253,8,278743,0,0,28.02,93787.34,42.32,1176673.37,b0
765270362,1,278789,0,0,28.29,93785.77,42.95,1030959.00,b0
765269850,2,278835,0,0,28.52,93802.33,41.94,649952.38,b0
765286747,3,278881,0,0,28.77,93819.13,41.23,509326.03,b0
765279836,4,278927,0,0,28.64,93775.45,41.19,963311.38,b0
765271387,5,278974,0,0,28.49,93808.18,41.75,779596.50,b0
765283665,6,279020,0,0,28.38,93776.21,42.06,711605.31,b0
765268824,7,279066,0,0,28.20,93816.57,42.19,726756.56,b0
765287253,8,279112,0,0,28.02,93788.27,42.33,1178705.00,b0
765270362,1,279158,0,0,28.29,93785.27,42.98,1034082.31,b0
765269850,2,279204,0,0,28.51,93802.65,41.92,649334.19,b0
765286747,3,279251,0,0,28.78,93821.49,41.24,507433.09,b0
765279836,4,279297,0,0,28.64,93774.55,41.17,957904.56,b0
765271387,5,279343,0,0,28.48,93807.58,41.75,776051.56,b0
765283665,6,279389,0,0,28.38,93775.66,42.06,707915.69,b0
765268824,7,279435,0,0,28.20,93816.95,42.18,730645.75,b0
765287253,8,279481,0,0,28.01,93786.61,42.32,1180743.75,b0
765270362,1,279528,0,0,28.30,93788.20,42.95,1029404.38,b0
765269850,2,279574,0,0,28.52,93801.26,41.92,649334.19,b0
765286747,3,279620,0,0,28.78,93820.77,41.22,508188.59,b0
765279836,4,279666,0,0,28.65,93775.34,41.17,958577.13,b0
765271387,5,279712,0,0,28.49,93808.73,41.74,775610.69,b0
765283665,6,279758,0,0,28.38,93776.36,42.06,706450.50,b0
765268824,7,279804,0,0,28.21,93819.32,42.19,732999.31,b0
765287253,8,279850,0,0,28.01,93788.39,42.34,1181765.75,b0
765270362,1,279897,0,0,28.29,93785.11,42.95,1036437.25,b0
765269850,2,279943,0,0,28.52,93801.09,41.92,649334.19,b0
765286747,3,279989,0,0,28.78,93820.05,41.21,507810.56,b0
765279836,4,280035,0,0,28.66,93776.14,41.15,962632.19,b0
765271387,5,280081,0,0,28.49,93808.16,41.75,776492.88,b0
765283665,6,280127,0,0,28.38,93777.13,42.05,706450.50,b0
765268824,7,280173,0,0,28.21,93819.67,42.18,732213.06,b0
765287253,8,280219,0,0,28.02,93788.99,42.33,1180743.75,b0
765270362,1,280266,0,0,28.29,93787.77,42.93,1034082.31,b0
765269850,2,280312,0,0,28.52,93803.21,41.88,649952.38,b0
765286747,3,280358,0,0,28.77,93819.67,41.20,509706.31,b0
765279836,4,280404,0,0,28.66,93777.71,41.17,961954.00,b0
765271387,5,280450,0,0,28.49,93807.10,41.75,775610.69,b0
765283665,6,280496,0,0,28.38,93776.07,42.05,708650.50,b0
765268824,7,280543,0,0,28.21,93818.96,42.17,731428.56,b0
765287253,8,280589,0,0,28.02,93787.90,42.32,1181765.75,b0
765270362,1,280635,0,0,28.29,93785.77,42.93,1037224.63,b0
765269850,2,280681,0,0,28.51,93802.30,41.89,651814.13,b0
765286747,3,280727,0,0,28.77,93818.06,41.17,510087.19,b0
765279836,4,280773,0,0,28.66,93777.23,41.15,965354.69,b0
765271387,5,280820,0,0,28.49,93808.34,41.73,777377.13,b0
765283665,6,280866,0,0,28.38,93775.36,42.05,712347.81,b0
765268824,7,280912,0,0,28.21,93818.60,42.17,731428.56,b0
765287253,8,280958,0,0,28.01,93787.16,42.32,1184842.37,b0
765270362,1,281004,0,0,28.29,93785.77,42.90,1037224.63,b0
765269850,2,281050,0,0,28.52,93801.10,41.89,650571.81,b0
765286747,3,281096,0,0,28.78,93820.42,41.19,510850.59,b0
765279836,4,281143,0,0,28.66,93776.88,41.13,966037.75,b0
765271387,5,281189,0,0,28.50,93808.23,41.73,780041.88,b0
765283665,6,281235,0,0,28.39,93777.00,42.05,708650.50,b0
765268824,7,281281,0,0,28.21,93818.59,42.16,737752.19,b0
765287253,8,281327,0,0,28.02,93787.70,42.33,1188969.50,b0
765270362,1,281373,0,0,28.29,93785.44,42.91,1038802.94,b0
765269850,2,281420,0,0,28.53,93802.39,41.86,651814.13,b0
765286747,3,281466,0,0,28.78,93821.90,41.18,510468.59,b0
765279836,4,281512,0,0,28.67,93775.13,41.12,959250.56,b0
765271387,5,281558,0,0,28.49,93806.94,41.72,783174.00,b0
765283665,6,281604,0,0,28.39,93777.38,42.06,711605.31,b0
765268824,7,281650,0,0,28.21,93817.88,42.17,737752.19,b0
765287253,8,281696,0,0,28.02,93788.59,42.32,1188969.50,b0
765270362,1,281743,0,0,28.28,93786.29,42.91,1039593.94,b0
765269850,2,281789,0,0,28.53,93801.84,41.86,651192.38,b0
765286747,3,281835,0,0,28.79,93822.81,41.16,510850.59,b0
765279836,4,281881,0,0,28.67,93774.93,41.10,966721.75,b0
765271387,5,281927,0,0,28.50,93808.23,41.70,780487.81,b0
765283665,6,281973,0,0,28.39,93775.23,42.03,709386.94,b0
765268824,7,282019,0,0,28.21,93818.27,42.16,736955.75,b0
765287253,8,282065,0,0,28.02,93788.10,42.32,1188969.50,b0
765270362,1,282112,0,0,28.29,93787.41,42.90,1041179.44,b0
765269850,2,282158,0,0,28.53,93803.85,41.87,653061.25,b0
765286747,3,282204,0,0,28.78,93822.07,41.15,512769.16,b0
765279836,4,282250,0,0,28.67,93775.84,41.12,968779.56,b0
765271387,5,282296,0,0,28.49,93807.52,41.73,784073.50,b0
765283665,6,282342,0,0,28.39,93776.64,42.04,714584.81,b0
765268824,7,282388,0,0,28.20,93818.22,42.17,738550.31,b0
765287253,8,282435,0,0,28.01,93787.33,42.32,1190005.75,b0
765270362,1,282481,0,0,28.29,93786.34,42.90,1041974.06,b0
765269850,2,282527,0,0,28.53,93803.09,41.85,653061.25,b0
765286747,3,282573,0,0,28.78,93819.34,41.14,512384.28,b0
765279836,4,282619,0,0,28.67,93775.31,41.09,964672.63,b0
765271387,5,282665,0,0,28.50,93808.27,41.72,780487.81,b0
765283665,6,282711,0,0,28.38,93774.76,42.03,713837.56,b0
765268824,7,282758,0,0,28.20,93815.66,42.16,740955.13,b0
765287253,8,282804,0,0,28.01,93786.05,42.29,1193125.50,b0
765270362,1,282850,0,0,28.29,93786.49,42.88,1041179.44,b0
765269850,2,282896,0,0,28.53,93800.83,41.84,653061.25,b0
765286747,3,282942,0,0,28.78,93821.90,41.13,509706.31,b0
765279836,4,282988,0,0,28.67,93775.88,41.09,966037.75,b0
765271387,5,283035,0,0,28.49,93809.60,41.72,784073.50,b0
765283665,6,283081,0,0,28.38,93775.50,42.02,711605.31,b0
765268824,7,283127,0,0,28.20,93818.93,42.13,743375.69,b0
765287253,8,283173,0,0,28.01,93788.23,42.31,1194169.12,b0
765270362,1,283219,0,0,28.26,93784.36,42.88,1045965.25,b0
765269850,2,283265,0,0,28.52,93802.00,41.83,654313.13,b0
765286747,3,283312,0,0,28.77,93819.83,41.15,511233.16,b0
765279836,4,283358,0,0,28.67,93776.23,41.08,966721.75,b0
765271387,5,283404,0,0,28.50,93808.10,41.71,786784.50,b0
765283665,6,283450,0,0,28.39,93777.77,42.02,715333.56,b0
765268824,7,283496,0,0,28.20,93817.47,42.16,739350.19,b0
765287253,8,283542,0,0,28.01,93784.80,42.29,1195214.50,b0
765270362,1,283589,0,0,28.26,93784.87,42.85,1048374.69,b0
765269850,2,283635,0,0,28.51,93802.66,41.81,656199.94,b0
765286747,3,283681,0,0,28.76,93820.87,41.13,512769.16,b0
765279836,4,283727,0,0,28.67,93776.71,41.07,968779.56,b0
765271387,5,283773,0,0,28.50,93808.95,41.69,786331.38,b0
765283665,6,283819,0,0,28.38,93777.67,42.01,711605.31,b0
765268824,7,283865,0,0,28.21,93817.50,42.14,743375.69,b0
765287253,8,283911,0,0,28.02,93788.41,42.31,1194169.12,b0
765270362,1,283958,0,0,28.26,93785.76,42.88,1047570.31,b0
765269850,2,284004,0,0,28.52,93802.50,41.80,658097.69,b0
765286747,3,284050,0,0,28.77,93820.19,41.12,515869.03,b0
765279836,4,284096,0,0,28.67,93775.46,41.06,968779.56,b0
765271387,5,284142,0,0,28.50,93809.88,41.67,786331.38,b0
765283665,6,284188,0,0,28.38,93778.02,42.02,717589.38,b0
765268824,7,284234,0,0,28.20,93818.93,42.15,744998.19,b0
765287253,8,284280,0,0,28.01,93788.23,42.31,1196261.62,b0
765270362,1,284327,0,0,28.26,93783.98,42.86,1045164.56,b0
765269850,2,284373,0,0,28.52,93801.28,41.77,658097.69,b0
765286747,3,284419,0,0,28.77,93821.09,41.09,516649.84,b0
765279836,4,284465,0,0,28.67,93775.49,41.07,972921.63,b0
765271387,5,284511,0,0,28.50,93807.52,41.68,787238.13,b0
765283665,6,284557,0,0,28.37,93776.51,42.01,713091.94,b0
765268824,7,284604,0,0,28.20,93819.29,42.13,747445.25,b0
765287253,8,284650,0,0,28.01,93787.70,42.31,1198361.62,b0
765270362,1,284696,0,0,28.26,93785.42,42.86,1047570.31,b0
765269850,2,284742,0,0,28.52,93801.65,41.76,658732.69,b0
765286747,3,284788,0,0,28.78,93822.75,41.10,511233.16,b0
765279836,4,284834,0,0,28.67,93776.95,41.06,970846.19,b0
765271387,5,284881,0,0,28.49,93806.80,41.67,786784.50,b0
765283665,6,284927,0,0,28.38,93778.17,42.02,716083.94,b0
765268824,7,284973,0,0,28.20,93817.10,42.13,746627.75,b0
765287253,8,285019,0,0,28.01,93788.04,42.31,1201525.37,b0
765270362,1,285065,0,0,28.27,93785.30,42.85,1049180.37,b0
765269850,2,285111,0,0,28.54,93802.26,41.77,659368.94,b0
765286747,3,285157,0,0,28.78,93820.79,41.11,517041.16,b0
765279836,4,285204,0,0,28.69,93775.96,41.05,972228.81,b0
765271387,5,285250,0,0,28.50,93809.88,41.66,790886.25,b0
765283665,6,285296,0,0,28.38,93776.78,42.01,717589.38,b0
765268824,7,285342,0,0,28.20,93817.13,42.13,749085.56,b0
765287253,8,285388,0,0,28.01,93788.20,42.30,1201525.37,b0
765270362,1,285434,0,0,28.27,93784.97,42.84,1054040.12,b0
765269850,2,285481,0,0,28.53,93802.25,41.76,659368.94,b0
765286747,3,285527,0,0,28.79,93822.09,41.10,516259.13,b0
765279836,4,285573,0,0,28.70,93776.73,41.03,970156.31,b0
765271387,5,285619,0,0,28.50,93808.27,41.68,789514.25,b0
765283665,6,285665,0,0,28.39,93776.70,42.01,718344.44,b0
765268824,7,285711,0,0,28.21,93818.80,42.12,746627.75,b0
765287253,8,285757,0,0,28.01,93787.51,42.31,1202583.62,b0
765270362,1,285804,0,0,28.27,93784.26,42.85,1054854.50,b0
765269850,2,285850,0,0,28.55,93803.76,41.75,658732.69,b0
765286747,3,285896,0,0,28.79,93820.14,41.09,514702.19,b0
765279836,4,285942,0,0,28.70,93776.60,41.02,973615.38,b0
765271387,5,285988,0,0,28.51,93810.30,41.68,789514.25,b0
765283665,6,286034,0,0,28.40,93777.12,42.01,717589.38,b0
765268824,7,286080,0,0,28.22,93819.20,42.12,739350.19,b0
765287253,8,286126,0,0,28.02,93787.52,42.32,1203643.87,b0
765270362,1,286173,0,0,28.28,93784.87,42.85,1048374.69,b0
765269850,2,286219,0,0,28.54,93801.95,41.76,660006.44,b0
765286747,3,286265,0,0,28.80,93819.64,41.09,515479.50,b0
765279836,4,286311,0,0,28.70,93777.14,41.03,973615.38,b0
765271387,5,286357,0,0,28.51,93809.21,41.68,792263.06,b0
765283665,6,286403,0,0,28.40,93776.95,42.00,719859.38,b0
765268824,7,286449,0,0,28.22,93819.21,42.14,749085.56,b0
765287253,8,286496,0,0,28.02,93787.55,42.32,1204705.87,b0
765270362,1,286542,0,0,28.29,93785.98,42.86,1054854.50,b0
765269850,2,286588,0,0,28.55,93802.18,41.76,658732.69,b0
765286747,3,286634,0,0,28.80,93819.81,41.08,515479.50,b0
765279836,4,286680,0,0,28.71,93777.73,41.03,971537.00,b0
765271387,5,286726,0,0,28.52,93810.17,41.68,792263.06,b0
765283665,6,286772,0,0,28.40,93776.99,42.00,716835.81,b0
765268824,7,286819,0,0,28.22,93818.29,42.12,755859.00,b0
765287253,8,286865,0,0,28.02,93787.91,42.29,1207903.25,b0
765270362,1,286911,0,0,28.29,93787.92,42.85,1052415.25,b0
765269850,2,286957,0,0,28.55,93801.13,41.74,660006.44,b0
765286747,3,287003,0,0,28.80,93819.80,41.09,516649.84,b0
765279836,4,287049,0,0,28.71,93777.88,41.01,972921.63,b0
765271387,5,287096,0,0,28.51,93808.38,41.66,796887.19,b0
765283665,6,287142,0,0,28.41,93777.61,42.01,719859.38,b0
765268824,7,287188,0,0,28.22,93818.49,42.12,755859.00,b0
765287253,8,287234,0,0,28.03,93788.30,42.30,1207903.25,b0
765270362,1,287280,0,0,28.27,93785.12,42.86,1058124.50,b0
765269850,2,287326,0,0,28.54,93800.88,41.75,661926.31,b0
765286747,3,287373,0,0,28.79,93821.23,41.09,514702.19,b0
765279836,4,287419,0,0,28.71,93775.19,41.00,975005.94,b0
765271387,5,287465,0,0,28.52,93809.14,41.66,800625.50,b0
765283665,6,287511,0,0,28.41,93777.05,41.99,719859.38,b0
765268824,7,287557,0,0,28.22,93818.12,42.12,757536.50,b0
765287253,8,287603,0,0,28.02,93788.45,42.31,1210044.37,b0
765270362,1,287649,0,0,28.27,93787.27,42.82,1053227.00,b0
765269850,2,287696,0,0,28.55,93801.09,41.76,661926.31,b0
765286747,3,287742,0,0,28.80,93819.98,41.08,517825.53,b0
765279836,4,287788,0,0,28.71,93775.74,41.00,976400.50,b0
765271387,5,287834,0,0,28.52,93808.78,41.67,797352.56,b0
765283665,6,287880,0,0,28.41,93777.77,42.00,719859.38,b0
765268824,7,287926,0,0,28.23,93817.44,42.14,756696.81,b0
765287253,8,287972,0,0,28.03,93787.78,42.30,1213270.12,b0
765270362,1,288019,0,0,28.27,93785.46,42.84,1058945.25,b0
765269850,2,288065,0,0,28.55,93801.27,41.72,663857.38,b0
765286747,3,288111,0,0,28.80,93820.36,41.07,516649.84,b0
765279836,4,288157,0,0,28.72,93775.27,41.00,976400.50,b0
765271387,5,288203,0,0,28.52,93807.35,41.67,799219.50,b0
765283665,6,288249,0,0,28.41,93777.05,42.00,722908.56,b0
765268824,7,288295,0,0,28.23,93816.91,42.11,759643.94,b0
765287253,8,288341,0,0,28.04,93788.55,42.31,1214349.25,b0
765270362,1,288388,0,0,28.29,93786.90,42.85,1056487.00,b0
765269850,2,288434,0,0,28.56,93801.48,41.73,663857.38,b0
765286747,3,288480,0,0,28.81,93820.59,41.08,518612.31,b0
765279836,4,288526,0,0,28.73,93774.99,41.01,975005.94,b0
765271387,5,288572,0,0,28.53,93809.20,41.65,800625.50,b0
765283665,6,288618,0,0,28.41,93776.04,41.98,724442.88,b0
765268824,7,288664,0,0,28.24,93816.80,42.12,759643.94,b0
765287253,8,288711,0,0,28.05,93789.28,42.31,1216513.25,b0
765270362,1,288757,0,0,28.30,93785.70,42.86,1056487.00,b0
765269850,2,288803,0,0,28.57,93802.77,41.72,663857.38,b0
765286747,3,288849,0,0,28.81,93820.24,41.08,518612.31,b0
765279836,4,288895,0,0,28.73,93775.16,41.00,985563.06,b0
765271387,5,288941,0,0,28.54,93806.08,41.64,799219.50,b0
765283665,6,288988,0,0,28.42,93775.21,41.99,729085.06,b0
765268824,7,289034,0,0,28.26,93819.59,42.12,760490.19,b0
765287253,8,289080,0,0,28.06,93788.97,42.32,1216513.25,b0
765270362,1,289126,0,0,28.31,93785.92,42.87,1060590.37,b0
765269850,2,289172,0,0,28.56,93802.59,41.74,663857.38,b0
765286747,3,289218,0,0,28.82,93819.54,41.09,517041.16,b0
765279836,4,289265,0,0,28.73,93776.25,40.99,984142.25,b0
765271387,5,289311,0,0,28.55,93809.76,41.65,803452.31,b0
765283665,6,289357,0,0,28.42,93776.33,41.98,725983.69,b0
765268824,7,289403,0,0,28.26,93820.50,42.12,761763.06,b0
765287253,8,289449,0,0,28.07,93788.32,42.31,1216513.25,b0
765270362,1,289495,0,0,28.30,93788.20,42.87,1058945.25,b0
765269850,2,289541,0,0,28.56,93801.88,41.72,665151.00,b0
765286747,3,289588,0,0,28.81,93818.98,41.08,516259.13,b0
765279836,4,289634,0,0,28.73,93775.35,40.99,984142.25,b0
765271387,5,289680,0,0,28.56,93808.55,41.65,802507.81,b0
765283665,6,289726,0,0,28.43,93776.44,42.01,725983.69,b0
765268824,7,289772,0,0,28.26,93817.98,42.13,760490.19,b0
765287253,8,289818,0,0,28.07,93787.80,42.29,1218684.87,b0
765270362,1,289865,0,0,28.30,93784.78,42.88,1060590.37,b0
765269850,2,289911,0,0,28.57,93801.91,41.75,666449.75,b0
765286747,3,289957,0,0,28.82,93820.26,41.10,521783.44,b0
765279836,4,290003,0,0,28.74,93774.69,40.98,979904.31,b0
765271387,5,290049,0,0,28.56,93810.02,41.65,802979.81,b0
765283665,6,290095,0,0,28.44,93778.71,42.00,729085.06,b0
765268824,7,290141,0,0,28.27,93816.78,42.12,763466.94,b0
765287253,8,290187,0,0,28.08,93786.94,42.31,1219773.62,b0
765270362,1,290234,0,0,28.30,93788.19,42.86,1063067.75,b0
765269850,2,290280,0,0,28.57,93801.75,41.72,665799.75,b0
765286747,3,290326,0,0,28.81,93821.31,41.09,518218.63,b0
765279836,4,290372,0,0,28.74,93775.59,40.98,984142.25,b0
765271387,5,290418,0,0,28.57,93809.87,41.64,807252.69,b0
765283665,6,290464,0,0,28.44,93778.71,41.99,729864.56,b0
765268824,7,290510,0,0,28.28,93819.52,42.12,762614.06,b0
765287253,8,290556,0,0,28.09,93787.89,42.33,1219773.62,b0
765270362,1,290603,0,0,28.30,93787.15,42.87,1065556.75,b0
765269850,2,290649,0,0,28.57,93803.71,41.73,668407.31,b0
765286747,3,290695,0,0,28.81,93820.23,41.08,520193.03,b0
765279836,4,290741,0,0,28.74,93775.26,40.97,980608.06,b0
765271387,5,290787,0,0,28.57,93807.93,41.63,807252.69,b0
765283665,6,290833,0,0,28.44,93774.80,41.98,727531.06,b0
765268824,7,290880,0,0,28.28,93818.64,42.12,759643.94,b0
765287253,8,290926,0,0,28.09,93787.70,42.31,1216513.25,b0
765270362,1,290972,0,0,28.31,93787.38,42.87,1061414.87,b0
765269850,2,291018,0,0,28.57,93802.29,41.74,668407.31,b0
765286747,3,291064,0,0,28.82,93821.53,41.08,523785.16,b0
765279836,4,291110,0,0,28.74,93775.25,40.96,984852.13,b0
765271387,5,291157,0,0,28.57,93808.85,41.64,802507.81,b0
765283665,6,291203,0,0,28.45,93778.25,42.00,730645.75,b0
765268824,7,291249,0,0,28.29,93819.74,42.13,760914.00,b0
765287253,8,291295,0,0,28.09,93785.94,42.30,1215430.25,b0
765270362,1,291341,0,0,28.32,93788.35,42.87,1062240.62,b0
765269850,2,291387,0,0,28.58,93802.30,41.73,671035.38,b0
765286747,3,291433,0,0,28.82,93820.82,41.08,523383.59,b0
765279836,4,291480,0,0,28.75,93776.20,40.96,986275.00,b0
765271387,5,291526,0,0,28.59,93809.15,41.63,802507.81,b0
765283665,6,291572,0,0,28.45,93776.84,41.99,727531.06,b0
765268824,7,291618,0,0,28.29,93818.49,42.11,759643.94,b0
765287253,8,291664,0,0,28.10,93789.52,42.28,1216513.25,b0
765270362,1,291710,0,0,28.32,93786.56,42.85,1068893.50,b0
765269850,2,291757,0,0,28.58,93801.42,41.72,669718.75,b0
765286747,3,291803,0,0,28.83,93822.48,41.07,521783.44,b0
765279836,4,291849,0,0,28.75,93777.46,40.96,992007.75,b0
765271387,5,291895,0,0,28.59,93807.90,41.62,808208.38,b0
765283665,6,291941,0,0,28.45,93776.84,41.96,732999.31,b0
765268824,7,291987,0,0,28.29,93817.80,42.11,758378.06,b0
765287253,8,292033,0,0,28.11,93789.38,42.29,1218684.87,b0
765270362,1,292080,0,0,28.33,93786.81,42.86,1068057.37,b0
765269850,2,292126,0,0,28.58,93803.20,41.71,670376.44,b0
765286747,3,292172,0,0,28.82,93820.46,41.09,524187.34,b0
765279836,4,292218,0,0,28.75,93773.53,40.96,987701.94,b0
765271387,5,292264,0,0,28.59,93809.16,41.61,805348.00,b0
765283665,6,292310,0,0,28.46,93777.27,41.97,732213.06,b0
765268824,7,292356,0,0,28.29,93817.63,42.10,760490.19,b0
765287253,8,292402,0,0,28.11,93787.96,42.30,1227449.75,b0
765270362,1,292449,0,0,28.32,93787.46,42.85,1069731.00,b0
765269850,2,292495,0,0,28.57,93802.65,41.70,672357.19,b0
765286747,3,292541,0,0,28.83,93820.85,41.06,526207.63,b0
765279836,4,292587,0,0,28.76,93775.17,40.95,994174.75,b0
765271387,5,292633,0,0,28.59,93808.26,41.61,805823.31,b0
765283665,6,292679,0,0,28.46,93779.08,41.97,733787.19,b0
765268824,7,292725,0,0,28.30,93818.92,42.09,760066.81,b0
765287253,8,292772,0,0,28.11,93788.69,42.28,1223051.62,b0
765270362,1,292818,0,0,28.33,93787.70,42.84,1068057.37,b0
765269850,2,292864,0,0,28.58,93803.20,41.70,673020.06,b0
765286747,3,292910,0,0,28.83,93821.40,41.08,524187.34,b0
765279836,4,292956,0,0,28.76,93774.30,40.94,1000732.94,b0
765271387,5,293002,0,0,28.59,93807.39,41.61,807252.69,b0
765283665,6,293049,0,0,28.47,93776.84,41.96,732999.31,b0
765268824,7,293095,0,0,28.30,93818.73,42.08,762614.06,b0
765287253,8,293141,0,0,28.11,93789.23,42.28,1229660.75,b0
765270362,1,293187,0,0,28.33,93786.81,42.84,1075630.25,b0
765269850,2,293233,0,0,28.58,93801.77,41.68,673684.19,b0
765286747,3,293279,0,0,28.83,93820.35,41.04,525802.31,b0
765279836,4,293326,0,0,28.76,93774.48,40.92,995624.69,b0
765271387,5,293372,0,0,28.60,93809.63,41.62,809646.19,b0
765283665,6,293418,0,0,28.47,93777.77,41.95,729864.56,b0
765268824,7,293464,0,0,28.31,93818.05,42.09,766037.00,b0
765287253,8,293510,0,0,28.12,93787.13,42.29,1224148.25,b0
765270362,1,293556,0,0,28.33,93785.91,42.84,1073094.00,b0
765269850,2,293603,0,0,28.58,93802.68,41.68,673684.19,b0
765286747,3,293649,0,0,28.84,93820.56,41.04,526207.63,b0
765279836,4,293695,0,0,28.76,93775.55,40.92,1005893.94,b0
765271387,5,293741,0,0,28.60,93808.90,41.60,809646.19,b0
765283665,6,293787,0,0,28.47,93778.34,41.97,732213.06,b0
765268824,7,293833,0,0,28.31,93818.78,42.08,763894.06,b0
765287253,8,293879,0,0,28.13,93788.23,42.29,1229660.75,b0
765270362,1,293926,0,0,28.32,93787.29,42.82,1079884.00,b0
765269850,2,293972,0,0,28.57,93801.89,41.68,679721.19,b0
765286747,3,294018,0,0,28.83,93821.04,41.02,527427.25,b0
765279836,4,294064,0,0,28.76,93776.80,40.90,994899.19,b0
765271387,5,294110,0,0,28.60,93808.70,41.61,813990.44,b0
765283665,6,294156,0,0,28.48,93779.61,41.95,734576.75,b0
765268824,7,294202,0,0,28.30,93818.38,42.09,769057.44,b0
765287253,8,294248,0,0,28.12,93787.86,42.28,1229660.75,b0
765270362,1,294295,0,0,28.31,93787.22,42.82,1079884.00,b0
765269850,2,294341,0,0,28.56,93803.08,41.66,677696.88,b0
765286747,3,294387,0,0,28.83,93821.76,41.04,529472.63,b0
765279836,4,294433,0,0,28.75,93774.62,40.90,1000732.94,b0
765271387,5,294479,0,0,28.59,93808.62,41.60,813990.44,b0
765283665,6,294525,0,0,28.46,93775.73,41.94,737752.19,b0
765268824,7,294571,0,0,28.29,93818.34,42.06,765178.38,b0
765287253,8,294618,0,0,28.12,93788.03,42.25,1234106.62,b0
765270362,1,294664,0,0,28.30,93788.40,42.81,1079030.50,b0
765269850,2,294710,0,0,28.54,93802.44,41.66,679721.19,b0
765286747,3,294756,0,0,28.82,93820.12,41.02,529883.56,b0
765279836,4,294802,0,0,28.74,93775.61,40.90,999268.13,b0
765271387,5,294848,0,0,28.59,93810.21,41.58,813021.06,b0
765283665,6,294894,0,0,28.46,93778.40,41.93,739350.19,b0
765268824,7,294941,0,0,28.29,93818.30,42.05,770359.25,b0
765287253,8,294987,0,0,28.12,93788.56,42.26,1234106.62,b0
765270362,1,295033,0,0,28.29,93785.77,42.79,1085033.12,b0
765269850,2,295079,0,0,28.53,93803.29,41.66,680398.69,b0
765286747,3,295125,0,0,28.81,93819.71,41.01,531120.31,b0
765279836,4,295171,0,0,28.74,93776.84,40.89,1001467.00,b0
765271387,5,295218,0,0,28.57,93810.10,41.57,818381.63,b0
765283665,6,295264,0,0,28.46,93778.40,41.94,736955.75,b0
765268824,7,295310,0,0,28.28,93818.10,42.05,770794.13,b0
765287253,8,295356,0,0,28.12,93788.39,42.23,1236341.62,b0
765270362,1,295402,0,0,28.28,93785.16,42.81,1085033.12,b0
765269850,2,295448,0,0,28.52,93802.70,41.65,679721.19,b0
765286747,3,295494,0,0,28.82,93820.82,41.01,531533.88,b0
765279836,4,295541,0,0,28.73,93772.32,40.88,1011857.69,b0
765271387,5,295587,0,0,28.57,93807.58,41.56,817891.38,b0
765283665,6,295633,0,0,28.46,93779.08,41.92,742567.06,b0
765268824,7,295679,0,0,28.28,93819.36,42.05,774730.50,b0
765287253,8,295725,0,0,28.13,93787.16,42.23,1238584.87,b0
765270362,1,295771,0,0,28.27,93785.64,42.79,1085033.12,b0
765269850,2,295818,0,0,28.51,93802.97,41.64,683122.06,b0
765286747,3,295864,0,0,28.82,93819.90,40.99,533611.25,b0
765279836,4,295910,0,0,28.74,93775.94,40.86,1013359.75,b0
765271387,5,295956,0,0,28.57,93808.48,41.55,817401.69,b0
765283665,6,296002,0,0,28.45,93776.84,41.91,744998.19,b0
765268824,7,296048,0,0,28.28,93819.00,42.05,777820.00,b0
765287253,8,296094,0,0,28.13,93788.42,42.23,1243095.62,b0
765270362,1,296141,0,0,28.25,93785.89,42.78,1085033.12,b0
765269850,2,296187,0,0,28.49,93803.59,41.66,681077.50,b0
765286747,3,296233,0,0,28.81,93820.79,41.00,532362.88,b0
765279836,4,296279,0,0,28.73,93775.87,40.85,1010360.13,b0
765271387,5,296325,0,0,28.57,93810.09,41.55,817891.38,b0
765283665,6,296371,0,0,28.45,93777.05,41.91,746627.75,b0
765268824,7,296417,0,0,28.28,93819.52,42.02,778263.38,b0
765287253,8,296463,0,0,28.13,93789.49,42.22,1245363.37,b0
765270362,1,296510,0,0,28.25,93788.20,42.77,1089361.75,b0
765269850,2,296556,0,0,28.48,93803.20,41.62,685179.00,b0
765286747,3,296602,0,0,28.81,93821.30,41.00,534865.50,b0
765279836,4,296648,0,0,28.72,93776.71,40.86,1017892.63,b0
765271387,5,296694,0,0,28.56,93809.50,41.54,823316.56,b0
765283665,6,296740,0,0,28.45,93776.87,41.91,747445.25,b0
765268824,7,296786,0,0,28.27,93818.41,42.02,780041.88,b0
765287253,8,296833,0,0,28.13,93787.16,42.21,1246500.25,b0
765270362,1,296879,0,0,28.24,93786.17,42.78,1094601.87,b0
765269850,2,296925,0,0,28.47,93801.15,41.62,687940.88,b0
765286747,3,296971,0,0,28.81,93820.59,40.99,535284.88,b0
765279836,4,297017,0,0,28.72,93775.64,40.85,1017892.63,b0
765271387,5,297063,0,0,28.56,93810.22,41.55,824310.75,b0
765283665,6,297110,0,0,28.45,93778.28,41.91,744186.06,b0
765268824,7,297156,0,0,28.27,93818.23,42.02,781381.13,b0
765287253,8,297202,0,0,28.14,93789.69,42.21,1253366.00,b0
765270362,1,297248,0,0,28.24,93786.71,42.78,1091102.87,b0
765269850,2,297294,0,0,28.45,93801.77,41.63,689330.19,b0
765286747,3,297340,0,0,28.80,93820.55,40.98,536969.06,b0
765279836,4,297387,0,0,28.71,93775.60,40.84,1014866.19,b0
765271387,5,297433,0,0,28.56,93810.04,41.54,828814.25,b0
765283665,6,297479,0,0,28.46,93777.44,41.90,745812.06,b0
765268824,7,297525,0,0,28.27,93819.49,42.02,780487.81,b0
765287253,8,297571,0,0,28.13,93787.38,42.20,1253366.00,b0
765270362,1,297617,0,0,28.23,93784.82,42.78,1096359.75,b0
765269850,2,297663,0,0,28.45,93802.98,41.60,690026.94,b0
765286747,3,297710,0,0,28.81,93821.13,40.99,537815.13,b0
765279836,4,297756,0,0,28.71,93776.63,40.83,1024000.00,b0
765271387,5,297802,0,0,28.56,93807.53,41.54,827809.19,b0
765283665,6,297848,0,0,28.46,93778.37,41.89,750870.75,b0
765268824,7,297894,0,0,28.28,93818.98,42.02,784975.06,b0
765287253,8,297940,0,0,28.14,93787.77,42.22,1255671.37,b0
765270362,1,297987,0,0,28.22,93786.91,42.77,1093725.00,b0
765269850,2,298033,0,0,28.43,93802.70,41.63,690026.94,b0
765286747,3,298079,0,0,28.81,93821.12,40.98,536547.00,b0
765279836,4,298125,0,0,28.70,93775.17,40.81,1017892.63,b0
765271387,5,298171,0,0,28.56,93810.20,41.53,829821.69,b0
765283665,6,298217,0,0,28.45,93778.10,41.87,742567.06,b0
765268824,7,298263,0,0,28.28,93820.79,42.01,786331.38,b0
765287253,8,298309,0,0,28.14,93790.07,42.19,1256827.25,b0
765270362,1,298356,0,0,28.20,93786.76,42.77,1098123.37,b0
765269850,2,298402,0,0,28.41,93801.36,41.61,692828.13,b0
765286747,3,298448,0,0,28.80,93821.97,40.97,539515.25,b0
765279836,4,298494,0,0,28.69,93776.55,40.83,1028628.81,b0
765271387,5,298540,0,0,28.55,93808.52,41.52,830831.63,b0
765283665,6,298586,0,0,28.45,93776.87,41.87,752941.19,b0
765268824,7,298632,0,0,28.27,93819.49,42.00,788147.00,b0
765287253,8,298678,0,0,28.14,93790.06,42.18,1260307.75,b0
765270362,1,298725,0,0,28.19,93784.40,42.76,1099007.25,b0
765269850,2,298771,0,0,28.40,93801.98,41.64,690725.13,b0
765286747,3,298817,0,0,28.79,93819.57,40.96,541655.63,b0
765279836,4,298863,0,0,28.69,93774.54,40.81,1018652.06,b0
765271387,5,298909,0,0,28.55,93809.38,41.53,840032.81,b0
765283665,6,298955,0,0,28.44,93776.05,41.86,757536.50,b0
765268824,7,299002,0,0,28.27,93818.57,42.00,794106.25,b0
765287253,8,299048,0,0,28.14,93788.63,42.17,1263807.50,b0
765270362,1,299094,0,0,28.19,93786.15,42.76,1104340.75,b0
765269850,2,299140,0,0,28.39,93800.16,41.61,696361.81,b0
765286747,3,299186,0,0,28.79,93821.58,40.95,542085.75,b0
765279836,4,299232,0,0,28.69,93777.57,40.83,1027081.25,b0
765271387,5,299279,0,0,28.55,93808.65,41.52,835406.88,b0
765283665,6,299325,0,0,28.45,93777.55,41.87,755440.81,b0
765268824,7,299371,0,0,28.27,93819.66,42.00,792723.06,b0
765287253,8,299417,0,0,28.14,93788.13,42.16,1269683.87,b0
765270362,1,299463,0,0,28.19,93784.58,42.77,1107027.00,b0
765269850,2,299509,0,0,28.38,93800.46,41.64,694944.00,b0
765286747,3,299555,0,0,28.79,93821.22,40.94,545115.81,b0
765279836,4,299602,0,0,28.69,93777.60,40.81,1026309.19,b0
765271387,5,299648,0,0,28.55,93809.96,41.52,835918.38,b0
765283665,6,299694,0,0,28.45,93776.47,41.86,757536.50,b0
765268824,7,299740,0,0,28.28,93819.16,41.99,792263.06,b0
765287253,8,299786,0,0,28.15,93789.22,42.15,1282806.12,b0
765270362,1,299832,0,0,28.18,93783.95,42.79,1109726.37,b0
765269850,2,299879,0,0,28.38,93801.36,41.65,698499.31,b0
765286747,3,299925,0,0,28.79,93821.05,40.95,543813.06,b0
765279836,4,299971,0,0,28.69,93776.31,40.80,1035651.06,b0
765271387,5,300017,0,0,28.56,93809.44,41.51,839516.31,b0
765283665,6,300063,0,0,28.45,93777.36,41.86,758799.56,b0
765268824,7,300109,0,0,28.28,93818.98,41.98,800156.25,b0
765287253,8,300155,0,0,28.15,93789.23,42.15,1279200.50,b0
765270362,1,300202,0,0,28.18,93785.02,42.78,1100779.37,b0
765269850,2,300248,0,0,28.37,93800.39,41.65,699931.63,b0
765286747,3,300294,0,0,28.79,93819.40,40.95,545551.44,b0
765279836,4,300340,0,0,28.69,93778.63,40.79,1039593.94,b0
765271387,5,300386,0,0,28.54,93808.45,41.50,844710.25,b0
765283665,6,300432,0,0,28.45,93777.40,41.84,760490.19,b0
765268824,7,300478,0,0,28.28,93819.15,41.98,800156.25,b0
765287253,8,300524,0,0,28.15,93789.42,42.15,1276808.00,b0
765270362,1,300571,0,0,28.16,93787.57,42.79,1113346.00,b0
765269850,2,300617,0,0,28.35,93801.89,41.65,698499.31,b0
765286747,3,300663,0,0,28.78,93821.72,40.95,545987.75,b0
765279836,4,300709,0,0,28.67,93774.80,40.81,1035651.06,b0
765271387,5,300755,0,0,28.55,93808.51,41.50,847857.56,b0
765283665,6,300801,0,0,28.45,93777.58,41.85,760490.19,b0
765268824,7,300847,0,0,28.28,93818.06,41.98,805348.00,b0
765287253,8,300894,0,0,28.15,93788.54,42.15,1280400.12,b0
765270362,1,300940,0,0,28.15,93784.81,42.79,1109726.37,b0
765269850,2,300986,0,0,28.34,93800.78,41.65,700650.00,b0
765286747,3,301032,0,0,28.77,93820.39,40.94,547740.06,b0
765279836,4,301078,0,0,28.67,93776.38,40.80,1038802.94,b0
765271387,5,301124,0,0,28.55,93808.66,41.51,844187.94,b0
765283665,6,301171,0,0,28.44,93776.75,41.84,761763.06,b0
765268824,7,301217,0,0,28.26,93816.36,41.97,806775.63,b0
765287253,8,301263,0,0,28.15,93787.24,42.13,1282806.12,b0
765270362,1,301309,0,0,28.14,93784.91,42.77,1109726.37,b0
765269850,2,301355,0,0,28.33,93801.80,41.66,702091.19,b0
765286747,3,301401,0,0,28.76,93820.34,40.94,547300.94,b0
765279836,4,301448,0,0,28.67,93778.49,40.79,1038013.19,b0
765271387,5,301494,0,0,28.54,93810.73,41.48,845233.19,b0
765283665,6,301540,0,0,28.43,93775.05,41.85,766037.00,b0
765268824,7,301586,0,0,28.26,93817.61,41.98,806775.63,b0
765287253,8,301632,0,0,28.14,93788.47,42.13,1282806.12,b0
765270362,1,301678,0,0,28.14,93784.54,42.78,1111533.25,b0
765269850,2,301725,0,0,28.33,93799.27,41.67,700650.00,b0
765286747,3,301771,0,0,28.76,93820.70,40.94,547300.94,b0
765279836,4,301817,0,0,28.65,93774.64,40.82,1037224.63,b0
765271387,5,301863,0,0,28.53,93808.36,41.50,846805.88,b0
765283665,6,301909,0,0,28.44,93777.95,41.83,769057.44,b0
765268824,7,301955,0,0,28.26,93817.09,41.96,809646.19,b0
765287253,8,302001,0,0,28.15,93788.51,42.12,1284012.50,b0
765270362,1,302048,0,0,28.15,93781.58,42.81,1112438.87,b0
765269850,2,302094,0,0,28.34,93799.53,41.69,699214.75,b0
765286747,3,302140,0,0,28.77,93821.45,40.94,546424.75,b0
765279836,4,302186,0,0,28.65,93775.92,40.80,1039593.94,b0
765271387,5,302232,0,0,28.53,93809.59,41.50,846281.00,b0
765283665,6,302278,0,0,28.42,93776.33,41.86,768624.50,b0
765268824,7,302324,0,0,28.27,93817.48,41.97,808208.38,b0
765287253,8,302370,0,0,28.16,93788.02,42.12,1286432.12,b0
765270362,1,302417,0,0,28.16,93784.67,42.82,1113346.00,b0
765269850,2,302463,0,0,28.34,93799.88,41.69,701369.88,b0
765286747,3,302509,0,0,28.77,93821.48,40.94,547740.06,b0
765279836,4,302555,0,0,28.66,93776.70,40.80,1049987.12,b0
765271387,5,302601,0,0,28.53,93807.98,41.51,847331.38,b0
765283665,6,302647,0,0,28.43,93777.86,41.83,769490.88,b0
765268824,7,302693,0,0,28.27,93817.32,41.97,811089.13,b0
765287253,8,302740,0,0,28.17,93790.55,42.10,1288860.87,b0
765270362,1,302786,0,0,28.15,93784.61,42.83,1110629.12,b0
765269850,2,302832,0,0,28.33,93800.37,41.70,702814.00,b0
765286747,3,302878,0,0,28.78,93821.30,40.93,551724.13,b0
765279836,4,302924,0,0,28.66,93776.52,40.80,1037224.63,b0
765271387,5,302970,0,0,28.53,93807.29,41.49,848911.94,b0
765283665,6,303017,0,0,28.44,93776.17,41.83,768192.06,b0
765268824,7,303063,0,0,28.29,93819.03,41.96,813505.44,b0
765287253,8,303109,0,0,28.17,93786.63,42.12,1297434.25,b0
765270362,1,303155,0,0,28.14,93783.30,42.82,1116076.25,b0
765269850,2,303201,0,0,28.33,93798.57,41.72,704264.13,b0
765286747,3,303247,0,0,28.78,93820.95,40.94,549503.63,b0
765279836,4,303294,0,0,28.66,93775.26,40.81,1041974.06,b0
765271387,5,303340,0,0,28.53,93807.83,41.50,851028.44,b0
765283665,6,303386,0,0,28.45,93776.25,41.84,771665.44,b0
765268824,7,303432,0,0,28.30,93819.07,41.98,810607.56,b0
765287253,8,303478,0,0,28.18,93788.49,42.08,1290078.75,b0
765270362,1,303524,0,0,28.14,93785.25,42.81,1120656.62,b0
765269850,2,303570,0,0,28.33,93798.94,41.72,703538.31,b0
765286747,3,303617,0,0,28.75,93819.40,40.94,549503.63,b0
765279836,4,303663,0,0,28.65,93775.74,40.79,1041974.06,b0
765271387,5,303709,0,0,28.55,93806.91,41.51,851559.25,b0
765283665,6,303755,0,0,28.46,93775.48,41.84,765607.50,b0
765268824,7,303801,0,0,28.31,93816.23,41.96,809646.19,b0
765287253,8,303847,0,0,28.20,93787.49,42.10,1292521.25,b0
765270362,1,303894,0,0,28.15,93785.71,42.84,1113346.00,b0
765269850,2,303940,0,0,28.33,93800.01,41.73,701369.88,b0
765286747,3,303986,0,0,28.75,93822.42,40.94,550389.69,b0
765279836,4,304032,0,0,28.65,93774.11,40.82,1044365.13,b0
765271387,5,304078,0,0,28.57,93808.31,41.52,855293.38,b0
765283665,6,304124,0,0,28.47,93778.07,41.83,769490.88,b0
765268824,7,304170,0,0,28.33,93817.07,41.96,810607.56,b0
765287253,8,304216,0,0,28.20,93786.81,42.09,1298668.37,b0
765270362,1,304263,0,0,28.17,93786.57,42.84,1120656.62,b0
765269850,2,304309,0,0,28.34,93799.53,41.74,705720.19,b0
765286747,3,304355,0,0,28.76,93820.87,40.95,549061.69,b0
765279836,4,304401,0,0,28.65,93775.03,40.83,1046767.19,b0
765271387,5,304447,0,0,28.58,93806.80,41.50,854223.13,b0
765283665,6,304493,0,0,28.48,93776.78,41.84,773852.25,b0
765268824,7,304539,0,0,28.34,93818.42,41.95,813505.44,b0
765287253,8,304585,0,0,28.22,93787.05,42.08,1294973.12,b0
765270362,1,304632,0,0,28.17,93784.22,42.85,1116076.25,b0
765269850,2,304678,0,0,28.34,93799.73,41.74,706450.50,b0
765286747,3,304724,0,0,28.77,93820.36,40.95,553962.69,b0
765279836,4,304770,0,0,28.66,93777.05,40.81,1048374.69,b0
765271387,5,304816,0,0,28.59,93808.64,41.51,847857.56,b0
765283665,6,304862,0,0,28.49,93777.41,41.84,770794.13,b0
765268824,7,304909,0,0,28.35,93816.45,41.94,807252.69,b0
765287253,8,304955,0,0,28.23,93786.23,42.09,1287645.37,b0
765270362,1,305001,0,0,28.17,93785.11,42.86,1117903.87,b0
765269850,2,305047,0,0,28.34,93800.07,41.76,703538.31,b0
765286747,3,305093,0,0,28.78,93819.52,40.96,549946.31,b0
765279836,4,305139,0,0,28.66,93773.30,40.80,1052415.25,b0
765271387,5,305186,0,0,28.61,93807.88,41.51,854757.94,b0
765283665,6,305232,0,0,28.50,93776.70,41.84,769490.88,b0
765268824,7,305278,0,0,28.36,93817.26,41.96,808208.38,b0
765287253,8,305324,0,0,28.24,93786.64,42.07,1297434.25,b0
765270362,1,305370,0,0,28.17,93783.51,42.85,1116989.37,b0
765269850,2,305416,0,0,28.33,93799.66,41.76,704264.13,b0
765286747,3,305462,0,0,28.78,93818.63,40.95,550833.81,b0
765279836,4,305509,0,0,28.67,93774.95,40.83,1045965.25,b0
765271387,5,305555,0,0,28.61,93807.55,41.51,847331.38,b0
765283665,6,305601,0,0,28.51,93775.15,41.84,771665.44,b0
765268824,7,305647,0,0,28.37,93814.57,41.97,806299.19,b0
765287253,8,305693,0,0,28.25,93787.56,42.07,1288860.87,b0
765270362,1,305739,0,0,28.17,93785.13,42.86,1121577.25,b0
765269850,2,305786,0,0,28.33,93799.81,41.76,705720.19,b0
765286747,3,305832,0,0,28.78,93819.53,40.94,549061.69,b0
765279836,4,305878,0,0,28.67,93774.76,40.82,1057305.12,b0
765271387,5,305924,0,0,28.62,93806.71,41.50,848911.94,b0
765283665,6,305970,0,0,28.52,93776.16,41.83,774291.13,b0
765268824,7,306016,0,0,28.38,93816.97,41.95,807730.25,b0
765287253,8,306062,0,0,28.26,93786.16,42.07,1287645.37,b0
765270362,1,306109,0,0,28.16,93785.23,42.88,1118820.00,b0
765269850,2,306155,0,0,28.34,93800.23,41.78,706450.50,b0
765286747,3,306201,0,0,28.78,93821.13,40.95,551724.13,b0
765279836,4,306247,0,0,28.67,93774.76,40.82,1048374.69,b0
765271387,5,306293,0,0,28.63,93808.41,41.49,847857.56,b0
765283665,6,306339,0,0,28.53,93775.76,41.83,767760.06,b0
765268824,7,306385,0,0,28.38,93815.19,41.96,802979.81,b0
765287253,8,306431,0,0,28.27,93785.52,42.06,1281602.00,b0
765270362,1,306478,0,0,28.18,93785.20,42.88,1118820.00,b0
765269850,2,306524,0,0,28.35,93798.51,41.79,706450.50,b0
765286747,3,306570,0,0,28.79,93819.93,40.95,552617.38,b0
765279836,4,306616,0,0,28.68,93775.70,40.82,1043566.88,b0
765271387,5,306662,0,0,28.64,93807.77,41.50,843145.31,b0
765283665,6,306708,0,0,28.54,93776.54,41.80,766037.00,b0
765268824,7,306754,0,0,28.39,93814.32,41.95,798751.94,b0
765287253,8,306801,0,0,28.27,93786.43,42.05,1281602.00,b0
765270362,1,306847,0,0,28.20,93783.16,42.87,1115164.75,b0
765269850,2,306893,0,0,28.35,93799.26,41.78,705720.19,b0
765286747,3,306939,0,0,28.80,93817.85,40.97,553065.06,b0
765279836,4,306985,0,0,28.69,93776.72,40.84,1045164.56,b0
765271387,5,307031,0,0,28.62,93807.84,41.48,845756.75,b0
765283665,6,307077,0,0,28.54,93775.13,41.82,765607.50,b0
765268824,7,307124,0,0,28.40,93814.91,41.92,803452.31,b0
765287253,8,307170,0,0,28.28,93787.36,42.04,1269683.87,b0
765270362,1,307216,0,0,28.20,93784.62,42.89,1124348.12,b0
765269850,2,307262,0,0,28.35,93799.77,41.81,704264.13,b0
765286747,3,307308,0,0,28.81,93818.60,40.97,551724.13,b0
765279836,4,307354,0,0,28.69,93775.30,40.82,1049180.37,b0
765271387,5,307401,0,0,28.64,93809.20,41.49,844710.25,b0
765283665,6,307447,0,0,28.53,93776.52,41.82,763466.94,b0
765268824,7,307493,0,0,28.40,93816.16,41.92,800625.50,b0
765287253,8,307539,0,0,28.29,93789.70,42.04,1267326.75,b0
765270362,1,307585,0,0,28.20,93785.16,42.89,1116989.37,b0
765269850,2,307631,0,0,28.34,93798.48,41.80,708650.50,b0
765286747,3,307678,0,0,28.80,93819.66,40.97,553962.69,b0
765279836,4,307724,0,0,28.68,93776.29,40.84,1048374.69,b0
765271387,5,307770,0,0,28.62,93808.55,41.49,851028.44,b0
765283665,6,307816,0,0,28.54,93777.43,41.82,768624.50,b0
765268824,7,307862,0,0,28.40,93817.63,41.92,802979.81,b0
765287253,8,307908,0,0,28.28,93788.23,42.01,1278003.12,b0
765270362,1,307955,0,0,28.20,93786.23,42.89,1122499.37,b0
765269850,2,308001,0,0,28.34,93799.55,41.81,707182.31,b0
765286747,3,308047,0,0,28.80,93820.38,40.97,553962.69,b0
765279836,4,308093,0,0,28.68,93776.65,40.81,1048374.69,b0
765271387,5,308139,0,0,28.62,93807.66,41.48,848911.94,b0
765283665,6,308185,0,0,28.54,93777.08,41.80,768624.50,b0
765268824,7,308231,0,0,28.39,93817.21,41.90,803925.44,b0
765287253,8,308277,0,0,28.28,93786.45,42.00,1276808.00,b0
765270362,1,308324,0,0,28.20,93783.16,42.87,1119737.50,b0
765269850,2,308370,0,0,28.35,93799.75,41.81,707915.69,b0
765286747,3,308416,0,0,28.80,93818.21,40.96,556673.00,b0
765279836,4,308462,0,0,28.68,93775.35,40.84,1046767.19,b0
765271387,5,308508,0,0,28.63,93808.21,41.46,856366.31,b0
765283665,6,308554,0,0,28.53,93776.11,41.80,775170.31,b0
765268824,7,308600,0,0,28.39,93815.95,41.90,809166.31,b0
765287253,8,308646,0,0,28.28,93787.34,42.00,1285221.25,b0
765270362,1,308693,0,0,28.20,93785.88,42.87,1128063.87,b0
765269850,2,308739,0,0,28.34,93800.09,41.81,709386.94,b0
765286747,3,308785,0,0,28.80,93820.00,40.96,555314.56,b0
765279836,4,308831,0,0,28.68,93774.52,40.82,1048374.69,b0
765271387,5,308877,0,0,28.63,93808.21,41.45,851559.25,b0
765283665,6,308923,0,0,28.54,93778.67,41.77,771229.50,b0
765268824,7,308969,0,0,28.40,93816.18,41.90,807252.69,b0
765287253,8,309016,0,0,28.29,93788.63,41.97,1286432.12,b0
765270362,1,309062,0,0,28.21,93786.81,42.88,1127132.62,b0
765269850,2,309108,0,0,28.35,93799.92,41.82,711605.31,b0
765286747,3,309154,0,0,28.81,93818.60,40.94,552617.38,b0
765279836,4,309200,0,0,28.68,93774.52,40.81,1050795.25,b0
765271387,5,309246,0,0,28.63,93809.34,41.45,860142.81,b0
765283665,6,309293,0,0,28.54,93774.98,41.79,773413.88,b0
765268824,7,309339,0,0,28.41,93815.13,41.89,804873.25,b0
765287253,8,309385,0,0,28.30,93787.81,41.98,1282806.12,b0
765270362,1,309431,0,0,28.20,93783.58,42.87,1126202.87,b0
765269850,2,309477,0,0,28.35,93799.26,41.79,710864.31,b0
765286747,3,309523,0,0,28.79,93820.14,40.95,558951.94,b0
765279836,4,309570,0,0,28.68,93774.16,40.82,1056487.00,b0
765271387,5,309616,0,0,28.65,93807.30,41.44,854223.13,b0
765283665,6,309662,0,0,28.54,93774.67,41.78,772976.06,b0
765268824,7,309708,0,0,28.41,93815.70,41.87,804873.25,b0
765287253,8,309754,0,0,28.30,93786.38,41.98,1280400.12,b0
765270362,1,309800,0,0,28.21,93784.90,42.87,1130866.87,b0
765269850,2,309846,0,0,28.35,93798.51,41.83,711605.31,b0
765286747,3,309893,0,0,28.80,93819.63,40.94,558038.13,b0
765279836,4,309939,0,0,28.69,93775.12,40.81,1058945.25,b0
765271387,5,309985,0,0,28.65,93808.96,41.43,856903.75,b0
765283665,6,310031,0,0,28.55,93776.73,41.77,775170.31,b0
765268824,7,310077,0,0,28.43,93816.34,41.87,809646.19,b0
765287253,8,310123,0,0,28.31,93787.28,41.95,1292521.25,b0
765270362,1,310170,0,0,28.21,93782.94,42.86,1134626.00,b0
765269850,2,310216,0,0,28.35,93800.14,41.83,714584.81,b0
765286747,3,310262,0,0,28.81,93821.66,40.92,557582.38,b0
765279836,4,310308,0,0,28.70,93772.81,40.81,1060590.37,b0
765271387,5,310354,0,0,28.66,93807.79,41.43,861227.94,b0
765283665,6,310400,0,0,28.56,93776.62,41.77,775610.69,b0
765268824,7,310446,0,0,28.43,93813.98,41.84,806775.63,b0
765287253,8,310492,0,0,28.32,93786.47,41.94,1290078.75,b0
765270362,1,310539,0,0,28.22,93786.01,42.86,1135569.75,b0
765269850,2,310585,0,0,28.36,93800.37,41.83,714584.81,b0
765286747,3,310631,0,0,28.81,93820.42,40.92,559868.75,b0
765279836,4,310677,0,0,28.71,93774.68,40.80,1058124.50,b0
765271387,5,310723,0,0,28.67,93806.81,41.44,860685.00,b0
765283665,6,310769,0,0,28.58,93776.28,41.74,779151.63,b0
765268824,7,310815,0,0,28.44,93816.60,41.87,808208.38,b0
765287253,8,310861,0,0,28.33,93786.69,41.93,1285221.25,b0
765270362,1,310908,0,0,28.22,93784.95,42.86,1134626.00,b0
765269850,2,310954,0,0,28.35,93799.08,41.81,713837.56,b0
765286747,3,311000,0,0,28.82,93820.48,40.92,559868.75,b0
765279836,4,311046,0,0,28.72,93775.44,40.82,1058945.25,b0
765271387,5,311092,0,0,28.68,93808.79,41.42,861771.50,b0
765283665,6,311138,0,0,28.58,93774.56,41.76,774730.50,b0
765268824,7,311185,0,0,28.45,93818.80,41.85,805348.00,b0
765287253,8,311231,0,0,28.34,93786.73,41.92,1287645.37,b0
765270362,1,311277,0,0,28.22,93784.59,42.87,1129931.00,b0
765269850,2,311323,0,0,28.37,93801.11,41.83,716835.81,b0
765286747,3,311369,0,0,28.83,93821.43,40.93,561249.69,b0
765279836,4,311415,0,0,28.72,93773.32,40.80,1060590.37,b0
765271387,5,311462,0,0,28.68,93809.71,41.43,856903.75,b0
765283665,6,311508,0,0,28.60,93777.92,41.75,776492.88,b0
765268824,7,311554,0,0,28.45,93817.20,41.83,805348.00,b0
765287253,8,311600,0,0,28.34,93786.57,41.91,1285221.25,b0
765270362,1,311646,0,0,28.23,93785.92,42.85,1132743.37,b0
765269850,2,311692,0,0,28.38,93802.05,41.82,717589.38,b0
765286747,3,311738,0,0,28.84,93818.95,40.93,561711.44,b0
765279836,4,311785,0,0,28.73,93777.30,40.82,1055670.12,b0
765271387,5,311831,0,0,28.69,93809.04,41.40,860685.00,b0
765283665,6,311877,0,0,28.60,93776.52,41.73,772538.69,b0
765268824,7,311923,0,0,28.46,93815.04,41.83,810126.56,b0
765287253,8,311969,0,0,28.36,93786.98,41.92,1282806.12,b0
765270362,1,312015,0,0,28.24,93785.63,42.86,1132743.37,b0
765269850,2,312062,0,0,28.38,93801.20,41.83,715333.56,b0
765286747,3,312108,0,0,28.86,93822.07,40.92,561249.69,b0
765279836,4,312154,0,0,28.73,93775.16,40.81,1057305.12,b0
765271387,5,312200,0,0,28.69,93807.27,41.41,860685.00,b0
765283665,6,312246,0,0,28.60,93777.97,41.73,780041.88,b0
765268824,7,312292,0,0,28.47,93817.07,41.82,801095.25,b0
765287253,8,312338,0,0,28.36,93787.34,41.90,1278003.12,b0
765270362,1,312385,0,0,28.25,93784.08,42.84,1132743.37,b0
765269850,2,312431,0,0,28.37,93801.50,41.83,717589.38,b0
765286747,3,312477,0,0,28.86,93819.91,40.93,559868.75,b0
765279836,4,312523,0,0,28.73,93776.28,40.81,1055670.12,b0
765271387,5,312569,0,0,28.69,93806.95,41.38,859060.38,b0
765283665,6,312615,0,0,28.61,93778.06,41.70,775170.31,b0
765268824,7,312661,0,0,28.47,93817.47,41.84,801095.25,b0
765287253,8,312707,0,0,28.36,93787.89,41.89,1279200.50,b0
765270362,1,312754,0,0,28.25,93785.54,42.84,1140311.75,b0
765269850,2,312800,0,0,28.37,93799.02,41.82,716835.81,b0
765286747,3,312846,0,0,28.86,93821.38,40.91,561249.69,b0
765279836,4,312892,0,0,28.73,93776.42,40.79,1063896.12,b0
765271387,5,312938,0,0,28.70,93807.55,41.39,860685.00,b0
765283665,6,312984,0,0,28.62,93777.31,41.71,777377.13,b0
765268824,7,313030,0,0,28.48,93817.48,41.82,809646.19,b0
765287253,8,313077,0,0,28.36,93787.38,41.87,1268504.12,b0
765270362,1,313123,0,0,28.25,93785.35,42.85,1139360.25,b0
765269850,2,313169,0,0,28.39,93801.42,41.84,717589.38,b0
765286747,3,313215,0,0,28.86,93820.45,40.92,563101.44,b0
765279836,4,313261,0,0,28.74,93776.47,40.79,1058124.50,b0
765271387,5,313307,0,0,28.70,93808.97,41.38,857441.94,b0
765283665,6,313354,0,0,28.62,93775.00,41.69,779151.63,b0
765268824,7,313400,0,0,28.48,93815.85,41.80,807252.69,b0
765287253,8,313446,0,0,28.38,93786.71,41.88,1266151.50,b0
765270362,1,313492,0,0,28.27,93784.95,42.82,1143176.12,b0
765269850,2,313538,0,0,28.39,93799.63,41.84,716835.81,b0
765286747,3,313584,0,0,28.86,93820.46,40.89,560788.63,b0
765279836,4,313630,0,0,28.74,93774.16,40.78,1058124.50,b0
765271387,5,313677,0,0,28.70,93807.00,41.36,855829.50,b0
765283665,6,313723,0,0,28.61,93773.86,41.68,777377.13,b0
765268824,7,313769,0,0,28.48,93818.25,41.78,795958.00,b0
765287253,8,313815,0,0,28.38,93788.36,41.88,1268504.12,b0
765270362,1,313861,0,0,28.27,93784.97,42.83,1141265.00,b0
765269850,2,313907,0,0,28.40,93801.48,41.83,718344.44,b0
765286747,3,313954,0,0,28.86,93823.70,40.89,560788.63,b0
765279836,4,314000,0,0,28.74,93776.66,40.78,1062240.62,b0
765271387,5,314046,0,0,28.70,93806.64,41.36,854223.13,b0
765283665,6,314092,0,0,28.62,93774.23,41.66,776492.88,b0
765268824,7,314138,0,0,28.48,93817.16,41.79,798751.94,b0
765287253,8,314184,0,0,28.38,93786.40,41.87,1266151.50,b0
765270362,1,314231,0,0,28.29,93785.80,42.83,1140311.75,b0
765269850,2,314277,0,0,28.40,93801.14,41.81,714584.81,b0
765286747,3,314323,0,0,28.87,93821.05,40.89,560788.63,b0
765279836,4,314369,0,0,28.75,93776.39,40.78,1059767.12,b0
765271387,5,314415,0,0,28.71,93808.31,41.34,858520.25,b0
765283665,6,314461,0,0,28.62,93776.27,41.67,776492.88,b0
765268824,7,314507,0,0,28.48,93815.71,41.77,798751.94,b0
765287253,8,314553,0,0,28.39,93788.57,41.83,1261472.12,b0
765270362,1,314600,0,0,28.30,93786.74,42.83,1138410.25,b0
765269850,2,314646,0,0,28.40,93798.11,41.82,716835.81,b0
765286747,3,314692,0,0,28.87,93819.63,40.88,562174.06,b0
765279836,4,314738,0,0,28.76,93774.30,40.77,1061414.87,b0
765271387,5,314784,0,0,28.71,93807.67,41.32,853689.06,b0
765283665,6,314830,0,0,28.63,93774.05,41.66,776492.88,b0
765268824,7,314876,0,0,28.50,93816.50,41.76,794568.38,b0
765287253,8,314922,0,0,28.40,93787.16,41.83,1259145.37,b0
765270362,1,314969,0,0,28.31,93786.47,42.83,1137461.87,b0
765269850,2,315015,0,0,28.41,93799.94,41.83,715333.56,b0
765286747,3,315061,0,0,28.88,93821.66,40.87,559868.75,b0
765279836,4,315107,0,0,28.76,93776.64,40.76,1054040.12,b0
765271387,5,315153,0,0,28.72,93805.72,41.36,861227.94,b0
765283665,6,315199,0,0,28.64,93773.06,41.63,770359.25,b0
765268824,7,315246,0,0,28.50,93815.98,41.74,795031.06,b0
765287253,8,315292,0,0,28.40,93787.55,41.82,1255671.37,b0
765270362,1,315338,0,0,28.32,93785.82,42.82,1140311.75,b0
765269850,2,315384,0,0,28.43,93799.33,41.82,717589.38,b0
765286747,3,315430,0,0,28.89,93819.55,40.89,561711.44,b0
765279836,4,315476,0,0,28.77,93773.80,40.77,1055670.12,b0
765271387,5,315523,0,0,28.73,93803.85,41.32,857441.94,b0
765283665,6,315569,0,0,28.65,93775.98,41.66,773852.25,b0
765268824,7,315615,0,0,28.50,93816.16,41.76,794568.38,b0
765287253,8,315661,0,0,28.40,93787.56,41.81,1256827.25,b0
765270362,1,315707,0,0,28.34,93785.60,42.81,1135569.75,b0
765269850,2,315753,0,0,28.44,93798.68,41.82,715333.56,b0
765286747,3,315799,0,0,28.90,93819.75,40.87,555766.63,b0
765279836,4,315846,0,0,28.77,93774.55,40.78,1048374.69,b0
765271387,5,315892,0,0,28.73,93806.94,41.33,853689.06,b0
765283665,6,315938,0,0,28.65,93773.20,41.64,771665.44,b0
765268824,7,315984,0,0,28.50,93813.81,41.74,795494.25,b0
765287253,8,316030,0,0,28.41,93789.19,41.80,1256827.25,b0
765270362,1,316076,0,0,28.35,93785.69,42.81,1133683.87,b0
765269850,2,316123,0,0,28.44,93799.76,41.82,715333.56,b0
765286747,3,316169,0,0,28.91,93820.34,40.88,559868.75,b0
765279836,4,316215,0,0,28.78,93772.45,40.76,1053227.00,b0
765271387,5,316261,0,0,28.74,93806.48,41.32,851559.25,b0
765283665,6,316307,0,0,28.66,93775.24,41.62,771229.50,b0
765268824,7,316353,0,0,28.52,93817.70,41.73,796422.31,b0
765287253,8,316399,0,0,28.41,93787.41,41.78,1248780.50,b0
765270362,1,316446,0,0,28.35,93784.65,42.80,1132743.37,b0
765269850,2,316492,0,0,28.46,93800.74,41.81,715333.56,b0
765286747,3,316538,0,0,28.91,93820.34,40.87,557582.38,b0
765279836,4,316584,0,0,28.78,93773.70,40.74,1051604.62,b0
765271387,5,316630,0,0,28.75,93805.83,41.31,847331.38,b0
765283665,6,316676,0,0,28.65,93775.01,41.61,771229.50,b0
765268824,7,316722,0,0,28.51,93817.13,41.72,786784.50,b0
765287253,8,316768,0,0,28.42,93788.70,41.79,1248780.50,b0
765270362,1,316815,0,0,28.37,93787.09,42.80,1131804.37,b0
765269850,2,316861,0,0,28.47,93800.64,41.82,712347.81,b0
765286747,3,316907,0,0,28.91,93820.55,40.86,560328.31,b0
765279836,4,316953,0,0,28.78,93772.45,40.75,1046767.19,b0
765271387,5,316999,0,0,28.75,93805.78,41.29,850498.31,b0
765283665,6,317045,0,0,28.66,93772.72,41.60,774730.50,b0
765268824,7,317091,0,0,28.52,93816.83,41.74,789971.06,b0
765287253,8,317138,0,0,28.42,93787.99,41.76,1241964.87,b0
765270362,1,317184,0,0,28.37,93786.23,42.79,1130866.87,b0
765269850,2,317230,0,0,28.47,93800.28,41.80,711605.31,b0
765286747,3,317276,0,0,28.91,93819.29,40.84,558038.13,b0
765279836,4,317322,0,0,28.79,93777.15,40.76,1054040.12,b0
765271387,5,317368,0,0,28.76,93808.02,41.28,846805.88,b0
765283665,6,317414,0,0,28.66,93772.94,41.60,772538.69,b0
765268824,7,317461,0,0,28.52,93817.16,41.71,785426.63,b0
765287253,8,317507,0,0,28.42,93788.54,41.76,1245363.37,b0
765270362,1,317553,0,0,28.38,93787.03,42.77,1126202.87,b0
765269850,2,317599,0,0,28.48,93799.98,41.79,709386.94,b0
765286747,3,317645,0,0,28.92,93820.96,40.83,556673.00,b0
765279836,4,317691,0,0,28.78,93771.97,40.73,1056487.00,b0
765271387,5,317738,0,0,28.76,93810.02,41.28,847331.38,b0
765283665,6,317784,0,0,28.66,93775.07,41.59,770794.13,b0
765268824,7,317830,0,0,28.52,93815.02,41.70,784975.06,b0
765287253,8,317876,0,0,28.42,93788.34,41.74,1243095.62,b0
765270362,1,317922,0,0,28.39,93785.79,42.76,1127132.62,b0
765269850,2,317968,0,0,28.49,93799.13,41.78,710864.31,b0
765286747,3,318015,0,0,28.92,93820.77,40.85,556219.44,b0
765279836,4,318061,0,0,28.78,93771.59,40.72,1048374.69,b0
765271387,5,318107,0,0,28.76,93806.08,41.27,847857.56,b0
765283665,6,318153,0,0,28.66,93775.24,41.59,771229.50,b0
765268824,7,318199,0,0,28.52,93816.46,41.69,784975.06,b0
765287253,8,318245,0,0,28.42,93790.14,41.74,1240836.12,b0
765270362,1,318292,0,0,28.39,93787.63,42.76,1130866.87,b0
765269850,2,318338,0,0,28.49,93800.93,41.78,710864.31,b0
765286747,3,318384,0,0,28.92,93819.48,40.82,558038.13,b0
765279836,4,318430,0,0,28.78,93773.93,40.72,1051604.62,b0
765271387,5,318476,0,0,28.76,93805.88,41.25,847331.38,b0
765283665,6,318522,0,0,28.67,93774.43,41.58,771665.44,b0
765268824,7,318568,0,0,28.52,93816.65,41.68,786784.50,b0
765287253,8,318614,0,0,28.42,93787.63,41.71,1241964.87,b0
765270362,1,318661,0,0,28.38,93784.66,42.74,1132743.37,b0
765269850,2,318707,0,0,28.49,93802.37,41.77,711605.31,b0
765286747,3,318753,0,0,28.92,93821.48,40.82,557582.38,b0
765279836,4,318799,0,0,28.78,93773.52,40.73,1054040.12,b0
765271387,5,318845,0,0,28.76,93806.81,41.26,851559.25,b0
765283665,6,318891,0,0,28.67,93774.15,41.55,772101.81,b0
765268824,7,318937,0,0,28.53,93816.48,41.67,785878.75,b0
765287253,8,318983,0,0,28.42,93788.53,41.71,1245363.37,b0
765270362,1,319030,0,0,28.38,93786.85,42.74,1128996.75,b0
765269850,2,319076,0,0,28.49,93802.35,41.76,711605.31,b0
765286747,3,319122,0,0,28.91,93819.29,40.80,561249.69,b0
765279836,4,319168,0,0,28.77,93773.68,40.71,1055670.12,b0
765271387,5,319214,0,0,28.77,93806.90,41.26,852090.69,b0
765283665,6,319260,0,0,28.67,93774.70,41.55,774730.50,b0
765268824,7,319307,0,0,28.53,93814.85,41.66,786784.50,b0
765287253,8,319353,0,0,28.43,93788.57,41.69,1240836.12,b0
765270362,1,319399,0,0,28.38,93787.57,42.73,1129931.00,b0
765269850,2,319445,0,0,28.48,93802.66,41.77,711605.31,b0
765286747,3,319491,0,0,28.91,93820.36,40.80,559868.75,b0
765279836,4,319537,0,0,28.77,93772.43,40.71,1060590.37,b0
765271387,5,319584,0,0,28.77,93806.30,41.23,852622.81,b0
765283665,6,319630,0,0,28.68,93775.12,41.55,771229.50,b0
765268824,7,319676,0,0,28.53,93815.03,41.66,797818.44,b0
765287253,8,319722,0,0,28.43,93788.95,41.69,1246500.25,b0
765270362,1,319768,0,0,28.38,93785.76,42.72,1131804.37,b0
765269850,2,319814,0,0,28.48,93800.72,41.76,713837.56,b0
765286747,3,319860,0,0,28.92,93820.02,40.79,563101.44,b0
765279836,4,319907,0,0,28.77,93772.96,40.70,1056487.00,b0
765271387,5,319953,0,0,28.76,93805.17,41.25,854223.13,b0
765283665,6,319999,0,0,28.68,93776.00,41.55,774730.50,b0
765268824,7,320045,0,0,28.53,93816.67,41.63,786331.38,b0
765287253,8,320091,0,0,28.43,93788.59,41.68,1249923.75,b0
765270362,1,320137,0,0,28.39,93786.16,42.69,1133683.87,b0
765269850,2,320184,0,0,28.49,93803.05,41.75,712347.81,b0
765286747,3,320230,0,0,28.93,93819.71,40.78,562637.38,b0
765279836,4,320276,0,0,28.78,93774.61,40.70,1062240.62,b0
765271387,5,320322,0,0,28.75,93805.49,41.23,854223.13,b0
765283665,6,320368,0,0,28.67,93775.38,41.53,774291.13,b0
765268824,7,320414,0,0,28.53,93815.59,41.64,796887.19,b0
765287253,8,320460,0,0,28.43,93788.95,41.66,1241964.87,b0
765270362,1,320507,0,0,28.39,93785.30,42.68,1132743.37,b0
765269850,2,320553,0,0,28.50,93799.20,41.73,713837.56,b0
765286747,3,320599,0,0,28.94,93820.66,40.79,561249.69,b0
765279836,4,320645,0,0,28.78,93772.64,40.70,1056487.00,b0
765271387,5,320691,0,0,28.76,93806.27,41.23,851028.44,b0
765283665,6,320737,0,0,28.68,93776.66,41.51,776492.88,b0
765268824,7,320783,0,0,28.54,93814.92,41.64,798751.94,b0
765287253,8,320829,0,0,28.44,93788.63,41.65,1251069.00,b0
765270362,1,320876,0,0,28.41,93786.65,42.67,1132743.37,b0
765269850,2,320922,0,0,28.50,93800.27,41.74,715333.56,b0
765286747,3,320968,0,0,28.94,93821.40,40.78,563566.31,b0
765279836,4,321014,0,0,28.78,93773.04,40.69,1063067.75,b0
765271387,5,321060,0,0,28.76,93805.73,41.21,860142.81,b0
765283665,6,321106,0,0,28.67,93773.45,41.50,779151.63,b0
765268824,7,321152,0,0,28.54,93816.01,41.62,791803.63,b0
765287253,8,321199,0,0,28.45,93789.19,41.66,1257985.25,b0
765270362,1,321245,0,0,28.41,93786.88,42.68,1133683.87,b0
765269850,2,321291,0,0,28.50,93801.18,41.72,716083.94,b0
765286747,3,321337,0,0,28.95,93819.99,40.78,564965.50,b0
765279836,4,321383,0,0,28.79,93772.87,40.69,1064725.75,b0
765271387,5,321429,0,0,28.77,93808.50,41.19,857980.75,b0
765283665,6,321476,0,0,28.68,93775.70,41.51,780041.88,b0
765268824,7,321522,0,0,28.55,93817.11,41.61,791344.69,b0
765287253,8,321568,0,0,28.45,93788.83,41.65,1241964.87,b0
765270362,1,321614,0,0,28.41,93786.69,42.65,1137461.87,b0
765269850,2,321660,0,0,28.51,93803.18,41.72,715333.56,b0
765286747,3,321706,0,0,28.95,93822.18,40.75,567313.00,b0
765279836,4,321753,0,0,28.79,93772.88,40.69,1061414.87,b0
765271387,5,321799,0,0,28.77,93807.95,41.21,864499.81,b0
765283665,6,321845,0,0,28.68,93775.16,41.51,785426.63,b0
765268824,7,321891,0,0,28.55,93815.51,41.61,793644.63,b0
765287253,8,321937,0,0,28.45,93787.22,41.64,1248780.50,b0
765270362,1,321983,0,0,28.42,93784.77,42.65,1139360.25,b0
765269850,2,322030,0,0,28.51,93802.09,41.71,716835.81,b0
765286747,3,322076,0,0,28.95,93820.02,40.76,567784.88,b0
765279836,4,322122,0,0,28.79,93773.95,40.67,1066389.00,b0
765271387,5,322168,0,0,28.78,93805.15,41.21,858520.25,b0
765283665,6,322214,0,0,28.69,93775.06,41.49,781381.13,b0
765268824,7,322260,0,0,28.55,93815.70,41.61,790886.25,b0
765287253,8,322306,0,0,28.46,93789.05,41.62,1249923.75,b0
765270362,1,322353,0,0,28.42,93787.65,42.64,1136515.00,b0
765269850,2,322399,0,0,28.52,93801.09,41.71,718344.44,b0
765286747,3,322445,0,0,28.95,93820.20,40.76,568257.50,b0
765279836,4,322491,0,0,28.79,93772.91,40.67,1065556.75,b0
765271387,5,322537,0,0,28.79,93806.27,41.20,861227.94,b0
765283665,6,322583,0,0,28.70,93774.41,41.50,779596.50,b0
765268824,7,322629,0,0,28.55,93817.34,41.59,794106.25,b0
765287253,8,322675,0,0,28.46,93787.80,41.61,1262638.75,b0
765270362,1,322722,0,0,28.43,93784.83,42.63,1143176.12,b0
765269850,2,322768,0,0,28.53,93802.56,41.71,718344.44,b0
765286747,3,322814,0,0,28.95,93819.48,40.75,567313.00,b0
765279836,4,322860,0,0,28.80,93774.56,40.68,1065556.75,b0
765271387,5,322906,0,0,28.78,93805.91,41.17,863952.75,b0
765283665,6,322952,0,0,28.70,93776.41,41.48,785426.63,b0
765268824,7,322998,0,0,28.56,93816.64,41.58,800625.50,b0
765287253,8,323045,0,0,28.46,93789.23,41.62,1248780.50,b0
765270362,1,323091,0,0,28.44,93786.16,42.63,1143176.12,b0
765269850,2,323137,0,0,28.53,93800.42,41.71,719101.13,b0
765286747,3,323183,0,0,28.96,93820.42,40.74,567784.88,b0
765279836,4,323229,0,0,28.80,93772.41,40.66,1073938.12,b0
765271387,5,323275,0,0,28.80,93805.84,41.16,862860.75,b0
765283665,6,323321,0,0,28.70,93775.20,41.50,783174.00,b0
765268824,7,323368,0,0,28.56,93817.38,41.59,793183.56,b0
765287253,8,323414,0,0,28.46,93789.05,41.60,1255671.37,b0
765270362,1,323460,0,0,28.45,93786.05,42.62,1143176.12,b0
765269850,2,323506,0,0,28.55,93802.31,41.68,721380.75,b0
765286747,3,323552,0,0,28.97,93820.64,40.73,569205.13,b0
765279836,4,323598,0,0,28.81,93773.91,40.65,1073094.00,b0
765271387,5,323645,0,0,28.80,93806.41,41.16,864499.81,b0
765283665,6,323691,0,0,28.71,93774.72,41.46,787238.13,b0
765268824,7,323737,0,0,28.57,93816.13,41.56,787692.31,b0
765287253,8,323783,0,0,28.46,93787.66,41.60,1245363.37,b0
765270362,1,323829,0,0,28.45,93787.34,42.61,1143176.12,b0
765269850,2,323875,0,0,28.55,93801.63,41.70,720619.31,b0
765286747,3,323922,0,0,28.98,93819.24,40.74,569205.13,b0
765279836,4,323968,0,0,28.81,93773.59,40.65,1068893.50,b0
765271387,5,324014,0,0,28.81,93807.02,41.16,856903.75,b0
765283665,6,324060,0,0,28.72,93775.19,41.46,784073.50,b0
765268824,7,324106,0,0,28.57,93816.17,41.56,801565.56,b0
765287253,8,324152,0,0,28.46,93789.25,41.61,1259145.37,b0
765270362,1,324199,0,0,28.46,93786.35,42.59,1141265.00,b0
765269850,2,324245,0,0,28.57,93801.36,41.68,718344.44,b0
765286747,3,324291,0,0,28.99,93820.73,40.74,566371.69,b0
765279836,4,324337,0,0,28.83,93773.69,40.66,1076478.37,b0
765271387,5,324383,0,0,28.81,93807.38,41.16,856903.75,b0
765283665,6,324429,0,0,28.72,93774.71,41.45,780041.88,b0
765268824,7,324475,0,0,28.57,93815.79,41.57,787692.31,b0
765287253,8,324521,0,0,28.47,93787.14,41.60,1261472.12,b0
765270362,1,324568,0,0,28.47,93787.98,42.59,1142219.75,b0
765269850,2,324614,0,0,28.57,93801.75,41.68,719859.38,b0
765286747,3,324660,0,0,28.99,93820.01,40.71,570155.88,b0
765279836,4,324706,0,0,28.82,93772.89,40.65,1072251.25,b0
765271387,5,324752,0,0,28.81,93806.46,41.15,857980.75,b0
765283665,6,324798,0,0,28.73,93774.98,41.44,783623.50,b0
765268824,7,324844,0,0,28.57,93815.06,41.55,791344.69,b0
765287253,8,324890,0,0,28.47,93788.93,41.58,1260307.75,b0
765270362,1,324937,0,0,28.48,93786.45,42.58,1139360.25,b0
765269850,2,324983,0,0,28.58,93802.15,41.67,718344.44,b0
765286747,3,325029,0,0,29.00,93821.32,40.70,566841.94,b0
765279836,4,325075,0,0,28.82,93772.38,40.65,1066389.00,b0
765271387,5,325121,0,0,28.82,93807.42,41.17,857980.75,b0
765283665,6,325167,0,0,28.73,93774.45,41.43,784073.50,b0
765268824,7,325214,0,0,28.57,93816.15,41.55,786331.38,b0
765287253,8,325260,0,0,28.47,93788.76,41.60,1254517.62,b0
765270362,1,325306,0,0,28.49,93786.14,42.58,1138410.25,b0
765269850,2,325352,0,0,28.59,93802.73,41.66,717589.38,b0
765286747,3,325398,0,0,29.01,93821.90,40.71,567784.88,b0
765279836,4,325444,0,0,28.82,93773.11,40.64,1065556.75,b0
765271387,5,325491,0,0,28.82,93807.09,41.15,852622.81,b0
765283665,6,325537,0,0,28.74,93775.64,41.44,783174.00,b0
765268824,7,325583,0,0,28.58,93817.82,41.54,789971.06,b0
765287253,8,325629,0,0,28.47,93789.84,41.58,1254517.62,b0
765270362,1,325675,0,0,28.50,93786.41,42.58,1141265.00,b0
765269850,2,325721,0,0,28.60,93802.09,41.66,718344.44,b0
765286747,3,325767,0,0,29.01,93821.92,40.72,566841.94,b0
765279836,4,325814,0,0,28.84,93774.09,40.64,1065556.75,b0
765271387,5,325860,0,0,28.83,93807.16,41.14,855293.38,b0
765283665,6,325906,0,0,28.76,93775.98,41.44,781828.56,b0
765268824,7,325952,0,0,28.58,93817.28,41.54,787238.13,b0
765287253,8,325998,0,0,28.48,93789.34,41.58,1255671.37,b0
765270362,1,326044,0,0,28.51,93786.30,42.56,1139360.25,b0
765269850,2,326091,0,0,28.61,93801.80,41.64,717589.38,b0
765286747,3,326137,0,0,29.02,93820.52,40.69,565902.19,b0
765279836,4,326183,0,0,28.84,93774.63,40.64,1063067.75,b0
765271387,5,326229,0,0,28.84,93808.10,41.16,852090.69,b0
765283665,6,326275,0,0,28.76,93775.25,41.44,780934.25,b0
765268824,7,326321,0,0,28.59,93816.98,41.55,788602.25,b0
765287253,8,326367,0,0,28.48,93791.29,41.58,1262638.75,b0
765270362,1,326414,0,0,28.53,93788.41,42.55,1137461.87,b0
765269850,2,326460,0,0,28.62,93802.88,41.65,716835.81,b0
765286747,3,326506,0,0,29.03,93820.93,40.69,568257.50,b0
765279836,4,326552,0,0,28.85,93771.84,40.65,1062240.62,b0
765271387,5,326598,0,0,28.85,93807.11,41.16,848911.94,b0
765283665,6,326644,0,0,28.75,93774.69,41.43,781828.56,b0
765268824,7,326690,0,0,28.59,93817.34,41.55,789514.25,b0
765287253,8,326736,0,0,28.48,93787.91,41.56,1260307.75,b0
765270362,1,326783,0,0,28.52,93786.20,42.55,1136515.00,b0
765269850,2,326829,0,0,28.64,93803.18,41.64,717589.38,b0
765286747,3,326875,0,0,29.03,93820.20,40.69,565902.19,b0
765279836,4,326921,0,0,28.85,93772.05,40.66,1068057.37,b0
765271387,5,326967,0,0,28.84,93805.30,41.17,854223.13,b0
765283665,6,327013,0,0,28.76,93775.98,41.44,780041.88,b0
765268824,7,327059,0,0,28.58,93816.02,41.58,784073.50,b0
765287253,8,327106,0,0,28.48,93789.17,41.58,1261472.12,b0
765270362,1,327152,0,0,28.52,93786.93,42.55,1137461.87,b0
765269850,2,327198,0,0,28.64,93801.61,41.66,716835.81,b0
765286747,3,327244,0,0,29.03,93821.63,40.70,569205.13,b0
765279836,4,327290,0,0,28.86,93772.07,40.65,1063896.12,b0
765271387,5,327336,0,0,28.84,93805.30,41.16,851028.44,b0
765283665,6,327383,0,0,28.76,93774.06,41.44,783174.00,b0
765268824,7,327429,0,0,28.59,93817.53,41.55,785878.75,b0
765287253,8,327475,0,0,28.48,93788.44,41.60,1257985.25,b0
765270362,1,327521,0,0,28.52,93786.03,42.53,1139360.25,b0
765269850,2,327567,0,0,28.64,93802.16,41.66,716835.81,b0
765286747,3,327613,0,0,29.02,93821.61,40.69,570632.50,b0
765279836,4,327660,0,0,28.86,93773.88,40.65,1062240.62,b0
765271387,5,327706,0,0,28.85,93806.98,41.17,853689.06,b0
765283665,6,327752,0,0,28.77,93776.81,41.44,782725.00,b0
765268824,7,327798,0,0,28.59,93817.71,41.55,795031.06,b0
765287253,8,327844,0,0,28.49,93790.95,41.59,1252216.50,b0
765270362,1,327890,0,0,28.53,93788.57,42.52,1143176.12,b0
765269850,2,327936,0,0,28.65,93802.55,41.63,714584.81,b0
765286747,3,327983,0,0,29.02,93820.16,40.68,568730.94,b0
765279836,4,328029,0,0,28.86,93772.81,40.65,1058945.25,b0
765271387,5,328075,0,0,28.86,93808.45,41.14,852622.81,b0
765283665,6,328121,0,0,28.76,93775.45,41.44,782725.00,b0
765268824,7,328167,0,0,28.59,93817.88,41.56,788602.25,b0
765287253,8,328213,0,0,28.49,93788.99,41.58,1259145.37,b0
765270362,1,328260,0,0,28.52,93787.82,42.52,1138410.25,b0
765269850,2,328306,0,0,28.65,93802.21,41.63,717589.38,b0
765286747,3,328352,0,0,29.02,93820.89,40.67,569680.13,b0
765279836,4,328398,0,0,28.86,93773.00,40.66,1064725.75,b0
765271387,5,328444,0,0,28.85,93807.66,41.14,854757.94,b0
765283665,6,328490,0,0,28.77,93775.19,41.43,782276.56,b0
765268824,7,328536,0,0,28.59,93816.26,41.56,785426.63,b0
765287253,8,328582,0,0,28.48,93787.20,41.58,1257985.25,b0
765270362,1,328629,0,0,28.53,93787.69,42.52,1140311.75,b0
765269850,2,328675,0,0,28.65,93800.44,41.61,718344.44,b0
765286747,3,328721,0,0,29.03,93821.10,40.67,568257.50,b0
765279836,4,328767,0,0,28.87,93772.67,40.65,1069731.00,b0
765271387,5,328813,0,0,28.84,93806.20,41.15,854223.13,b0
765283665,6,328859,0,0,28.76,93776.04,41.42,788147.00,b0
765268824,7,328905,0,0,28.59,93816.23,41.55,801565.56,b0
765287253,8,328951,0,0,28.49,93790.26,41.58,1261472.12,b0
765270362,1,328998,0,0,28.52,93787.45,42.50,1144134.12,b0
765269850,2,329044,0,0,28.66,93803.13,41.62,716835.81,b0
765286747,3,329090,0,0,29.03,93823.29,40.68,573508.81,b0
765279836,4,329136,0,0,28.87,93772.90,40.63,1068893.50,b0
765271387,5,329182,0,0,28.85,93807.66,41.14,855293.38,b0
765283665,6,329228,0,0,28.77,93776.99,41.42,784524.06,b0
765268824,7,329275,0,0,28.59,93816.98,41.54,789058.00,b0
765287253,8,329321,0,0,28.49,93790.05,41.55,1260307.75,b0
765270362,1,329367,0,0,28.52,93787.45,42.49,1143176.12,b0
765269850,2,329413,0,0,28.65,93802.39,41.57,720619.31,b0
765286747,3,329459,0,0,29.03,93821.67,40.67,570632.50,b0
765279836,4,329505,0,0,28.88,93774.00,40.64,1064725.75,b0
765271387,5,329552,0,0,28.85,93807.48,41.14,860142.81,b0
765283665,6,329598,0,0,28.77,93776.83,41.44,786331.38,b0
765268824,7,329644,0,0,28.59,93816.41,41.55,791344.69,b0
765287253,8,329690,0,0,28.48,93789.15,41.58,1263807.50,b0
765270362,1,329736,0,0,28.52,93787.07,42.47,1144134.12,b0
765269850,2,329782,0,0,28.66,93801.69,41.59,719101.13,b0
765286747,3,329828,0,0,29.05,93821.19,40.66,570632.50,b0
765279836,4,329875,0,0,28.88,93774.20,40.62,1069731.00,b0
765271387,5,329921,0,0,28.85,93807.51,41.13,860142.81,b0
765283665,6,329967,0,0,28.78,93775.65,41.42,786784.50,b0
765268824,7,330013,0,0,28.60,93816.49,41.54,786784.50,b0
765287253,8,330059,0,0,28.48,93788.62,41.56,1266151.50,b0
765270362,1,330105,0,0,28.53,93786.97,42.46,1146054.87,b0
765269850,2,330152,0,0,28.66,93801.37,41.57,719859.38,b0
765286747,3,330198,0,0,29.05,93821.04,40.65,568257.50,b0
765279836,4,330244,0,0,28.88,93772.25,40.62,1073938.12,b0
765271387,5,330290,0,0,28.86,93807.74,41.13,860142.81,b0
765283665,6,330336,0,0,28.77,93774.91,41.40,785878.75,b0
765268824,7,330382,0,0,28.61,93817.79,41.54,791344.69,b0
765287253,8,330428,0,0,28.49,93788.99,41.57,1261472.12,b0
765270362,1,330475,0,0,28.53,93786.98,42.45,1147017.62,b0
765269850,2,330521,0,0,28.67,93801.95,41.56,721380.75,b0
765286747,3,330567,0,0,29.06,93822.34,40.66,570155.88,b0
765279836,4,330613,0,0,28.90,93773.06,40.63,1081594.87,b0
765271387,5,330659,0,0,28.86,93807.04,41.13,861227.94,b0
765283665,6,330705,0,0,28.78,93775.20,41.39,789514.25,b0
765268824,7,330751,0,0,28.60,93815.57,41.54,787692.31,b0
765287253,8,330797,0,0,28.50,93789.43,41.56,1269683.87,b0
765270362,1,330844,0,0,28.53,93787.69,42.45,1148948.12,b0
765269850,2,330890,0,0,28.68,93802.71,41.55,721380.75,b0
765286747,3,330936,0,0,29.06,93822.00,40.66,576414.31,b0
765279836,4,330982,0,0,28.89,93772.49,40.61,1078178.50,b0
765271387,5,331028,0,0,28.86,93807.59,41.12,862860.75,b0
765283665,6,331074,0,0,28.78,93775.36,41.39,791344.69,b0
765268824,7,331120,0,0,28.60,93815.77,41.51,801095.25,b0
765287253,8,331167,0,0,28.50,93789.59,41.55,1268504.12,b0
765270362,1,331213,0,0,28.54,93788.66,42.45,1148948.12,b0
765269850,2,331259,0,0,28.68,93802.16,41.53,723674.94,b0
765286747,3,331305,0,0,29.06,93821.11,40.64,572067.06,b0
765279836,4,331351,0,0,28.90,93773.27,40.62,1080738.75,b0
765271387,5,331397,0,0,28.87,93808.16,41.10,860142.81,b0
765283665,6,331444,0,0,28.78,93775.73,41.39,792263.06,b0
765268824,7,331490,0,0,28.61,93818.17,41.52,787238.13,b0
765287253,8,331536,0,0,28.50,93787.30,41.54,1273235.87,b0
765270362,1,331582,0,0,28.53,93788.05,42.43,1150885.12,b0
765269850,2,331628,0,0,28.67,93803.75,41.53,721380.75,b0
765286747,3,331674,0,0,29.07,93821.15,40.62,576414.31,b0
765279836,4,331721,0,0,28.90,93772.20,40.60,1080738.75,b0
765271387,5,331767,0,0,28.87,93806.77,41.11,862315.81,b0
765283665,6,331813,0,0,28.79,93774.75,41.38,792723.06,b0
765268824,7,331859,0,0,28.61,93817.81,41.50,787238.13,b0
765287253,8,331905,0,0,28.51,93789.63,41.54,1274424.37,b0
765270362,1,331951,0,0,28.53,93788.23,42.41,1149915.75,b0
765269850,2,331997,0,0,28.67,93802.30,41.52,725212.44,b0
765286747,3,332044,0,0,29.08,93822.23,40.62,573991.06,b0
765279836,4,332090,0,0,28.91,93771.74,40.60,1074783.50,b0
765271387,5,332136,0,0,28.88,93806.82,41.09,864499.81,b0
765283665,6,332182,0,0,28.80,93776.42,41.37,788147.00,b0
765268824,7,332228,0,0,28.62,93818.93,41.52,794106.25,b0
765287253,8,332274,0,0,28.52,93790.23,41.55,1261472.12,b0
765270362,1,332321,0,0,28.53,93788.08,42.40,1150885.12,b0
765269850,2,332367,0,0,28.67,93800.53,41.51,724442.88,b0
765286747,3,332413,0,0,29.09,93820.86,40.60,573027.44,b0
765279836,4,332459,0,0,28.92,93772.16,40.61,1083311.25,b0
765271387,5,332505,0,0,28.88,93806.86,41.08,858520.25,b0
765283665,6,332551,0,0,28.80,93776.42,41.36,789514.25,b0
765268824,7,332597,0,0,28.62,93818.60,41.51,783623.50,b0
765287253,8,332643,0,0,28.52,93789.86,41.55,1256827.25,b0
765270362,1,332690,0,0,28.54,93787.41,42.41,1152828.62,b0
765269850,2,332736,0,0,28.68,93801.47,41.50,725212.44,b0
765286747,3,332782,0,0,29.10,93823.23,40.60,575442.56,b0
765279836,4,332828,0,0,28.92,93773.05,40.60,1075630.25,b0
765271387,5,332874,0,0,28.88,93807.41,41.08,861771.50,b0
765283665,6,332920,0,0,28.80,93776.66,41.35,790886.25,b0
765268824,7,332966,0,0,28.62,93816.78,41.51,797818.44,b0
765287253,8,333012,0,0,28.52,93787.18,41.51,1254517.62,b0
765270362,1,333059,0,0,28.54,93788.51,42.39,1153802.87,b0
765269850,2,333105,0,0,28.69,93802.79,41.50,724442.88,b0
765286747,3,333151,0,0,29.09,93821.06,40.60,575928.00,b0
765279836,4,333197,0,0,28.93,93774.02,40.56,1079884.00,b0
765271387,5,333243,0,0,28.89,93807.61,41.08,859060.38,b0
765283665,6,333289,0,0,28.80,93776.48,41.35,791344.69,b0
765268824,7,333336,0,0,28.63,93818.63,41.50,784524.06,b0
765287253,8,333382,0,0,28.52,93790.23,41.52,1268504.12,b0
765270362,1,333428,0,0,28.54,93786.37,42.40,1154778.62,b0
765269850,2,333474,0,0,28.70,93803.18,41.50,725983.69,b0
765286747,3,333520,0,0,29.10,93820.34,40.59,573991.06,b0
765279836,4,333566,0,0,28.93,93774.02,40.57,1079884.00,b0
765271387,5,333613,0,0,28.89,93806.55,41.07,859601.25,b0
765283665,6,333659,0,0,28.80,93777.72,41.34,785426.63,b0
765268824,7,333705,0,0,28.63,93816.45,41.50,794106.25,b0
765287253,8,333751,0,0,28.52,93788.27,41.51,1261472.12,b0
765270362,1,333797,0,0,28.54,93787.41,42.38,1156735.37,b0
765269850,2,333843,0,0,28.71,93803.23,41.47,725983.69,b0
765286747,3,333889,0,0,29.09,93819.98,40.59,573991.06,b0
765279836,4,333936,0,0,28.94,93774.57,40.55,1073938.12,b0
765271387,5,333982,0,0,28.89,93806.20,41.07,863406.44,b0
765283665,6,334028,0,0,28.81,93776.17,41.34,785878.75,b0
765268824,7,334074,0,0,28.64,93818.50,41.49,786784.50,b0
765287253,8,334120,0,0,28.53,93790.98,41.51,1259145.37,b0
765270362,1,334166,0,0,28.54,93787.04,42.38,1154778.62,b0
765269850,2,334213,0,0,28.70,93803.19,41.45,725983.69,b0
765286747,3,334259,0,0,29.09,93820.32,40.57,572067.06,b0
765279836,4,334305,0,0,28.94,93773.87,40.56,1079884.00,b0
765271387,5,334351,0,0,28.89,93808.01,41.07,855293.38,b0
765283665,6,334397,0,0,28.81,93773.84,41.32,792263.06,b0
765268824,7,334443,0,0,28.63,93818.82,41.49,785878.75,b0
765287253,8,334489,0,0,28.53,93790.62,41.49,1270865.62,b0
765270362,1,334536,0,0,28.53,93787.33,42.37,1155756.25,b0
765269850,2,334582,0,0,28.70,93803.37,41.44,726756.56,b0
765286747,3,334628,0,0,29.07,93819.89,40.56,575928.00,b0
765279836,4,334674,0,0,28.93,93773.99,40.55,1074783.50,b0
765271387,5,334720,0,0,28.90,93808.56,41.05,861771.50,b0
765283665,6,334766,0,0,28.81,93777.98,41.32,789058.00,b0
765268824,7,334812,0,0,28.63,93819.01,41.45,783174.00,b0
765287253,8,334858,0,0,28.52,93789.33,41.49,1263807.50,b0
765270362,1,334905,0,0,28.52,93786.93,42.34,1157716.25,b0
765269850,2,334951,0,0,28.70,93802.27,41.43,726756.56,b0
765286747,3,334997,0,0,29.07,93821.49,40.55,573508.81,b0
765279836,4,335043,0,0,28.93,93775.05,40.54,1085896.12,b0
765271387,5,335089,0,0,28.89,93807.84,41.05,861771.50,b0
765283665,6,335135,0,0,28.80,93774.80,41.31,786331.38,b0
765268824,7,335181,0,0,28.63,93817.74,41.47,782276.56,b0
765287253,8,335228,0,0,28.51,93789.46,41.46,1264978.37,b0
765270362,1,335274,0,0,28.52,93788.53,42.35,1156735.37,b0
765269850,2,335320,0,0,28.70,93804.43,41.43,725983.69,b0
765286747,3,335366,0,0,29.07,93821.14,40.54,573991.06,b0
765279836,4,335412,0,0,28.92,93774.30,40.55,1081594.87,b0
765271387,5,335458,0,0,28.88,93807.56,41.04,860142.81,b0
765283665,6,335504,0,0,28.80,93777.13,41.31,787238.13,b0
765268824,7,335551,0,0,28.62,93817.85,41.47,798284.94,b0
765287253,8,335597,0,0,28.49,93789.74,41.46,1268504.12,b0
765270362,1,335643,0,0,28.52,93786.91,42.34,1156735.37,b0
765269850,2,335689,0,0,28.70,93802.09,41.42,726756.56,b0
765286747,3,335735,0,0,29.07,93822.58,40.52,574474.06,b0
765279836,4,335781,0,0,28.92,93774.30,40.53,1077327.75,b0
765271387,5,335828,0,0,28.88,93808.95,41.03,861771.50,b0
765283665,6,335874,0,0,28.79,93776.88,41.29,786784.50,b0
765268824,7,335920,0,0,28.61,93816.89,41.44,798284.94,b0
765287253,8,335966,0,0,28.49,93789.17,41.46,1263807.50,b0
765270362,1,336012,0,0,28.52,93786.53,42.33,1156735.37,b0
765269850,2,336058,0,0,28.70,93802.65,41.42,728307.25,b0
765286747,3,336105,0,0,29.08,93822.78,40.52,577878.13,b0
765279836,4,336151,0,0,28.93,93775.77,40.52,1082452.37,b0
765271387,5,336197,0,0,28.87,93807.11,41.01,865047.50,b0
765283665,6,336243,0,0,28.79,93776.84,41.28,789971.06,b0
765268824,7,336289,0,0,28.59,93817.71,41.45,793644.63,b0
765287253,8,336335,0,0,28.46,93790.86,41.45,1270865.62,b0
765270362,1,336382,0,0,28.51,93788.45,42.33,1156735.37,b0
765269850,2,336428,0,0,28.70,93803.37,41.41,728307.25,b0
765286747,3,336474,0,0,29.07,93822.73,40.53,574957.88,b0
765279836,4,336520,0,0,28.93,93774.49,40.49,1081594.87,b0
765271387,5,336566,0,0,28.86,93807.04,41.01,862315.81,b0
765283665,6,336612,0,0,28.77,93776.65,41.29,788602.25,b0
765268824,7,336658,0,0,28.56,93817.38,41.44,792263.06,b0
765287253,8,336704,0,0,28.43,93788.41,41.45,1272049.75,b0
765270362,1,336751,0,0,28.50,93788.35,42.33,1159682.87,b0
765269850,2,336797,0,0,28.69,93802.59,41.42,728307.25,b0
765286747,3,336843,0,0,29.06,93822.86,40.50,575928.00,b0
765279836,4,336889,0,0,28.91,93772.95,40.51,1077327.75,b0
765271387,5,336935,0,0,28.85,93808.55,41.01,862315.81,b0
765283665,6,336981,0,0,28.77,93775.54,41.30,789058.00,b0
765268824,7,337027,0,0,28.55,93816.39,41.42,794568.38,b0
765287253,8,337073,0,0,28.42,93790.49,41.43,1280400.12,b0
765270362,1,337120,0,0,28.48,93786.45,42.33,1163636.37,b0
765269850,2,337166,0,0,28.69,93803.11,41.40,729085.06,b0
765286747,3,337212,0,0,29.05,93821.02,40.50,576414.31,b0
765279836,4,337258,0,0,28.91,93773.87,40.49,1082452.37,b0
765271387,5,337304,0,0,28.84,93807.04,40.98,867245.38,b0
765283665,6,337350,0,0,28.76,93774.73,41.28,796422.31,b0
765268824,7,337397,0,0,28.53,93816.88,41.41,798751.94,b0
765287253,8,337443,0,0,28.40,93788.80,41.44,1284012.50,b0
765270362,1,337489,0,0,28.47,93788.16,42.32,1168616.25,b0
765269850,2,337535,0,0,28.67,93802.66,41.37,732999.31,b0
765286747,3,337581,0,0,29.04,93822.25,40.50,578367.69,b0
765279836,4,337627,0,0,28.91,93774.38,40.48,1085896.12,b0
765271387,5,337673,0,0,28.83,93808.09,40.98,872231.69,b0
765283665,6,337720,0,0,28.75,93776.80,41.25,795031.06,b0
765268824,7,337766,0,0,28.51,93818.04,41.42,803925.44,b0
765287253,8,337812,0,0,28.37,93788.66,41.41,1285221.25,b0
765270362,1,337858,0,0,28.44,93787.64,42.30,1166619.25,b0
765269850,2,337904,0,0,28.67,93802.32,41.38,732999.31,b0
765286747,3,337950,0,0,29.04,93823.28,40.48,579349.38,b0
765279836,4,337997,0,0,28.91,93773.67,40.47,1087626.12,b0
765271387,5,338043,0,0,28.82,93807.44,40.99,868348.50,b0
765283665,6,338089,0,0,28.74,93776.09,41.25,795958.00,b0
765268824,7,338135,0,0,28.51,93817.65,41.40,799219.50,b0
765287253,8,338181,0,0,28.37,93788.65,41.42,1273235.87,b0
765270362,1,338227,0,0,28.43,93786.47,42.30,1168616.25,b0
765269850,2,338274,0,0,28.67,93801.95,41.35,732213.06,b0
765286747,3,338320,0,0,29.02,93821.07,40.47,578367.69,b0
765279836,4,338366,0,0,28.90,93773.59,40.46,1086760.37,b0
765271387,5,338412,0,0,28.81,93808.60,40.96,871118.69,b0
765283665,6,338458,0,0,28.73,93775.09,41.24,795031.06,b0
765268824,7,338504,0,0,28.49,93817.21,41.38,805348.00,b0
765287253,8,338550,0,0,28.35,93788.39,41.41,1294973.12,b0
765270362,1,338597,0,0,28.42,93788.52,42.29,1172631.00,b0
765269850,2,338643,0,0,28.66,93803.50,41.34,734576.75,b0
765286747,3,338689,0,0,29.02,93822.48,40.47,580334.38,b0
765279836,4,338735,0,0,28.90,93774.84,40.43,1093725.00,b0
765271387,5,338781,0,0,28.80,93807.50,40.95,873347.56,b0
765283665,6,338827,0,0,28.72,93776.30,41.22,800156.25,b0
765268824,7,338873,0,0,28.49,93818.09,41.39,806299.19,b0
765287253,8,338919,0,0,28.34,93789.59,41.42,1292521.25,b0
765270362,1,338966,0,0,28.41,93788.79,42.28,1174648.75,b0
765269850,2,339012,0,0,28.66,93804.56,41.33,734576.75,b0
765286747,3,339058,0,0,29.01,93821.72,40.47,584308.13,b0
765279836,4,339104,0,0,28.89,93773.74,40.43,1090231.62,b0
765271387,5,339150,0,0,28.81,93809.69,40.95,877275.63,b0
765283665,6,339196,0,0,28.72,93775.21,41.22,802036.44,b0
765268824,7,339242,0,0,28.48,93818.42,41.39,811571.25,b0
765287253,8,339289,0,0,28.34,93789.06,41.41,1290078.75,b0
765270362,1,339335,0,0,28.39,93788.14,42.29,1176673.37,b0
765269850,2,339381,0,0,28.64,93802.34,41.31,736161.06,b0
765286747,3,339427,0,0,29.00,93823.47,40.45,579349.38,b0
765279836,4,339473,0,0,28.89,93773.36,40.42,1098123.37,b0
765271387,5,339519,0,0,28.80,93807.80,40.94,879536.19,b0
765283665,6,339566,0,0,28.72,93775.02,41.21,800156.25,b0
765268824,7,339612,0,0,28.47,93815.28,41.38,813990.44,b0
765287253,8,339658,0,0,28.32,93789.13,41.40,1296202.50,b0
765270362,1,339704,0,0,28.38,93785.90,42.26,1176673.37,b0
765269850,2,339750,0,0,28.64,93801.61,41.30,738550.31,b0
765286747,3,339796,0,0,29.00,93820.96,40.45,581818.19,b0
765279836,4,339843,0,0,28.90,93775.37,40.42,1094601.87,b0
765271387,5,339889,0,0,28.79,93808.06,40.93,881239.25,b0
765283665,6,339935,0,0,28.71,93776.73,41.22,802979.81,b0
765268824,7,339981,0,0,28.46,93816.31,41.38,811571.25,b0
765287253,8,340027,0,0,28.30,93788.50,41.41,1297434.25,b0
765270362,1,340073,0,0,28.37,93788.72,42.28,1175660.12,b0
765269850,2,340119,0,0,28.64,93802.70,41.32,740955.13,b0
765286747,3,340166,0,0,28.99,93820.93,40.45,582811.63,b0
765279836,4,340212,0,0,28.89,93775.30,40.41,1097240.87,b0
765271387,5,340258,0,0,28.78,93806.60,40.92,882948.94,b0
765283665,6,340304,0,0,28.70,93776.98,41.21,802979.81,b0
765268824,7,340350,0,0,28.46,93817.59,41.37,818872.44,b0
765287253,8,340396,0,0,28.30,93789.05,41.42,1291298.87,b0
765270362,1,340443,0,0,28.35,93785.72,42.28,1180743.75,b0
765269850,2,340489,0,0,28.64,93803.01,41.30,741760.25,b0
765286747,3,340535,0,0,28.98,93820.31,40.44,579349.38,b0
765279836,4,340581,0,0,28.88,93773.48,40.40,1097240.87,b0
765271387,5,340627,0,0,28.78,93807.84,40.91,881808.38,b0
765283665,6,340673,0,0,28.70,93775.64,41.21,807730.25,b0
765268824,7,340719,0,0,28.46,93815.77,41.36,818381.63,b0
765287253,8,340765,0,0,28.30,93789.23,41.42,1301143.62,b0
765270362,1,340812,0,0,28.34,93785.98,42.29,1182789.50,b0
765269850,2,340858,0,0,28.63,93803.48,41.30,740151.81,b0
765286747,3,340904,0,0,28.96,93821.50,40.44,582314.50,b0
765279836,4,340950,0,0,28.87,93772.85,40.38,1099007.25,b0
765271387,5,340996,0,0,28.77,93806.18,40.91,886964.06,b0
765283665,6,341042,0,0,28.70,93775.83,41.18,805823.31,b0
765268824,7,341088,0,0,28.45,93816.45,41.37,819363.88,b0
765287253,8,341134,0,0,28.29,93789.00,41.41,1298668.37,b0
765270362,1,341181,0,0,28.33,93787.14,42.28,1179723.50,b0
765269850,2,341227,0,0,28.62,93803.06,41.28,743375.69,b0
765286747,3,341273,0,0,28.94,93819.97,40.43,585812.38,b0
765279836,4,341319,0,0,28.85,93772.77,40.39,1103448.25,b0
765271387,5,341365,0,0,28.77,93807.91,40.91,885238.81,b0
765283665,6,341411,0,0,28.69,93777.05,41.19,807730.25,b0
765268824,7,341458,0,0,28.44,93817.31,41.37,818872.44,b0
765287253,8,341504,0,0,28.28,93789.32,41.43,1308626.25,b0
765270362,1,341550,0,0,28.31,93785.56,42.29,1178705.00,b0
765269850,2,341596,0,0,28.61,93801.95,41.29,743375.69,b0
765286747,3,341642,0,0,28.93,93821.87,40.42,586315.50,b0
765279836,4,341688,0,0,28.85,93773.66,40.38,1095480.12,b0
765271387,5,341735,0,0,28.76,93807.15,40.91,885238.81,b0
765283665,6,341781,0,0,28.68,93774.71,41.19,810607.56,b0
765268824,7,341827,0,0,28.45,93818.78,41.38,826306.25,b0
765287253,8,341873,0,0,28.27,93787.12,41.44,1311139.62,b0
765270362,1,341919,0,0,28.30,93787.68,42.28,1184842.37,b0
765269850,2,341965,0,0,28.60,93800.48,41.28,744186.06,b0
765286747,3,342011,0,0,28.92,93820.23,40.45,584808.69,b0
765279836,4,342058,0,0,28.85,93773.11,40.39,1103448.25,b0
765271387,5,342104,0,0,28.77,93807.92,40.92,890434.81,b0
765283665,6,342150,0,0,28.68,93776.41,41.19,809646.19,b0
765268824,7,342196,0,0,28.45,93817.71,41.38,834385.81,b0
765287253,8,342242,0,0,28.28,93787.71,41.45,1307373.12,b0
765270362,1,342288,0,0,28.30,93787.31,42.30,1187935.00,b0
765269850,2,342335,0,0,28.60,93803.88,41.28,746627.75,b0
765286747,3,342381,0,0,28.92,93820.60,40.44,584308.13,b0
765279836,4,342427,0,0,28.85,93773.44,40.37,1109726.37,b0
765271387,5,342473,0,0,28.77,93807.95,40.91,886388.25,b0
765283665,6,342519,0,0,28.69,93778.26,41.19,810607.56,b0
765268824,7,342565,0,0,28.45,93817.54,41.39,828814.25,b0
765287253,8,342611,0,0,28.29,93788.45,41.45,1314927.75,b0
765270362,1,342658,0,0,28.29,93786.34,42.31,1192083.87,b0
765269850,2,342704,0,0,28.58,93802.16,41.28,749085.56,b0
765286747,3,342750,0,0,28.92,93821.65,40.42,587830.06,b0
765279836,4,342796,0,0,28.84,93773.61,40.38,1111533.25,b0
765271387,5,342842,0,0,28.78,93808.52,40.90,891597.75,b0
765283665,6,342888,0,0,28.69,93776.28,41.19,811571.25,b0
765268824,7,342934,0,0,28.46,93817.03,41.38,836943.19,b0
765287253,8,342980,0,0,28.29,93790.40,41.45,1311139.62,b0
765270362,1,343027,0,0,28.28,93787.51,42.30,1191043.87,b0
765269850,2,343073,0,0,28.58,93802.86,41.26,747445.25,b0
765286747,3,343119,0,0,28.91,93821.98,40.43,590371.88,b0
765279836,4,343165,0,0,28.84,93773.55,40.37,1113346.00,b0
765271387,5,343211,0,0,28.78,93808.38,40.91,896868.81,b0
765283665,6,343257,0,0,28.69,93774.48,41.19,814962.19,b0
765268824,7,343303,0,0,28.46,93817.02,41.39,830831.63,b0
765287253,8,343350,0,0,28.29,93787.92,41.47,1312399.87,b0
765270362,1,343396,0,0,28.26,93784.89,42.32,1195214.50,b0
765269850,2,343442,0,0,28.56,93800.81,41.27,748264.50,b0
765286747,3,343488,0,0,28.90,93821.93,40.44,591394.75,b0
765279836,4,343534,0,0,28.83,93774.76,40.36,1117903.87,b0
765271387,5,343580,0,0,28.77,93810.44,40.93,895692.13,b0
765283665,6,343627,0,0,28.68,93774.76,41.19,818381.63,b0
765268824,7,343673,0,0,28.44,93816.75,41.40,835406.88,b0
765287253,8,343719,0,0,28.27,93789.45,41.46,1314927.75,b0
765270362,1,343765,0,0,28.25,93785.88,42.34,1199414.37,b0
765269850,2,343811,0,0,28.55,93802.01,41.26,742567.06,b0
765286747,3,343857,0,0,28.88,93819.86,40.44,587830.06,b0
765279836,4,343904,0,0,28.82,93774.01,40.36,1115164.75,b0
765271387,5,343950,0,0,28.75,93806.72,40.92,899824.25,b0
765283665,6,343996,0,0,28.66,93774.73,41.18,814962.19,b0
765268824,7,344042,0,0,28.42,93814.48,41.41,835406.88,b0
765287253,8,344088,0,0,28.26,93789.38,41.46,1320012.87,b0
765270362,1,344134,0,0,28.23,93784.65,42.33,1197310.75,b0
765269850,2,344180,0,0,28.56,93801.66,41.26,750870.75,b0
765286747,3,344227,0,0,28.88,93821.09,40.44,591394.75,b0
765279836,4,344273,0,0,28.82,93774.17,40.36,1120656.62,b0
765271387,5,344319,0,0,28.75,93807.79,40.89,896868.81,b0
765283665,6,344365,0,0,28.65,93776.06,41.19,813505.44,b0
765268824,7,344411,0,0,28.42,93815.91,41.40,835406.88,b0
765287253,8,344457,0,0,28.24,93788.08,41.47,1321290.37,b0
765270362,1,344504,0,0,28.23,93786.06,42.36,1192083.87,b0
765269850,2,344550,0,0,28.53,93802.96,41.28,751697.56,b0
765286747,3,344596,0,0,28.88,93819.86,40.47,592421.19,b0
765279836,4,344642,0,0,28.83,93775.63,40.36,1117903.87,b0
765271387,5,344688,0,0,28.75,93807.63,40.90,901011.88,b0
765283665,6,344734,0,0,28.66,93775.66,41.18,818381.63,b0
765268824,7,344780,0,0,28.43,93818.16,41.40,843145.31,b0
765287253,8,344826,0,0,28.26,93789.24,41.47,1322570.25,b0
765270362,1,344873,0,0,28.22,93785.12,42.38,1201525.37,b0
765269850,2,344919,0,0,28.52,93802.70,41.28,750458.06,b0
765286747,3,344965,0,0,28.87,93820.16,40.48,591394.75,b0
765279836,4,345011,0,0,28.81,93774.98,40.35,1113346.00,b0
765271387,5,345057,0,0,28.75,93807.57,40.90,903994.69,b0
765283665,6,345103,0,0,28.66,93775.73,41.17,824310.75,b0
765268824,7,345149,0,0,28.44,93818.20,41.42,840550.00,b0
765287253,8,345195,0,0,28.27,93788.02,41.49,1332899.50,b0
765270362,1,345242,0,0,28.22,93785.49,42.36,1199414.37,b0
765269850,2,345288,0,0,28.51,93800.88,41.30,752941.19,b0
765286747,3,345334,0,0,28.87,93819.63,40.47,592421.19,b0
765279836,4,345380,0,0,28.81,93774.62,40.35,1112438.87,b0
765271387,5,345426,0,0,28.75,93806.68,40.91,897458.38,b0
765283665,6,345472,0,0,28.66,93776.50,41.18,817891.38,b0
765268824,7,345519,0,0,28.45,93818.10,41.40,848384.44,b0
765287253,8,345565,0,0,28.29,93787.74,41.51,1334202.00,b0
765270362,1,345611,0,0,28.22,93786.75,42.39,1197310.75,b0
765269850,2,345657,0,0,28.51,93802.09,41.29,753356.63,b0
765286747,3,345703,0,0,28.88,93820.59,40.48,591907.50,b0
765279836,4,345749,0,0,28.82,93773.97,40.37,1114254.62,b0
765271387,5,345796,0,0,28.75,93804.76,40.94,898048.69,b0
765283665,6,345842,0,0,28.66,93777.25,41.18,821335.50,b0
765268824,7,345888,0,0,28.47,93817.26,41.41,843145.31,b0
765287253,8,345934,0,0,28.30,93789.05,41.51,1329007.12,b0
765270362,1,345980,0,0,28.23,93784.82,42.40,1200468.87,b0
765269850,2,346026,0,0,28.51,93801.91,41.31,752941.19,b0
765286747,3,346072,0,0,28.89,93819.88,40.50,593451.19,b0
765279836,4,346119,0,0,28.82,93773.29,40.37,1112438.87,b0
765271387,5,346165,0,0,28.77,93808.79,40.93,900417.69,b0
765283665,6,346211,0,0,28.67,93775.70,41.21,821829.88,b0
765268824,7,346257,0,0,28.48,93818.59,41.41,837970.56,b0
765287253,8,346303,0,0,28.32,93789.48,41.53,1327714.75,b0
765270362,1,346349,0,0,28.22,93786.21,42.46,1201525.37,b0
765269850,2,346396,0,0,28.49,93801.27,41.30,753772.56,b0
765286747,3,346442,0,0,28.89,93822.57,40.51,592421.19,b0
765279836,4,346488,0,0,28.82,93773.25,40.38,1111533.25,b0
765271387,5,346534,0,0,28.77,93807.38,40.94,901011.88,b0
765283665,6,346580,0,0,28.67,93775.53,41.22,822820.44,b0
765268824,7,346626,0,0,28.48,93818.03,41.44,840550.00,b0
765287253,8,346672,0,0,28.32,93788.96,41.53,1335507.00,b0
765270362,1,346719,0,0,28.21,93787.02,42.43,1203643.87,b0
765269850,2,346765,0,0,28.48,93801.02,41.30,752941.19,b0
765286747,3,346811,0,0,28.88,93820.94,40.52,593967.50,b0
765279836,4,346857,0,0,28.81,93773.92,40.40,1115164.75,b0
765271387,5,346903,0,0,28.76,93807.17,40.95,901606.88,b0
765283665,6,346949,0,0,28.67,93776.62,41.22,817891.38,b0
765268824,7,346995,0,0,28.48,93817.30,41.44,841586.19,b0
765287253,8,347041,0,0,28.31,93788.36,41.56,1329007.12,b0
765270362,1,347088,0,0,28.21,93785.94,42.46,1195214.50,b0
765269850,2,347134,0,0,28.48,93801.38,41.34,754605.75,b0
765286747,3,347180,0,0,28.87,93821.42,40.51,595002.88,b0
765279836,4,347226,0,0,28.82,93774.15,40.39,1118820.00,b0
765271387,5,347272,0,0,28.77,93807.57,40.94,903994.69,b0
765283665,6,347318,0,0,28.67,93776.27,41.21,821335.50,b0
765268824,7,347364,0,0,28.47,93816.91,41.47,842625.00,b0
765287253,8,347411,0,0,28.31,93787.67,41.55,1329007.12,b0
765270362,1,347457,0,0,28.21,93785.20,42.49,1197310.75,b0
765269850,2,347503,0,0,28.47,93800.45,41.36,754605.75,b0
765286747,3,347549,0,0,28.87,93821.94,40.51,593967.50,b0
765279836,4,347595,0,0,28.81,93773.72,40.39,1119737.50,b0
765271387,5,347641,0,0,28.77,93805.82,40.96,902202.63,b0
765283665,6,347688,0,0,28.67,93775.35,41.23,822324.81,b0
765268824,7,347734,0,0,28.47,93814.94,41.44,842625.00,b0
765287253,8,347780,0,0,28.31,93788.20,41.55,1334202.00,b0
765270362,1,347826,0,0,28.21,93786.69,42.50,1202583.62,b0
765269850,2,347872,0,0,28.48,93803.38,41.36,754188.94,b0
765286747,3,347918,0,0,28.86,93819.91,40.52,595521.94,b0
765279836,4,347965,0,0,28.80,93773.34,40.40,1117903.87,b0
765271387,5,348011,0,0,28.77,93807.79,40.97,907600.25,b0
765283665,6,348057,0,0,28.67,93774.79,41.24,821335.50,b0
765268824,7,348103,0,0,28.47,93814.36,41.46,842625.00,b0
765287253,8,348149,0,0,28.30,93789.07,41.57,1332899.50,b0
765270362,1,348195,0,0,28.22,93785.48,42.52,1197310.75,b0
765269850,2,348241,0,0,28.48,93802.66,41.38,756277.69,b0
765286747,3,348288,0,0,28.85,93820.25,40.56,596562.75,b0
765279836,4,348334,0,0,28.79,93773.45,40.41,1120656.62,b0
765271387,5,348380,0,0,28.77,93810.09,40.95,906997.31,b0
765283665,6,348426,0,0,28.66,93776.54,41.24,821829.88,b0
765268824,7,348472,0,0,28.46,93816.69,41.45,850498.31,b0
765287253,8,348518,0,0,28.30,93788.90,41.57,1339437.50,b0
765270362,1,348565,0,0,28.21,93788.09,42.54,1206835.62,b0
765269850,2,348611,0,0,28.47,93801.35,41.40,757536.50,b0
765286747,3,348657,0,0,28.84,93819.84,40.55,596041.94,b0
765279836,4,348703,0,0,28.79,93775.59,40.41,1121577.25,b0
765271387,5,348749,0,0,28.76,93807.53,40.99,909413.88,b0
765283665,6,348795,0,0,28.65,93775.01,41.22,822820.44,b0
765268824,7,348841,0,0,28.46,93818.84,41.47,849968.88,b0
765287253,8,348887,0,0,28.29,93788.99,41.56,1338124.75,b0
765270362,1,348934,0,0,28.19,93786.17,42.53,1208972.87,b0
765269850,2,348980,0,0,28.46,93801.66,41.40,759643.94,b0
765286747,3,349026,0,0,28.83,93823.38,40.56,599707.19,b0
765279836,4,349072,0,0,28.77,93775.28,40.40,1120656.62,b0
765271387,5,349118,0,0,28.76,93808.18,40.97,911234.69,b0
765283665,6,349164,0,0,28.65,93776.55,41.24,826306.25,b0
765268824,7,349210,0,0,28.45,93818.61,41.46,848911.94,b0
765287253,8,349256,0,0,28.30,93788.84,41.57,1347368.37,b0
765270362,1,349303,0,0,28.18,93787.48,42.55,1204705.87,b0
765269850,2,349349,0,0,28.45,93802.13,41.40,758378.06,b0
765286747,3,349395,0,0,28.81,93822.01,40.57,594484.75,b0
765279836,4,349441,0,0,28.76,93776.10,40.40,1122499.37,b0
765271387,5,349487,0,0,28.75,93808.30,40.95,912452.69,b0
765283665,6,349533,0,0,28.64,93775.93,41.24,830831.63,b0
765268824,7,349580,0,0,28.44,93817.70,41.45,859060.38,b0
765287253,8,349626,0,0,28.29,93789.16,41.56,1334202.00,b0
765270362,1,349672,0,0,28.17,93787.79,42.55,1211117.62,b0
765269850,2,349718,0,0,28.45,93802.48,41.41,760066.81,b0
765286747,3,349764,0,0,28.80,93820.55,40.57,599707.19,b0
765279836,4,349810,0,0,28.75,93774.79,40.41,1126202.87,b0
765271387,5,349857,0,0,28.74,93808.21,40.96,911234.69,b0
765283665,6,349903,0,0,28.63,93776.56,41.26,828814.25,b0
765268824,7,349949,0,0,28.43,93816.70,41.44,849440.06,b0
765287253,8,349995,0,0,28.28,93788.77,41.57,1343391.25,b0
765270362,1,350041,0,0,28.15,93786.56,42.56,1207903.25,b0
765269850,2,350087,0,0,28.43,93801.49,41.40,763040.25,b0
765286747,3,350133,0,0,28.79,93821.73,40.58,598655.38,b0
765279836,4,350180,0,0,28.73,93775.75,40.43,1127132.62,b0
765271387,5,350226,0,0,28.73,93808.50,40.96,915511.88,b0
765283665,6,350272,0,0,28.62,93775.73,41.24,825806.44,b0
765268824,7,350318,0,0,28.42,93814.64,41.45,855829.50,b0
765287253,8,350364,0,0,28.26,93787.64,41.57,1347368.37,b0
765270362,1,350410,0,0,28.12,93785.98,42.58,1208972.87,b0
765269850,2,350457,0,0,28.42,93801.41,41.42,761763.06,b0
765286747,3,350503,0,0,28.77,93822.38,40.57,601821.94,b0
765279836,4,350549,0,0,28.73,93778.55,40.44,1127132.62,b0
765271387,5,350595,0,0,28.73,93808.30,40.96,916126.13,b0
765283665,6,350641,0,0,28.61,93775.98,41.23,830326.38,b0
765268824,7,350687,0,0,28.41,93816.95,41.44,858520.25,b0
765287253,8,350733,0,0,28.25,93789.55,41.56,1354049.62,b0
765270362,1,350780,0,0,28.11,93787.38,42.58,1212193.00,b0
765269850,2,350826,0,0,28.41,93800.81,41.44,763040.25,b0
765286747,3,350872,0,0,28.76,93820.16,40.57,599180.81,b0
765279836,4,350918,0,0,28.72,93772.59,40.42,1132743.37,b0
765271387,5,350964,0,0,28.72,93808.43,40.97,920449.44,b0
765283665,6,351010,0,0,28.61,93777.35,41.24,832351.13,b0
765268824,7,351056,0,0,28.40,93815.30,41.45,864499.81,b0
765287253,8,351102,0,0,28.25,93787.23,41.57,1360797.37,b0
765270362,1,351149,0,0,28.10,93784.81,42.59,1211117.62,b0
765269850,2,351195,0,0,28.41,93802.07,41.41,763894.06,b0
765286747,3,351241,0,0,28.76,93821.59,40.60,603951.63,b0
765279836,4,351287,0,0,28.73,93778.20,40.45,1132743.37,b0
765271387,5,351333,0,0,28.72,93809.64,40.96,922314.81,b0
765283665,6,351379,0,0,28.60,93775.15,41.24,833876.25,b0
765268824,7,351425,0,0,28.41,93816.43,41.47,867245.38,b0
765287253,8,351472,0,0,28.26,93787.97,41.58,1350033.00,b0
765270362,1,351518,0,0,28.11,93787.01,42.59,1219773.62,b0
765269850,2,351564,0,0,28.41,93801.17,41.44,764321.69,b0
765286747,3,351610,0,0,28.76,93821.41,40.62,602884.88,b0
765279836,4,351656,0,0,28.72,93777.25,40.45,1128063.87,b0
765271387,5,351702,0,0,28.73,93807.41,40.97,915511.88,b0
765283665,6,351749,0,0,28.61,93777.23,41.26,833876.25,b0
765268824,7,351795,0,0,28.42,93815.90,41.45,865047.50,b0
765287253,8,351841,0,0,28.26,93788.15,41.59,1352708.00,b0
765270362,1,351887,0,0,28.10,93785.88,42.62,1215430.25,b0
765269850,2,351933,0,0,28.41,93801.34,41.44,766897.56,b0
765286747,3,351979,0,0,28.76,93821.42,40.61,601291.81,b0
765279836,4,352026,0,0,28.72,93776.55,40.43,1135569.75,b0
765271387,5,352072,0,0,28.73,93809.54,40.98,920449.44,b0
765283665,6,352118,0,0,28.62,93775.15,41.26,834896.06,b0
765268824,7,352164,0,0,28.43,93816.33,41.46,875587.88,b0
765287253,8,352210,0,0,28.27,93789.08,41.59,1354049.62,b0
765270362,1,352256,0,0,28.10,93785.88,42.63,1214349.25,b0
765269850,2,352302,0,0,28.41,93800.45,41.46,766037.00,b0
765286747,3,352349,0,0,28.76,93820.52,40.62,603417.81,b0
765279836,4,352395,0,0,28.72,93775.11,40.46,1135569.75,b0
765271387,5,352441,0,0,28.73,93807.44,40.96,922314.81,b0
765283665,6,352487,0,0,28.62,93774.23,41.25,838485.19,b0
765268824,7,352533,0,0,28.42,93817.02,41.46,869454.44,b0
765287253,8,352579,0,0,28.26,93789.77,41.58,1354049.62,b0
765270362,1,352626,0,0,28.09,93784.18,42.63,1214349.25,b0
765269850,2,352672,0,0,28.40,93802.03,41.46,764321.69,b0
765286747,3,352718,0,0,28.76,93823.02,40.63,605022.19,b0
765279836,4,352764,0,0,28.72,93777.80,40.46,1139360.25,b0
765271387,5,352810,0,0,28.73,93808.37,40.99,926068.25,b0
765283665,6,352856,0,0,28.63,93777.04,41.28,834385.81,b0
765268824,7,352902,0,0,28.42,93815.57,41.46,867245.38,b0
765287253,8,352948,0,0,28.26,93788.88,41.59,1370358.00,b0
765270362,1,352995,0,0,28.09,93786.16,42.65,1218684.87,b0
765269850,2,353041,0,0,28.40,93802.73,41.49,767760.06,b0
765286747,3,353087,0,0,28.75,93822.08,40.64,603951.63,b0
765279836,4,353133,0,0,28.72,93776.52,40.46,1146054.87,b0
765271387,5,353179,0,0,28.73,93806.02,40.98,921070.38,b0
765283665,6,353225,0,0,28.62,93776.20,41.26,835406.88,b0
765268824,7,353271,0,0,28.43,93816.51,41.47,867796.63,b0
765287253,8,353317,0,0,28.27,93787.66,41.59,1366244.12,b0
765270362,1,353364,0,0,28.07,93783.52,42.64,1215430.25,b0
765269850,2,353410,0,0,28.40,93802.18,41.48,769057.44,b0
765286747,3,353456,0,0,28.74,93820.05,40.65,604486.44,b0
765279836,4,353502,0,0,28.71,93776.09,40.45,1149915.75,b0
765271387,5,353548,0,0,28.73,93808.18,40.96,923562.56,b0
765283665,6,353594,0,0,28.61,93775.63,41.26,838485.19,b0
765268824,7,353641,0,0,28.43,93816.53,41.49,872789.25,b0
765287253,8,353687,0,0,28.27,93790.34,41.61,1367612.75,b0
765270362,1,353733,0,0,28.07,93785.29,42.67,1220864.37,b0
765269850,2,353779,0,0,28.38,93802.11,41.49,768192.06,b0
765286747,3,353825,0,0,28.73,93821.80,40.67,609342.44,b0
765279836,4,353871,0,0,28.70,93777.27,40.47,1136515.00,b0
765271387,5,353918,0,0,28.73,93806.88,40.97,922938.25,b0
765283665,6,353964,0,0,28.61,93774.72,41.27,837970.56,b0
765268824,7,354010,0,0,28.44,93818.00,41.46,871674.81,b0
765287253,8,354056,0,0,28.28,93789.13,41.59,1359442.37,b0
765270362,1,354102,0,0,28.06,93787.38,42.67,1214349.25,b0
765269850,2,354148,0,0,28.38,93802.41,41.49,770794.13,b0
765286747,3,354194,0,0,28.73,93823.56,40.65,606096.50,b0
765279836,4,354241,0,0,28.69,93776.32,40.47,1142219.75,b0
765271387,5,354287,0,0,28.73,93809.04,40.98,922938.25,b0
765283665,6,354333,0,0,28.61,93776.16,41.27,841067.75,b0
765268824,7,354379,0,0,28.43,93818.14,41.47,871674.81,b0
765287253,8,354425,0,0,28.27,93788.91,41.59,1362155.00,b0
765270362,1,354471,0,0,28.05,93786.42,42.69,1223051.62,b0
765269850,2,354518,0,0,28.37,93802.01,41.49,769057.44,b0
765286747,3,354564,0,0,28.71,93821.35,40.68,607174.63,b0
765279836,4,354610,0,0,28.69,93776.87,40.47,1147982.12,b0
765271387,5,354656,0,0,28.74,93808.73,40.98,926068.25,b0
765283665,6,354702,0,0,28.62,93776.56,41.27,838485.19,b0
765268824,7,354748,0,0,28.42,93816.28,41.46,873906.56,b0
765287253,8,354794,0,0,28.26,93787.45,41.60,1364878.37,b0
765270362,1,354841,0,0,28.04,93785.80,42.69,1229660.75,b0
765269850,2,354887,0,0,28.36,93803.03,41.50,774291.13,b0
765286747,3,354933,0,0,28.71,93821.87,40.68,608799.06,b0
765279836,4,354979,0,0,28.69,93778.64,40.50,1143176.12,b0
765271387,5,355025,0,0,28.73,93808.83,40.99,924813.75,b0
765283665,6,355071,0,0,28.61,93776.79,41.27,841586.19,b0
765268824,7,355117,0,0,28.42,93817.20,41.48,874466.25,b0
765287253,8,355163,0,0,28.25,93786.34,41.59,1367612.75,b0
765270362,1,355210,0,0,28.04,93785.95,42.71,1224148.25,b0
765269850,2,355256,0,0,28.35,93800.65,41.50,770794.13,b0
765286747,3,355302,0,0,28.71,93821.15,40.69,607174.63,b0
765279836,4,355348,0,0,28.68,93776.23,40.50,1147017.62,b0
765271387,5,355394,0,0,28.72,93808.09,40.97,934306.56,b0
765283665,6,355440,0,0,28.60,93778.68,41.27,842105.25,b0
765268824,7,355486,0,0,28.42,93817.34,41.47,878404.44,b0
765287253,8,355533,0,0,28.25,93788.80,41.60,1382849.37,b0
765270362,1,355579,0,0,28.04,93786.70,42.73,1220864.37,b0
765269850,2,355625,0,0,28.36,93801.95,41.52,775610.69,b0
765286747,3,355671,0,0,28.70,93821.27,40.71,606635.06,b0
765279836,4,355717,0,0,28.67,93777.66,40.50,1143176.12,b0
765271387,5,355763,0,0,28.72,93807.33,40.97,926068.25,b0
765283665,6,355810,0,0,28.59,93777.10,41.27,845233.19,b0
765268824,7,355856,0,0,28.41,93816.56,41.48,878404.44,b0
765287253,8,355902,0,0,28.24,93788.95,41.60,1384251.37,b0
765270362,1,355948,0,0,28.03,93787.35,42.72,1228554.25,b0
765269850,2,355994,0,0,28.35,93800.30,41.52,772976.06,b0
765286747,3,356040,0,0,28.70,93822.17,40.71,607174.63,b0
765279836,4,356087,0,0,28.67,93777.84,40.51,1155756.25,b0
765271387,5,356133,0,0,28.70,93807.57,40.98,935587.00,b0
765283665,6,356179,0,0,28.57,93776.19,41.28,846805.88,b0
765268824,7,356225,0,0,28.40,93816.18,41.46,880103.13,b0
765287253,8,356271,0,0,28.23,93790.33,41.61,1382849.37,b0
765270362,1,356317,0,0,28.04,93787.19,42.74,1228554.25,b0
765269850,2,356363,0,0,28.35,93802.80,41.54,775610.69,b0
765286747,3,356410,0,0,28.69,93821.23,40.72,607174.63,b0
765279836,4,356456,0,0,28.66,93776.88,40.50,1148948.12,b0
765271387,5,356502,0,0,28.70,93808.30,41.00,929852.44,b0
765283665,6,356548,0,0,28.56,93777.00,41.28,845233.19,b0
765268824,7,356594,0,0,28.40,93816.54,41.48,885238.81,b0
765287253,8,356640,0,0,28.22,93788.32,41.61,1378660.37,b0
765270362,1,356687,0,0,28.04,93786.68,42.78,1228554.25,b0
765269850,2,356733,0,0,28.35,93800.48,41.56,774291.13,b0
765286747,3,356779,0,0,28.69,93822.14,40.74,609342.44,b0
765279836,4,356825,0,0,28.67,93778.52,40.54,1147982.12,b0
765271387,5,356871,0,0,28.70,93810.44,40.98,934306.56,b0
765283665,6,356917,0,0,28.56,93776.13,41.26,847331.38,b0
765268824,7,356963,0,0,28.41,93816.77,41.47,885238.81,b0
765287253,8,357009,0,0,28.22,93788.32,41.60,1384251.37,b0
765270362,1,357056,0,0,28.03,93785.74,42.77,1230769.25,b0
765269850,2,357102,0,0,28.36,93799.64,41.56,777820.00,b0
765286747,3,357148,0,0,28.69,93821.77,40.73,609886.81,b0
765279836,4,357194,0,0,28.67,93777.80,40.52,1150885.12,b0
765271387,5,357240,0,0,28.71,93810.13,40.99,936228.56,b0
765283665,6,357286,0,0,28.56,93776.82,41.27,845756.75,b0
765268824,7,357332,0,0,28.41,93818.22,41.47,885238.81,b0
765287253,8,357378,0,0,28.22,93790.27,41.60,1394145.62,b0
765270362,1,357425,0,0,28.03,93786.06,42.80,1226347.25,b0
765269850,2,357471,0,0,28.36,93799.62,41.56,774730.50,b0
765286747,3,357517,0,0,28.68,93821.37,40.76,609342.44,b0
765279836,4,357563,0,0,28.66,93777.59,40.55,1150885.12,b0
765271387,5,357609,0,0,28.70,93809.73,40.99,939449.56,b0
765283665,6,357655,0,0,28.56,93777.15,41.29,845756.75,b0
765268824,7,357702,0,0,28.41,93817.86,41.47,892180.38,b0
765287253,8,357748,0,0,28.22,93788.31,41.60,1381450.25,b0
765270362,1,357794,0,0,28.03,93787.67,42.79,1231879.75,b0
765269850,2,357840,0,0,28.35,93801.37,41.56,776492.88,b0
765286747,3,357886,0,0,28.68,93822.46,40.77,609886.81,b0
765279836,4,357932,0,0,28.67,93776.71,40.53,1153802.87,b0
765271387,5,357979,0,0,28.70,93807.37,40.98,931120.69,b0
765283665,6,358025,0,0,28.56,93776.09,41.29,850498.31,b0
765268824,7,358071,0,0,28.41,93816.21,41.48,889854.44,b0
765287253,8,358117,0,0,28.22,93789.74,41.61,1396998.62,b0
765270362,1,358163,0,0,28.03,93785.87,42.80,1231879.75,b0
765269850,2,358209,0,0,28.36,93800.34,41.58,777820.00,b0
765286747,3,358255,0,0,28.68,93820.09,40.76,614830.38,b0
765279836,4,358302,0,0,28.66,93775.97,40.55,1147982.12,b0
765271387,5,358348,0,0,28.70,93808.97,40.98,940744.13,b0
765283665,6,358394,0,0,28.56,93776.24,41.29,852622.81,b0
765268824,7,358440,0,0,28.41,93817.30,41.49,893932.75,b0
765287253,8,358486,0,0,28.22,93787.59,41.61,1392723.62,b0
765270362,1,358532,0,0,28.02,93786.55,42.81,1234106.62,b0
765269850,2,358579,0,0,28.35,93801.38,41.58,781381.13,b0
765286747,3,358625,0,0,28.68,93820.48,40.80,612623.38,b0
765279836,4,358671,0,0,28.66,93775.42,40.53,1150885.12,b0
765271387,5,358717,0,0,28.70,93810.61,40.98,940744.13,b0
765283665,6,358763,0,0,28.57,93778.68,41.29,849968.88,b0
765268824,7,358809,0,0,28.41,93815.51,41.48,896868.81,b0
765287253,8,358855,0,0,28.22,93788.31,41.61,1395570.75,b0
765270362,1,358902,0,0,28.02,93786.91,42.82,1234106.62,b0
765269850,2,358948,0,0,28.35,93800.66,41.59,776934.75,b0
765286747,3,358994,0,0,28.68,93821.20,40.78,609886.81,b0
765279836,4,359040,0,0,28.66,93778.48,40.55,1155756.25,b0
765271387,5,359086,0,0,28.72,93808.04,40.99,943996.31,b0
765283665,6,359132,0,0,28.57,93777.41,41.31,853155.56,b0
765268824,7,359178,0,0,28.43,93816.15,41.47,899231.63,b0
765287253,8,359224,0,0,28.23,93788.17,41.61,1395570.75,b0
765270362,1,359271,0,0,28.02,93786.36,42.82,1235223.12,b0
765269850,2,359317,0,0,28.35,93801.04,41.59,779151.63,b0
765286747,3,359363,0,0,28.68,93821.88,40.81,614277.13,b0
765279836,4,359409,0,0,28.65,93775.74,40.58,1157716.25,b0
765271387,5,359455,0,0,28.71,93806.97,40.99,939449.56,b0
765283665,6,359501,0,0,28.57,93777.84,41.30,854223.13,b0
765268824,7,359547,0,0,28.44,93817.11,41.49,901011.88,b0
765287253,8,359594,0,0,28.24,93787.18,41.62,1395570.75,b0
765270362,1,359640,0,0,28.03,93787.48,42.83,1232992.12,b0
765269850,2,359686,0,0,28.35,93801.36,41.60,780487.81,b0
765286747,3,359732,0,0,28.67,93821.70,40.81,612074.13,b0
765279836,4,359778,0,0,28.66,93777.01,40.57,1158698.75,b0
765271387,5,359824,0,0,28.72,93808.08,41.00,942042.31,b0
765283665,6,359871,0,0,28.58,93778.80,41.31,856366.31,b0
765268824,7,359917,0,0,28.45,93816.97,41.49,896280.06,b0
765287253,8,359963,0,0,28.24,93788.95,41.62,1401300.00,b0
765270362,1,360009,0,0,28.03,93787.31,42.85,1236341.62,b0
765269850,2,360055,0,0,28.34,93800.80,41.59,781381.13,b0
765286747,3,360101,0,0,28.67,93822.03,40.79,610432.19,b0
765279836,4,360147,0,0,28.65,93775.92,40.58,1154778.62,b0
765271387,5,360194,0,0,28.72,93806.66,41.00,938803.56,b0
765283665,6,360240,0,0,28.57,93778.13,41.30,855829.50,b0
765268824,7,360286,0,0,28.45,93818.43,41.50,899231.63,b0
765287253,8,360332,0,0,28.25,93789.86,41.63,1392723.62,b0
765270362,1,360378,0,0,28.02,93787.62,42.86,1238584.87,b0
765269850,2,360424,0,0,28.35,93801.52,41.62,779151.63,b0
765286747,3,360471,0,0,28.66,93820.02,40.82,613724.88,b0
765279836,4,360517,0,0,28.65,93777.16,40.59,1155756.25,b0
765271387,5,360563,0,0,28.72,93806.68,41.00,942042.31,b0
765283665,6,360609,0,0,28.57,93778.84,41.31,851559.25,b0
765268824,7,360655,0,0,28.46,93817.94,41.49,899231.63,b0
765287253,8,360701,0,0,28.25,93788.99,41.63,1398429.50,b0
765270362,1,360748,0,0,28.01,93785.95,42.88,1225246.75,b0
765269850,2,360794,0,0,28.34,93803.44,41.60,778707.25,b0
765286747,3,360840,0,0,28.66,93821.26,40.83,614277.13,b0
765279836,4,360886,0,0,28.64,93776.57,40.59,1161656.25,b0
765271387,5,360932,0,0,28.72,93806.86,41.00,945958.44,b0
765283665,6,360978,0,0,28.56,93774.87,41.32,854757.94,b0
765268824,7,361024,0,0,28.46,93817.94,41.48,899231.63,b0
765287253,8,361070,0,0,28.25,93789.88,41.64,1405628.00,b0
765270362,1,361117,0,0,28.00,93785.14,42.88,1239709.50,b0
765269850,2,361163,0,0,28.32,93799.62,41.62,780487.81,b0
765286747,3,361209,0,0,28.65,93820.88,40.83,608799.06,b0
765279836,4,361255,0,0,28.64,93775.30,40.58,1166619.25,b0
765271387,5,361301,0,0,28.72,93807.92,41.00,948587.31,b0
765283665,6,361347,0,0,28.57,93777.61,41.30,855293.38,b0
765268824,7,361393,0,0,28.44,93815.85,41.46,899231.63,b0
765287253,8,361439,0,0,28.25,93789.52,41.63,1396998.62,b0
765270362,1,361486,0,0,28.00,93785.68,42.91,1238584.87,b0
765269850,2,361532,0,0,28.33,93800.34,41.62,782725.00,b0
765286747,3,361578,0,0,28.66,93821.62,40.86,614277.13,b0
765279836,4,361624,0,0,28.64,93776.90,40.59,1155756.25,b0
765271387,5,361670,0,0,28.72,93807.73,41.00,944649.44,b0
765283665,6,361716,0,0,28.57,93778.48,41.32,856366.31,b0
765268824,7,361762,0,0,28.45,93818.43,41.49,902799.19,b0
765287253,8,361809,0,0,28.24,93790.02,41.65,1399863.25,b0
765270362,1,361855,0,0,28.02,93786.86,42.89,1231879.75,b0
765269850,2,361901,0,0,28.33,93800.34,41.66,782276.56,b0
765286747,3,361947,0,0,28.67,93822.01,40.87,613724.88,b0
765279836,4,361993,0,0,28.64,93775.66,40.62,1157716.25,b0
765271387,5,362039,0,0,28.72,93808.99,41.00,947271.06,b0
765283665,6,362086,0,0,28.57,93778.00,41.33,853155.56,b0
765268824,7,362132,0,0,28.46,93818.48,41.47,902799.19,b0
765287253,8,362178,0,0,28.25,93789.33,41.64,1407076.62,b0
765270362,1,362224,0,0,28.01,93787.01,42.92,1238584.87,b0
765269850,2,362270,0,0,28.33,93802.86,41.66,784975.06,b0
765286747,3,362316,0,0,28.67,93820.94,40.88,616496.06,b0
765279836,4,362363,0,0,28.65,93777.52,40.61,1154778.62,b0
765271387,5,362409,0,0,28.74,93809.44,41.01,948587.31,b0
765283665,6,362455,0,0,28.58,93775.65,41.33,854223.13,b0
765268824,7,362501,0,0,28.46,93816.66,41.50,905793.88,b0
765287253,8,362547,0,0,28.26,93788.13,41.66,1407076.62,b0
765270362,1,362593,0,0,28.01,93787.36,42.91,1227449.75,b0
765269850,2,362639,0,0,28.33,93801.08,41.66,785426.63,b0
765286747,3,362686,0,0,28.67,93820.40,40.87,613173.63,b0
765279836,4,362732,0,0,28.64,93776.39,40.62,1158698.75,b0
765271387,5,362778,0,0,28.74,93809.45,41.02,946614.31,b0
765283665,6,362824,0,0,28.59,93775.71,41.34,857980.75,b0
765268824,7,362870,0,0,28.47,93816.91,41.50,902202.63,b0
765287253,8,362916,0,0,28.27,93788.20,41.66,1412901.00,b0
765270362,1,362963,0,0,28.02,93787.96,42.92,1238584.87,b0
765269850,2,363009,0,0,28.34,93799.15,41.65,782725.00,b0
765286747,3,363055,0,0,28.67,93822.59,40.90,612623.38,b0
765279836,4,363101,0,0,28.65,93776.42,40.62,1158698.75,b0
765271387,5,363147,0,0,28.74,93809.45,41.01,949907.25,b0
765283665,6,363193,0,0,28.60,93777.39,41.34,856903.75,b0
765268824,7,363239,0,0,28.48,93818.05,41.49,905193.38,b0
765287253,8,363285,0,0,28.27,93789.44,41.66,1395570.75,b0
765270362,1,363332,0,0,28.02,93786.36,42.94,1240836.12,b0
765269850,2,363378,0,0,28.34,93802.20,41.68,778707.25,b0
765286747,3,363424,0,0,28.65,93819.62,40.89,617611.56,b0
765279836,4,363470,0,0,28.64,93777.82,40.64,1163636.37,b0
765271387,5,363516,0,0,28.74,93806.13,41.02,947271.06,b0
765283665,6,363562,0,0,28.60,93779.21,41.36,854223.13,b0
765268824,7,363608,0,0,28.48,93817.33,41.46,901606.88,b0
765287253,8,363654,0,0,28.27,93788.02,41.67,1411440.37,b0
765270362,1,363701,0,0,28.01,93788.63,42.93,1231879.75,b0
765269850,2,363747,0,0,28.33,93799.66,41.68,784524.06,b0
765286747,3,363793,0,0,28.65,93821.23,40.89,616496.06,b0
765279836,4,363839,0,0,28.64,93777.63,40.65,1163636.37,b0
765271387,5,363885,0,0,28.75,93807.92,41.01,946614.31,b0
765283665,6,363931,0,0,28.60,93776.31,41.37,856366.31,b0
765268824,7,363978,0,0,28.47,93815.84,41.50,907600.25,b0
765287253,8,364024,0,0,28.27,93789.10,41.66,1398429.50,b0
765270362,1,364070,0,0,28.01,93788.22,42.95,1245363.37,b0
765269850,2,364116,0,0,28.33,93803.57,41.67,784073.50,b0
765286747,3,364162,0,0,28.65,93821.20,40.91,614830.38,b0
765279836,4,364208,0,0,28.63,93775.21,40.63,1160668.75,b0
765271387,5,364255,0,0,28.74,93806.64,41.01,953223.19,b0
765283665,6,364301,0,0,28.59,93778.73,41.35,861227.94,b0
765268824,7,364347,0,0,28.47,93817.25,41.47,905193.38,b0
765287253,8,364393,0,0,28.26,93788.53,41.67,1414364.62,b0
765270362,1,364439,0,0,28.00,93788.73,42.95,1238584.87,b0
765269850,2,364485,0,0,28.33,93802.32,41.66,788147.00,b0
765286747,3,364531,0,0,28.64,93822.08,40.90,612623.38,b0
765279836,4,364578,0,0,28.62,93776.43,40.64,1163636.37,b0
765271387,5,364624,0,0,28.73,93807.12,41.01,948587.31,b0
765283665,6,364670,0,0,28.58,93776.88,41.35,854223.13,b0
765268824,7,364716,0,0,28.46,93816.66,41.45,924813.75,b0
765287253,8,364762,0,0,28.26,93788.32,41.66,1417301.00,b0
765270362,1,364808,0,0,27.99,93785.43,42.96,1245363.37,b0
765269850,2,364855,0,0,28.32,93801.35,41.68,786784.50,b0
765286747,3,364901,0,0,28.63,93821.14,40.91,618170.81,b0
765279836,4,364947,0,0,28.62,93775.17,40.64,1161656.25,b0
765271387,5,364993,0,0,28.73,93807.61,41.02,955223.88,b0
765283665,6,365039,0,0,28.58,93777.21,41.35,857980.75,b0
765268824,7,365085,0,0,28.46,93818.30,41.47,910020.00,b0
765287253,8,365131,0,0,28.26,93789.24,41.66,1408528.25,b0
765270362,1,365178,0,0,27.99,93785.22,42.95,1252216.50,b0
765269850,2,365224,0,0,28.31,93800.80,41.68,784975.06,b0
765286747,3,365270,0,0,28.62,93819.47,40.90,615384.63,b0
765279836,4,365316,0,0,28.62,93777.48,40.64,1159682.87,b0
765271387,5,365362,0,0,28.74,93809.98,41.01,948587.31,b0
765283665,6,365408,0,0,28.57,93776.59,41.36,861771.50,b0
765268824,7,365454,0,0,28.46,93817.04,41.46,913062.88,b0
765287253,8,365500,0,0,28.25,93787.57,41.66,1420249.62,b0
765270362,1,365547,0,0,27.99,93789.19,42.96,1238584.87,b0
765269850,2,365593,0,0,28.31,93802.04,41.69,790428.38,b0
765286747,3,365639,0,0,28.64,93821.87,40.91,618170.81,b0
765279836,4,365685,0,0,28.62,93775.69,40.64,1168616.25,b0
765271387,5,365731,0,0,28.73,93806.72,40.99,945958.44,b0
765283665,6,365777,0,0,28.57,93777.26,41.35,862860.75,b0
765268824,7,365823,0,0,28.46,93816.84,41.48,911843.25,b0
765287253,8,365870,0,0,28.25,93789.16,41.64,1420249.62,b0
765270362,1,365916,0,0,27.99,93786.46,42.96,1243095.62,b0
765269850,2,365962,0,0,28.31,93802.01,41.67,786331.38,b0
765286747,3,366008,0,0,28.63,93819.88,40.92,619854.75,b0
765279836,4,366054,0,0,28.62,93775.83,40.64,1165623.25,b0
765271387,5,366100,0,0,28.73,93809.07,41.00,954556.06,b0
765283665,6,366146,0,0,28.57,93778.18,41.34,863952.75,b0
765268824,7,366193,0,0,28.46,93818.69,41.48,917974.00,b0
765287253,8,366239,0,0,28.26,93789.72,41.64,1415831.37,b0
765270362,1,366285,0,0,27.99,93785.79,42.97,1236341.62,b0
765269850,2,366331,0,0,28.31,93803.10,41.68,787692.31,b0
765286747,3,366377,0,0,28.64,93819.54,40.92,617611.56,b0
765279836,4,366423,0,0,28.62,93778.19,40.65,1171624.75,b0
765271387,5,366470,0,0,28.73,93807.12,40.99,959250.56,b0
765283665,6,366516,0,0,28.57,93777.47,41.35,857980.75,b0
765268824,7,366562,0,0,28.48,93817.69,41.46,913673.88,b0
765287253,8,366608,0,0,28.27,93787.84,41.64,1427675.12,b0
765270362,1,366654,0,0,28.02,93788.32,42.97,1243095.62,b0
765269850,2,366700,0,0,28.33,93801.23,41.69,788147.00,b0
765286747,3,366747,0,0,28.65,93819.59,40.93,619292.44,b0
765279836,4,366793,0,0,28.62,93776.58,40.67,1164629.00,b0
765271387,5,366839,0,0,28.74,93806.77,41.00,954556.06,b0
765283665,6,366885,0,0,28.58,93776.46,41.36,860142.81,b0
765268824,7,366931,0,0,28.49,93816.10,41.46,921692.19,b0
765287253,8,366977,0,0,28.28,93789.32,41.66,1409982.75,b0
765270362,1,367024,0,0,28.03,93788.05,43.00,1243095.62,b0
765269850,2,367070,0,0,28.34,93801.67,41.68,785426.63,b0
765286747,3,367116,0,0,28.67,93821.50,40.94,616496.06,b0
765279836,4,367162,0,0,28.63,93777.39,40.69,1167616.87,b0
765271387,5,367208,0,0,28.74,93804.50,41.00,951894.00,b0
765283665,6,367254,0,0,28.59,93775.33,41.35,861771.50,b0
765268824,7,367300,0,0,28.51,93818.39,41.46,912452.69,b0
765287253,8,367346,0,0,28.30,93789.41,41.65,1404182.37,b0
765270362,1,367393,0,0,28.05,93786.55,43.00,1239709.50,b0
765269850,2,367439,0,0,28.35,93801.71,41.71,787238.13,b0
765286747,3,367485,0,0,28.68,93823.14,40.94,613173.63,b0
765279836,4,367531,0,0,28.63,93775.07,40.67,1162645.50,b0
765271387,5,367577,0,0,28.76,93808.37,40.99,951230.81,b0
765283665,6,367623,0,0,28.60,93776.88,41.37,860142.81,b0
765268824,7,367669,0,0,28.52,93817.71,41.46,908808.50,b0
765287253,8,367715,0,0,28.32,93788.95,41.65,1409982.75,b0
765270362,1,367762,0,0,28.06,93785.41,43.00,1244228.37,b0
765269850,2,367808,0,0,28.36,93801.59,41.70,786331.38,b0
765286747,3,367854,0,0,28.68,93823.70,40.95,617053.31,b0
765279836,4,367900,0,0,28.64,93776.36,40.68,1163636.37,b0
765271387,5,367946,0,0,28.78,93809.77,40.99,953223.19,b0
765283665,6,367992,0,0,28.60,93777.64,41.36,857441.94,b0
765268824,7,368039,0,0,28.54,93816.53,41.47,906997.31,b0
765287253,8,368085,0,0,28.33,93789.18,41.66,1401300.00,b0
765270362,1,368131,0,0,28.07,93785.48,42.98,1241964.87,b0
765269850,2,368177,0,0,28.37,93802.70,41.70,787692.31,b0
765286747,3,368223,0,0,28.68,93822.80,40.95,617053.31,b0
765279836,4,368269,0,0,28.63,93774.90,40.66,1162645.50,b0
765271387,5,368315,0,0,28.79,93808.06,41.02,950568.56,b0
765283665,6,368362,0,0,28.61,93776.88,41.35,859060.38,b0
765268824,7,368408,0,0,28.54,93816.55,41.44,914285.69,b0
765287253,8,368454,0,0,28.34,93788.48,41.64,1412901.00,b0
765270362,1,368500,0,0,28.08,93786.09,43.00,1238584.87,b0
765269850,2,368546,0,0,28.37,93801.83,41.69,784073.50,b0
765286747,3,368592,0,0,28.69,93822.33,40.95,617053.31,b0
765279836,4,368639,0,0,28.65,93777.48,40.68,1162645.50,b0
765271387,5,368685,0,0,28.79,93807.22,40.99,951230.81,b0
765283665,6,368731,0,0,28.62,93775.35,41.36,861227.94,b0
765268824,7,368777,0,0,28.55,93817.31,41.45,910020.00,b0
765287253,8,368823,0,0,28.35,93788.92,41.66,1401300.00,b0
765270362,1,368869,0,0,28.10,93787.46,42.98,1239709.50,b0
765269850,2,368916,0,0,28.38,93804.37,41.72,784073.50,b0
765286747,3,368962,0,0,28.69,93820.00,40.95,616496.06,b0
765279836,4,369008,0,0,28.66,93778.81,40.68,1158698.75,b0
765271387,5,369054,0,0,28.80,93808.56,41.00,945303.50,b0
765283665,6,369100,0,0,28.63,93775.12,41.36,855829.50,b0
765268824,7,369146,0,0,28.56,93817.34,41.46,902799.19,b0
765287253,8,369192,0,0,28.36,93788.95,41.67,1405628.00,b0
765270362,1,369239,0,0,28.11,93785.56,42.99,1238584.87,b0
765269850,2,369285,0,0,28.39,93802.63,41.72,782725.00,b0
765286747,3,369331,0,0,28.70,93820.05,40.95,615939.88,b0
765279836,4,369377,0,0,28.66,93777.23,40.69,1157716.25,b0
765271387,5,369423,0,0,28.81,93807.37,40.97,943996.31,b0
765283665,6,369469,0,0,28.63,93776.53,41.34,855293.38,b0
765268824,7,369515,0,0,28.57,93818.31,41.44,895104.88,b0
765287253,8,369561,0,0,28.36,93787.34,41.65,1392723.62,b0
765270362,1,369608,0,0,28.11,93786.09,42.99,1236341.62,b0
765269850,2,369654,0,0,28.39,93800.01,41.70,780934.25,b0
765286747,3,369700,0,0,28.71,93821.68,40.95,614277.13,b0
765279836,4,369746,0,0,28.67,93777.27,40.67,1156735.37,b0
765271387,5,369792,0,0,28.80,93807.79,40.99,943996.31,b0
765283665,6,369838,0,0,28.63,93776.66,41.37,857980.75,b0
765268824,7,369884,0,0,28.57,93818.49,41.44,902202.63,b0
765287253,8,369931,0,0,28.36,93788.95,41.64,1407076.62,b0
765270362,1,369977,0,0,28.10,93788.38,42.98,1237462.25,b0
765269850,2,370023,0,0,28.39,93801.41,41.70,784975.06,b0
765286747,3,370069,0,0,28.71,93820.79,40.95,613724.88,b0
765279836,4,370115,0,0,28.68,93776.59,40.70,1159682.87,b0
765271387,5,370161,0,0,28.80,93809.39,40.98,945303.50,b0
765283665,6,370208,0,0,28.64,93774.85,41.35,861771.50,b0
765268824,7,370254,0,0,28.57,93817.42,41.43,895692.13,b0
765287253,8,370300,0,0,28.36,93789.51,41.62,1405628.00,b0
765270362,1,370346,0,0,28.10,93785.30,42.98,1238584.87,b0
765269850,2,370392,0,0,28.39,93802.84,41.71,784073.50,b0
765286747,3,370438,0,0,28.70,93820.37,40.95,617053.31,b0
765279836,4,370484,0,0,28.66,93776.52,40.68,1157716.25,b0
765271387,5,370531,0,0,28.80,93807.48,40.98,948587.31,b0
765283665,6,370577,0,0,28.64,93775.38,41.36,856903.75,b0
765268824,7,370623,0,0,28.57,93817.98,41.42,900417.69,b0
765287253,8,370669,0,0,28.36,93789.15,41.62,1407076.62,b0
765270362,1,370715,0,0,28.10,93784.23,42.98,1237462.25,b0
765269850,2,370761,0,0,28.40,93802.88,41.70,782725.00,b0
765286747,3,370808,0,0,28.70,93820.58,40.96,616496.06,b0
765279836,4,370854,0,0,28.66,93776.51,40.70,1163636.37,b0
765271387,5,370900,0,0,28.80,93808.15,40.97,945958.44,b0
765283665,6,370946,0,0,28.63,93775.50,41.36,857980.75,b0
765268824,7,370992,0,0,28.57,93817.23,41.42,904593.63,b0
765287253,8,371038,0,0,28.36,93788.24,41.61,1405628.00,b0
765270362,1,371085,0,0,28.09,93787.59,42.98,1238584.87,b0
765269850,2,371131,0,0,28.39,93802.66,41.72,784524.06,b0
765286747,3,371177,0,0,28.70,93822.88,40.94,617053.31,b0
765279836,4,371223,0,0,28.66,93776.14,40.68,1159682.87,b0
765271387,5,371269,0,0,28.79,93807.22,40.96,949907.25,b0
765283665,6,371315,0,0,28.64,93775.73,41.36,860685.00,b0
765268824,7,371361,0,0,28.56,93817.92,41.41,912452.69,b0
765287253,8,371407,0,0,28.36,93790.04,41.61,1408528.25,b0
765270362,1,371454,0,0,28.09,93787.06,42.96,1240836.12,b0
765269850,2,371500,0,0,28.39,93802.63,41.71,785878.75,b0
765286747,3,371546,0,0,28.69,93822.52,40.95,615384.63,b0
765279836,4,371592,0,0,28.67,93776.36,40.68,1164629.00,b0
765271387,5,371638,0,0,28.80,93808.74,40.95,948587.31,b0
765283665,6,371684,0,0,28.65,93774.77,41.34,863952.75,b0
765268824,7,371730,0,0,28.57,93818.69,41.40,907600.25,b0
765287253,8,371776,0,0,28.36,93788.62,41.61,1414364.62,b0
765270362,1,371823,0,0,28.08,93785.91,42.98,1241964.87,b0
765269850,2,371869,0,0,28.39,93801.77,41.70,785426.63,b0
765286747,3,371915,0,0,28.70,93821.81,40.94,615384.63,b0
765279836,4,371961,0,0,28.67,93778.02,40.67,1160668.75,b0
765271387,5,372007,0,0,28.81,93807.19,40.96,948587.31,b0
765283665,6,372053,0,0,28.64,93775.25,41.35,865047.50,b0
765268824,7,372100,0,0,28.57,93816.32,41.40,903994.69,b0
765287253,8,372146,0,0,28.37,93791.48,41.59,1401300.00,b0
765270362,1,372192,0,0,28.09,93787.58,42.98,1243095.62,b0
765269850,2,372238,0,0,28.39,93801.62,41.70,784524.06,b0
765286747,3,372284,0,0,28.69,93821.27,40.96,614830.38,b0
765279836,4,372330,0,0,28.68,93777.31,40.69,1159682.87,b0
765271387,5,372376,0,0,28.81,93807.33,40.95,951230.81,b0
765283665,6,372423,0,0,28.65,93776.88,41.35,866694.88,b0
765268824,7,372469,0,0,28.56,93817.38,41.38,903396.56,b0
765287253,8,372515,0,0,28.37,93790.59,41.59,1414364.62,b0
765270362,1,372561,0,0,28.09,93787.91,42.98,1241964.87,b0
765269850,2,372607,0,0,28.39,93803.20,41.71,788602.25,b0
765286747,3,372653,0,0,28.69,93822.48,40.95,616496.06,b0
765279836,4,372700,0,0,28.66,93777.77,40.69,1165623.25,b0
765271387,5,372746,0,0,28.80,93807.48,40.95,953889.13,b0
765283665,6,372792,0,0,28.63,93777.61,41.33,866694.88,b0
765268824,7,372838,0,0,28.56,93820.98,41.38,907600.25,b0
765287253,8,372884,0,0,28.36,93789.13,41.58,1423210.62,b0
765270362,1,372930,0,0,28.08,93787.84,42.96,1239709.50,b0
765269850,2,372977,0,0,28.39,93802.12,41.71,786784.50,b0
765286747,3,373023,0,0,28.68,93822.26,40.95,619854.75,b0
765279836,4,373069,0,0,28.65,93778.06,40.70,1161656.25,b0
765271387,5,373115,0,0,28.80,93808.51,40.94,951894.00,b0
765283665,6,373161,0,0,28.62,93774.32,41.34,865595.94,b0
765268824,7,373207,0,0,28.54,93816.55,41.39,906395.25,b0
765287253,8,373253,0,0,28.35,93789.60,41.56,1420249.62,b0
765270362,1,373300,0,0,28.08,93787.13,42.97,1245363.37,b0
765269850,2,373346,0,0,28.39,93802.84,41.70,788147.00,b0
765286747,3,373392,0,0,28.68,93821.34,40.95,617053.31,b0
765279836,4,373438,0,0,28.65,93775.20,40.70,1168616.25,b0
765271387,5,373484,0,0,28.80,93809.03,40.94,954556.06,b0
765283665,6,373530,0,0,28.62,93778.90,41.33,866145.06,b0
765268824,7,373576,0,0,28.54,93815.83,41.38,908204.00,b0
765287253,8,373622,0,0,28.35,93788.38,41.55,1426183.87,b0
765270362,1,373669,0,0,28.08,93785.17,42.95,1245363.37,b0
765269850,2,373715,0,0,28.38,93800.51,41.70,789971.06,b0
765286747,3,373761,0,0,28.68,93823.16,40.96,619854.75,b0
765279836,4,373807,0,0,28.65,93777.48,40.69,1168616.25,b0
765271387,5,373853,0,0,28.79,93808.99,40.95,957233.00,b0
765283665,6,373899,0,0,28.62,93775.88,41.32,864499.81,b0
765268824,7,373945,0,0,28.55,93817.86,41.37,915511.88,b0
765287253,8,373992,0,0,28.35,93790.89,41.54,1421728.62,b0
765270362,1,374038,0,0,28.09,93788.13,42.96,1244228.37,b0
765269850,2,374084,0,0,28.39,93800.54,41.69,788147.00,b0
765286747,3,374130,0,0,28.69,93821.05,40.95,618170.81,b0
765279836,4,374176,0,0,28.65,93777.48,40.67,1167616.87,b0
765271387,5,374222,0,0,28.79,93810.24,40.93,955892.63,b0
765283665,6,374269,0,0,28.63,93776.36,41.32,868348.50,b0
765268824,7,374315,0,0,28.57,93817.04,41.36,912452.69,b0
765287253,8,374361,0,0,28.35,93788.93,41.56,1421728.62,b0
765270362,1,374407,0,0,28.10,93787.45,42.96,1252216.50,b0
765269850,2,374453,0,0,28.41,93802.75,41.71,790886.25,b0
765286747,3,374499,0,0,28.70,93822.53,40.94,619292.44,b0
765279836,4,374545,0,0,28.66,93775.58,40.69,1176673.37,b0
765271387,5,374592,0,0,28.81,93807.86,40.92,960600.38,b0
765283665,6,374638,0,0,28.63,93775.59,41.33,866694.88,b0
765268824,7,374684,0,0,28.56,93818.64,41.35,913062.88,b0
765287253,8,374730,0,0,28.35,93789.27,41.56,1438202.25,b0
765270362,1,374776,0,0,28.10,93787.12,42.96,1251069.00,b0
765269850,2,374822,0,0,28.40,93801.13,41.71,791344.69,b0
765286747,3,374869,0,0,28.70,93822.88,40.94,619292.44,b0
765279836,4,374915,0,0,28.66,93777.39,40.68,1171624.75,b0
765271387,5,374961,0,0,28.79,93808.46,40.92,963311.38,b0
765283665,6,375007,0,0,28.62,93775.83,41.32,870008.50,b0
765268824,7,375053,0,0,28.55,93816.39,41.34,925440.56,b0
765287253,8,375099,0,0,28.33,93789.02,41.54,1435178.75,b0
765270362,1,375146,0,0,28.10,93786.23,42.95,1251069.00,b0
765269850,2,375192,0,0,28.41,93803.67,41.70,789971.06,b0
765286747,3,375238,0,0,28.69,93820.53,40.95,618731.13,b0
765279836,4,375284,0,0,28.66,93778.10,40.69,1171624.75,b0
765271387,5,375330,0,0,28.80,93809.21,40.92,959925.00,b0
765283665,6,375376,0,0,28.62,93774.97,41.32,868348.50,b0
765268824,7,375422,0,0,28.54,93819.81,41.33,917974.00,b0
765287253,8,375468,0,0,28.34,93790.46,41.53,1429169.62,b0
765270362,1,375515,0,0,28.09,93788.13,42.96,1251069.00,b0
765269850,2,375561,0,0,28.40,93802.37,41.68,793644.63,b0
765286747,3,375607,0,0,28.69,93822.33,40.95,623819.69,b0
765279836,4,375653,0,0,28.66,93776.14,40.68,1168616.25,b0
765271387,5,375699,0,0,28.80,93808.85,40.92,963991.50,b0
765283665,6,375745,0,0,28.62,93776.98,41.32,869454.44,b0
765268824,7,375791,0,0,28.54,93817.26,41.33,919210.06,b0
765287253,8,375837,0,0,28.32,93790.40,41.51,1433671.62,b0
765270362,1,375884,0,0,28.09,93785.23,42.95,1246500.25,b0
765269850,2,375930,0,0,28.40,93801.48,41.68,792263.06,b0
765286747,3,375976,0,0,28.70,93822.17,40.95,619854.75,b0
765279836,4,376022,0,0,28.66,93776.87,40.69,1171624.75,b0
765271387,5,376068,0,0,28.80,93808.15,40.89,965354.69,b0
765283665,6,376114,0,0,28.61,93776.52,41.29,868901.13,b0
765268824,7,376160,0,0,28.53,93817.60,41.33,922314.81,b0
765287253,8,376207,0,0,28.33,93790.43,41.52,1424695.62,b0
765270362,1,376253,0,0,28.08,93787.16,42.93,1252216.50,b0
765269850,2,376299,0,0,28.39,93802.32,41.67,791344.69,b0
765286747,3,376345,0,0,28.69,93821.93,40.93,620982.44,b0
765279836,4,376391,0,0,28.65,93776.09,40.68,1173639.00,b0
765271387,5,376437,0,0,28.78,93806.95,40.89,967406.69,b0
765283665,6,376484,0,0,28.61,93779.72,41.31,873906.56,b0
765268824,7,376530,0,0,28.52,93817.92,41.32,927956.50,b0
765287253,8,376576,0,0,28.32,93789.12,41.52,1438202.25,b0
765270362,1,376622,0,0,28.07,93789.23,42.93,1254517.62,b0
765269850,2,376668,0,0,28.39,93803.55,41.68,793183.56,b0
765286747,3,376714,0,0,28.69,93824.45,40.93,624961.88,b0
765279836,4,376761,0,0,28.65,93777.52,40.66,1181765.75,b0
765271387,5,376807,0,0,28.77,93807.39,40.89,962632.19,b0
765283665,6,376853,0,0,28.60,93777.05,41.30,878404.44,b0
765268824,7,376899,0,0,28.52,93816.44,41.33,929852.44,b0
765287253,8,376945,0,0,28.31,93788.94,41.53,1445817.12,b0
765270362,1,376991,0,0,28.08,93788.55,42.93,1245363.37,b0
765269850,2,377037,0,0,28.39,93801.59,41.69,797352.56,b0
765286747,3,377084,0,0,28.68,93820.27,40.94,621547.81,b0
765279836,4,377130,0,0,28.65,93777.16,40.67,1181765.75,b0
765271387,5,377176,0,0,28.77,93806.88,40.87,968092.63,b0
765283665,6,377222,0,0,28.61,93776.07,41.28,873906.56,b0
765268824,7,377268,0,0,28.53,93817.20,41.31,926696.81,b0
765287253,8,377314,0,0,28.33,93790.22,41.50,1451967.37,b0
765270362,1,377361,0,0,28.08,93787.16,42.94,1252216.50,b0
765269850,2,377407,0,0,28.40,93803.42,41.66,797352.56,b0
765286747,3,377453,0,0,28.68,93821.38,40.93,624961.88,b0
765279836,4,377499,0,0,28.65,93777.52,40.67,1176673.37,b0
765271387,5,377545,0,0,28.79,93808.59,40.89,968092.63,b0
765283665,6,377591,0,0,28.62,93777.31,41.28,877275.63,b0
765268824,7,377637,0,0,28.54,93816.89,41.30,942042.31,b0
765287253,8,377683,0,0,28.33,93788.11,41.50,1444287.75,b0
765270362,1,377730,0,0,28.08,93785.02,42.91,1260307.75,b0
765269850,2,377776,0,0,28.40,93802.70,41.66,797818.44,b0
765286747,3,377822,0,0,28.69,93821.63,40.94,626683.00,b0
765279836,4,377868,0,0,28.66,93777.59,40.66,1182789.50,b0
765271387,5,377914,0,0,28.79,93806.69,40.89,975702.69,b0
765283665,6,377960,0,0,28.62,93775.88,41.27,879536.19,b0
765268824,7,378006,0,0,28.55,93817.86,41.30,928587.63,b0
765287253,8,378052,0,0,28.33,93789.20,41.51,1439718.75,b0
765270362,1,378099,0,0,28.08,93786.41,42.92,1261472.12,b0
765269850,2,378145,0,0,28.39,93802.13,41.66,798284.94,b0
765286747,3,378191,0,0,28.69,93822.33,40.92,627258.81,b0
765279836,4,378237,0,0,28.67,93777.43,40.65,1186902.37,b0
765271387,5,378283,0,0,28.79,93807.05,40.87,962632.19,b0
765283665,6,378329,0,0,28.64,93776.77,41.29,876712.31,b0
765268824,7,378376,0,0,28.55,93816.77,41.30,941392.81,b0
765287253,8,378422,0,0,28.33,93789.55,41.50,1455062.12,b0
765270362,1,378468,0,0,28.06,93786.67,42.92,1267326.75,b0
765269850,2,378514,0,0,28.38,93802.44,41.64,800625.50,b0
765286747,3,378560,0,0,28.68,93822.27,40.93,627835.69,b0
765279836,4,378606,0,0,28.66,93777.36,40.65,1183815.00,b0
765271387,5,378653,0,0,28.79,93808.62,40.87,975702.69,b0
765283665,6,378699,0,0,28.63,93777.78,41.29,880670.81,b0
765268824,7,378745,0,0,28.54,93817.80,41.29,934306.56,b0
765287253,8,378791,0,0,28.32,93789.31,41.50,1459729.12,b0
765270362,1,378837,0,0,28.05,93788.73,42.91,1257985.25,b0
765269850,2,378883,0,0,28.38,93802.41,41.65,799219.50,b0
765286747,3,378929,0,0,28.67,93821.84,40.92,626108.25,b0
765279836,4,378976,0,0,28.64,93776.00,40.65,1182789.50,b0
765271387,5,379022,0,0,28.78,93809.29,40.87,971537.00,b0
765283665,6,379068,0,0,28.62,93776.81,41.29,880103.13,b0
765268824,7,379114,0,0,28.52,93817.17,41.29,936228.56,b0
765287253,8,379160,0,0,28.31,93787.51,41.50,1458170.12,b0
765270362,1,379206,0,0,28.03,93787.70,42.90,1263807.50,b0
765269850,2,379253,0,0,28.35,93802.98,41.62,805348.00,b0
765286747,3,379299,0,0,28.65,93821.77,40.92,627258.81,b0
765279836,4,379345,0,0,28.64,93777.25,40.65,1190005.75,b0
765271387,5,379391,0,0,28.77,93808.14,40.87,974310.19,b0
765283665,6,379437,0,0,28.62,93776.36,41.27,882948.94,b0
765268824,7,379483,0,0,28.50,93815.98,41.27,942692.75,b0
765287253,8,379529,0,0,28.30,93790.83,41.50,1453513.12,b0
765270362,1,379576,0,0,28.01,93787.35,42.89,1268504.12,b0
765269850,2,379622,0,0,28.34,93802.70,41.63,803925.44,b0
765286747,3,379668,0,0,28.64,93823.30,40.90,627258.81,b0
765279836,4,379714,0,0,28.63,93777.73,40.64,1188969.50,b0
765271387,5,379760,0,0,28.77,93808.46,40.87,979201.50,b0
765283665,6,379806,0,0,28.62,93777.08,41.27,885238.81,b0
765268824,7,379852,0,0,28.50,93816.88,41.28,941392.81,b0
765287253,8,379898,0,0,28.30,93790.98,41.50,1459729.12,b0
765270362,1,379945,0,0,28.00,93787.42,42.88,1275615.12,b0
765269850,2,379991,0,0,28.33,93802.86,41.62,805823.31,b0
765286747,3,380037,0,0,28.63,93819.88,40.92,629572.69,b0
765279836,4,380083,0,0,28.63,93776.85,40.65,1192083.87,b0
765271387,5,380129,0,0,28.77,93808.97,40.86,975005.94,b0
765283665,6,380175,0,0,28.60,93777.03,41.25,884665.25,b0
765268824,7,380221,0,0,28.49,93816.84,41.26,939449.56,b0
765287253,8,380268,0,0,28.28,93789.32,41.48,1464426.12,b0
765270362,1,380314,0,0,28.00,93787.45,42.90,1264978.37,b0
765269850,2,380360,0,0,28.34,93801.47,41.63,806775.63,b0
765286747,3,380406,0,0,28.65,93821.38,40.91,628992.63,b0
765279836,4,380452,0,0,28.64,93777.05,40.64,1206835.62,b0
765271387,5,380498,0,0,28.76,93808.91,40.87,982725.50,b0
765283665,6,380544,0,0,28.59,93775.89,41.25,882948.94,b0
765268824,7,380591,0,0,28.50,93816.16,41.28,942692.75,b0
765287253,8,380637,0,0,28.29,93789.70,41.48,1467574.37,b0
765270362,1,380683,0,0,28.01,93786.99,42.88,1269683.87,b0
765269850,2,380729,0,0,28.35,93799.39,41.62,807252.69,b0
765286747,3,380775,0,0,28.66,93822.34,40.92,628413.63,b0
765279836,4,380821,0,0,28.65,93776.23,40.66,1183815.00,b0
765271387,5,380868,0,0,28.76,93807.66,40.85,979201.50,b0
765283665,6,380914,0,0,28.59,93776.63,41.26,885813.13,b0
765268824,7,380960,0,0,28.52,93817.35,41.26,947928.75,b0
765287253,8,381006,0,0,28.29,93789.53,41.48,1461291.50,b0
765270362,1,381052,0,0,28.03,93789.09,42.90,1274424.37,b0
765269850,2,381098,0,0,28.35,93800.85,41.65,806775.63,b0
765286747,3,381145,0,0,28.67,93821.12,40.91,629572.69,b0
765279836,4,381191,0,0,28.65,93777.70,40.63,1188969.50,b0
765271387,5,381237,0,0,28.76,93807.82,40.83,983433.38,b0
765283665,6,381283,0,0,28.60,93779.01,41.26,882948.94,b0
765268824,7,381329,0,0,28.52,93817.37,41.28,944649.44,b0
765287253,8,381375,0,0,28.29,93790.25,41.47,1461291.50,b0
765270362,1,381422,0,0,28.03,93786.96,42.88,1275615.12,b0
765269850,2,381468,0,0,28.36,93802.11,41.64,804399.06,b0
765286747,3,381514,0,0,28.67,93822.95,40.91,632489.19,b0
765279836,4,381560,0,0,28.64,93777.29,40.63,1196261.62,b0
765271387,5,381606,0,0,28.75,93807.80,40.83,977099.25,b0
765283665,6,381652,0,0,28.58,93776.69,41.25,887540.63,b0
765268824,7,381698,0,0,28.50,93820.16,41.25,949907.25,b0
765287253,8,381744,0,0,28.27,93789.08,41.48,1478700.37,b0
765270362,1,381791,0,0,28.01,93787.54,42.89,1274424.37,b0
765269850,2,381837,0,0,28.35,93802.24,41.62,807730.25,b0
765286747,3,381883,0,0,28.65,93822.63,40.89,633075.75,b0
765279836,4,381929,0,0,28.63,93777.01,40.64,1200468.87,b0
765271387,5,381975,0,0,28.73,93810.15,40.84,982725.50,b0
765283665,6,382021,0,0,28.56,93777.38,41.25,892180.38,b0
765268824,7,382067,0,0,28.48,93819.51,41.27,950568.56,b0
765287253,8,382113,0,0,28.25,93789.35,41.48,1480303.62,b0
765270362,1,382160,0,0,27.99,93787.21,42.90,1278003.12,b0
765269850,2,382206,0,0,28.33,93800.73,41.62,811089.13,b0
765286747,3,382252,0,0,28.63,93820.42,40.90,633075.75,b0
765279836,4,382298,0,0,28.62,93775.86,40.63,1194169.12,b0
765271387,5,382344,0,0,28.73,93808.30,40.84,985563.06,b0
765283665,6,382390,0,0,28.55,93777.77,41.27,893347.88,b0
765268824,7,382437,0,0,28.46,93816.49,41.25,951894.00,b0
765287253,8,382483,0,0,28.23,93789.26,41.46,1481910.25,b0
765270362,1,382529,0,0,27.98,93786.56,42.90,1281602.00,b0
765269850,2,382575,0,0,28.31,93801.34,41.59,808687.06,b0
765286747,3,382621,0,0,28.61,93822.29,40.89,631319.38,b0
765279836,4,382667,0,0,28.59,93775.15,40.62,1194169.12,b0
765271387,5,382713,0,0,28.72,93810.38,40.82,992729.06,b0
765283665,6,382760,0,0,28.54,93778.05,41.24,900417.69,b0
765268824,7,382806,0,0,28.44,93817.50,41.23,954556.06,b0
765287253,8,382852,0,0,28.23,93790.14,41.47,1477100.62,b0
765270362,1,382898,0,0,27.96,93786.59,42.89,1280400.12,b0
765269850,2,382944,0,0,28.30,93801.27,41.62,812537.19,b0
765286747,3,382990,0,0,28.60,93821.52,40.89,635432.81,b0
765279836,4,383037,0,0,28.59,93773.86,40.63,1204705.87,b0
765271387,5,383083,0,0,28.71,93808.31,40.82,993451.38,b0
765283665,6,383129,0,0,28.53,93776.16,41.24,888696.00,b0
765268824,7,383175,0,0,28.44,93817.64,41.26,953889.13,b0
765287253,8,383221,0,0,28.22,93786.70,41.47,1478700.37,b0
765270362,1,383267,0,0,27.94,93784.89,42.90,1287645.37,b0
765269850,2,383314,0,0,28.29,93802.28,41.62,812053.94,b0
765286747,3,383360,0,0,28.59,93820.55,40.90,637212.19,b0
765279836,4,383406,0,0,28.58,93775.06,40.61,1201525.37,b0
765271387,5,383452,0,0,28.70,93809.30,40.85,994174.75,b0
765283665,6,383498,0,0,28.53,93776.61,41.23,895104.88,b0
765268824,7,383544,0,0,28.44,93817.45,41.24,957233.00,b0
765287253,8,383590,0,0,28.21,93788.79,41.47,1480303.62,b0
765270362,1,383637,0,0,27.95,93786.35,42.90,1287645.37,b0
765269850,2,383683,0,0,28.30,93801.05,41.63,815936.25,b0
765286747,3,383729,0,0,28.59,93822.91,40.91,634841.94,b0
765279836,4,383775,0,0,28.58,93774.70,40.64,1199414.37,b0
765271387,5,383821,0,0,28.70,93812.39,40.83,994899.19,b0
765283665,6,383867,0,0,28.53,93775.42,41.25,899824.25,b0
765268824,7,383913,0,0,28.45,93818.42,41.25,961276.69,b0
765287253,8,383959,0,0,28.22,93787.79,41.46,1486751.37,b0
765270362,1,384006,0,0,27.93,93785.38,42.90,1290078.75,b0
765269850,2,384052,0,0,28.28,93799.73,41.62,817891.38,b0
765286747,3,384098,0,0,28.59,93820.59,40.91,636617.94,b0
765279836,4,384144,0,0,28.58,93773.98,40.63,1208972.87,b0
765271387,5,384190,0,0,28.71,93808.71,40.85,1002938.31,b0
765283665,6,384236,0,0,28.55,93778.30,41.26,901011.88,b0
765268824,7,384282,0,0,28.46,93815.77,41.26,963991.50,b0
765287253,8,384329,0,0,28.24,93790.53,41.48,1510046.12,b0
765270362,1,384375,0,0,27.93,93786.98,42.91,1291298.87,b0
765269850,2,384421,0,0,28.28,93800.98,41.63,816912.63,b0
765286747,3,384467,0,0,28.60,93823.47,40.91,642610.63,b0
765279836,4,384513,0,0,28.59,93775.82,40.62,1205769.75,b0
765271387,5,384559,0,0,28.72,93810.93,40.83,1000000.00,b0
765283665,6,384605,0,0,28.55,93778.16,41.26,896868.81,b0
765268824,7,384652,0,0,28.47,93819.08,41.27,963311.38,b0
765287253,8,384698,0,0,28.23,93788.02,41.50,1501741.50,b0
765270362,1,384744,0,0,27.94,93785.91,42.94,1288860.87,b0
765269850,2,384790,0,0,28.29,93800.66,41.63,820841.69,b0
765286747,3,384836,0,0,28.60,93822.41,40.90,637212.19,b0
765279836,4,384882,0,0,28.59,93776.76,40.63,1208972.87,b0
765271387,5,384929,0,0,28.72,93809.70,40.85,999268.13,b0
765283665,6,384975,0,0,28.55,93777.24,41.27,904593.63,b0
765268824,7,385021,0,0,28.48,93817.48,41.26,964672.63,b0
765287253,8,385067,0,0,28.24,93788.59,41.49,1507545.12,b0
765270362,1,385113,0,0,27.94,93785.59,42.93,1285221.25,b0
765269850,2,385159,0,0,28.30,93801.77,41.63,817401.69,b0
765286747,3,385206,0,0,28.60,93821.70,40.91,638404.00,b0
765279836,4,385252,0,0,28.59,93775.48,40.62,1206835.62,b0
765271387,5,385298,0,0,28.73,93809.73,40.87,999268.13,b0
765283665,6,385344,0,0,28.55,93777.04,41.27,903396.56,b0
765268824,7,385390,0,0,28.48,93818.41,41.27,964672.63,b0
765287253,8,385436,0,0,28.24,93789.13,41.51,1511718.00,b0
765270362,1,385483,0,0,27.95,93786.89,42.92,1292521.25,b0
765269850,2,385529,0,0,28.30,93802.49,41.63,819855.88,b0
765286747,3,385575,0,0,28.61,93820.86,40.92,636617.94,b0
765279836,4,385621,0,0,28.59,93776.04,40.63,1208972.87,b0
765271387,5,385667,0,0,28.73,93810.61,40.86,1000000.00,b0
765283665,6,385713,0,0,28.55,93776.88,41.26,905193.38,b0
765268824,7,385759,0,0,28.48,93816.98,41.27,967406.69,b0
765287253,8,385805,0,0,28.24,93788.23,41.51,1510881.62,b0
765270362,1,385852,0,0,27.94,93785.73,42.92,1285221.25,b0
765269850,2,385898,0,0,28.30,93803.94,41.64,820348.50,b0
765286747,3,385944,0,0,28.60,93821.88,40.93,636617.94,b0
765279836,4,385990,0,0,28.60,93774.84,40.63,1213270.12,b0
765271387,5,386036,0,0,28.72,93807.75,40.85,1003675.56,b0
765283665,6,386082,0,0,28.55,93778.45,41.26,899231.63,b0
765268824,7,386128,0,0,28.48,93815.71,41.27,970846.19,b0
765287253,8,386174,0,0,28.25,93789.37,41.52,1505052.37,b0
765270362,1,386221,0,0,27.93,93785.16,42.96,1290078.75,b0
765269850,2,386267,0,0,28.29,93802.11,41.64,818872.44,b0
765286747,3,386313,0,0,28.59,93820.76,40.94,639001.56,b0
765279836,4,386359,0,0,28.60,93775.73,40.63,1214349.25,b0
765271387,5,386405,0,0,28.73,93808.18,40.87,1000000.00,b0
765283665,6,386451,0,0,28.56,93780.17,41.27,901011.88,b0
765268824,7,386497,0,0,28.50,93819.22,41.28,968092.63,b0
765287253,8,386544,0,0,28.25,93787.56,41.54,1502567.87,b0
765270362,1,386590,0,0,27.92,93785.59,42.96,1282806.12,b0
765269850,2,386636,0,0,28.28,93802.56,41.66,821335.50,b0
765286747,3,386682,0,0,28.59,93822.34,40.92,639001.56,b0
765279836,4,386728,0,0,28.59,93775.85,40.63,1212193.00,b0
765271387,5,386774,0,0,28.73,93808.33,40.86,998537.31,b0
765283665,6,386821,0,0,28.56,93778.20,41.27,903994.69,b0
765268824,7,386867,0,0,28.48,93818.23,41.27,972228.81,b0
765287253,8,386913,0,0,28.24,93789.14,41.51,1512555.37,b0
765270362,1,386959,0,0,27.91,93787.52,42.95,1290078.75,b0
765269850,2,387005,0,0,28.28,93802.02,41.65,827307.63,b0
765286747,3,387051,0,0,28.58,93822.84,40.95,638404.00,b0
765279836,4,387098,0,0,28.58,93774.52,40.64,1212193.00,b0
765271387,5,387144,0,0,28.72,93808.45,40.84,1004413.94,b0
765283665,6,387190,0,0,28.55,93778.26,41.26,899231.63,b0
765268824,7,387236,0,0,28.47,93818.72,41.27,968779.56,b0
765287253,8,387282,0,0,28.23,93789.61,41.51,1526080.50,b0
765270362,1,387328,0,0,27.89,93786.15,42.96,1287645.37,b0
765269850,2,387374,0,0,28.26,93801.58,41.64,819363.88,b0
765286747,3,387421,0,0,28.56,93820.95,40.94,638404.00,b0
765279836,4,387467,0,0,28.56,93774.97,40.64,1212193.00,b0
765271387,5,387513,0,0,28.72,93808.44,40.87,997078.88,b0
765283665,6,387559,0,0,28.53,93778.30,41.26,908204.00,b0
765268824,7,387605,0,0,28.45,93816.29,41.29,971537.00,b0
765287253,8,387651,0,0,28.23,93789.27,41.51,1507545.12,b0
765270362,1,387698,0,0,27.90,93788.48,42.98,1288860.87,b0
765269850,2,387744,0,0,28.26,93802.08,41.65,822820.44,b0
765286747,3,387790,0,0,28.55,93821.97,40.95,640200.06,b0
765279836,4,387836,0,0,28.56,93775.28,40.65,1217598.12,b0
765271387,5,387882,0,0,28.72,93809.14,40.85,1001467.00,b0
765283665,6,387928,0,0,28.53,93778.09,41.26,908808.50,b0
765268824,7,387974,0,0,28.46,93818.30,41.29,979201.50,b0
765287253,8,388020,0,0,28.23,93788.73,41.52,1518443.00,b0
765270362,1,388067,0,0,27.90,93787.63,43.00,1293746.00,b0
765269850,2,388113,0,0,28.26,93801.38,41.67,825806.44,b0
765286747,3,388159,0,0,28.55,93821.27,40.95,640801.00,b0
765279836,4,388205,0,0,28.57,93777.66,40.63,1216513.25,b0
765271387,5,388251,0,0,28.72,93808.44,40.87,1005893.94,b0
765283665,6,388297,0,0,28.53,93778.42,41.28,903396.56,b0
765268824,7,388343,0,0,28.46,93817.78,41.28,972921.63,b0
765287253,8,388389,0,0,28.23,93789.61,41.53,1514232.87,b0
765270362,1,388436,0,0,27.89,93785.21,42.99,1292521.25,b0
765269850,2,388482,0,0,28.25,93801.69,41.67,826306.25,b0
765286747,3,388528,0,0,28.53,93821.55,40.95,642610.63,b0
765279836,4,388574,0,0,28.55,93776.13,40.65,1218684.87,b0
765271387,5,388620,0,0,28.72,93811.98,40.86,1002938.31,b0
765283665,6,388666,0,0,28.53,93777.01,41.27,905193.38,b0
765268824,7,388713,0,0,28.46,93820.31,41.28,976400.50,b0
765287253,8,388759,0,0,28.24,93788.59,41.53,1528643.37,b0
765270362,1,388805,0,0,27.88,93785.70,43.02,1290078.75,b0
765269850,2,388851,0,0,28.25,93801.84,41.66,822324.81,b0
765286747,3,388897,0,0,28.53,93820.08,40.95,642610.63,b0
765279836,4,388943,0,0,28.55,93776.09,40.67,1220864.37,b0
765271387,5,388990,0,0,28.71,93807.85,40.88,1007378.25,b0
765283665,6,389036,0,0,28.53,93778.47,41.29,909413.88,b0
765268824,7,389082,0,0,28.47,93817.27,41.28,976400.50,b0
765287253,8,389128,0,0,28.24,93789.13,41.56,1527788.12,b0
765270362,1,389174,0,0,27.88,93787.30,43.01,1302384.75,b0
765269850,2,389220,0,0,28.25,93801.66,41.67,821829.88,b0
765286747,3,389266,0,0,28.54,93821.94,40.97,640200.06,b0
765279836,4,389313,0,0,28.55,93776.13,40.67,1224148.25,b0
765271387,5,389359,0,0,28.72,93806.86,40.88,1002202.13,b0
765283665,6,389405,0,0,28.54,93778.41,41.29,911234.69,b0
765268824,7,389451,0,0,28.48,93818.23,41.30,975702.69,b0
765287253,8,389497,0,0,28.26,93788.68,41.54,1526080.50,b0
765270362,1,389543,0,0,27.87,93785.81,43.02,1301143.62,b0
765269850,2,389590,0,0,28.24,93800.71,41.68,830831.63,b0
765286747,3,389636,0,0,28.54,93820.85,40.98,642006.25,b0
765279836,4,389682,0,0,28.55,93775.96,40.65,1215430.25,b0
765271387,5,389728,0,0,28.73,93807.61,40.89,1002938.31,b0
765283665,6,389774,0,0,28.55,93778.30,41.31,911234.69,b0
765268824,7,389820,0,0,28.48,93816.95,41.31,978499.75,b0
765287253,8,389866,0,0,28.26,93788.50,41.56,1516756.12,b0
765270362,1,389913,0,0,27.86,93786.46,43.04,1297434.25,b0
765269850,2,389959,0,0,28.24,93801.77,41.69,829821.69,b0
765286747,3,390005,0,0,28.54,93822.82,40.98,647486.56,b0
765279836,4,390051,0,0,28.55,93773.97,40.67,1221957.00,b0
765271387,5,390097,0,0,28.74,93807.48,40.87,1010360.13,b0
765283665,6,390143,0,0,28.56,93778.92,41.30,913062.88,b0
765268824,7,390189,0,0,28.48,93818.25,41.28,983433.38,b0
765287253,8,390235,0,0,28.25,93788.99,41.53,1527788.12,b0
765270362,1,390282,0,0,27.86,93785.02,43.04,1296202.50,b0
765269850,2,390328,0,0,28.23,93801.40,41.70,824310.75,b0
765286747,3,390374,0,0,28.54,93822.98,41.00,644430.44,b0
765279836,4,390420,0,0,28.55,93775.74,40.67,1216513.25,b0
765271387,5,390466,0,0,28.74,93808.56,40.89,1010360.13,b0
765283665,6,390512,0,0,28.56,93778.55,41.32,912452.69,b0
765268824,7,390558,0,0,28.48,93818.59,41.31,982018.69,b0
765287253,8,390605,0,0,28.25,93789.52,41.54,1527788.12,b0
765270362,1,390651,0,0,27.87,93786.49,43.07,1297434.25,b0
765269850,2,390697,0,0,28.23,93803.16,41.71,825806.44,b0
765286747,3,390743,0,0,28.53,93822.23,41.00,644430.44,b0
765279836,4,390789,0,0,28.56,93777.23,40.68,1218684.87,b0
765271387,5,390835,0,0,28.73,93808.68,40.90,1007378.25,b0
765283665,6,390882,0,0,28.55,93778.08,41.31,909413.88,b0
765268824,7,390928,0,0,28.48,93820.04,41.30,994174.75,b0
765287253,8,390974,0,0,28.25,93791.66,41.57,1525228.12,b0
765270362,1,391020,0,0,27.87,93786.70,43.07,1304874.12,b0
765269850,2,391066,0,0,28.24,93804.62,41.71,825806.44,b0
765286747,3,391112,0,0,28.53,93822.08,41.01,647486.56,b0
765279836,4,391159,0,0,28.56,93776.52,40.70,1220864.37,b0
765271387,5,391205,0,0,28.74,93808.91,40.90,1014866.19,b0
765283665,6,391251,0,0,28.55,93778.98,41.31,906997.31,b0
765268824,7,391297,0,0,28.48,93817.33,41.28,987701.94,b0
765287253,8,391343,0,0,28.25,93790.22,41.54,1537249.00,b0
765270362,1,391389,0,0,27.87,93784.53,43.07,1301143.62,b0
765269850,2,391435,0,0,28.24,93802.84,41.72,825307.25,b0
765286747,3,391482,0,0,28.54,93823.89,41.03,647486.56,b0
765279836,4,391528,0,0,28.55,93776.62,40.71,1231879.75,b0
765271387,5,391574,0,0,28.74,93808.23,40.89,1011108.38,b0
765283665,6,391620,0,0,28.55,93778.30,41.31,908808.50,b0
765268824,7,391666,0,0,28.48,93816.94,41.30,983433.38,b0
765287253,8,391712,0,0,28.25,93788.97,41.56,1532074.00,b0
765270362,1,391759,0,0,27.87,93786.52,43.08,1298668.37,b0
765269850,2,391805,0,0,28.24,93802.30,41.74,830326.38,b0
765286747,3,391851,0,0,28.54,93822.98,41.04,645039.38,b0
765279836,4,391897,0,0,28.55,93777.34,40.70,1228554.25,b0
765271387,5,391943,0,0,28.74,93808.38,40.90,1007378.25,b0
765283665,6,391989,0,0,28.54,93779.11,41.31,912452.69,b0
765268824,7,392035,0,0,28.48,93817.87,41.30,984852.13,b0
765287253,8,392081,0,0,28.24,93788.06,41.58,1526933.87,b0
765270362,1,392128,0,0,27.88,93785.30,43.11,1297434.25,b0
765269850,2,392174,0,0,28.24,93800.34,41.72,826306.25,b0
765286747,3,392220,0,0,28.54,93822.30,41.05,643822.69,b0
765279836,4,392266,0,0,28.54,93776.23,40.71,1218684.87,b0
765271387,5,392312,0,0,28.73,93810.32,40.89,1010360.13,b0
765283665,6,392358,0,0,28.54,93777.52,41.33,911234.69,b0
765268824,7,392404,0,0,28.49,93820.07,41.31,987701.94,b0
765287253,8,392450,0,0,28.24,93789.66,41.59,1527788.12,b0
765270362,1,392497,0,0,27.89,93786.32,43.11,1303628.25,b0
765269850,2,392543,0,0,28.25,93802.02,41.76,823813.38,b0
765286747,3,392589,0,0,28.55,93822.87,41.05,646873.00,b0
765279836,4,392635,0,0,28.55,93775.91,40.72,1216513.25,b0
765271387,5,392681,0,0,28.73,93809.75,40.88,1007378.25,b0
765283665,6,392727,0,0,28.55,93779.14,41.33,910020.00,b0
765268824,7,392774,0,0,28.50,93817.95,41.30,985563.06,b0
765287253,8,392820,0,0,28.24,93790.20,41.59,1531215.00,b0
765270362,1,392866,0,0,27.91,93786.45,43.14,1292521.25,b0
765269850,2,392912,0,0,28.26,93801.90,41.76,823316.56,b0
765286747,3,392958,0,0,28.56,93821.51,41.05,642006.25,b0
765279836,4,393004,0,0,28.55,93777.92,40.72,1218684.87,b0
765271387,5,393051,0,0,28.73,93809.79,40.88,1003675.56,b0
765283665,6,393097,0,0,28.54,93776.59,41.32,908204.00,b0
765268824,7,393143,0,0,28.51,93817.82,41.32,982725.50,b0
765287253,8,393189,0,0,28.25,93788.99,41.59,1532074.00,b0
765270362,1,393235,0,0,27.92,93786.54,43.14,1297434.25,b0
765269850,2,393281,0,0,28.27,93801.60,41.78,819855.88,b0
765286747,3,393327,0,0,28.57,93821.73,41.08,641403.06,b0
765279836,4,393374,0,0,28.56,93776.92,40.74,1217598.12,b0
765271387,5,393420,0,0,28.74,93809.26,40.89,1001467.00,b0
765283665,6,393466,0,0,28.55,93779.54,41.34,906395.25,b0
765268824,7,393512,0,0,28.51,93818.20,41.34,986275.00,b0
765287253,8,393558,0,0,28.25,93788.11,41.60,1523526.12,b0
765270362,1,393604,0,0,27.94,93786.16,43.17,1288860.87,b0
765269850,2,393651,0,0,28.29,93803.13,41.79,823316.56,b0
765286747,3,393697,0,0,28.59,93820.91,41.07,639001.56,b0
765279836,4,393743,0,0,28.58,93776.66,40.76,1224148.25,b0
765271387,5,393789,0,0,28.75,93810.26,40.92,1011857.69,b0
765283665,6,393835,0,0,28.55,93777.27,41.34,910626.94,b0
765268824,7,393881,0,0,28.52,93815.91,41.32,990568.31,b0
765287253,8,393927,0,0,28.26,93790.64,41.59,1529499.62,b0
765270362,1,393974,0,0,27.96,93788.63,43.19,1286432.12,b0
765269850,2,394020,0,0,28.30,93802.11,41.79,818872.44,b0
765286747,3,394066,0,0,28.60,93822.41,41.11,640801.00,b0
765279836,4,394112,0,0,28.58,93776.13,40.76,1207903.25,b0
765271387,5,394158,0,0,28.75,93809.37,40.92,1013359.75,b0
765283665,6,394204,0,0,28.56,93777.13,41.34,910020.00,b0
765268824,7,394250,0,0,28.53,93818.48,41.32,987701.94,b0
765287253,8,394296,0,0,28.26,93790.46,41.61,1528643.37,b0
765270362,1,394343,0,0,27.96,93788.27,43.18,1291298.87,b0
765269850,2,394389,0,0,28.30,93800.74,41.81,820348.50,b0
765286747,3,394435,0,0,28.60,93821.14,41.10,638404.00,b0
765279836,4,394481,0,0,28.58,93775.95,40.76,1208972.87,b0
765271387,5,394527,0,0,28.75,93808.88,40.93,1010360.13,b0
765283665,6,394573,0,0,28.56,93778.22,41.36,905193.38,b0
765268824,7,394619,0,0,28.53,93819.75,41.34,979904.31,b0
765287253,8,394666,0,0,28.27,93788.90,41.60,1529499.62,b0
765270362,1,394712,0,0,27.95,93787.63,43.19,1294973.12,b0
765269850,2,394758,0,0,28.30,93802.30,41.83,819363.88,b0
765286747,3,394804,0,0,28.59,93822.01,41.11,635432.81,b0
765279836,4,394850,0,0,28.58,93777.76,40.76,1210044.37,b0
765271387,5,394896,0,0,28.76,93809.23,40.91,1008867.00,b0
765283665,6,394943,0,0,28.57,93777.79,41.37,906997.31,b0
765268824,7,394989,0,0,28.54,93818.16,41.36,979904.31,b0
765287253,8,395035,0,0,28.27,93789.10,41.60,1523526.12,b0
765270362,1,395081,0,0,27.94,93788.65,43.20,1287645.37,b0
765269850,2,395127,0,0,28.29,93804.39,41.82,816912.63,b0
765286747,3,395173,0,0,28.59,93821.98,41.11,642006.25,b0
765279836,4,395220,0,0,28.59,93777.62,40.76,1204705.87,b0
765271387,5,395266,0,0,28.76,93807.53,40.96,1011108.38,b0
765283665,6,395312,0,0,28.58,93777.18,41.37,907600.25,b0
765268824,7,395358,0,0,28.54,93820.70,41.34,994174.75,b0
765287253,8,395404,0,0,28.28,93789.67,41.61,1527788.12,b0
765270362,1,395450,0,0,27.93,93788.01,43.18,1297434.25,b0
765269850,2,395496,0,0,28.27,93801.26,41.81,821829.88,b0
765286747,3,395543,0,0,28.58,93824.63,41.09,638404.00,b0
765279836,4,395589,0,0,28.58,93776.51,40.76,1214349.25,b0
765271387,5,395635,0,0,28.78,93809.77,40.94,1009613.00,b0
765283665,6,395681,0,0,28.58,93779.91,41.37,906395.25,b0
765268824,7,395727,0,0,28.55,93820.02,41.33,994174.75,b0
765287253,8,395773,0,0,28.28,93789.31,41.64,1518443.00,b0
765270362,1,395820,0,0,27.91,93788.26,43.18,1298668.37,b0
765269850,2,395866,0,0,28.26,93802.47,41.82,820348.50,b0
765286747,3,395912,0,0,28.56,93822.94,41.10,640200.06,b0
765279836,4,395958,0,0,28.57,93778.21,40.78,1215430.25,b0
765271387,5,396004,0,0,28.78,93808.91,40.94,1009613.00,b0
765283665,6,396050,0,0,28.59,93778.70,41.38,905793.88,b0
765268824,7,396096,0,0,28.55,93817.86,41.33,978499.75,b0
765287253,8,396142,0,0,28.29,93789.90,41.62,1524376.62,b0
765270362,1,396189,0,0,27.90,93785.69,43.18,1298668.37,b0
765269850,2,396235,0,0,28.25,93800.59,41.81,825307.25,b0
765286747,3,396281,0,0,28.57,93821.89,41.10,644430.44,b0
765279836,4,396327,0,0,28.57,93777.86,40.78,1213270.12,b0
765271387,5,396373,0,0,28.79,93810.41,40.95,1008122.06,b0
765283665,6,396419,0,0,28.59,93777.67,41.38,902799.19,b0
765268824,7,396465,0,0,28.56,93818.45,41.34,982018.69,b0
765287253,8,396511,0,0,28.30,93790.83,41.64,1527788.12,b0
765270362,1,396558,0,0,27.91,93788.59,43.18,1290078.75,b0
765269850,2,396604,0,0,28.25,93803.44,41.83,827809.19,b0
765286747,3,396650,0,0,28.56,93822.40,41.10,642006.25,b0
765279836,4,396696,0,0,28.57,93776.57,40.76,1216513.25,b0
765271387,5,396742,0,0,28.79,93808.63,40.96,1014112.38,b0
765283665,6,396788,0,0,28.60,93779.77,41.38,903396.56,b0
765268824,7,396835,0,0,28.57,93818.67,41.34,979904.31,b0
765287253,8,396881,0,0,28.31,93788.54,41.61,1523526.12,b0
765270362,1,396927,0,0,27.91,93786.78,43.18,1297434.25,b0
765269850,2,396973,0,0,28.25,93802.73,41.80,825307.25,b0
765286747,3,397019,0,0,28.56,93822.04,41.10,640200.06,b0
765279836,4,397065,0,0,28.56,93774.97,40.76,1216513.25,b0
765271387,5,397112,0,0,28.80,93810.86,40.94,1002202.13,b0
765283665,6,397158,0,0,28.61,93778.20,41.37,904593.63,b0
765268824,7,397204,0,0,28.57,93820.32,41.33,982018.69,b0
765287253,8,397250,0,0,28.32,93792.34,41.62,1514232.87,b0
765270362,1,397296,0,0,27.91,93786.78,43.19,1288860.87,b0
765269850,2,397342,0,0,28.25,93800.95,41.81,825806.44,b0
765286747,3,397388,0,0,28.56,93823.09,41.10,643822.69,b0
765279836,4,397435,0,0,28.57,93778.01,40.77,1214349.25,b0
